ULAND,UREGBEZ,UKREIS,UGEMEINDE,UJAHR,UMONAT,USTUNDE,UWOCHENTAG,UKATEGORIE,UART,UTYP1,ULICHTVERH,IstRad,IstPKW,IstFuss,IstKrad,IstGkfz,IstSonstig,STRZUSTAND,LINREFX,LINREFY,XGCSWGS84,YGCSWGS84,Teilnehmer,color,symbol
9,1,62,0,2018,1,16,3,3,2,6,1,0,1,0,0,0,0,1,694902.5837,5332741.8973,11.61887234,48.118080124,2,#fc8d62,car
9,1,87,122,2018,1,10,5,2,5,3,0,0,1,0,0,0,0,1,722015.2174,5306911319.0,11.969342414,47.877117462,2,#fc8d62,car
9,1,77,115,2018,1,17,5,3,4,3,2,0,1,0,0,0,0,1,733892717.0,5351673.71,12.152451205,48.275026941,2,#fc8d62,car
9,1,78,120,2018,1,15,3,2,2,7,0,0,1,0,0,1,0,0,696135.1682,5350015.9774,11.643395468,48.272949416,2,#fc8d62,car
9,1,63,0,2018,1,18,2,3,6,2,2,0,1,1,0,0,0,0,734693.42,5304885597.0,12.137551522,47.854411124,2,#fc8d62,car
9,2,61,0,2018,1,14,4,2,1,6,0,0,1,0,0,0,0,1,726363.2113,5378858.2522,12.065772688,48.521981234,2,#fc8d62,car
9,7,71,122,2018,1,15,2,3,8,6,0,0,1,0,0,0,0,0,652706635.0,5362240.2821,11.062970924,48.394818883,2,#fc8d62,car
9,1,84,135,2018,1,12,4,3,2,6,0,0,1,0,0,0,0,1,692554951.0,5344978.3843,11.592903783,48.228772339,2,#fc8d62,car
9,1,82,127,2018,1,17,4,3,5,3,2,0,1,0,0,0,0,1,699780.4948,5310065.7239,11.673777621,47.912770559,2,#fc8d62,car
9,7,72,159,2018,1,14,5,3,1,7,0,0,1,0,0,0,0,1,622555.4041,5361798.5022,10.655716433,48.397427644,2,#fc8d62,car
9,1,84,141,2018,1,20,3,3,9,1,2,0,1,0,0,0,0,2,691672.3492,5314872.4736,11.567516071,47.958449275,2,#fc8d62,car
9,1,81,145,2018,1,10,5,3,5,3,0,0,1,0,0,0,0,1,644817.3664,5333764.3883,10.946705879,48.140637961,2,#fc8d62,car
9,1,62,0,2018,1,11,4,3,5,3,0,0,1,0,0,0,0,1,685305227.0,5328871506.0,11.488363162,48.086156318,2,#fc8d62,car
9,1,87,117,2018,1,17,3,3,2,6,2,0,1,0,0,0,0,1,723960.1593,5304568.8257,11.99410495,47.855394647,2,#fc8d62,car
9,1,79,117,2018,1,5,2,3,8,1,2,0,1,0,0,0,0,1,660635.6472,5347821.9211,11.164514095,48.263224684,2,#fc8d62,car
9,1,75,135,2018,1,11,3,3,5,3,0,0,1,0,0,0,0,0,708547.5498,5339116.3084,11.805119111,48.171039692,2,#fc8d62,car
9,7,61,0,2018,1,18,5,3,6,2,2,0,1,1,0,0,0,1,642852.6303,5360037135.0,10.929181637,48.377318731,2,#fc8d62,car
9,1,78,130,2018,1,14,4,2,5,3,0,0,1,0,0,0,0,1,704056.9347,5356541787.0,11.753189124,48.329089955,2,#fc8d62,car
9,1,87,117,2018,1,19,5,3,5,2,2,0,1,0,0,0,1,1,723560.9382,5304867.6343,11.988929751,47.858218477,2,#fc8d62,car
9,1,78,123,2018,1,5,5,3,0,6,2,0,1,0,0,0,0,0,688337.0335,5359268.1289,11.542537341,48.358473197,2,#fc8d62,car
9,7,77,155,2018,1,6,3,3,8,1,2,0,1,0,0,0,0,2,633666.3373,5311451.1076,10.789920715,47.942421836,2,#fc8d62,car
9,1,74,146,2018,1,8,3,2,8,1,0,0,0,0,0,0,1,1,668399.3525,5349433.4476,11.269686034,48.275695767,6,#ffd92f,circle
9,1,75,123,2018,1,15,2,3,2,6,0,0,1,0,0,0,0,0,724012.0933,5337258.3511,12.011862503,48.14908571,2,#fc8d62,car
9,7,72,202,2018,1,10,4,3,2,6,0,0,1,0,0,0,0,1,635636.0166,5359116.6759,10.831479656,48.370634605,2,#fc8d62,car
9,1,87,165,2018,1,13,2,3,9,1,0,0,1,0,0,0,0,0,733656276.0,5299609611.0,12.120861611,47.807389108,2,#fc8d62,car
9,7,73,125,2018,1,18,2,3,4,6,2,0,1,0,0,0,0,0,619156.0509,5382393.9587,10.615685301,48.583291046,2,#fc8d62,car
9,1,81,132,2018,1,22,4,2,6,6,2,0,1,1,0,0,0,1,645251.5898,5324436.0967,10.949364702,48.056660747,2,#fc8d62,car
9,1,62,0,2018,1,14,3,3,2,6,0,0,1,0,0,0,0,0,689644.8941,5340129.9835,11.55159133,48.186071995,2,#fc8d62,car
9,1,77,115,2018,1,16,5,2,4,6,2,0,1,0,0,0,0,1,733466.9945,5351922.6384,12.14685969,48.277420168,2,#fc8d62,car
9,7,71,130,2018,1,16,3,3,9,1,2,0,1,0,0,0,0,1,644467.3935,5362683.0407,10.951885373,48.400741352,2,#fc8d62,car
9,1,78,124,2018,1,12,3,3,2,6,0,0,1,0,0,1,0,1,703140.4125,5361038.3564,11.743007275,48.369792777,2,#fc8d62,car
9,2,61,0,2018,1,14,4,3,2,6,0,0,1,0,0,0,0,1,726363.0484,5378857.9587,12.065770326,48.521978656,2,#fc8d62,car
9,7,61,0,2018,1,22,5,3,4,2,2,0,1,0,0,0,0,1,638323.2716,5361316.4617,10.868469523,48.389831392,2,#fc8d62,car
9,1,62,0,2018,1,12,3,3,2,6,0,0,1,0,0,0,0,0,694723335.0,5332193149.0,11.616215849,48.113203023,2,#fc8d62,car
9,1,78,120,2018,1,8,4,3,8,1,0,0,1,0,0,0,0,1,694063.8732,5354636678.0,11.617633431,48.315115227,2,#fc8d62,car
9,1,62,0,2018,1,20,4,2,1,6,2,0,1,0,0,0,0,0,691709.2287,5331774.2176,11.575574136,48.110352106,2,#fc8d62,car
9,1,74,126,2018,1,12,5,3,3,6,0,0,1,0,0,0,0,0,683223.8908,5344348.6205,11.467105515,48.225875733,2,#fc8d62,car
9,1,81,146,2018,1,19,3,3,2,6,2,0,1,0,0,0,0,0,650939.1589,5325898777.0,11.026163082,48.068492348,2,#fc8d62,car
9,1,81,127,2018,1,15,2,2,9,1,0,0,1,0,0,0,0,0,636863.3837,5328040.2679,10.83800596,48.090925467,2,#fc8d62,car
9,1,77,144,2018,1,15,3,3,8,1,0,0,1,0,0,0,0,1,714018.0039,5348177188.0,11.883175993,48.250637726,2,#fc8d62,car
9,2,74,165,2018,1,7,5,3,0,6,1,0,1,0,0,0,0,0,714834095.0,5385735038.0,11.913390919,48.587817528,2,#fc8d62,car
9,1,87,159,2018,1,7,2,3,3,6,0,0,1,0,0,1,0,0,729783.9128,5323746.6376,12.08208167,48.025638129,2,#fc8d62,car
9,1,74,146,2018,1,15,2,3,8,1,0,0,0,0,0,1,1,0,667639462.0,5350492.8223,11.259872759,48.285420891,5,#a6d854,bus
9,1,88,118,2018,1,17,2,3,6,6,2,0,1,1,0,0,0,0,671447.5598,5311666687.0,11.295559462,47.935364321,2,#fc8d62,car
9,1,79,123,2018,1,17,2,3,4,2,2,0,1,0,0,0,0,0,676630.3513,5334053.5871,11.374124993,48.135202255,2,#fc8d62,car
9,1,78,124,2018,1,15,2,3,2,6,0,0,1,0,0,1,0,0,701212.9694,5358053.3164,11.715584512,48.343585037,2,#fc8d62,car
9,1,77,117,2018,1,19,2,3,5,3,2,1,1,0,0,0,0,0,714997735.0,5351882.4578,11.898240468,48.283598976,1,#66c2a5,bicycle
9,1,84,145,2018,1,18,1,3,5,3,2,0,1,0,0,0,1,0,698271.6124,5324461.2057,11.660248705,48.042618708,2,#fc8d62,car
9,1,87,150,2018,1,17,4,3,1,6,2,0,1,0,0,0,0,0,727755.4084,5303208.3479,12.04405386,47.841837501,2,#fc8d62,car
9,1,84,148,2018,1,22,3,3,9,3,2,0,1,0,0,0,0,0,696355.2081,5326687.0502,11.635585609,48.063215902,2,#fc8d62,car
9,7,72,147,2018,1,9,1,3,3,7,0,0,1,0,0,0,0,0,637823.1768,5364122.2094,10.862639182,48.415169589,2,#fc8d62,car
9,7,72,141,2018,1,15,1,2,9,1,0,0,1,0,0,0,0,1,620137.2576,5349084553.0,10.619434592,48.283555926,2,#fc8d62,car
9,1,62,0,2018,1,13,3,3,2,6,0,0,1,0,0,0,0,0,682734.7721,5336253.7438,11.457043101,48.153255247,2,#fc8d62,car
9,7,72,178,2018,1,18,1,3,8,1,1,0,1,0,0,0,0,1,623287.2676,5344723.7919,10.660606888,48.243733998,2,#fc8d62,car
9,1,77,116,2018,1,6,3,3,5,3,2,0,1,0,0,1,0,0,711516.8857,5364240.4396,11.857582962,48.395813716,2,#fc8d62,car
9,7,61,0,2018,1,17,3,3,1,5,2,0,1,0,0,0,0,0,641515.0322,5357972.7008,10.910433608,48.359057585,2,#fc8d62,car
9,7,71,130,2018,1,17,2,3,2,6,2,0,1,0,0,0,0,0,644205929.0,5363173.8612,10.948523495,48.405214348,2,#fc8d62,car
9,1,87,181,2018,1,7,4,3,4,6,1,0,1,0,0,0,0,0,738988.0573,5313585.6104,12.199689701,47.930983853,2,#fc8d62,car
9,1,79,142,2018,1,21,1,3,8,1,2,0,1,0,0,0,0,0,677412.2487,5342392.9835,11.388105465,48.209948451,2,#fc8d62,car
9,1,74,146,2018,1,10,1,3,8,1,0,0,1,0,0,0,0,0,668199.3015,5350142.5739,11.267274151,48.282123765,2,#fc8d62,car
9,1,62,0,2018,1,23,7,3,9,1,2,0,1,0,0,0,0,1,688127003.0,5340203.1049,11.5312219,48.187180533,2,#fc8d62,car
9,1,62,0,2018,1,17,7,3,6,2,2,0,1,1,0,0,0,0,688597.9993,5335679.2447,11.535546385,48.146379977,2,#fc8d62,car
9,1,86,143,2018,1,23,4,3,8,7,2,0,1,0,0,0,0,1,680427.1191,5381227387.0,11.445323702,48.558159203,2,#fc8d62,car
9,1,81,130,2018,1,11,3,3,4,2,0,0,1,0,1,0,0,0,639916.5834,5323459.1808,10.877486799,48.049068252,2,#fc8d62,car
9,7,72,223,2018,1,13,7,2,2,7,0,0,1,0,0,1,0,0,624957.5441,5364290.1162,10.688896652,48.419362322,2,#fc8d62,car
9,7,71,142,2018,1,15,7,2,0,2,0,0,1,0,0,0,0,0,645631.9773,5351699.9076,10.963810673,48.3017204,2,#fc8d62,car
9,1,74,141,2018,1,13,4,2,5,3,0,0,1,0,0,0,1,0,683550.8966,5355676.0218,11.476422978,48.327595912,2,#fc8d62,car
9,1,77,139,2018,1,13,3,3,6,4,0,0,1,1,0,0,0,0,731916.2004,5360024.7977,12.130442806,48.350773812,2,#fc8d62,car
9,7,61,0,2018,1,9,3,3,3,6,0,0,1,0,0,1,0,0,643422.3004,5360793.4817,10.937128406,48.383990148,2,#fc8d62,car
9,7,78,203,2018,1,18,2,2,6,2,2,0,1,1,0,0,0,0,622199.7427,5324615.4959,10.640189906,48.063105816,2,#fc8d62,car
9,7,61,0,2018,1,16,2,3,0,5,1,0,1,0,1,0,0,0,643794.0965,5357575.8585,10.94104685,48.35497446,2,#fc8d62,car
9,1,87,122,2018,1,20,4,3,5,3,2,0,1,0,0,0,0,0,718211.1993,5308153.5927,11.919162079,47.889583941,2,#fc8d62,car
9,1,86,128,2018,1,18,7,3,0,6,2,0,1,0,1,0,0,0,678334.7906,5383433.0694,11.417938412,48.578583039,2,#fc8d62,car
9,1,74,131,2018,1,7,3,3,2,6,1,0,1,0,0,0,0,0,676697.7387,5357579.6893,11.384845124,48.346660567,2,#fc8d62,car
9,1,84,130,2018,1,11,7,3,2,6,0,0,1,0,0,0,0,0,697637.5979,5342287.1077,11.660015936,48.203022308,2,#fc8d62,car
9,1,84,119,2018,1,9,7,3,2,6,0,0,1,0,0,0,0,0,696233.1188,5347427.4709,11.643513545,48.249655689,2,#fc8d62,car
9,1,78,113,2018,1,13,7,3,2,6,0,0,1,0,0,0,0,0,691628.6053,5365410.9438,11.589727839,48.412690795,2,#fc8d62,car
9,1,84,119,2018,1,14,7,3,2,6,0,0,1,0,0,0,0,0,696426.2134,5348115177.0,11.64643103,48.255776423,2,#fc8d62,car
9,1,78,144,2018,1,3,4,3,8,7,2,0,1,0,0,0,0,1,708607.5941,5381690.4643,11.827033185,48.553580113,2,#fc8d62,car
9,1,78,115,2018,1,5,7,3,9,1,2,0,1,0,0,0,0,1,704095.8176,5374849.3525,11.762617147,48.493591102,2,#fc8d62,car
9,1,78,124,2018,1,16,7,3,8,1,0,0,1,0,0,0,0,0,704930682.0,5362659258.0,11.767942167,48.383779685,2,#fc8d62,car
9,1,62,0,2018,1,18,6,3,6,2,2,0,1,1,0,0,0,1,687694.5284,5327412.4427,11.519774916,48.072342757,2,#fc8d62,car
9,1,62,0,2018,1,16,2,3,9,7,0,0,1,0,0,0,0,0,688865.1549,5339970.0943,11.541039919,48.184867197,2,#fc8d62,car
9,1,84,130,2018,1,17,6,3,4,2,2,0,1,0,0,0,0,1,698816.2184,5345701652.0,11.677461913,48.233340899,2,#fc8d62,car
9,1,84,131,2018,1,14,6,3,5,3,0,0,1,0,0,0,0,1,705336.6902,5340055.2243,11.762436707,48.180522558,2,#fc8d62,car
9,1,84,121,2018,1,17,6,2,6,4,2,0,1,1,0,0,0,1,705365.5696,5330991.1211,11.758454238,48.099058552,2,#fc8d62,car
9,7,61,0,2018,1,7,3,3,2,6,1,0,1,0,0,0,0,1,639422.8326,5351492.8974,10.880061421,48.301257888,2,#fc8d62,car
9,7,78,137,2018,1,20,6,2,5,3,2,0,1,0,0,0,0,1,622917.1146,5327857.9305,10.650747291,48.092128268,2,#fc8d62,car
9,7,72,163,2018,1,19,6,3,4,2,2,1,1,0,0,0,0,1,639587.0465,5346137.1892,10.88050575,48.253063711,1,#66c2a5,bicycle
9,1,63,0,2018,1,6,4,3,5,3,2,1,0,0,0,0,0,0,733753.7956,5303286.9235,12.124145812,47.840390988,1,#66c2a5,bicycle
9,1,79,142,2018,1,6,4,3,2,6,2,0,1,0,0,0,0,0,676926.9,5342795.0031,11.381745839,48.213697709,2,#fc8d62,car
9,1,90,157,2018,1,7,2,3,2,6,1,0,1,0,0,0,0,0,660394526.0,5300343.2128,11.143471853,47.836416443,2,#fc8d62,car
9,7,78,169,2018,1,19,3,3,5,3,2,0,1,0,0,0,0,0,617847.5241,5333011.6407,10.584115926,48.139436198,2,#fc8d62,car
9,1,77,118,2018,1,11,3,3,9,1,0,0,1,0,0,0,0,0,710324.7886,5343984.8125,11.831405214,48.214202001,2,#fc8d62,car
9,7,72,200,2018,1,9,3,3,5,2,0,0,1,0,0,0,0,1,629162485.0,5336772.6238,10.737284974,48.171061528,2,#fc8d62,car
9,7,62,0,2018,1,10,2,3,3,6,0,0,1,0,0,0,0,0,622706.8006,5304710.5859,10.641308522,47.883993275,2,#fc8d62,car
9,2,61,0,2018,1,19,3,3,2,6,2,0,1,0,0,0,0,0,738980.7707,5385624.5729,12.240265119,48.578081284,2,#fc8d62,car
9,2,74,126,2018,1,12,6,3,8,6,0,0,1,0,0,0,0,0,731981.4704,5385274288.0,12.145319699,48.577564699,2,#fc8d62,car
9,2,74,183,2018,1,8,6,3,4,1,0,0,1,0,0,0,0,1,741127.4158,5363082.4958,12.256324643,48.374789857,2,#fc8d62,car
9,7,72,125,2018,1,16,2,3,2,6,0,0,1,0,0,0,0,0,636584.5873,5348956.8223,10.840989418,48.27907244,2,#fc8d62,car
9,1,87,117,2018,1,8,4,3,5,3,0,0,1,0,0,0,0,0,725872.9578,5308030.8203,12.021449587,47.88583087,2,#fc8d62,car
9,1,87,182,2018,1,13,2,3,2,2,0,0,1,0,0,0,1,0,740577.2035,5327742.4762,12.228863638,48.057559591,2,#fc8d62,car
9,1,73,126,2018,1,20,6,3,2,2,2,0,1,0,0,0,0,0,685626.5542,5303802.3599,11.481845601,47.860722761,2,#fc8d62,car
9,1,73,118,2018,1,12,6,3,2,2,0,0,1,0,0,0,0,0,688182.1018,5303407.5658,11.515807902,47.856430685,2,#fc8d62,car
9,1,63,0,2018,1,18,6,2,6,2,2,0,1,1,0,0,0,1,732863.4842,5305503.3074,12.113457657,47.860626273,2,#fc8d62,car
9,1,79,121,2018,1,11,3,3,5,3,0,1,1,0,0,0,0,0,665289913.0,5338616102.0,11.22359146,48.179266742,1,#66c2a5,bicycle
9,1,82,123,2018,1,19,6,3,4,6,2,0,1,0,0,0,0,0,717214.8901,5298425.9397,11.90096917,47.802510472,2,#fc8d62,car
9,1,86,152,2018,1,13,4,3,2,6,0,0,1,0,0,0,0,0,691666.4581,5374785.3667,11.594530871,48.496929596,2,#fc8d62,car
9,1,84,149,2018,1,10,2,3,5,3,0,1,1,0,0,0,0,0,690317.8628,5350760.4652,11.565411287,48.281415468,1,#66c2a5,bicycle
9,1,81,128,2018,1,10,6,3,2,6,0,0,1,0,0,0,0,0,638633.8119,5326728.4336,10.861343184,48.078746397,2,#fc8d62,car
9,1,81,130,2018,1,12,6,3,2,6,0,0,1,0,0,0,0,0,639460434.0,5323077162.0,10.871244811,48.045732857,2,#fc8d62,car
9,7,61,0,2018,1,17,3,3,5,3,1,1,1,0,0,0,0,0,640861.7997,5360468.4682,10.902456153,48.381644708,1,#66c2a5,bicycle
9,1,88,132,2018,1,23,6,2,8,1,2,0,1,0,0,0,0,1,664599.8678,5324259.3985,11.208774175,48.05037486,2,#fc8d62,car
9,1,81,114,2018,1,0,6,3,7,7,2,0,1,0,0,0,0,1,652860.2738,5317470987.0,11.048927324,47.99225744,2,#fc8d62,car
9,1,74,136,2018,1,10,6,3,2,6,0,0,1,0,0,0,0,1,682412888.0,5364856882.0,11.465065898,48.410445508,2,#fc8d62,car
9,1,62,0,2018,1,14,5,3,2,6,0,0,1,0,0,0,0,1,692074.4437,5340374.5772,11.584356189,48.187540428,2,#fc8d62,car
9,1,84,130,2018,1,12,5,3,2,6,0,0,1,0,0,0,0,1,702750.1143,5349460.1334,11.732177793,48.265871413,2,#fc8d62,car
9,1,62,0,2018,1,16,5,2,6,4,2,0,1,1,0,0,0,1,694598.7108,5336838.5616,11.616665167,48.154992179,2,#fc8d62,car
9,1,62,0,2018,1,18,5,3,2,6,2,0,1,0,0,0,0,1,684104.6709,5335414.8417,11.475082095,48.145319661,2,#fc8d62,car
9,1,84,129,2018,1,17,5,3,1,5,2,0,0,0,0,1,0,1,701014.6998,5325115.3032,11.697318401,48.047639469,5,#a6d854,bus
9,1,78,120,2018,1,23,3,3,4,2,2,0,1,0,0,0,0,0,694996.9962,5352944.2361,11.629424131,48.299617867,2,#fc8d62,car
9,2,74,146,2018,1,12,3,3,8,1,0,0,1,0,0,0,0,1,735486.2437,5374471.6168,12.18666273,48.479223753,2,#fc8d62,car
9,7,73,125,2018,1,20,6,2,8,1,2,0,1,0,0,0,0,0,618429869.0,5381001349.0,10.605446057,48.570905378,2,#fc8d62,car
9,7,71,113,2018,1,23,6,3,9,1,2,0,1,0,0,0,0,0,659264.4327,5365234.8209,11.152635386,48.42011829,2,#fc8d62,car
9,7,71,156,2018,1,12,6,2,2,6,0,0,1,0,0,0,0,0,653968.4659,5384791.6372,11.088319662,48.597258856,2,#fc8d62,car
9,1,84,132,2018,1,17,3,3,3,6,2,0,1,0,0,0,0,1,684410.4027,5326326.8672,11.475260752,48.063542908,2,#fc8d62,car
9,1,83,119,2018,1,5,1,3,0,1,2,0,1,0,0,0,0,1,737586656.0,5339543418.0,12.195363469,48.164688114,2,#fc8d62,car
9,7,72,159,2018,1,20,2,3,8,7,2,0,1,0,0,0,0,1,628047.3625,5363155.8842,10.730292117,48.408542424,2,#fc8d62,car
9,1,79,123,2018,1,17,2,3,2,6,2,0,1,0,0,0,0,0,677205.1079,5334975.9938,11.382227301,48.143334153,2,#fc8d62,car
9,1,87,182,2018,1,12,3,3,2,3,0,0,1,0,0,0,0,0,741117.6549,5326995.4937,12.235684376,48.0506457,2,#fc8d62,car
9,1,86,152,2018,1,1,1,3,9,1,2,0,1,0,0,0,0,0,691161.7437,5380905198.0,11.590511223,48.552083274,2,#fc8d62,car
9,1,77,117,2018,1,8,2,3,0,7,0,0,0,0,1,0,0,0,714438.7051,5355461.1865,11.892532107,48.315944308,4,#e78ac3,marker
9,1,88,121,2018,1,10,3,3,0,6,0,1,1,0,0,0,0,1,670927.5313,5331239.1109,11.296408536,48.111458151,1,#66c2a5,bicycle
9,7,72,147,2018,1,17,7,3,8,6,2,0,1,0,0,0,0,0,638451.4274,5367548595.0,10.872256948,48.44584091,2,#fc8d62,car
9,1,73,126,2018,1,7,2,2,2,6,1,0,1,0,0,0,0,1,680971.2283,5307872.9822,11.421367082,47.898643078,2,#fc8d62,car
9,1,77,131,2018,1,6,3,3,9,1,2,0,1,0,0,0,0,1,711680.9029,5348712.4181,11.851999772,48.256231868,2,#fc8d62,car
9,2,61,0,2018,1,14,6,3,0,1,0,1,0,0,0,0,0,0,729709.0142,5380843.1089,12.112111292,48.538596373,1,#66c2a5,bicycle
9,1,73,137,2018,1,13,6,2,4,2,0,0,1,0,0,0,0,0,679030.8588,5308236.1733,11.395579545,47.9024523,2,#fc8d62,car
9,1,90,157,2018,1,15,6,3,1,6,0,0,1,0,0,0,0,0,656740.6396,5302239.9857,11.095363437,47.854372166,2,#fc8d62,car
9,7,77,158,2018,1,6,2,3,5,3,1,0,1,0,0,0,0,0,621567.8752,5309215.3674,10.627350527,47.92472467,2,#fc8d62,car
9,1,73,118,2018,1,20,6,3,8,7,2,0,1,0,0,0,0,1,685892.7848,5307038.3845,11.486793973,47.889734104,2,#fc8d62,car
9,1,62,0,2018,1,9,2,2,5,3,0,1,1,0,0,0,0,0,694568.2669,5333995.3807,11.614957185,48.129448184,1,#66c2a5,bicycle
9,1,82,125,2018,1,20,6,3,4,2,2,0,1,0,0,0,0,0,712618.3619,5296729.8734,11.838828909,47.788803138,2,#fc8d62,car
9,1,87,150,2018,1,12,6,3,2,1,0,0,1,0,0,0,0,0,729316.6921,5303369.4176,12.064975685,47.84272976,2,#fc8d62,car
9,1,63,0,2018,1,16,1,3,4,2,1,0,1,0,0,0,0,0,734284.5512,5304536.2707,12.131904755,47.85142195,2,#fc8d62,car
9,1,86,132,2018,1,14,6,3,2,6,0,0,1,0,0,0,0,0,677231.6025,5369052868.0,11.396886504,48.449639924,2,#fc8d62,car
9,1,77,135,2018,1,13,6,2,5,2,0,0,1,0,0,0,0,0,719148.0006,5344332.7652,11.950203429,48.214343382,2,#fc8d62,car
9,1,62,0,2018,1,13,5,3,1,6,0,1,1,0,0,0,0,0,699266.5433,5333031.6382,11.677579845,48.119333498,1,#66c2a5,bicycle
9,7,71,129,2018,1,17,2,2,2,6,2,0,1,0,0,0,0,1,660135.0458,5355839.1434,11.160814724,48.335428812,2,#fc8d62,car
9,1,84,112,2018,1,14,5,3,5,3,0,0,1,0,0,0,0,0,702565.5017,5337491.9517,11.723978282,48.158376573,2,#fc8d62,car
9,1,62,0,2018,1,13,5,3,3,6,0,0,1,0,0,0,1,0,686117.2313,5335260.2138,11.502044518,48.143344208,2,#fc8d62,car
9,1,84,149,2018,1,17,7,3,5,3,2,0,1,0,0,0,0,0,690059.3677,5351188.2309,11.562122891,48.285337759,2,#fc8d62,car
9,1,62,0,2018,1,20,5,3,0,6,2,0,1,0,0,0,0,0,692730.8828,5339070.1051,11.592587527,48.175617432,2,#fc8d62,car
9,2,74,113,2018,1,19,2,3,4,2,2,0,1,0,0,0,0,0,728391.8583,5383930.9102,12.095987059,48.566815364,2,#fc8d62,car
9,1,77,115,2018,1,7,2,3,9,1,1,0,1,0,0,0,0,1,733309055.0,5352290217.0,12.144937054,48.280780394,2,#fc8d62,car
9,1,75,139,2018,1,15,3,2,2,6,0,0,1,0,0,1,0,1,711632.4937,5329420.8383,11.841747129,48.082897667,2,#fc8d62,car
9,1,84,121,2018,1,9,2,3,2,6,0,0,0,0,0,1,1,1,704902.6678,5331321.1845,11.752402476,48.102173725,5,#a6d854,bus
9,1,81,130,2018,1,7,3,3,3,6,1,0,1,0,0,1,0,0,636657.8543,5323124.8298,10.833675885,48.046767684,2,#fc8d62,car
9,7,71,122,2018,1,10,5,3,3,6,0,0,0,0,0,1,1,0,653023.0736,5362058.4171,11.067176656,48.393107081,5,#a6d854,bus
9,7,61,0,2018,1,12,5,3,3,2,0,1,1,0,0,0,0,0,637988.1585,5353409667.0,10.861352986,48.31880793,1,#66c2a5,bicycle
9,1,62,0,2018,1,16,2,3,5,3,2,1,1,0,0,0,0,0,686176.2484,5335259.2123,11.502836684,48.143317939,1,#66c2a5,bicycle
9,7,71,155,2018,1,5,5,3,5,3,2,0,1,0,0,0,0,1,648900961.0,5374264235.0,11.015868142,48.503835363,2,#fc8d62,car
9,1,90,138,2018,1,18,7,3,4,6,2,0,1,0,0,0,0,1,661604.0328,5308271489.0,11.162588671,47.907396588,2,#fc8d62,car
9,1,86,151,2018,1,7,2,3,5,2,1,0,1,0,0,0,1,1,678115.6408,5376341892.0,11.411937364,48.514907478,2,#fc8d62,car
9,1,63,0,2018,1,15,2,3,4,2,0,1,1,0,0,0,0,0,734551.7143,5304284.7633,12.135334324,47.849064999,1,#66c2a5,bicycle
9,7,61,0,2018,1,7,2,3,2,6,0,0,1,0,0,0,0,1,640088.1367,5364033.1619,10.893202457,48.413869447,2,#fc8d62,car
9,1,79,145,2018,1,19,2,3,5,2,2,0,1,0,0,0,0,0,675244.3519,5337615.3915,11.356978492,48.16760368,2,#fc8d62,car
9,1,84,135,2018,1,13,7,3,2,6,0,0,1,0,0,0,0,0,689770.4414,5347315.8368,11.556494425,48.250620154,2,#fc8d62,car
9,1,77,117,2018,1,17,2,3,2,6,1,0,1,0,0,0,0,0,715489.9385,5355172.2643,11.906545549,48.312991013,2,#fc8d62,car
9,1,81,126,2018,1,7,3,2,1,7,0,0,1,0,0,1,0,0,636357.3337,5332427.7643,10.832616294,48.130488104,2,#fc8d62,car
9,1,73,118,2018,1,14,2,3,5,3,0,0,1,0,0,0,0,0,688182.1006,5303407.6812,11.515807936,47.856431723,2,#fc8d62,car
9,1,87,169,2018,1,2,7,2,2,6,2,0,1,0,0,0,1,0,737541.5344,5299233.7749,12.172468244,47.802590989,2,#fc8d62,car
9,1,84,122,2018,1,17,1,2,4,7,2,0,1,0,0,0,0,0,687674.3593,5324156.0474,11.518075834,48.043078933,2,#fc8d62,car
9,1,78,140,2018,1,13,3,3,1,6,0,0,1,0,0,0,0,1,706762.8826,5366054.4149,11.794330396,48.41369032,2,#fc8d62,car
9,1,82,120,2018,1,11,7,3,2,6,0,0,1,0,0,0,0,0,703235.9548,5305614.6891,11.717875088,47.871682547,2,#fc8d62,car
9,1,84,141,2018,1,7,2,2,5,3,2,0,1,0,0,0,0,0,697899.7297,5313939.8179,11.650414005,47.948172697,2,#fc8d62,car
9,1,87,181,2018,1,17,5,3,4,6,2,0,1,0,0,0,0,1,737674.2324,5314392.3258,12.182572857,47.938719348,2,#fc8d62,car
9,1,79,142,2018,1,16,7,3,4,6,0,0,1,0,0,0,0,1,673187147.0,5339083973.0,11.329931997,48.181369271,2,#fc8d62,car
9,1,87,177,2018,1,17,5,3,3,2,2,1,1,0,0,0,0,0,735041.8354,5305112296.0,12.142325326,47.856320447,1,#66c2a5,bicycle
9,1,79,126,2018,1,11,7,3,5,3,0,0,1,0,0,0,0,1,677443.9886,5339513.0099,11.387328612,48.184051339,2,#fc8d62,car
9,1,62,0,2018,1,8,3,3,2,6,0,0,1,0,0,0,0,0,686818.5568,5331172.4538,11.509671663,48.106396467,2,#fc8d62,car
9,1,84,141,2018,1,13,1,3,9,1,0,0,1,0,0,0,0,0,700250023.0,5317478.0111,11.683503004,47.979241366,2,#fc8d62,car