ULAND,UREGBEZ,UKREIS,UGEMEINDE,UJAHR,UMONAT,USTUNDE,UWOCHENTAG,UKATEGORIE,UART,UTYP1,ULICHTVERH,IstRad,IstPKW,IstFuss,IstKrad,IstGkfz,IstSonstig,STRZUSTAND,LINREFX,LINREFY,XGCSWGS84,YGCSWGS84,Teilnehmer,color,symbol
9,7,71,130,2018,1,13,7,3,0,3,0,0,1,0,0,0,0,1,645027.6389,5360866.6138,10.95882299,48.384280678,2,#fc8d62,car
9,7,61,0,2018,1,17,7,3,5,2,2,0,1,0,0,0,0,2,640727.2181,5355571.0563,10.899001552,48.337638832,2,#fc8d62,car
9,2,61,0,2018,1,18,2,3,0,1,2,1,0,0,0,0,0,0,732622423.0,5381769.9436,12.152037916,48.545848769,1,#66c2a5,bicycle
9,2,74,182,2018,1,9,2,3,9,1,0,0,1,0,0,0,0,2,728703.8532,5377967935.0,12.096937406,48.51313522,2,#fc8d62,car
9,1,62,0,2018,1,13,3,3,3,6,0,0,1,0,0,1,0,1,683780157.0,5342569608.0,11.473817423,48.20972427,2,#fc8d62,car
9,1,90,157,2018,1,19,2,3,2,6,2,0,1,0,0,0,0,1,660395.5822,5300393.3611,11.143504537,47.83686707,2,#fc8d62,car
9,1,90,157,2018,1,7,2,3,2,6,0,0,1,0,0,0,0,2,656345.3144,5302404.7329,11.090141788,47.855949781,2,#fc8d62,car
9,1,84,135,2018,1,14,2,3,5,3,0,0,1,0,0,1,0,1,693165.9991,5347223.4707,11.602147007,48.248764333,2,#fc8d62,car
9,1,62,0,2018,1,18,3,3,2,6,2,0,1,0,0,0,0,1,692903.7151,5339331.2538,11.595028492,48.177912113,2,#fc8d62,car
9,1,87,179,2018,1,9,2,3,4,6,0,0,1,0,0,0,0,2,723257.7593,5311036.7227,11.988071299,47.913753937,2,#fc8d62,car
9,1,86,151,2018,1,7,2,2,4,1,0,0,1,0,0,0,0,2,682641316.0,5374316.1527,11.472276438,48.495400271,2,#fc8d62,car
9,7,71,111,2018,1,4,2,3,8,1,2,0,1,0,0,1,0,2,658516.7461,5357188.7234,11.139501698,48.347970061,2,#fc8d62,car
9,1,88,124,2018,1,19,3,3,0,7,2,0,1,0,0,0,0,1,662372011.0,5318362.9369,11.176666854,47.997932557,2,#fc8d62,car
9,1,74,113,2018,1,13,2,3,2,1,0,0,1,0,0,1,0,1,673816.9285,5345365.4156,11.340970796,48.237663362,2,#fc8d62,car
9,1,81,146,2018,1,6,2,3,8,6,2,0,1,0,0,1,0,2,648431.8388,5325306488.0,10.992321198,48.063755133,2,#fc8d62,car
9,1,78,143,2018,1,17,3,3,2,6,2,0,1,0,0,0,0,1,719140.9542,5372138.9041,11.964571585,48.464174422,2,#fc8d62,car
9,1,62,0,2018,1,6,2,3,2,6,1,0,1,0,0,1,0,2,688518.9331,5334309457.0,11.533878135,48.134091547,2,#fc8d62,car
9,1,87,173,2018,1,8,7,3,3,6,0,0,1,0,1,0,0,1,741012.0758,5318451.4541,12.229469098,47.973935834,2,#fc8d62,car
9,1,87,177,2018,1,18,7,3,5,3,2,0,1,0,0,0,0,0,736336.1565,5305685.4376,12.159915427,47.860994761,2,#fc8d62,car
9,1,87,117,2018,1,22,7,3,8,1,2,0,1,0,0,0,0,2,726666.9273,5308484.7189,12.032293229,47.889629225,2,#fc8d62,car
9,1,85,131,2018,1,3,7,1,4,1,2,0,1,0,0,1,0,2,665186.7817,5376485.8548,11.237063785,48.519735734,2,#fc8d62,car
9,1,74,126,2018,1,18,3,3,5,3,2,0,1,0,0,0,0,0,683653.3163,5343972.4727,11.472719182,48.222370577,2,#fc8d62,car
9,1,63,0,2018,1,15,5,3,0,1,0,1,0,0,0,0,0,0,733676.1385,5305031.1415,12.124051333,47.856089337,1,#66c2a5,bicycle
9,1,88,139,2018,1,15,2,3,2,6,0,0,1,0,0,0,0,0,675294.5562,5319128.4702,11.350066515,48.001402532,2,#fc8d62,car
9,1,82,120,2018,1,18,5,3,4,2,2,0,1,0,0,0,0,0,701975.1496,5306161.9868,11.701289596,47.87699902,2,#fc8d62,car
9,1,78,124,2018,1,7,6,3,2,6,2,0,1,0,0,0,0,0,703352927.0,5365507844.0,11.748036744,48.409888164,2,#fc8d62,car
9,1,62,0,2018,1,19,1,3,0,7,2,1,0,0,0,0,0,0,686041.8437,5335245.0076,11.501025412,48.143229578,1,#66c2a5,bicycle
9,1,62,0,2018,1,8,5,3,2,6,2,0,1,0,0,0,0,0,679629.2281,5337794011.0,11.415975343,48.167985325,2,#fc8d62,car
9,1,79,118,2018,1,12,5,3,5,3,0,0,1,0,0,0,0,0,673066.0344,5337052.4169,11.327476982,48.163139637,2,#fc8d62,car
9,1,81,141,2018,1,17,5,3,4,1,1,0,1,0,0,0,0,0,641919077.0,5320125499.0,10.903237597,48.018649115,2,#fc8d62,car
9,7,61,0,2018,1,14,6,3,4,2,0,0,1,0,0,0,0,0,640993.6976,5360398.1575,10.904212933,48.380983037,2,#fc8d62,car
9,1,88,120,2018,1,12,5,3,6,3,0,0,1,1,0,0,0,0,677795.7662,5326554.3353,11.386651252,48.067465427,2,#fc8d62,car
9,1,79,130,2018,1,18,5,3,5,3,2,0,1,0,0,0,0,0,656618.8083,5335180.2808,11.105760596,48.150572485,2,#fc8d62,car
9,1,75,132,2018,1,15,5,3,2,6,0,0,1,0,0,1,0,0,706541.4409,5336103.1686,11.776705885,48.144617565,2,#fc8d62,car
9,1,90,159,2018,1,10,5,2,5,3,0,0,1,0,0,0,0,0,663277.1124,5305800.0823,11.184026032,47.884752957,2,#fc8d62,car
9,1,87,129,2018,1,18,2,3,2,6,2,0,1,0,0,0,0,0,722634.6987,5300778.9855,11.974460989,47.82180232,2,#fc8d62,car
9,1,84,149,2018,1,15,4,3,5,3,0,1,1,0,0,0,0,0,690314.3731,5350763.9758,11.565365877,48.281448069,1,#66c2a5,bicycle
9,1,87,150,2018,1,19,2,3,8,1,0,0,1,0,0,0,0,0,729792.5458,5303379.1251,12.071331514,47.8426471,2,#fc8d62,car
9,1,62,0,2018,1,14,6,3,2,6,0,0,1,0,0,0,0,0,695660.6211,5345504.5466,11.634921447,48.232550802,2,#fc8d62,car
9,7,71,142,2018,1,6,7,3,4,6,2,1,0,0,0,0,0,0,645287.4436,5353680.8255,10.959849728,48.319610903,1,#66c2a5,bicycle
9,7,62,0,2018,1,18,4,3,5,3,1,1,1,0,0,0,0,0,622540.1798,5304879.9079,10.639128826,47.885547934,1,#66c2a5,bicycle
9,1,74,113,2018,1,11,6,3,8,7,0,0,0,0,0,0,1,0,672410.9952,5346320.3106,11.322440616,48.246631132,6,#ffd92f,circle
9,1,79,138,2018,1,20,1,3,5,3,2,0,1,0,0,0,0,1,654397.2873,5335731.4988,11.076112439,48.156071689,2,#fc8d62,car
9,1,74,146,2018,1,17,2,3,2,6,2,0,1,0,0,0,0,0,668468.4856,5348849.7037,11.270384441,48.270429705,2,#fc8d62,car
9,7,73,182,2018,1,14,4,2,8,1,0,0,1,0,0,0,0,1,629580.6598,5379959.8042,10.756211954,48.559333389,2,#fc8d62,car
9,1,77,115,2018,1,18,6,2,8,1,2,0,1,0,0,0,0,0,731383451.0,5355385028.0,12.12071608,48.309288734,2,#fc8d62,car
9,7,61,0,2018,1,12,6,3,2,6,0,0,1,0,0,0,0,0,639341572.0,5360883.6877,10.882073482,48.385715855,2,#fc8d62,car
9,7,71,130,2018,1,16,4,2,2,6,0,0,1,0,0,0,0,0,647816.6018,5362785.3211,10.997143951,48.400884621,2,#fc8d62,car
9,1,84,135,2018,1,14,6,3,2,6,0,0,1,0,0,0,0,0,692125.4933,5344714.2934,11.587007219,48.226529001,2,#fc8d62,car
9,7,71,130,2018,1,16,4,3,2,6,0,0,1,0,0,0,0,0,647815725.0,5362785387.0,10.997132136,48.400885419,2,#fc8d62,car
9,1,77,117,2018,1,7,2,3,4,6,1,0,1,0,0,0,0,0,716934.5004,5349883.0497,11.923287716,48.264973642,2,#fc8d62,car
9,1,90,157,2018,1,17,2,2,8,7,0,0,1,0,0,0,0,0,660638.0201,5299716.0974,11.146490837,47.830717185,2,#fc8d62,car
9,2,74,126,2018,1,14,1,2,8,1,0,1,0,0,0,0,0,0,733387.8782,5382642.5155,12.162882337,48.55340248,1,#66c2a5,bicycle
9,1,63,0,2018,1,7,2,3,5,2,0,0,1,0,0,0,0,0,732599.9146,5306957.4303,12.110721392,47.873785748,2,#fc8d62,car
9,1,79,121,2018,1,11,6,3,0,7,0,1,0,0,0,0,0,0,666803357.0,5338342.2711,11.243827724,48.176409493,1,#66c2a5,bicycle
9,1,62,0,2018,1,11,7,3,5,2,0,0,1,0,0,0,0,0,694646.2803,5332074.0516,11.615127345,48.112156174,2,#fc8d62,car
9,1,85,113,2018,1,19,7,2,8,1,2,0,1,0,0,0,0,0,667383.1256,5376099.7235,11.266629043,48.515683008,2,#fc8d62,car
9,1,78,140,2018,1,6,2,3,2,6,2,0,1,0,0,0,0,0,707694.9178,5363575.1591,11.805684406,48.391105906,2,#fc8d62,car
9,1,84,140,2018,1,15,5,3,1,7,0,0,1,0,0,0,0,0,700599.7941,5327949.1577,11.693086343,48.073238248,2,#fc8d62,car
9,1,78,143,2018,1,19,6,2,5,2,2,1,1,0,0,0,0,0,716751834.0,5373106977.0,11.932797106,48.473699792,1,#66c2a5,bicycle
9,7,78,116,2018,1,10,6,3,5,3,0,0,1,0,0,0,0,0,620403.4724,5318015.2835,10.614234479,48.004088022,2,#fc8d62,car
9,1,62,0,2018,1,18,1,3,2,6,2,0,1,0,0,0,0,0,689251.4169,5339030.0008,11.545812791,48.176302681,2,#fc8d62,car
9,7,61,0,2018,1,6,6,3,6,4,2,0,1,1,0,0,0,0,643351.3819,5360661.3029,10.936126025,48.38281779,2,#fc8d62,car
9,2,61,0,2018,1,9,4,2,5,3,0,0,1,0,0,1,0,1,732742.5363,5381607.1413,12.153571937,48.544341823,2,#fc8d62,car
9,1,62,0,2018,1,18,4,3,2,6,2,0,1,0,0,0,0,0,686741.1621,5331110.0551,11.508605686,48.105858295,2,#fc8d62,car
9,1,62,0,2018,1,4,5,2,8,1,2,0,0,0,1,0,0,0,686419.1991,5330884.9748,11.504186516,48.103929476,4,#e78ac3,marker
9,1,90,111,2018,1,5,4,3,5,3,2,0,1,0,1,0,0,0,639132.4243,5296312.2012,10.858202436,47.805119327,2,#fc8d62,car
9,1,73,126,2018,1,9,4,2,2,6,0,0,1,0,0,1,0,1,683727.6246,5306176.1062,11.457490215,47.882606429,2,#fc8d62,car
9,1,73,126,2018,1,16,4,3,2,6,0,0,1,0,0,0,0,0,684564.6129,5305074.0066,11.468203967,47.872459569,2,#fc8d62,car
9,1,73,112,2018,1,21,4,3,2,6,2,1,1,0,0,0,0,1,691069.0596,5296839.2423,11.551467359,47.79653931,1,#66c2a5,bicycle
9,1,82,123,2018,1,11,4,3,2,6,0,0,1,0,0,1,0,0,719585168.0,5300726.1472,11.93374723,47.822375443,2,#fc8d62,car
9,1,87,150,2018,1,8,2,3,2,6,0,0,1,0,0,1,1,0,727768.4057,5303209.1502,12.044227743,47.841840106,2,#fc8d62,car
9,1,87,116,2018,1,13,4,2,0,7,0,0,1,0,0,0,0,0,741104003.0,5328914477.0,12.2365829,48.067888562,2,#fc8d62,car
9,1,74,115,2018,1,6,6,3,0,1,2,1,0,0,0,0,0,1,680909.5728,5348412.2902,11.437708827,48.263066875,1,#66c2a5,bicycle
9,7,62,0,2018,1,10,7,3,5,3,0,0,1,0,0,0,0,1,621446842.0,5304369.9088,10.624366724,47.881168932,2,#fc8d62,car
9,1,84,112,2018,1,20,7,3,3,6,2,0,1,0,0,0,1,0,703049.7679,5339482.7809,11.731433273,48.176113101,2,#fc8d62,car
9,1,73,126,2018,1,16,7,3,2,2,1,0,1,0,0,0,0,1,683738.9774,5306184.3443,11.457645427,47.882677233,2,#fc8d62,car
9,1,81,126,2018,1,13,2,2,3,6,0,0,1,0,0,0,0,0,636357.6899,5332626.9135,10.832684821,48.132278851,2,#fc8d62,car
9,1,74,135,2018,1,9,4,3,2,6,0,0,1,0,0,0,0,0,663870.0914,5352680.1942,11.20994816,48.306072409,2,#fc8d62,car
9,1,78,124,2018,1,7,6,3,2,6,0,0,1,0,0,0,0,0,703352927.0,5365507844.0,11.748036744,48.409888164,2,#fc8d62,car
9,1,74,146,2018,1,8,4,3,2,6,0,0,1,0,0,0,0,0,667058.6808,5350825.2227,11.252181248,48.288562631,2,#fc8d62,car
9,7,71,130,2018,1,13,6,3,3,6,0,0,1,0,0,0,0,0,646109.5336,5362805.2297,10.974101078,48.401461552,2,#fc8d62,car
9,1,81,134,2018,1,6,4,3,8,1,2,0,1,0,0,0,0,0,642511.7265,5339024.2268,10.917493134,48.188454491,2,#fc8d62,car
9,1,79,123,2018,1,8,4,3,5,3,0,0,1,0,0,0,0,0,675396516.0,5333212285.0,11.357209031,48.127980753,2,#fc8d62,car
9,1,73,137,2018,1,15,6,3,5,3,0,0,1,0,0,0,0,0,679024.8909,5308235.5685,11.395499511,47.902448528,2,#fc8d62,car
9,1,78,124,2018,1,6,2,3,4,2,2,0,1,0,0,0,0,0,705680.9203,5363213263.0,11.778334222,48.388513846,2,#fc8d62,car
9,1,77,117,2018,1,10,4,3,5,2,0,0,1,0,0,1,0,0,714800.8901,5351807.5856,11.8955524,48.282993041,2,#fc8d62,car
9,1,62,0,2018,1,18,3,3,5,2,2,0,1,0,0,0,0,0,691302.6906,5331129565.0,11.569829026,48.104680225,2,#fc8d62,car
9,1,84,148,2018,1,19,3,2,2,6,2,0,1,0,0,0,0,0,697122.2205,5326618094.0,11.645837727,48.062359646,2,#fc8d62,car
9,1,62,0,2018,1,3,3,3,5,2,2,0,1,0,0,0,0,1,692042.5141,5341273.5759,11.58433355,48.195630034,2,#fc8d62,car
9,1,62,0,2018,1,16,3,3,5,3,0,0,1,0,0,0,0,1,693652.7617,5339660.2335,11.605244127,48.180641026,2,#fc8d62,car
9,7,71,144,2018,1,19,5,3,3,6,2,1,1,0,0,0,0,0,662166.6083,5373538.1206,11.195049015,48.494023585,1,#66c2a5,bicycle
9,1,62,0,2018,1,17,3,3,5,3,2,1,1,0,0,0,0,1,683882.4776,5335418.7592,11.472099531,48.145419137,1,#66c2a5,bicycle
9,2,61,0,2018,1,15,2,3,4,2,0,0,1,0,0,0,1,0,731820423.0,5381192039.0,12.14086631,48.540954397,2,#fc8d62,car
9,1,84,147,2018,1,10,3,3,5,3,0,0,0,0,0,1,0,0,697372736.0,5339770245.0,11.655285438,48.180485129,5,#a6d854,bus
9,1,78,144,2018,1,18,6,3,5,3,2,0,1,0,0,0,0,0,710659.6814,5377625.7299,11.852752846,48.516371906,2,#fc8d62,car
9,1,82,123,2018,1,16,2,3,2,6,0,0,1,0,0,0,0,0,718917.2746,5300806.7937,11.92487668,47.823327692,2,#fc8d62,car
9,1,81,130,2018,1,6,6,3,2,6,1,0,1,0,0,0,0,0,638914.5395,5325452904.0,10.864695667,48.067215348,2,#fc8d62,car
9,1,78,120,2018,1,23,1,2,5,1,2,0,1,0,0,0,0,0,695188.2597,5353076.8869,11.632061712,48.300751059,2,#fc8d62,car
9,1,78,124,2018,1,8,2,2,3,6,0,0,1,0,0,1,0,0,704792.6708,5362608.3187,11.766055526,48.383366751,2,#fc8d62,car
9,1,81,130,2018,1,22,6,3,2,6,2,0,1,0,0,0,0,0,636255.22,5322981.9463,10.828230703,48.045568879,2,#fc8d62,car
9,1,77,115,2018,1,18,6,3,8,1,2,0,1,0,0,0,0,1,737108677.0,5353450.93,12.196723946,48.289795565,2,#fc8d62,car
9,7,61,0,2018,1,8,3,3,3,6,0,0,1,0,0,1,0,0,641121.8638,5363859.3823,10.907106146,48.41207625,2,#fc8d62,car
9,7,71,129,2018,1,20,6,2,2,6,2,0,1,0,0,0,0,0,658841.3457,5356954663.0,11.14379134,48.345784235,2,#fc8d62,car
9,7,61,0,2018,1,11,6,3,1,2,0,0,1,0,0,0,0,0,641768058.0,5361820.6265,10.915145128,48.393599703,2,#fc8d62,car
9,7,61,0,2018,1,7,3,3,2,6,2,0,1,0,0,0,1,0,636949.3501,5359552.2343,10.849345775,48.374267484,2,#fc8d62,car
9,7,61,0,2018,1,10,3,3,5,3,0,0,1,0,0,0,0,0,641327.0167,5365087.6157,10.910290817,48.423073969,2,#fc8d62,car
9,1,62,0,2018,1,1,1,3,1,5,2,0,1,0,0,0,0,0,683071.5244,5335838.2572,11.46138801,48.149423743,2,#fc8d62,car
9,7,71,156,2018,1,16,3,3,2,2,0,0,1,0,0,0,0,0,646394.0866,5380519.6951,10.984147752,48.560667131,2,#fc8d62,car
9,2,61,0,2018,1,8,5,3,0,1,1,1,0,0,0,0,0,2,732364.8572,5380599.1812,12.14790057,48.535427551,1,#66c2a5,bicycle
9,1,87,117,2018,1,17,1,3,1,5,2,0,1,0,0,0,0,1,726078.5145,5305168.3658,12.022697888,47.860039808,2,#fc8d62,car
9,1,62,0,2018,1,12,7,3,2,6,0,0,1,0,0,0,0,0,686858.6551,5331230.6388,11.51023528,48.106907695,2,#fc8d62,car
9,1,82,136,2018,1,10,2,3,2,6,0,0,1,0,0,0,0,0,703022.3277,5300288.1894,11.712522512,47.823879135,2,#fc8d62,car
9,1,74,115,2018,1,13,6,3,5,3,0,0,1,0,0,0,0,0,681044753.0,5349035737.0,11.439795491,48.268632176,2,#fc8d62,car
9,1,79,123,2018,1,18,7,3,5,2,2,0,1,0,0,0,0,0,677443.1596,5331964.8893,11.384170727,48.116200441,2,#fc8d62,car
9,1,78,124,2018,1,14,2,3,2,6,0,0,1,0,0,0,0,1,703184.2647,5362061.8046,11.744093244,48.378975646,2,#fc8d62,car
9,7,72,131,2018,2,7,5,3,5,3,1,0,1,0,0,0,1,1,621591.5407,5357028.1916,10.641320439,48.354715352,2,#fc8d62,car
9,1,77,115,2018,2,12,7,3,4,6,0,0,1,0,0,0,0,1,731627353.0,5353027181.0,12.122707234,48.288018151,2,#fc8d62,car
9,1,81,127,2018,2,7,6,3,5,2,1,0,1,0,0,0,0,0,635953.1519,5326184.6421,10.82519786,48.074433608,2,#fc8d62,car
9,1,83,123,2018,2,15,7,3,8,1,0,0,1,0,0,0,0,1,736737.0461,5344356.5075,12.18663701,48.208240868,2,#fc8d62,car
9,1,78,124,2018,2,19,6,3,2,2,2,0,1,0,0,0,0,0,703478.2275,5364751.0276,11.749361109,48.403046844,2,#fc8d62,car
9,2,74,126,2018,1,7,4,3,4,2,0,0,1,0,0,0,0,1,732473404.0,5384443492.0,12.151514764,48.569919665,2,#fc8d62,car
9,7,72,125,2018,2,0,7,1,8,1,2,0,1,0,0,0,0,0,630206865.0,5346730965.0,10.754383143,48.260400113,2,#fc8d62,car
9,1,73,147,2018,1,5,4,3,4,2,2,1,1,0,0,0,0,0,681407.8278,5309521199.0,11.427896502,47.913336026,1,#66c2a5,bicycle
9,1,83,140,2018,1,14,4,3,5,3,0,0,1,0,0,0,0,0,740224.33,5340260261.0,12.231184892,48.170136223,2,#fc8d62,car
9,7,71,146,2018,2,19,5,3,2,2,2,1,1,0,0,0,0,1,647147.6573,5348616.8319,10.983162603,48.273648713,1,#66c2a5,bicycle
9,1,79,121,2018,2,14,7,3,4,1,0,0,1,0,0,0,0,0,665713456.0,5339559186.0,11.229652628,48.18763482,2,#fc8d62,car
9,1,85,158,2018,2,14,6,3,2,6,0,0,1,0,0,0,0,0,667989.5069,5381788.6421,11.277127518,48.566660087,2,#fc8d62,car
9,1,87,174,2018,1,16,4,3,5,3,2,0,1,0,0,0,0,0,741032657.0,5309922544.0,12.224971654,47.897312888,2,#fc8d62,car
9,1,90,111,2018,2,7,6,3,1,1,1,0,1,0,0,0,1,2,637545.2084,5296144.0871,10.836962157,47.803948622,2,#fc8d62,car
9,1,86,152,2018,1,8,4,3,2,6,0,0,1,0,0,0,0,0,691019.8697,5376001.2113,11.586343741,48.508053537,2,#fc8d62,car
9,1,84,135,2018,2,6,6,3,4,2,2,0,1,0,0,0,0,1,693154.2078,5347230.9474,11.601991748,48.248835123,2,#fc8d62,car
9,1,74,115,2018,2,8,6,3,5,3,0,0,1,0,0,0,0,0,681291212.0,5347085634.0,11.442278105,48.251033005,2,#fc8d62,car
9,1,62,0,2018,1,15,4,3,2,6,0,0,1,0,0,0,0,0,686568.0547,5333289.5264,11.507236048,48.125498941,2,#fc8d62,car
9,1,78,120,2018,1,11,4,3,2,6,0,0,1,0,0,1,0,0,695212.6547,5353095.0444,11.632398708,48.300906718,2,#fc8d62,car
9,1,78,137,2018,1,17,4,3,4,6,0,0,1,0,0,0,0,1,694237.0662,5366221.1563,11.625316266,48.419173783,2,#fc8d62,car
9,1,62,0,2018,1,14,3,3,6,4,0,0,1,1,0,0,0,0,690062.6992,5339303.5866,11.556837265,48.178519535,2,#fc8d62,car
9,1,84,137,2018,1,17,3,3,5,3,1,0,1,0,0,0,0,0,706318.4571,5316870.0478,11.764436192,47.971850009,2,#fc8d62,car
9,1,84,134,2018,2,16,5,3,6,7,0,0,1,1,0,0,0,1,693867.4329,5322725.7713,11.600435264,48.028373391,2,#fc8d62,car
9,2,61,0,2018,2,13,7,3,5,3,0,0,1,0,0,0,0,0,733728.5682,5381379.6394,12.166783458,48.541931759,2,#fc8d62,car
9,7,71,122,2018,1,11,3,3,9,6,0,0,1,0,0,0,0,1,649924.6914,5360796.9256,11.024898148,48.382509289,2,#fc8d62,car
9,7,71,146,2018,1,7,3,3,2,2,1,1,1,0,0,0,0,0,647664592.0,5348687488.0,10.990149843,48.274163678,1,#66c2a5,bicycle
9,7,61,0,2018,1,7,3,3,6,2,1,0,0,1,0,0,1,0,638746635.0,5361132998.0,10.874124539,48.388088737,3,#8da0cb,toilet
9,7,71,141,2018,1,17,3,3,8,6,0,0,1,0,0,0,1,0,656275.4349,5373701.3963,11.115426236,48.496984122,2,#fc8d62,car
9,1,62,0,2018,1,8,4,3,5,2,0,0,1,0,0,0,0,0,687428.2851,5340475.0808,11.521950231,48.189831637,2,#fc8d62,car
9,2,74,126,2018,2,16,6,3,4,2,0,0,1,0,0,0,0,0,731900795.0,5383988756.0,12.143510973,48.566046966,2,#fc8d62,car
9,7,71,169,2018,2,5,5,2,4,6,2,0,1,0,0,1,0,1,638557.4535,5373257.6985,10.875581516,48.497151696,2,#fc8d62,car
9,1,78,113,2018,2,6,7,3,8,1,2,0,1,0,0,0,0,0,691476.0967,5368811.5554,11.589222102,48.44329954,2,#fc8d62,car
9,2,74,134,2018,2,8,5,2,9,1,0,0,1,0,0,0,0,1,738120372.0,5372538.3682,12.221149735,48.460867098,2,#fc8d62,car
9,1,62,0,2018,2,13,6,3,3,6,0,0,1,0,0,0,1,0,695662.6315,5333928.2518,11.629618376,48.128509418,2,#fc8d62,car
9,2,74,126,2018,2,20,5,3,5,2,2,1,1,0,0,0,0,0,733261.7564,5382695.5001,12.16120552,48.553925333,1,#66c2a5,bicycle
9,1,74,150,2018,2,12,6,3,0,1,0,1,0,0,0,0,0,0,683319.6175,5359947.1062,11.475165008,48.366052572,1,#66c2a5,bicycle
9,1,88,139,2018,2,9,6,3,2,6,0,0,1,0,0,0,0,0,673584957.0,5321649635.0,11.328187218,48.024533577,2,#fc8d62,car
9,2,61,0,2018,2,13,5,3,6,4,0,0,1,1,0,0,0,0,731971789.0,5381324.8109,12.142987822,48.542091125,2,#fc8d62,car
9,1,84,112,2018,2,7,5,3,0,7,1,0,0,1,0,0,1,1,701991.2783,5338843395.0,11.716907294,48.170704384,3,#8da0cb,toilet
9,7,71,122,2018,2,2,7,2,9,1,2,0,1,0,0,0,0,0,651989.4011,5359945.3738,11.05245793,48.374359099,2,#fc8d62,car
9,7,77,112,2018,2,4,5,3,9,7,2,0,1,0,0,0,0,1,622540.3817,5300736.5646,10.637956727,47.848283855,2,#fc8d62,car
9,1,87,177,2018,2,7,7,3,2,2,2,0,1,0,1,0,0,0,735750.6944,5307440.5696,12.153057015,47.876977491,2,#fc8d62,car
9,1,84,121,2018,1,18,4,3,5,3,2,0,1,0,0,0,1,0,705958535.0,5325473045.0,11.763750446,48.049278539,2,#fc8d62,car
9,7,72,121,2018,2,7,5,3,5,7,0,0,1,0,0,0,0,1,633971.8891,5375242.9696,10.814179263,48.515997493,2,#fc8d62,car
9,1,79,125,2018,2,21,7,3,4,6,2,0,1,0,0,0,0,1,660172397.0,5331251.7107,11.152027455,48.114367206,2,#fc8d62,car
9,1,63,0,2018,2,10,5,3,3,3,0,1,1,0,0,0,0,1,733557.4043,5305099.1937,12.122503139,47.856743878,1,#66c2a5,bicycle
9,1,63,0,2018,2,19,5,3,2,6,2,0,1,0,0,0,0,1,733592109.0,5303201244.0,12.121941943,47.839679989,2,#fc8d62,car
9,1,62,0,2018,2,19,6,2,5,3,2,0,1,0,0,0,0,0,691748.9303,5331900.3306,11.57616365,48.111473648,2,#fc8d62,car
9,1,85,158,2018,2,11,5,1,4,6,0,0,0,0,0,1,1,1,667887.5074,5380082.4308,11.275057807,48.551349928,5,#a6d854,bus
9,1,81,130,2018,2,10,6,3,0,5,0,1,1,0,0,0,0,0,639449319.0,5323049.1836,10.87108664,48.045483695,1,#66c2a5,bicycle
9,1,73,123,2018,1,13,3,3,9,1,0,0,1,0,0,0,0,0,678356.2257,5302686.1518,11.384269065,47.852747881,2,#fc8d62,car
9,1,74,126,2018,2,12,5,3,2,6,0,0,1,0,0,0,0,1,683842.4598,5343804.1432,11.475190367,48.22080278,2,#fc8d62,car
9,1,62,0,2018,2,13,5,3,5,2,0,0,1,0,0,0,0,2,688711054.0,5328994.26,11.534106443,48.086260578,2,#fc8d62,car
9,1,87,163,2018,1,6,3,3,2,6,1,0,1,0,0,0,0,1,738471427.0,5308720.6825,12.190094263,47.88747286,2,#fc8d62,car
9,1,74,115,2018,2,9,5,3,5,3,0,0,1,0,0,0,0,1,683339.5705,5347779.1061,11.470146635,48.256677033,2,#fc8d62,car
9,7,61,0,2018,2,16,7,3,8,1,0,0,1,0,0,0,0,0,640822.1957,5360561.9727,10.901952908,48.382494307,2,#fc8d62,car
9,1,88,120,2018,1,9,3,3,5,3,0,0,1,0,0,0,0,0,676551.9964,5325341.8113,11.369469741,48.056911043,2,#fc8d62,car
9,1,84,112,2018,1,7,3,3,2,6,2,0,1,0,0,0,0,0,703326.8976,5339154.9322,11.735000018,48.173078236,2,#fc8d62,car
9,1,84,147,2018,1,6,3,3,2,6,2,0,1,0,0,0,0,0,699614.5481,5341425.9249,11.686188695,48.194664426,2,#fc8d62,car
9,1,78,145,2018,2,17,5,3,3,6,2,0,1,0,0,0,0,2,693680839.0,5356289.2462,11.613231514,48.330084796,2,#fc8d62,car
9,1,62,0,2018,1,17,3,3,3,6,1,0,1,0,0,1,0,1,695897.9499,5346304.7129,11.638483974,48.239668853,2,#fc8d62,car
9,1,62,0,2018,1,7,3,3,3,6,0,0,1,0,0,0,0,0,685923.3215,5343219.7255,11.50292254,48.214943565,2,#fc8d62,car
9,7,61,0,2018,2,7,5,3,4,2,1,0,1,0,0,0,0,1,639831.2477,5352478.5885,10.885892255,48.310030914,2,#fc8d62,car
9,1,78,120,2018,1,5,3,3,5,2,2,0,1,0,1,0,0,0,695196579.0,5353082967.0,11.632176584,48.300803136,2,#fc8d62,car
9,1,74,121,2018,2,6,7,3,9,1,2,0,1,0,0,0,0,0,687768098.0,5353256.5741,11.532186278,48.304611615,2,#fc8d62,car