ULAND,UREGBEZ,UKREIS,UGEMEINDE,UJAHR,UMONAT,USTUNDE,UWOCHENTAG,UKATEGORIE,UART,UTYP1,ULICHTVERH,IstRad,IstPKW,IstFuss,IstKrad,IstGkfz,IstSonstig,STRZUSTAND,LINREFX,LINREFY,XGCSWGS84,YGCSWGS84,Teilnehmer,color,symbol
9,1,77,133,2018,2,17,5,3,2,6,2,0,1,0,0,0,0,1,712572844.0,5354404.9643,11.866864561,48.307083597,2,#fc8d62,car
9,1,77,126,2018,1,7,3,3,5,3,1,0,1,0,0,0,0,1,720906.6063,5369487.9829,11.987025418,48.439740512,2,#fc8d62,car
9,1,77,117,2018,2,6,5,3,4,2,2,0,1,0,0,0,0,1,716422.8843,5354285.2902,11.918657399,48.304703014,2,#fc8d62,car
9,1,84,141,2018,1,15,2,3,2,6,0,0,1,0,0,0,0,0,698191.2686,5312390.3902,11.6536009,47.934156902,2,#fc8d62,car
9,1,84,148,2018,1,14,2,2,6,4,0,0,1,1,0,0,0,0,695179.8164,5327589.1954,11.620237823,48.071684735,2,#fc8d62,car
9,1,84,146,2018,1,18,2,3,5,2,2,0,1,0,1,0,0,0,697499.2906,5328361.7139,11.651698765,48.077913706,2,#fc8d62,car
9,1,62,0,2018,2,11,6,3,5,3,0,1,1,0,0,0,0,0,682123.7858,5335456.1126,11.448494319,48.146260816,1,#66c2a5,bicycle
9,1,74,126,2018,2,16,6,3,2,6,1,0,1,0,0,0,0,0,683709.3513,5343955.1229,11.473465393,48.222198407,2,#fc8d62,car
9,7,77,130,2018,1,17,2,3,4,6,1,0,1,0,0,0,0,0,625808325.0,5313946.9115,10.685472949,47.966458991,2,#fc8d62,car
9,7,73,139,2018,1,19,2,3,0,7,2,0,1,0,0,0,1,0,617171.0225,5384627.5834,10.589410442,48.603752011,2,#fc8d62,car
9,1,88,145,2018,2,21,6,3,9,1,2,0,1,0,0,0,0,0,665730.7827,5328368.7617,11.225531211,48.087026566,2,#fc8d62,car
9,7,71,130,2018,1,17,2,3,0,2,2,1,0,0,0,0,0,0,645618.9799,5357730028.0,10.965718938,48.355942463,1,#66c2a5,bicycle
9,7,71,145,2018,1,7,2,3,4,2,1,0,1,0,1,0,0,1,647503.7002,5346306.7186,10.987152542,48.252794837,2,#fc8d62,car
9,1,84,123,2018,2,7,5,3,6,7,1,0,1,1,0,0,0,1,702189.9969,5332153.8467,11.716401206,48.110523363,2,#fc8d62,car
9,1,84,132,2018,1,17,4,3,3,2,2,1,1,0,0,0,0,0,683831737.0,5329419059.0,11.468831279,48.091504716,1,#66c2a5,bicycle
9,2,74,113,2018,2,18,6,3,5,3,2,1,1,0,0,0,0,0,728487.3709,5381551.0367,12.095973821,48.545401779,1,#66c2a5,bicycle
9,1,62,0,2018,2,17,5,3,5,2,2,0,1,0,0,0,0,1,696810558.0,5333688672.0,11.644918361,48.126002348,2,#fc8d62,car
9,1,77,123,2018,2,19,4,3,2,7,2,0,1,0,0,0,0,2,729963.2798,5342497.7903,12.094590887,48.194032456,2,#fc8d62,car
9,1,78,155,2018,2,8,5,3,9,1,0,0,1,0,0,0,0,2,715469.0446,5375347.3468,11.91661846,48.494269733,2,#fc8d62,car
9,1,81,130,2018,2,14,5,3,2,6,0,0,1,0,0,0,0,1,636255.22,5322981.9463,10.828230703,48.045568879,2,#fc8d62,car
9,7,71,113,2018,2,17,3,3,3,6,1,0,1,0,0,0,1,1,660597831.0,5366121885.0,11.170984096,48.427754583,2,#fc8d62,car
9,7,61,0,2018,2,19,7,3,2,6,2,0,1,0,0,0,0,1,637898.3452,5361727.2353,10.862867646,48.393618043,2,#fc8d62,car
9,1,84,142,2018,2,11,3,3,3,3,0,0,1,0,0,1,0,0,681210.5723,5318531602.0,11.429054282,47.994387901,2,#fc8d62,car
9,1,73,126,2018,2,7,3,3,2,2,0,0,1,0,0,0,0,0,683728.1306,5306175.3125,11.457496639,47.88259915,2,#fc8d62,car
9,1,86,152,2018,2,21,4,3,8,1,2,0,1,0,0,0,0,2,695840.8368,5376312.9049,11.651692324,48.509370214,2,#fc8d62,car
9,1,87,169,2018,2,6,3,2,4,6,2,1,1,0,0,0,0,1,736937.9062,5297919.7846,12.163701846,47.79100879,1,#66c2a5,bicycle
9,1,79,128,2018,2,8,6,3,2,6,0,0,1,0,0,0,0,2,657278707.0,5343482968.0,11.117701204,48.22505701,2,#fc8d62,car
9,1,87,117,2018,2,8,3,2,0,1,0,0,0,0,0,1,0,0,723436.4439,5306253.5388,11.987983856,47.87071434,5,#a6d854,bus
9,1,62,0,2018,2,7,3,3,2,6,0,0,1,0,0,0,1,0,680473.2777,5339632.0965,11.428097547,48.184268477,2,#fc8d62,car
9,1,79,142,2018,2,14,3,3,4,6,0,0,1,0,0,0,0,0,673197.8265,5339048561.0,11.330061113,48.181048025,2,#fc8d62,car
9,1,74,143,2018,2,16,3,3,8,1,0,0,1,0,0,0,0,0,675804.7408,5352217296.0,11.370567461,48.298707369,2,#fc8d62,car
9,1,62,0,2018,2,6,3,3,2,6,2,0,1,0,0,0,0,0,688042.2516,5344395.6949,11.531940587,48.224888939,2,#fc8d62,car
9,1,88,126,2018,2,8,4,3,0,6,0,0,1,0,0,0,0,0,659917861.0,5327835.5497,11.147330078,48.083717493,2,#fc8d62,car
9,1,75,123,2018,2,17,3,3,2,6,0,0,1,0,0,1,0,0,722149.3949,5337857.7705,11.98716665,48.155124503,2,#fc8d62,car
9,1,84,145,2018,2,21,2,3,0,6,2,0,1,0,0,0,0,0,694797.4593,5323193.2393,11.613109279,48.032291957,2,#fc8d62,car
9,1,62,0,2018,2,4,5,3,5,3,2,0,1,0,0,0,0,2,688874.38,5340137501.0,11.541238337,48.186369112,2,#fc8d62,car
9,7,78,116,2018,2,18,2,3,8,1,1,0,1,0,0,0,0,0,619092.2837,5322310.6548,10.597856406,48.042964721,2,#fc8d62,car
9,1,73,134,2018,2,8,4,2,9,7,0,0,1,0,0,0,0,0,682872.7608,5299457.3135,11.44322624,47.822453794,2,#fc8d62,car
9,1,77,113,2018,2,6,4,3,5,3,2,0,1,0,0,0,0,0,724858.0921,5358271.8156,12.034376614,48.337576851,2,#fc8d62,car
9,1,78,129,2018,2,10,4,3,2,2,0,0,1,0,0,1,0,0,707808.3035,5370997.4317,11.810892305,48.457762844,2,#fc8d62,car
9,7,71,122,2018,2,6,4,3,2,6,1,0,1,0,0,0,1,0,650400.7971,5361385.4645,11.031534946,48.387687471,2,#fc8d62,car
9,7,71,130,2018,2,12,7,2,8,1,0,0,1,0,0,0,0,0,643522.3727,5363325.8866,10.939344726,48.406737273,2,#fc8d62,car
9,1,77,115,2018,2,17,4,3,9,1,2,0,1,0,0,0,0,2,730894.5741,5348338302.0,12.110283951,48.246163341,2,#fc8d62,car
9,7,71,111,2018,2,11,7,3,2,6,0,0,1,0,0,0,0,1,657895.4249,5357987.8267,11.131421498,48.355309943,2,#fc8d62,car
9,7,72,177,2018,2,6,3,3,8,1,1,0,1,0,0,0,0,0,635797.5552,5377810.7355,10.839724713,48.53869394,2,#fc8d62,car
9,7,71,155,2018,2,18,4,2,4,1,2,0,1,0,0,0,1,2,648776.2244,5374768.9595,11.014360406,48.508402807,2,#fc8d62,car
9,7,72,147,2018,2,7,5,3,5,3,0,0,1,0,0,0,1,1,636063.4787,5364111.4622,10.838866726,48.415455381,2,#fc8d62,car
9,1,87,159,2018,2,15,4,3,9,1,0,0,1,0,0,0,0,2,731572.4347,5328531.7506,12.108622954,48.067981239,2,#fc8d62,car
9,1,88,117,2018,2,5,5,3,9,1,2,0,1,0,0,0,0,2,662199.3151,5313288.4093,11.17243798,47.952352603,2,#fc8d62,car
9,1,86,162,2018,2,19,4,3,9,1,2,0,1,0,0,0,0,2,693549.1231,5383424.5355,11.624000167,48.573992057,2,#fc8d62,car
9,1,87,179,2018,2,19,4,3,9,1,2,0,1,0,0,0,0,2,723254.9233,5310943.4542,11.987985108,47.9129169,2,#fc8d62,car
9,1,86,128,2018,2,16,6,3,2,6,0,0,1,0,0,0,0,1,678166.3644,5385719.0556,11.416637055,48.599177974,2,#fc8d62,car
9,2,74,146,2018,2,17,4,2,4,6,2,0,1,0,0,1,0,2,734230.0574,5376986.6111,12.171100601,48.502284123,2,#fc8d62,car
9,1,74,113,2018,2,12,4,3,5,3,0,0,1,0,1,0,0,1,677726.4684,5347680.4501,11.394549167,48.257389375,2,#fc8d62,car
9,1,74,126,2018,2,8,6,3,2,6,0,0,1,0,0,0,0,0,683702.3655,5343951.1984,11.473369726,48.222165154,2,#fc8d62,car
9,1,73,112,2018,2,7,5,2,4,6,0,0,1,0,0,0,0,2,692951906.0,5296938586.0,11.576628245,47.796870853,2,#fc8d62,car
9,1,77,133,2018,2,18,4,3,4,1,2,0,1,0,0,0,0,2,706332.5471,5354959.8016,11.783080802,48.314135495,2,#fc8d62,car
9,7,71,130,2018,2,21,4,3,1,6,0,0,1,0,0,0,0,2,644729.7301,5357662728.0,10.953699039,48.355541788,2,#fc8d62,car
9,7,72,130,2018,2,15,7,3,2,6,0,0,1,0,0,0,0,1,631326.3228,5356969.6637,10.772645528,48.352239546,2,#fc8d62,car
9,1,62,0,2018,2,14,5,3,2,6,0,0,1,0,0,0,0,2,685145.2793,5341669.5205,11.49178231,48.201237258,2,#fc8d62,car
9,1,82,136,2018,2,7,5,3,9,1,0,0,1,0,0,0,0,2,703809.89,5299818.3098,11.72281165,47.819407187,2,#fc8d62,car
9,1,75,121,2018,2,16,4,2,8,1,1,0,1,0,0,0,0,1,711613.0941,5321524.3646,11.837583386,48.01194599,2,#fc8d62,car
9,7,71,113,2018,2,13,5,3,5,3,0,0,1,0,0,0,0,2,658434.5159,5369683.6475,11.143108845,48.460323366,2,#fc8d62,car
9,1,84,135,2018,2,17,5,3,2,6,1,0,0,0,0,0,1,1,692564.9453,5344978.8006,11.59303841,48.228773047,6,#ffd92f,circle
9,2,61,0,2018,2,17,2,3,5,3,1,0,1,0,0,0,0,0,726678.4419,5380087.2946,12.070703737,48.532908533,2,#fc8d62,car
9,7,77,114,2018,2,6,3,3,4,1,1,0,1,0,0,0,0,1,616659.6424,5313592.2811,10.562859497,47.965002415,2,#fc8d62,car
9,2,74,124,2018,2,17,2,2,4,6,0,0,1,0,0,0,0,0,726778.4355,5376912159.0,12.070330434,48.504348795,2,#fc8d62,car
9,1,62,0,2018,2,18,3,3,4,2,1,0,1,0,0,0,0,1,699211.8867,5333048.9607,11.67685434,48.119506279,2,#fc8d62,car
9,1,85,158,2018,2,20,4,3,8,1,2,0,1,0,0,0,0,2,667256.1165,5380408.3644,11.266639697,48.554448529,2,#fc8d62,car
9,1,84,145,2018,2,21,2,3,3,6,2,0,1,0,0,0,0,1,694791.4467,5323180557.0,11.613022943,48.032179805,2,#fc8d62,car
9,1,79,134,2018,2,12,6,3,5,3,0,0,1,0,0,0,0,1,668665118.0,5345640974.0,11.271753309,48.241531854,2,#fc8d62,car
9,1,82,123,2018,2,19,2,3,1,1,2,0,1,0,0,0,0,0,717613.3299,5301543.3471,11.90784836,47.830388591,2,#fc8d62,car
9,1,87,122,2018,2,15,2,2,5,3,0,0,1,0,0,0,0,0,719464.77,5305459662.0,11.934540875,47.864950124,2,#fc8d62,car
9,1,77,133,2018,2,17,4,3,4,6,2,0,1,0,0,0,0,2,713132.9592,5356053.9733,11.875241753,48.321712081,2,#fc8d62,car
9,1,62,0,2018,2,17,4,3,3,6,2,0,1,0,0,1,0,2,686736.2002,5333260.5753,11.509480778,48.125189419,2,#fc8d62,car
9,1,74,115,2018,2,22,2,3,6,2,2,0,1,1,0,0,0,1,680898.5926,5347653.7879,11.437236713,48.256252115,2,#fc8d62,car
9,1,74,115,2018,2,11,2,3,2,6,0,0,1,0,0,0,0,1,681110.7302,5347354789.0,11.439964187,48.253503935,2,#fc8d62,car
9,1,78,157,2018,2,10,6,3,5,3,0,0,1,0,0,0,0,1,703654.0178,5370504.6488,11.75452844,48.454692792,2,#fc8d62,car
9,1,75,111,2018,2,7,2,2,5,3,0,0,1,0,0,1,0,0,712235.9481,5337878.0251,11.854049608,48.158692009,2,#fc8d62,car
9,1,73,120,2018,2,16,4,3,2,6,0,0,1,0,0,0,0,2,687649191.0,5309618.1536,11.511389193,47.912411786,2,#fc8d62,car
9,1,78,124,2018,2,23,2,3,5,3,2,1,1,0,0,0,0,0,703487.3694,5364747.1239,11.749482593,48.403008814,1,#66c2a5,bicycle
9,1,78,157,2018,2,17,2,2,4,6,1,0,1,0,0,0,0,0,704468102.0,5370197596.0,11.765376085,48.451669673,2,#fc8d62,car
9,1,77,116,2018,2,7,4,3,4,2,0,0,1,0,0,0,0,1,714510642.0,5356330.8036,11.893943459,48.323733594,2,#fc8d62,car
9,7,61,0,2018,2,5,4,3,6,2,2,0,1,1,0,0,0,2,641427.9108,5352729.7897,10.907498195,48.311934616,2,#fc8d62,car
9,1,78,133,2018,2,16,2,3,2,6,0,0,1,0,0,0,0,0,686647.0344,5366947.1608,11.523157819,48.427992953,2,#fc8d62,car
9,7,72,145,2018,2,19,4,3,9,1,2,0,1,0,0,0,0,2,634351.1342,5366576.4819,10.816526966,48.437988242,2,#fc8d62,car
9,1,77,137,2018,2,20,2,3,8,1,2,0,1,0,0,0,0,1,729496072.0,5345682516.0,12.090035544,48.22281227,2,#fc8d62,car
9,1,62,0,2018,2,14,1,3,2,6,0,0,1,0,0,0,1,1,697236.8075,5329012.1895,11.648478748,48.083841055,2,#fc8d62,car
9,1,85,113,2018,2,7,5,3,5,1,1,0,1,0,0,0,0,2,667619.0038,5375727.6594,11.269671126,48.512275491,2,#fc8d62,car
9,1,77,139,2018,2,19,4,3,2,6,2,0,1,0,0,0,0,2,731151.2897,5359262033.0,12.119715207,48.344202025,2,#fc8d62,car
9,7,71,113,2018,2,18,3,2,6,4,2,0,1,1,0,0,0,1,657378.6598,5369177.1734,11.12864635,48.456035034,2,#fc8d62,car
9,7,72,147,2018,2,18,1,3,3,3,1,0,1,0,0,0,0,1,638123.6336,5364116.7283,10.866695722,48.415054516,2,#fc8d62,car
9,7,72,147,2018,2,12,1,3,3,1,0,0,1,0,0,0,0,2,629118.1945,5364145.2403,10.745059716,48.417220607,2,#fc8d62,car
9,1,82,120,2018,2,22,4,3,4,6,2,0,1,0,0,0,0,2,702638.2755,5306019.7995,11.710081554,47.875512237,2,#fc8d62,car
9,7,72,209,2018,2,16,5,3,2,1,0,0,1,0,0,0,0,1,636055.4271,5337124.2654,10.830062409,48.172785334,2,#fc8d62,car
9,1,88,117,2018,2,8,5,3,2,6,1,0,1,0,0,0,0,2,662198.4342,5313287.0182,11.172425666,47.952340319,2,#fc8d62,car
9,1,84,135,2018,2,16,4,3,2,6,0,0,1,0,0,0,0,2,689422.8149,5347253.9874,11.551788524,48.250168243,2,#fc8d62,car
9,1,74,131,2018,2,17,4,3,4,1,2,0,1,0,0,0,0,2,676092607.0,5362266414.0,11.378647302,48.388957823,2,#fc8d62,car
9,1,62,0,2018,2,16,5,3,3,2,1,1,1,0,0,0,0,2,685480.4898,5328728.4485,11.490652247,48.084819471,1,#66c2a5,bicycle
9,1,74,131,2018,2,17,6,3,2,6,1,0,1,0,0,0,0,1,676598.9748,5357827.9466,11.383617453,48.348919732,2,#fc8d62,car
9,1,78,124,2018,2,18,4,3,2,6,2,0,1,0,0,0,0,2,702287.5523,5365470.7189,11.733638859,48.409897336,2,#fc8d62,car
9,7,71,145,2018,2,18,4,3,8,1,2,0,1,0,0,0,0,2,649478.1481,5344480.8733,11.013090563,48.235915586,2,#fc8d62,car
9,7,72,131,2018,2,16,7,3,5,3,0,0,1,0,0,0,0,1,621587.5676,5357025.5306,10.641266062,48.354692186,2,#fc8d62,car
9,1,62,0,2018,2,13,3,3,2,6,0,0,1,0,0,0,0,0,685708.8216,5335289.4615,11.49657228,48.143726442,2,#fc8d62,car
9,1,75,124,2018,2,17,4,2,8,1,1,0,1,0,0,0,1,2,715889.7268,5328480.9956,11.898362317,48.073025476,2,#fc8d62,car
9,7,61,0,2018,2,5,5,3,4,3,2,0,1,0,0,0,0,2,641497724.0,5357825.4872,10.910150581,48.357737776,2,#fc8d62,car
9,1,87,181,2018,2,18,4,3,9,1,2,0,1,0,0,0,0,1,736416.2853,5311114.9395,12.16395718,47.909742017,2,#fc8d62,car
9,1,81,114,2018,2,13,5,2,5,3,0,0,1,0,0,0,1,2,647896165.0,5316051461.0,10.981941805,47.980660623,2,#fc8d62,car
9,7,77,112,2018,2,21,3,2,5,3,2,1,1,0,0,0,0,0,622830.7431,5298662.6527,10.641247713,47.829576196,1,#66c2a5,bicycle
9,1,87,165,2018,2,10,1,3,9,1,0,0,1,0,0,0,0,0,733339.0011,5299695.7316,12.116676703,47.808277898,2,#fc8d62,car
9,1,79,145,2018,2,18,1,3,0,3,1,1,1,0,0,0,0,2,673325.69,5336877236.0,11.330894577,48.161494115,1,#66c2a5,bicycle
9,1,74,131,2018,2,13,1,3,2,6,0,0,1,0,0,0,0,0,676958.9064,5354800.7963,11.387199868,48.321608435,2,#fc8d62,car
9,1,62,0,2018,2,17,6,3,2,6,2,0,1,0,0,0,0,0,680261096.0,5339828.5607,11.425328861,48.1860947,2,#fc8d62,car
9,1,74,118,2018,2,12,1,3,5,3,0,0,1,0,0,0,0,1,668683.0693,5354861184.0,11.275675621,48.324413529,2,#fc8d62,car
9,2,61,0,2018,2,13,4,3,5,3,0,0,1,0,0,0,0,0,732674.3968,5378762.2603,12.151062502,48.518812309,2,#fc8d62,car
9,1,78,120,2018,2,15,1,3,3,1,0,0,1,0,0,0,1,2,693985.2882,5355548.9864,11.616994207,48.323338518,2,#fc8d62,car
9,1,84,119,2018,2,14,1,3,8,1,0,0,1,0,0,0,0,0,696245.9477,5347472.8427,11.643707208,48.250059483,2,#fc8d62,car
9,1,75,111,2018,2,16,4,3,8,1,2,0,1,0,0,0,0,2,713771.8431,5338564.2201,11.875021537,48.164343441,2,#fc8d62,car
9,7,72,147,2018,2,14,3,3,2,6,0,0,1,0,0,0,0,0,638398.7831,5364274.6606,10.870464326,48.416414229,2,#fc8d62,car
9,7,72,147,2018,2,13,4,3,2,6,0,0,1,0,0,0,0,0,638427.4719,5366759.8347,10.871672504,48.438753894,2,#fc8d62,car
9,1,75,135,2018,2,3,1,3,8,7,2,1,0,0,0,0,0,1,709296.0035,5339126.8362,11.815178964,48.170888299,1,#66c2a5,bicycle
9,1,78,124,2018,2,16,1,3,4,6,0,0,1,0,0,0,0,2,701470359.0,5360221.9697,11.720092074,48.362991587,2,#fc8d62,car
9,1,62,0,2018,2,13,7,3,2,6,0,0,1,0,0,0,0,0,689637499.0,5340156.8662,11.551503935,48.186315823,2,#fc8d62,car
9,1,75,127,2018,2,17,6,2,6,4,2,0,1,1,0,0,0,1,713291.7456,5341557.3038,11.870075085,48.19139937,2,#fc8d62,car
9,1,77,120,2018,2,15,4,3,9,1,0,0,1,0,0,0,0,2,725404.4789,5363045.8986,12.044295895,48.380272202,2,#fc8d62,car
9,7,61,0,2018,2,6,4,3,4,2,2,1,1,0,0,0,0,0,644628.6805,5357646.7843,10.95233032,48.355421585,1,#66c2a5,bicycle
9,7,72,157,2018,2,20,7,3,5,3,2,0,1,0,0,0,0,0,627757.42,5335707592.0,10.718075176,48.161767848,2,#fc8d62,car
9,1,74,115,2018,2,18,2,3,5,2,2,1,1,0,0,0,0,1,683274.7507,5348258.5102,11.469481807,48.261004866,1,#66c2a5,bicycle
9,7,77,121,2018,2,19,4,2,2,6,2,0,1,0,0,1,0,0,630651.6919,5321885.0684,10.75274678,48.03687634,2,#fc8d62,car
9,1,74,131,2018,2,22,2,1,4,1,2,0,1,0,0,0,0,1,675242.5772,5360520.0554,11.366447225,48.373496708,2,#fc8d62,car
9,1,78,120,2018,2,7,2,2,9,1,0,0,1,0,0,0,0,1,696910004.0,5351606.0744,11.65456744,48.286999333,2,#fc8d62,car
9,1,78,143,2018,2,17,2,3,5,3,2,0,1,0,0,0,0,0,719538.6417,5373315.7143,11.970561624,48.47460866,2,#fc8d62,car
9,1,78,143,2018,2,13,2,3,5,3,0,0,1,0,0,0,0,0,716946.6431,5372371.5148,11.935047972,48.467024775,2,#fc8d62,car
9,1,88,113,2018,2,16,3,3,2,6,0,0,1,0,0,0,0,0,676010.0705,5314972.6771,11.357947646,47.963847119,2,#fc8d62,car
9,1,77,119,2018,2,22,2,2,0,1,2,0,1,0,0,0,0,1,721683978.0,5339324917.0,11.98168166,48.16846882,2,#fc8d62,car
9,1,74,118,2018,2,15,5,3,9,1,0,0,1,0,0,0,0,1,668297495.0,5352699.6054,11.26961572,48.305084518,2,#fc8d62,car
9,1,75,123,2018,2,16,2,3,5,2,0,1,1,0,0,0,0,1,723029.0757,5338009.0467,11.999057919,48.156175805,1,#66c2a5,bicycle
9,1,75,115,2018,2,16,2,3,2,2,0,0,1,0,0,1,0,2,721860.0966,5331938226.0,11.980200551,48.102039629,2,#fc8d62,car
9,1,62,0,2018,2,9,3,3,6,2,0,0,1,1,0,0,0,0,684638.5725,5329123.8071,11.479528798,48.088617592,2,#fc8d62,car
9,1,75,131,2018,2,8,2,3,9,1,0,0,1,0,0,0,0,2,707846.6106,5323846.47,11.788265978,48.034049442,2,#fc8d62,car
9,1,77,124,2018,2,11,2,3,9,1,0,0,1,0,0,0,1,1,728067.7716,5366049.8146,12.081843164,48.406301145,2,#fc8d62,car
9,1,62,0,2018,2,11,1,3,5,2,0,0,1,0,0,0,0,2,688016.3304,5327852.6496,11.52428437,48.076204699,2,#fc8d62,car
9,1,62,0,2018,2,18,1,3,6,4,2,0,1,1,0,0,0,1,680225.0535,5334999859.0,11.422798202,48.142700361,2,#fc8d62,car
9,1,62,0,2018,2,11,2,3,3,6,2,0,1,0,0,1,0,0,687346.5091,5332507.6313,11.517343411,48.118242422,2,#fc8d62,car
9,1,62,0,2018,2,3,1,3,2,6,2,0,1,0,0,0,0,0,698300113.0,5333221936.0,11.664696858,48.121345446,2,#fc8d62,car
9,1,62,0,2018,2,8,4,3,4,6,0,0,1,0,0,0,0,0,697764.3695,5330078.9104,11.656048871,48.093264647,2,#fc8d62,car
9,7,72,163,2018,2,22,1,3,8,7,2,0,1,0,0,0,0,1,639021.4771,5349976.2131,10.874152968,48.287708333,2,#fc8d62,car
9,7,72,163,2018,2,6,2,3,2,6,1,0,1,0,0,0,0,1,638698.3814,5348610.7457,10.869351515,48.275501003,2,#fc8d62,car
9,7,71,113,2018,2,8,1,2,6,2,0,0,1,1,0,0,0,1,657671.8236,5369488.3583,11.132725952,48.458759268,2,#fc8d62,car
9,1,73,123,2018,2,16,5,3,4,6,1,0,1,0,0,0,0,1,681544.4118,5303643.5559,11.427251486,47.860461634,2,#fc8d62,car
9,1,84,114,2018,2,9,5,3,3,6,0,0,1,0,0,1,0,0,699979.5341,5318819206.0,11.68050683,47.991379751,2,#fc8d62,car
9,1,82,133,2018,2,16,5,3,4,1,0,0,1,0,0,0,0,2,706284779.0,5310883477.0,11.761116546,47.918060728,2,#fc8d62,car
9,1,79,121,2018,2,18,4,3,3,7,2,0,1,0,0,0,0,1,666860.3754,5339356.2964,11.244992326,48.1855106,2,#fc8d62,car
9,2,61,0,2018,2,7,2,3,6,2,0,0,1,1,0,0,0,1,732909.6174,5381261.3481,12.155638958,48.54117368,2,#fc8d62,car
9,1,74,122,2018,2,9,3,3,3,6,0,0,1,0,0,0,0,0,685421.2276,5354248.8323,11.501004615,48.31422235,2,#fc8d62,car
9,1,88,145,2018,2,16,5,3,2,6,0,0,1,0,0,0,0,2,663636.0269,5328035.7789,11.197295597,48.084574104,2,#fc8d62,car
9,1,62,0,2018,2,15,3,3,1,6,0,0,1,0,0,0,0,0,688699.5972,5337251.6987,11.537608126,48.160483244,2,#fc8d62,car
9,2,74,126,2018,2,11,1,3,5,3,0,0,1,0,0,0,0,0,733564162.0,5383896.8666,12.165971284,48.564604154,2,#fc8d62,car
9,7,72,207,2018,2,16,5,3,9,1,0,0,1,0,0,0,0,2,640831.9831,5379761156.0,10.90854974,48.555120999,2,#fc8d62,car
9,2,74,126,2018,2,9,4,3,2,6,0,0,1,0,0,0,0,0,734331.1624,5384363.6345,12.176614224,48.568510708,2,#fc8d62,car
9,1,84,122,2018,2,20,2,3,5,3,2,0,1,0,1,0,0,2,688199.7344,5323933.5353,11.52502004,48.04092426,2,#fc8d62,car
9,7,72,125,2018,2,19,3,3,4,2,2,0,1,0,0,0,0,1,635917.7673,5347796.9995,10.831633388,48.268786638,2,#fc8d62,car
9,1,78,145,2018,2,17,5,3,7,1,1,0,1,0,0,0,0,1,695362.0814,5355612.5214,11.635577174,48.323485597,2,#fc8d62,car
9,1,84,119,2018,2,18,1,3,3,6,2,0,1,0,0,0,0,0,696279.5225,5347588.8707,11.644212804,48.251091854,2,#fc8d62,car
9,1,75,116,2018,2,19,1,3,8,1,2,0,1,0,0,0,0,1,710291.4655,5320306.1706,11.819286441,48.00143515,2,#fc8d62,car
9,1,75,116,2018,2,23,1,3,9,1,2,0,1,0,0,0,0,2,708503.1209,5320393.6333,11.795383056,48.00280678,2,#fc8d62,car
9,1,90,152,2018,2,16,5,3,9,1,0,0,1,0,0,0,0,2,671715554.0,5297134095.0,11.293370311,47.804642275,2,#fc8d62,car
9,1,84,135,2018,2,14,7,3,0,7,0,0,1,0,0,0,0,0,689433443.0,5347334557.0,11.551967606,48.250889215,2,#fc8d62,car
9,1,62,0,2018,2,10,7,3,3,7,0,1,0,1,0,0,0,0,696356.2761,5333744.7022,11.638845846,48.126646194,1,#66c2a5,bicycle
9,1,62,0,2018,2,19,7,2,6,2,2,0,1,1,0,0,0,1,688145.2721,5328013.3085,11.526084514,48.077610723,2,#fc8d62,car
9,1,90,157,2018,2,18,3,3,1,6,2,0,1,0,0,0,0,0,660860512.0,5301543448.0,11.150140732,47.847091466,2,#fc8d62,car
9,1,63,0,2018,2,17,5,3,2,6,2,0,1,0,0,0,0,2,729090.4431,5300664235.0,12.060525472,47.818505431,2,#fc8d62,car
9,2,61,0,2018,2,13,3,2,9,1,0,0,1,0,0,0,0,0,726375173.0,5378850956.0,12.065930492,48.521911376,2,#fc8d62,car
9,7,72,217,2018,2,13,2,2,2,6,0,0,0,0,0,1,0,1,636369.0822,5380605.2125,10.848378578,48.563696899,5,#a6d854,bus
9,7,61,0,2018,2,9,7,3,5,3,0,0,1,0,0,0,0,0,641227.9583,5360916.9362,10.907549311,48.385595287,2,#fc8d62,car
9,7,61,0,2018,2,15,4,3,2,6,0,0,1,0,0,0,0,0,637398746.0,5359152.5067,10.85528043,48.370575492,2,#fc8d62,car
9,1,82,120,2018,2,7,6,3,0,1,1,1,0,0,0,0,0,2,701874.8642,5306307.7686,11.700018004,47.878340749,1,#66c2a5,bicycle
9,1,85,166,2018,2,15,5,3,8,1,0,0,1,0,0,0,0,2,673376.0554,5378930.6271,11.348890062,48.539503483,2,#fc8d62,car
9,1,77,115,2018,2,8,4,3,3,6,0,0,1,0,0,1,0,0,730318.8739,5353122.8904,12.105146006,48.289355323,2,#fc8d62,car
9,1,73,118,2018,2,17,2,2,4,1,1,0,1,0,0,0,0,1,692580.9878,5309602.8666,11.5773185,47.910812537,2,#fc8d62,car
9,1,88,139,2018,2,17,3,3,2,6,0,0,1,0,0,0,0,0,674954.0646,5319257.5276,11.345558341,48.002655975,2,#fc8d62,car
9,1,74,137,2018,2,6,5,2,4,1,2,0,1,0,0,0,0,0,658113.6701,5351173.0888,11.131809581,48.293987881,2,#fc8d62,car