ULAND,UREGBEZ,UKREIS,UGEMEINDE,UJAHR,UMONAT,USTUNDE,UWOCHENTAG,UKATEGORIE,UART,UTYP1,ULICHTVERH,IstRad,IstPKW,IstFuss,IstKrad,IstGkfz,IstSonstig,STRZUSTAND,LINREFX,LINREFY,XGCSWGS84,YGCSWGS84,Teilnehmer,color,symbol
9,1,62,0,2018,2,15,3,3,2,6,0,0,1,0,0,0,0,0,688205.5647,5334984.1568,11.529968536,48.140248624,2,#fc8d62,car
9,2,74,132,2018,2,12,5,2,4,6,0,0,1,0,0,0,0,0,726317191.0,5385275.4906,12.068637481,48.579646567,2,#fc8d62,car
9,1,62,0,2018,2,7,3,3,3,6,0,0,1,0,0,1,0,0,696461.3735,5343214.1684,11.644631837,48.2117191,2,#fc8d62,car
9,1,75,123,2018,2,10,5,3,5,3,0,0,1,0,0,0,0,0,725606.1169,5336315.7663,12.032763872,48.140053921,2,#fc8d62,car
9,1,82,123,2018,2,15,2,3,2,6,0,0,1,0,0,0,0,1,719844.1323,5300870.3491,11.937275561,47.823582761,2,#fc8d62,car
9,1,73,134,2018,2,23,7,2,8,7,2,0,1,0,0,0,0,1,685287.7446,5297174.8395,11.474484644,47.801245492,2,#fc8d62,car
9,2,61,0,2018,2,11,3,3,5,3,0,0,1,0,0,0,0,0,732675222.0,5378761124.0,12.151073026,48.518801797,2,#fc8d62,car
9,7,71,112,2018,2,12,2,3,0,6,0,1,0,0,0,0,0,0,642971.3516,5367029.7727,10.933166436,48.440165611,1,#66c2a5,bicycle
9,1,87,182,2018,2,12,7,3,2,2,0,0,1,0,0,0,0,0,741571.4368,5328317.4773,12.24251014,48.062349105,2,#fc8d62,car
9,7,72,216,2018,2,10,4,2,9,1,0,0,1,0,0,0,0,0,619567.6854,5367108.7273,10.616883662,48.445755857,2,#fc8d62,car
9,1,86,152,2018,2,7,7,3,2,6,0,0,1,0,0,0,0,0,691142.7265,5378238.1408,11.589030325,48.528119857,2,#fc8d62,car
9,1,79,145,2018,2,19,7,3,4,1,2,0,1,0,0,0,0,0,675414.2643,5337918.6986,11.359386878,48.170283328,2,#fc8d62,car
9,1,75,132,2018,2,15,7,3,3,7,0,0,1,0,0,0,0,0,709610.3719,5337348.4306,11.818525814,48.154803907,2,#fc8d62,car
9,1,84,114,2018,2,8,7,3,2,6,0,0,1,0,0,0,0,0,699626.5461,5323983.8525,11.678185071,48.037906411,2,#fc8d62,car
9,1,84,119,2018,2,10,7,3,2,6,0,0,1,0,0,0,0,0,696045.0984,5346751.0367,11.640670274,48.243634596,2,#fc8d62,car
9,1,79,123,2018,2,21,4,2,8,7,2,0,1,0,0,0,0,0,676551.8099,5334260.2906,11.373155916,48.137082158,2,#fc8d62,car
9,1,84,119,2018,2,15,7,3,2,6,0,0,1,0,0,0,0,0,696217.7503,5347326.9098,11.643260133,48.248756683,2,#fc8d62,car
9,1,87,165,2018,2,8,2,3,2,6,0,0,1,0,0,0,0,2,733417.6651,5297955.5268,12.116789614,47.792615086,2,#fc8d62,car
9,1,84,119,2018,2,10,7,3,1,6,0,0,1,0,0,0,0,0,696045.1916,5346751.3475,11.640671672,48.24363736,2,#fc8d62,car
9,1,84,119,2018,2,13,7,3,2,6,0,0,1,0,0,0,0,0,696179.0171,5349853.1285,11.643910228,48.271472285,2,#fc8d62,car
9,1,78,150,2018,2,6,7,3,2,6,2,0,1,0,0,0,0,0,691262.4097,5371423.4202,11.587528925,48.466838081,2,#fc8d62,car
9,1,81,141,2018,2,9,3,3,4,6,0,0,1,0,0,0,1,0,644121.9632,5319029585.0,10.932394258,48.008301503,2,#fc8d62,car
9,1,86,152,2018,2,9,7,3,1,6,0,0,1,0,0,0,0,0,691132629.0,5372843.7654,11.586424166,48.479642549,2,#fc8d62,car
9,1,74,113,2018,2,9,5,1,4,1,0,0,1,0,0,0,0,0,678341.9198,5350066.7823,11.403840045,48.278666824,2,#fc8d62,car
9,1,78,124,2018,2,19,7,3,1,6,2,0,1,0,0,0,0,1,702857.6365,5359058.0673,11.738238834,48.352088182,2,#fc8d62,car
9,1,77,117,2018,2,12,7,3,2,6,0,0,1,0,0,0,0,0,717243.0115,5360364.1205,11.932835674,48.359039507,2,#fc8d62,car
9,1,84,118,2018,2,14,3,1,4,1,0,0,1,0,0,0,1,0,701525599.0,5336806981.0,11.709686183,48.152551234,2,#fc8d62,car
9,1,84,138,2018,2,1,6,3,8,1,2,0,1,0,0,0,0,1,681979.1422,5330586.0035,11.444472291,48.102525838,2,#fc8d62,car
9,1,87,122,2018,4,10,6,3,4,6,0,0,1,0,0,0,0,0,721219.2875,5307284.9832,11.958903294,47.88074963,2,#fc8d62,car
9,1,84,148,2018,2,8,6,3,2,6,0,0,1,0,0,0,0,1,696104.1039,5326326.8383,11.632053686,48.060055697,2,#fc8d62,car
9,1,62,0,2018,2,12,6,3,3,6,2,0,1,0,0,1,0,0,691715.4678,5339270.4396,11.579033073,48.177725128,2,#fc8d62,car
9,7,72,131,2018,2,19,5,2,9,1,2,0,1,0,0,0,0,1,619821.2116,5351861.8498,10.615964296,48.308592449,2,#fc8d62,car
9,1,87,122,2018,2,13,2,3,4,6,0,0,1,0,0,0,0,1,721684.9626,5307073.9397,11.965014984,47.878692744,2,#fc8d62,car
9,2,74,194,2018,2,21,4,3,2,6,2,0,1,0,0,1,0,0,722461.2934,5376551.5812,12.011773889,48.502652741,2,#fc8d62,car
9,1,84,142,2018,2,6,6,3,5,3,1,0,1,0,0,1,0,1,681739.3733,5318536.5765,11.436138126,47.994282562,2,#fc8d62,car
9,1,84,119,2018,2,10,2,3,0,3,0,1,1,0,0,0,0,1,696961.0047,5347634.9869,11.653404757,48.251294912,1,#66c2a5,bicycle
9,1,62,0,2018,2,23,6,3,9,1,2,0,1,0,0,0,0,2,684826.1655,5329052.3562,11.482014632,48.087920983,2,#fc8d62,car
9,1,62,0,2018,2,9,4,3,0,1,0,0,0,0,1,0,0,1,689193.1779,5330624.5854,11.541296469,48.10077134,4,#e78ac3,marker
9,7,72,207,2018,2,16,3,3,1,2,0,0,1,0,0,0,0,0,639193.0257,5380694.9526,10.886663587,48.563883116,2,#fc8d62,car
9,1,87,137,2018,2,13,2,3,9,1,0,0,1,0,0,0,0,2,726720.3586,5308679.2297,12.033109124,47.891357986,2,#fc8d62,car
9,1,87,179,2018,2,12,2,3,8,1,0,0,1,0,0,0,0,2,723275.6092,5311508.2753,11.98855406,47.917984656,2,#fc8d62,car
9,1,87,179,2018,2,9,2,3,4,1,0,0,1,0,0,1,0,2,723309.8418,5309568.7864,11.988007458,47.900546279,2,#fc8d62,car
9,1,81,127,2018,2,16,6,3,2,6,0,0,1,0,0,0,0,1,634518.0097,5322732536.0,10.804855029,48.043694489,2,#fc8d62,car
9,1,73,120,2018,2,8,3,3,8,1,0,0,1,0,0,0,0,2,689976.6865,5311665097.0,11.543409794,47.930125427,2,#fc8d62,car
9,7,61,0,2018,2,17,6,3,3,6,1,0,1,0,0,1,0,1,638429.1619,5362495.4202,10.87028773,48.400409081,2,#fc8d62,car
9,1,87,170,2018,2,16,5,2,4,6,2,0,1,0,0,0,0,2,732374429.0,5321391.3327,12.115499038,48.003541557,2,#fc8d62,car
9,7,72,184,2018,2,12,6,3,6,6,0,1,0,1,0,0,0,1,635688.0485,5361761.6263,10.833035901,48.394406756,1,#66c2a5,bicycle
9,7,72,217,2018,2,8,2,3,1,7,0,0,1,0,0,1,0,0,635960.3054,5382225.2439,10.8433705,48.578352413,2,#fc8d62,car
9,7,72,177,2018,2,5,6,3,4,6,2,1,0,0,0,0,0,0,637789.9769,5380359179.0,10.86754564,48.561173974,1,#66c2a5,bicycle
9,7,61,0,2018,2,21,4,3,2,6,2,0,1,0,0,1,0,0,639861.9763,5354381.6552,10.886937631,48.32713612,2,#fc8d62,car
9,7,71,122,2018,2,18,6,3,4,6,2,0,1,0,0,0,0,0,653486.9828,5362577.6288,11.073629074,48.397662403,2,#fc8d62,car
9,7,71,113,2018,2,13,6,3,4,2,0,1,1,0,0,0,0,1,657687.7016,5369694.3487,11.133018189,48.460607189,1,#66c2a5,bicycle
9,1,85,158,2018,2,6,2,3,8,1,2,0,1,0,0,0,0,2,667725.6622,5383956.2316,11.274428319,48.586215607,2,#fc8d62,car
9,1,86,152,2018,2,17,6,3,3,6,1,0,1,0,0,0,0,0,691428.1709,5380321.8593,11.593849703,48.546759497,2,#fc8d62,car
9,1,87,165,2018,2,16,5,3,8,1,1,0,1,0,0,0,0,1,727183077.0,5300037.8921,12.034752941,47.813553998,2,#fc8d62,car
9,1,74,115,2018,2,8,4,3,0,1,1,0,0,0,1,0,0,1,680147.2907,5348325.6391,11.427409972,48.262505204,4,#e78ac3,marker
9,1,62,0,2018,2,6,2,3,2,6,1,0,1,0,0,1,0,1,682460.6405,5341987.2822,11.455822344,48.204870662,2,#fc8d62,car
9,1,74,113,2018,2,22,3,3,3,6,2,0,1,0,0,0,0,0,674048121.0,5345174.1711,11.344003224,48.235880797,2,#fc8d62,car
9,1,88,120,2018,2,12,5,3,1,6,0,0,1,0,0,1,0,0,676296.3793,5325442.1717,11.366083547,48.057883896,2,#fc8d62,car
9,1,62,0,2018,2,17,3,3,5,3,0,0,1,0,0,0,0,0,685304265.0,5335336224.0,11.491159322,48.144264726,2,#fc8d62,car
9,7,72,207,2018,2,16,5,3,8,1,0,0,1,0,0,0,0,2,640718.9581,5382991.4129,10.908111746,48.584190581,2,#fc8d62,car
9,1,75,111,2018,2,15,3,3,9,7,0,0,1,0,0,0,1,0,712472.6633,5338222.1202,11.857400583,48.161704911,2,#fc8d62,car
9,7,77,118,2018,2,8,2,3,5,3,0,0,1,0,0,1,0,2,628815719.0,5299713029.0,10.721494211,47.837851724,2,#fc8d62,car
9,1,75,132,2018,2,1,5,3,4,2,2,0,1,0,0,0,0,0,707236.0103,5336762.7364,11.786353175,48.150318786,2,#fc8d62,car
9,7,62,0,2018,2,11,4,3,2,6,0,0,1,0,0,0,0,0,621799.9598,5303176.1079,10.628751142,47.870365294,2,#fc8d62,car
9,1,90,148,2018,2,7,3,3,5,2,0,0,1,0,0,0,0,1,641807.4956,5297479262.0,10.894291477,47.815030429,2,#fc8d62,car
9,7,72,125,2018,2,8,3,3,6,2,0,0,1,1,0,0,0,0,635858.9125,5347736.0749,10.830821104,48.268251421,2,#fc8d62,car
9,2,74,113,2018,2,15,3,3,4,2,0,0,1,0,0,0,0,0,728396358.0,5383928.99,12.096046908,48.566796475,2,#fc8d62,car
9,7,71,165,2018,2,21,2,3,8,1,1,0,1,0,0,0,0,2,656733.6872,5362450.3701,11.117414137,48.395719633,2,#fc8d62,car
9,7,61,0,2018,2,14,4,3,2,6,0,0,1,0,0,0,0,0,640232.1157,5355578668.0,10.892326869,48.337817352,2,#fc8d62,car
9,1,86,125,2018,2,17,5,2,8,1,2,0,1,0,0,0,0,2,673951.3249,5373682.6683,11.354488854,48.492171598,2,#fc8d62,car
9,1,62,0,2018,2,13,6,3,2,6,0,0,0,0,0,1,1,0,678261902.0,5334611.3322,11.396268632,48.139760947,5,#a6d854,bus
9,7,77,130,2018,2,14,7,3,4,1,0,0,1,0,0,0,0,2,624641.5105,5309187176.0,10.668469309,47.923880829,2,#fc8d62,car
9,1,87,122,2018,2,17,5,3,8,1,1,0,1,0,0,0,0,1,718295.2952,5312342.8785,11.92240579,47.927198692,2,#fc8d62,car
9,1,78,120,2018,2,5,2,3,5,3,2,0,1,0,0,0,0,2,694971.9602,5352927.5576,11.629079202,48.299475688,2,#fc8d62,car
9,7,77,130,2018,2,12,7,3,5,3,0,0,1,0,0,0,0,2,624039275.0,5308983628.0,10.660352611,47.922167035,2,#fc8d62,car
9,7,77,130,2018,2,12,7,2,4,1,0,0,1,0,0,0,0,1,624329.5692,5310926.8537,10.664797674,47.939587188,2,#fc8d62,car
9,1,77,133,2018,2,16,6,3,4,6,1,0,1,0,0,0,0,0,711473.7929,5358700.9163,11.854216187,48.346053236,2,#fc8d62,car
9,7,72,211,2018,2,13,7,3,4,1,0,0,1,0,0,0,0,2,622390.2838,5354534.9844,10.651373127,48.332139866,2,#fc8d62,car
9,1,84,119,2018,2,18,2,3,2,6,2,0,1,0,0,0,0,1,696310.0196,5346408.2577,11.644075862,48.240471995,2,#fc8d62,car
9,7,72,223,2018,2,13,7,3,2,6,0,0,1,0,0,0,0,2,618340.6033,5363199.5833,10.599193241,48.410832817,2,#fc8d62,car
9,7,71,140,2018,2,13,4,2,9,1,0,0,1,0,0,0,0,1,651619.5641,5371437.0909,11.051623014,48.477767272,2,#fc8d62,car
9,7,72,200,2018,2,12,7,3,4,6,0,0,1,0,0,1,0,2,628218.2795,5339181.8636,10.725318154,48.192918586,2,#fc8d62,car
9,1,81,132,2018,2,6,6,3,9,1,0,0,1,0,0,0,0,2,642770.8054,5325202274.0,10.916346301,48.064110166,2,#fc8d62,car
9,1,78,120,2018,2,18,3,3,0,6,2,0,1,0,0,1,0,1,694377.2546,5354807.1635,11.621934444,48.316551185,2,#fc8d62,car
9,7,61,0,2018,2,16,1,3,4,2,0,0,1,0,0,0,0,0,644702769.0,5357147172.0,10.95315807,48.350912398,2,#fc8d62,car
9,7,72,223,2018,2,21,2,3,8,1,2,0,1,0,0,0,0,0,625323.8754,5364247.9897,10.693833063,48.418910732,2,#fc8d62,car
9,1,62,0,2018,2,19,4,3,5,2,2,0,1,0,0,0,0,1,684614147.0,5342653.62,11.485069169,48.210237386,2,#fc8d62,car
9,1,84,131,2018,2,10,5,3,2,6,0,0,1,0,0,1,0,0,704187.5883,5337877.0608,11.745950065,48.161318629,2,#fc8d62,car
9,1,84,135,2018,2,7,3,3,5,3,0,1,1,0,0,0,0,1,689705.7101,5347858.7502,11.555866628,48.255519144,1,#66c2a5,bicycle
9,7,61,0,2018,2,16,5,3,2,6,1,0,1,0,0,0,1,0,640188.0079,5364022.8411,10.894547937,48.413754437,2,#fc8d62,car
9,7,61,0,2018,2,14,3,3,2,6,0,0,1,0,0,0,0,1,638697.9386,5361188.3432,10.87348541,48.388597098,2,#fc8d62,car
9,1,82,137,2018,2,12,6,3,2,6,0,0,1,0,0,0,0,0,710419.3696,5302712.4718,11.812409285,47.843288621,2,#fc8d62,car
9,1,62,0,2018,2,10,6,2,8,1,0,0,1,0,0,0,0,0,679193.5327,5333325.3801,11.408239636,48.127939813,2,#fc8d62,car
9,1,85,158,2018,2,8,5,3,8,1,0,0,1,0,0,0,0,0,661967.3246,5380299096.0,11.194979659,48.554854533,2,#fc8d62,car
9,2,61,0,2018,2,5,7,3,5,3,2,0,1,0,0,0,0,0,734444.0548,5381953.9501,12.176785236,48.546823604,2,#fc8d62,car
9,1,82,120,2018,2,12,5,3,5,3,0,0,1,0,0,0,0,1,701731.4136,5305848.4677,11.697887141,47.874257911,2,#fc8d62,car
9,1,81,127,2018,2,7,2,2,8,1,0,0,1,0,0,0,0,1,636646.3079,5327495.8992,10.834918095,48.086076852,2,#fc8d62,car
9,2,74,134,2018,2,16,7,2,8,6,0,0,1,0,0,0,0,2,740626.0838,5371850.2521,12.254593364,48.453733408,2,#fc8d62,car
9,1,88,120,2018,2,0,6,3,9,1,2,0,1,0,0,0,0,1,671759.8051,5324210.9407,11.304755425,48.048052647,2,#fc8d62,car
9,1,75,112,2018,2,11,3,3,5,3,0,0,1,0,0,0,0,1,721742873.0,5320325064.0,11.972611791,47.997736615,2,#fc8d62,car
9,2,61,0,2018,2,17,7,3,4,6,1,0,1,0,0,0,0,2,723790.2634,5378140.4086,12.030591723,48.516454537,2,#fc8d62,car
9,1,79,142,2018,2,6,5,3,2,6,0,0,1,0,0,0,0,0,677080.9104,5342666.8368,11.383763721,48.21250266,2,#fc8d62,car
9,1,84,131,2018,2,11,4,3,2,6,0,0,0,0,0,1,1,0,704514.4794,5337376947.0,11.750100506,48.15671927,5,#a6d854,bus
9,1,73,137,2018,2,19,7,3,8,1,2,0,1,0,0,0,0,2,679416.0407,5306272.6819,11.399912731,47.884693992,2,#fc8d62,car
9,1,62,0,2018,2,8,1,3,0,7,0,0,1,0,0,0,1,1,689782.1815,5339025.2347,11.552943172,48.176101559,2,#fc8d62,car
9,1,90,144,2018,2,19,7,2,4,1,2,0,1,0,0,0,0,1,659063849.0,5308382167.0,11.128661164,47.909026668,2,#fc8d62,car
9,1,84,123,2018,2,6,5,3,6,2,1,0,1,1,0,0,0,1,702495.0379,5332043.0038,11.720441999,48.109430334,2,#fc8d62,car
9,1,75,121,2018,2,11,5,3,8,1,0,0,1,0,0,1,0,2,712694.8235,5320067.5648,11.85134788,47.998496121,2,#fc8d62,car
9,1,84,148,2018,2,8,3,3,2,6,0,0,1,0,0,0,0,1,693330.6838,5328893.0412,11.596030111,48.08396664,2,#fc8d62,car
9,7,71,146,2018,2,18,5,3,2,6,2,0,1,0,0,0,0,0,647322.5856,5348582.2236,10.985506645,48.273296867,2,#fc8d62,car
9,1,87,122,2018,2,10,7,3,5,3,0,0,1,0,0,0,0,0,717907.4208,5308230.4994,11.915142483,47.890378191,2,#fc8d62,car
9,7,61,0,2018,2,19,2,3,4,2,2,0,1,0,0,0,1,1,641357343.0,5355570835.0,10.907499623,48.337496184,2,#fc8d62,car
9,7,71,165,2018,2,13,4,3,5,3,0,0,1,0,1,0,0,1,660265913.0,5363327311.0,11.165432877,48.402715627,2,#fc8d62,car
9,1,62,0,2018,2,15,7,3,1,6,0,0,1,0,0,0,0,2,687257.8164,5333132.3917,11.516427275,48.123884051,2,#fc8d62,car
9,1,81,130,2018,2,7,6,3,6,7,0,0,0,1,0,0,1,0,639868874.0,5323510517.0,10.87686374,48.049540338,3,#8da0cb,toilet
9,1,88,120,2018,2,15,7,3,4,6,0,0,1,0,0,0,0,2,676362263.0,5323538.7246,11.366182614,48.040754793,2,#fc8d62,car
9,1,74,115,2018,2,14,7,3,4,1,0,0,1,0,0,0,0,2,681805.8864,5350336.5999,11.450602376,48.280107008,2,#fc8d62,car
9,1,85,158,2018,2,18,6,3,2,6,1,0,1,0,0,0,0,0,667202767.0,5380625383.0,11.266004462,48.556413594,2,#fc8d62,car
9,1,74,131,2018,2,14,7,3,4,1,0,0,1,0,0,0,0,2,678126.3168,5358663.9096,11.404567455,48.356005094,2,#fc8d62,car
9,1,74,115,2018,2,15,7,3,9,1,0,0,1,0,0,0,0,2,682031.4602,5345617.6501,11.451609913,48.237625788,2,#fc8d62,car
9,1,74,137,2018,2,12,7,1,4,1,0,0,1,0,0,0,0,2,656968.1573,5351200297.0,11.116386002,48.29451767,2,#fc8d62,car
9,1,87,129,2018,2,11,5,3,5,3,0,0,1,0,0,0,0,1,723675.2059,5298353.7398,11.987091961,47.799650063,2,#fc8d62,car
9,1,84,119,2018,2,20,2,3,3,6,2,0,1,0,0,1,0,1,696179.1992,5349852.4687,11.643912374,48.271466299,2,#fc8d62,car
9,1,75,118,2018,2,15,7,3,8,1,0,0,1,0,0,0,0,1,715154.9901,5339447.9776,11.894046084,48.171817846,2,#fc8d62,car
9,1,84,112,2018,2,16,7,3,8,7,0,0,0,0,0,1,0,1,702816.3745,5339786.8863,11.728442464,48.17892053,5,#a6d854,bus
9,1,84,114,2018,2,19,1,3,8,1,2,0,1,0,0,0,0,0,700747.9461,5315558.4651,11.689271478,47.961833801,2,#fc8d62,car
9,1,78,145,2018,2,22,7,3,8,1,2,0,1,0,0,0,0,2,695304.8107,5355569.6446,11.63478554,48.323117951,2,#fc8d62,car
9,1,62,0,2018,2,17,6,2,2,6,0,0,1,0,0,0,0,0,685003481.0,5342591.9087,11.490277905,48.209569345,2,#fc8d62,car
9,1,84,119,2018,2,7,7,3,2,6,0,0,1,0,0,0,0,0,696231.5878,5347422339.0,11.643490565,48.249610041,2,#fc8d62,car
9,1,62,0,2018,2,15,2,3,2,6,0,0,1,0,0,0,0,1,685194.2883,5341591.0249,11.492407004,48.200517419,2,#fc8d62,car
9,1,87,170,2018,2,17,1,3,0,6,1,0,1,0,0,0,0,0,733377.0654,5319184.9405,12.127721643,47.983354681,2,#fc8d62,car
9,1,75,115,2018,2,20,7,3,6,4,2,0,1,1,0,0,0,1,720989.9953,5329409.7946,11.9672206,48.079624126,2,#fc8d62,car
9,1,62,0,2018,2,7,6,3,5,2,2,0,1,0,0,0,0,1,684230.2897,5343365.7436,11.480216436,48.216749778,2,#fc8d62,car
9,1,79,142,2018,2,6,3,3,2,6,1,0,1,0,0,0,1,1,676904.01,5342813.9745,11.381445888,48.213874625,2,#fc8d62,car
9,1,84,131,2018,2,16,6,3,5,3,0,0,1,0,0,0,0,1,704859.2733,5336961.0488,11.754531179,48.152870813,2,#fc8d62,car
9,1,62,0,2018,2,15,6,3,1,6,0,0,1,0,0,0,0,1,688654.7183,5335949.5929,11.536427957,48.148793084,2,#fc8d62,car
9,1,85,158,2018,2,16,4,3,8,1,0,0,1,0,0,0,0,0,670020.7821,5380273.1729,11.304019677,48.552489854,2,#fc8d62,car
9,1,82,120,2018,2,16,1,3,5,2,0,0,1,0,0,0,0,1,701975.6727,5306166.2247,11.701298566,47.877036943,2,#fc8d62,car
9,1,84,120,2018,2,7,5,3,5,2,0,0,1,0,0,0,0,1,681358399.0,5332058409.0,11.436767834,48.115938102,2,#fc8d62,car
9,7,72,202,2018,2,16,6,3,2,6,0,0,1,0,0,0,0,1,637147936.0,5357929655.0,10.851496892,48.359634275,2,#fc8d62,car
9,7,71,122,2018,2,3,6,3,3,6,2,0,1,0,0,0,1,1,653646.8195,5361485.2732,11.075387411,48.387802478,2,#fc8d62,car
9,1,75,116,2018,2,8,5,2,4,1,0,0,1,0,0,0,0,1,708974.6238,5321666.0089,11.802316473,48.014086931,2,#fc8d62,car
9,7,72,131,2018,2,14,6,3,6,7,0,0,1,1,0,0,0,0,617725.9476,5355888.6535,10.58884271,48.345199836,2,#fc8d62,car
9,1,82,137,2018,2,13,6,3,2,6,0,0,1,0,0,0,0,1,710563.32,5302547115.0,11.814250451,47.841755505,2,#fc8d62,car
9,7,71,155,2018,2,9,6,3,5,3,0,0,1,0,0,0,0,1,648905.7921,5375092.9836,11.016229177,48.511285342,2,#fc8d62,car
9,1,75,118,2018,2,14,5,3,3,6,0,0,1,0,0,1,0,1,716272.0223,5340547009.0,11.909610388,48.181313898,2,#fc8d62,car
9,1,62,0,2018,2,19,3,2,6,2,2,0,1,1,0,0,0,1,692108196.0,5342053.6449,11.58556951,48.202621198,2,#fc8d62,car
9,7,71,113,2018,2,10,6,3,8,7,0,0,1,0,0,0,0,1,658906.9365,5371632.1821,11.150234785,48.477721765,2,#fc8d62,car
9,7,72,215,2018,2,21,3,2,5,3,2,0,1,0,0,0,0,1,633897983.0,5345652.0075,10.803749924,48.249928425,2,#fc8d62,car
9,1,88,141,2018,2,10,1,2,4,6,0,0,1,0,0,0,0,1,668949.5511,5307301.2937,11.26042917,47.896781579,2,#fc8d62,car
9,1,90,138,2018,2,16,5,3,5,3,0,0,1,0,0,0,0,1,663417541.0,5308146734.0,11.186791621,47.905815484,2,#fc8d62,car
9,1,63,0,2018,2,18,2,3,5,2,2,1,1,0,0,0,0,0,733756.37,5303288.6124,12.124181079,47.840405226,1,#66c2a5,bicycle
9,1,78,124,2018,2,12,1,3,2,6,0,0,1,0,0,0,0,0,702515.9756,5362340.5121,11.735212693,48.381695026,2,#fc8d62,car
9,1,62,0,2018,2,13,6,2,2,6,0,0,1,0,0,0,0,0,678269.0139,5334592.3865,11.396356216,48.13958865,2,#fc8d62,car
9,1,75,116,2018,2,5,1,3,8,1,2,0,1,0,0,0,0,2,709137.9317,5321798.7854,11.804568444,48.015226694,2,#fc8d62,car
9,1,78,124,2018,2,19,2,3,2,6,2,0,1,0,0,0,0,1,702918656.0,5363697551.0,11.741300244,48.393760376,2,#fc8d62,car
9,1,84,135,2018,2,14,7,2,2,6,0,0,1,0,0,0,0,2,693245.6156,5350329997.0,11.60463741,48.276659886,2,#fc8d62,car
9,1,87,142,2018,2,7,5,2,5,3,1,0,1,0,0,0,0,1,731155.1349,5309834.1016,12.092968339,47.900152039,2,#fc8d62,car
9,1,62,0,2018,2,10,4,3,1,6,0,0,1,0,0,0,0,0,687024.3899,5331339.0592,11.512507049,48.10783358,2,#fc8d62,car
9,7,71,162,2018,2,7,4,3,5,3,0,0,1,0,0,0,0,1,666192066.0,5369050328.0,11.247709957,48.45262891,2,#fc8d62,car
9,1,88,124,2018,2,18,6,3,9,1,2,0,1,0,0,0,0,2,662011.3175,5315496.7784,11.17075395,47.972255158,2,#fc8d62,car
9,1,78,145,2018,2,13,3,3,5,2,0,0,1,0,0,0,0,1,697030.2725,5354283.7167,11.657436522,48.311025974,2,#fc8d62,car
9,1,81,123,2018,2,16,5,3,2,6,0,0,1,0,0,0,0,1,653105.3297,5326393.1209,11.055398932,48.072420839,2,#fc8d62,car
9,1,79,142,2018,2,8,4,3,2,6,0,0,1,0,0,0,0,0,677051.2696,5342709.7543,11.383382985,48.212896718,2,#fc8d62,car
9,7,61,0,2018,2,16,2,3,2,6,0,0,1,0,0,0,0,0,639802.6027,5353027115.0,10.885687927,48.314969497,2,#fc8d62,car
9,1,75,122,2018,2,16,6,2,5,3,0,0,1,0,0,0,0,0,719333.3119,5325005.9532,11.942749002,48.040626677,2,#fc8d62,car
9,1,77,131,2018,2,5,5,3,5,3,2,0,1,0,0,0,0,2,712796.2065,5346568.3155,11.865929436,48.236592481,2,#fc8d62,car
9,1,84,132,2018,2,20,3,3,6,4,2,0,1,1,0,0,0,1,683479.2433,5329660.1569,11.464205491,48.093773446,2,#fc8d62,car
9,7,72,200,2018,2,7,5,2,6,4,0,0,1,1,0,0,0,0,630320.6701,5337390.8307,10.753045024,48.176384431,2,#fc8d62,car
9,7,71,156,2018,2,7,3,2,4,1,0,0,1,0,0,0,1,2,651537.4036,5383604.0353,11.054935545,48.587174838,2,#fc8d62,car
9,1,62,0,2018,2,20,4,3,1,6,2,0,1,0,0,1,0,2,684512.8157,5343005.3389,11.483859472,48.213428238,2,#fc8d62,car
9,1,87,137,2018,2,9,6,3,5,3,0,0,1,0,0,0,0,0,729810.0853,5308165.5234,12.074109565,47.885643974,2,#fc8d62,car
9,1,83,135,2018,2,15,5,3,9,1,0,0,1,0,0,0,0,2,742172.3421,5344017.6556,12.259484835,48.203147326,2,#fc8d62,car
9,1,87,130,2018,2,19,2,3,5,2,2,0,1,0,0,0,0,1,714095275.0,5310330472.0,11.865252456,47.910531513,2,#fc8d62,car
9,7,72,141,2018,2,18,4,3,1,7,2,0,1,0,1,0,0,0,622703.2753,5349912.1929,10.65424977,48.290506683,2,#fc8d62,car
9,1,88,141,2018,2,22,6,3,4,6,2,0,1,0,0,0,0,0,669690517.0,5308052.4398,11.270630176,47.903339069,2,#fc8d62,car
9,1,86,162,2018,2,1,3,2,2,6,2,0,1,0,0,1,0,0,689808.2625,5384682.1945,11.573912282,48.586438992,2,#fc8d62,car
9,1,87,165,2018,2,18,5,2,6,4,2,0,1,1,0,0,0,0,733634.6479,5298275.0539,12.119854513,47.795407105,2,#fc8d62,car
9,1,79,149,2018,2,5,2,3,7,7,2,0,1,0,0,0,0,0,656360.5261,5330164.5062,11.100449903,48.105539571,2,#fc8d62,car
9,2,74,194,2018,2,12,6,2,8,1,0,0,1,0,0,0,0,1,722293957.0,5382283.9743,12.012567594,48.554211324,2,#fc8d62,car
9,2,61,0,2018,2,11,6,3,4,3,0,0,1,0,0,0,0,1,731596.0212,5381547.1991,12.138028113,48.544227595,2,#fc8d62,car