ULAND,UREGBEZ,UKREIS,UGEMEINDE,UJAHR,UMONAT,USTUNDE,UWOCHENTAG,UKATEGORIE,UART,UTYP1,ULICHTVERH,IstRad,IstPKW,IstFuss,IstKrad,IstGkfz,IstSonstig,STRZUSTAND,LINREFX,LINREFY,XGCSWGS84,YGCSWGS84,Teilnehmer,color,symbol
9,1,79,138,2018,2,5,6,2,9,1,2,0,0,0,0,0,1,2,653918.9989,5334757.9143,11.069333341,48.147434073,6,#ffd92f,circle
9,1,62,0,2018,2,15,2,3,2,6,0,0,1,0,0,0,0,1,692143.3321,5339713.3147,11.584983042,48.181576347,2,#fc8d62,car
9,1,81,118,2018,2,14,5,3,8,1,0,0,1,0,0,0,0,2,651059.3153,5329157.2072,11.028927277,48.097761789,2,#fc8d62,car
9,1,78,143,2018,2,16,4,3,2,6,0,0,1,0,0,0,1,0,722035.2045,5374345.0799,12.004840973,48.482980189,2,#fc8d62,car
9,1,87,177,2018,2,0,6,3,8,1,2,0,1,0,0,0,0,1,736051.5175,5304254.6671,12.155334967,47.848245689,2,#fc8d62,car
9,7,78,203,2018,2,15,1,3,8,7,0,0,1,0,0,0,0,0,622222.3585,5321925.9878,10.639725083,48.038913617,2,#fc8d62,car
9,1,62,0,2018,2,15,5,3,2,5,0,0,1,0,0,1,0,0,694977.0974,5332971.2927,11.619977382,48.120119024,2,#fc8d62,car
9,1,62,0,2018,2,11,6,3,5,1,0,0,1,0,0,0,1,1,684536481.0,5332973.9043,11.479824318,48.123254098,2,#fc8d62,car
9,1,88,113,2018,2,15,6,3,5,3,0,0,1,0,0,0,0,1,678800395.0,5311312.9012,11.393774667,47.930174696,2,#fc8d62,car
9,1,75,131,2018,2,16,5,3,8,1,0,0,1,0,0,0,0,2,707871608.0,5323829.5093,11.788592677,48.03388889,2,#fc8d62,car
9,1,62,0,2018,2,12,3,3,5,3,0,0,1,0,0,0,0,2,685234522.0,5328863856.0,11.487411314,48.086108105,2,#fc8d62,car
9,1,81,146,2018,2,7,6,3,5,3,0,0,1,0,0,0,0,1,651671.57,5326548862.0,11.036219012,48.07416377,2,#fc8d62,car
9,1,79,121,2018,2,8,6,3,5,3,0,0,1,0,0,0,0,1,665466.9942,5339739.4835,11.226409358,48.189319961,2,#fc8d62,car
9,7,72,125,2018,2,9,5,3,1,6,0,0,1,0,0,0,0,0,635101.8743,5346806.3697,10.820327724,48.260053238,2,#fc8d62,car
9,1,84,112,2018,2,21,6,3,2,6,2,0,1,0,0,0,0,1,702180.7608,5340357.8182,11.720173356,48.1842539,2,#fc8d62,car
9,1,84,119,2018,2,19,6,3,8,1,2,0,1,0,0,0,0,1,696246.1165,5347421.7497,11.643685795,48.249600247,2,#fc8d62,car
9,1,78,120,2018,2,16,6,3,2,6,0,0,1,0,0,0,0,1,696089.2635,5350180.7435,11.642853891,48.274444411,2,#fc8d62,car
9,1,78,120,2018,2,15,6,3,2,6,0,0,1,0,0,0,0,0,694996.9962,5352944.2361,11.629424131,48.299617867,2,#fc8d62,car
9,7,72,159,2018,2,19,3,3,5,3,2,0,1,0,0,0,0,1,626019.2544,5361251.0141,10.702327362,48.391821507,2,#fc8d62,car
9,1,62,0,2018,2,13,5,3,9,7,0,0,1,0,0,0,0,1,697393.8269,5331316.2723,11.651650085,48.104500166,2,#fc8d62,car
9,1,85,158,2018,2,8,2,3,2,6,0,0,1,0,0,1,0,1,667604.7081,5380257.1278,11.271299031,48.552995959,2,#fc8d62,car
9,1,88,121,2018,2,12,2,3,6,4,0,0,1,1,0,0,0,1,671219.6182,5330979.4763,11.300225224,48.109045644,2,#fc8d62,car
9,2,61,0,2018,3,5,2,2,9,7,2,0,1,0,0,0,1,0,726635.6897,5379499.2551,12.069805828,48.527641361,2,#fc8d62,car
9,1,79,123,2018,2,10,2,3,5,3,0,0,1,0,0,0,0,2,674917.1416,5335082.3079,11.351540131,48.144923026,2,#fc8d62,car
9,1,84,119,2018,2,9,2,3,2,6,0,0,1,0,0,0,0,0,695922.4975,5346338.7864,11.638829994,48.239967496,2,#fc8d62,car
9,1,75,123,2018,2,5,2,3,5,3,2,0,1,0,0,0,0,0,725596888.0,5336317.5889,12.032640956,48.140073568,2,#fc8d62,car
9,1,62,0,2018,2,16,2,3,6,4,0,0,0,1,0,1,0,0,688506.8209,5334954.9045,11.534001144,48.139896522,3,#8da0cb,toilet
9,1,62,0,2018,2,20,1,3,2,6,2,0,1,0,0,0,0,0,692215.3527,5331138.0116,11.582080029,48.104481438,2,#fc8d62,car
9,1,84,112,2018,3,9,7,3,2,6,0,0,1,0,0,0,0,1,700816.2332,5341070.5486,11.702172968,48.191091883,2,#fc8d62,car
9,1,75,114,2018,2,8,4,3,5,3,0,0,1,0,0,0,0,0,718045952.0,5324939583.0,11.925466366,48.040471197,2,#fc8d62,car
9,7,62,0,2018,2,0,1,3,4,1,2,0,1,0,0,0,0,2,623076.5984,5303779.2234,10.645987358,47.875546121,2,#fc8d62,car
9,1,62,0,2018,3,20,7,3,4,2,2,0,1,0,0,0,0,1,699703.0038,5332943.4993,11.683396699,48.118404652,2,#fc8d62,car
9,7,72,160,2018,2,3,1,3,3,6,2,0,1,0,0,0,0,1,638581.7193,5342889.7494,10.865907003,48.224083274,2,#fc8d62,car
9,1,62,0,2018,3,16,6,3,3,6,0,0,1,0,0,0,0,0,678638.5675,5333680.8852,11.400937119,48.131291461,2,#fc8d62,car
9,1,79,121,2018,3,20,5,3,2,3,2,0,1,0,0,0,0,0,667084.0927,5339454.6487,11.248038572,48.18633598,2,#fc8d62,car
9,1,63,0,2018,3,20,5,3,6,2,2,0,1,1,0,0,0,0,734142.8353,5304648.0824,12.130073735,47.852478098,2,#fc8d62,car
9,1,75,115,2018,3,18,7,3,6,6,2,0,1,1,0,0,0,0,721346.8346,5328949.38,11.971766732,48.075363567,2,#fc8d62,car
9,1,84,135,2018,2,13,3,3,5,3,0,0,1,0,0,0,0,0,689798.6397,5348149749.0,11.557247869,48.258106762,2,#fc8d62,car
9,1,79,130,2018,3,10,2,2,9,1,0,0,1,0,0,0,0,0,658521.2603,5334916.6281,11.131222874,48.147730731,2,#fc8d62,car
9,7,61,0,2018,3,16,5,3,2,6,0,0,1,0,0,0,0,0,637898.7061,5361728.4617,10.862872921,48.393628992,2,#fc8d62,car
9,1,84,119,2018,3,13,6,3,2,6,0,0,1,0,0,0,0,0,696192.3115,5349857.5872,11.644091268,48.271508238,2,#fc8d62,car
9,1,84,135,2018,2,15,4,3,2,6,0,0,1,0,0,0,0,0,692037.2476,5345108.2565,11.585998729,48.230096525,2,#fc8d62,car
9,7,71,130,2018,3,15,6,3,1,6,0,0,1,0,0,0,0,0,644675.9637,5357653.6847,10.952970579,48.355472797,2,#fc8d62,car
9,1,62,0,2018,3,16,1,3,2,6,0,0,1,0,0,0,0,0,695486182.0,5342672.8457,11.631269456,48.207155136,2,#fc8d62,car
9,1,62,0,2018,2,11,1,3,2,6,0,0,1,0,0,0,0,0,685487.2648,5330096718.0,11.491337479,48.097116232,2,#fc8d62,car
9,7,61,0,2018,3,14,7,3,2,1,0,0,1,0,0,0,0,0,639722269.0,5352582469.0,10.884457698,48.310989075,2,#fc8d62,car
9,1,62,0,2018,2,11,1,3,2,6,0,0,1,0,0,0,0,0,687009.6235,5331327.0953,11.512303629,48.10773038,2,#fc8d62,car
9,1,62,0,2018,3,16,5,3,5,2,0,1,1,0,0,0,0,0,690882.8861,5339134.2663,11.567783391,48.176751861,1,#66c2a5,bicycle
9,1,62,0,2018,2,11,1,3,2,6,0,0,1,0,0,0,0,0,687085.6262,5331388.6381,11.513350625,48.108261231,2,#fc8d62,car
9,7,77,121,2018,2,17,4,3,1,7,0,0,1,0,0,0,0,0,628447.1884,5321711.3222,10.723134311,48.035761125,2,#fc8d62,car
9,1,90,158,2018,2,11,1,2,8,1,0,0,1,0,0,0,0,2,649803.9501,5305969421.0,11.003984326,47.889561376,2,#fc8d62,car
9,1,84,114,2018,2,10,1,2,2,6,0,0,1,0,0,0,1,0,698936.1955,5320945.1414,11.667523294,48.01081179,2,#fc8d62,car
9,1,73,120,2018,3,13,6,2,4,2,0,0,1,0,0,0,0,0,683509.3592,5310290.3372,11.456323463,47.919651966,2,#fc8d62,car
9,1,62,0,2018,2,20,3,3,2,6,2,0,1,0,0,0,0,0,678819.8742,5333374768.0,11.403243229,48.128488843,2,#fc8d62,car
9,1,84,131,2018,2,10,1,3,2,6,0,0,1,0,0,0,0,0,704718.0679,5336982.1701,11.752644969,48.153106085,2,#fc8d62,car
9,7,77,130,2018,3,23,1,3,8,1,2,0,1,0,0,0,0,1,624930.8829,5308909.8163,10.672260765,47.92133007,2,#fc8d62,car
9,1,75,118,2018,2,4,1,3,8,1,2,0,1,0,0,0,0,2,715330187.0,5338389429.0,11.89586358,48.162247019,2,#fc8d62,car
9,1,77,120,2018,2,0,1,3,8,1,2,0,1,0,0,0,0,2,725256.8195,5359757.5656,12.040543967,48.350782794,2,#fc8d62,car
9,1,62,0,2018,2,11,7,3,2,6,0,0,1,0,0,0,0,0,700846.1218,5332515.2798,11.698537407,48.114196728,2,#fc8d62,car
9,1,62,0,2018,2,19,4,3,5,6,2,0,1,0,0,1,0,0,680059.7804,5338281736.0,11.421967369,48.172247609,2,#fc8d62,car
9,2,74,124,2018,3,8,2,3,2,6,0,0,1,0,0,0,0,1,723658097.0,5375325613.0,12.027296792,48.491214005,2,#fc8d62,car
9,1,84,123,2018,2,14,7,2,4,7,0,0,1,0,0,0,0,0,702757.63,5331944114.0,11.723918692,48.108458099,2,#fc8d62,car
9,1,62,0,2018,2,14,7,3,1,6,0,0,1,0,0,0,0,0,694603.0619,5332021.6543,11.614523415,48.111698452,2,#fc8d62,car
9,1,62,0,2018,3,12,7,3,2,6,0,0,1,0,0,0,0,0,695835884.0,5346093.1917,11.637551162,48.237787027,2,#fc8d62,car
9,1,84,144,2018,2,12,3,2,8,7,0,0,1,0,0,0,0,1,687583646.0,5320556.8443,11.515284354,48.010754301,2,#fc8d62,car
9,1,88,118,2018,3,17,2,3,5,3,1,0,1,0,0,0,0,0,669327344.0,5313697.88,11.267993552,47.954188939,2,#fc8d62,car
9,7,71,130,2018,2,8,2,2,2,6,0,0,1,0,0,0,0,0,644744.9297,5363053696.0,10.955760675,48.40401037,2,#fc8d62,car
9,1,79,121,2018,2,7,4,3,6,4,0,0,1,0,0,0,1,0,666293405.0,5338454.5158,11.237017236,48.177552234,2,#fc8d62,car
9,1,78,143,2018,3,14,1,2,1,6,0,0,1,0,0,0,0,0,721459.0292,5374185.7617,11.996970213,48.481752049,2,#fc8d62,car
9,1,82,133,2018,3,18,5,3,4,2,2,0,1,0,0,0,0,0,703354.8091,5306161.8712,11.719720187,47.876562585,2,#fc8d62,car
9,7,78,116,2018,2,19,2,3,3,6,2,0,1,0,0,0,0,0,622206.8624,5318004.2846,10.63839901,48.003646871,2,#fc8d62,car
9,1,75,132,2018,3,15,2,3,2,6,0,1,1,0,0,0,0,1,706301.9803,5331204.5924,11.771119992,48.100674445,1,#66c2a5,bicycle
9,7,71,162,2018,3,23,5,3,7,7,2,0,1,0,0,0,0,0,664539.1569,5369104.0219,11.22539348,48.453545916,2,#fc8d62,car
9,1,77,117,2018,3,10,6,2,4,6,0,0,1,0,0,0,0,0,714440.6598,5350470.5809,11.890024658,48.271101766,2,#fc8d62,car
9,1,62,0,2018,3,12,7,3,4,7,0,0,1,0,0,0,0,0,694596.1404,5334165.5826,11.61540912,48.13096937,2,#fc8d62,car
9,1,74,118,2018,3,12,6,3,2,6,0,0,1,0,0,0,1,0,670665.6792,5355892.3258,11.302817876,48.333150754,2,#fc8d62,car
9,1,77,116,2018,3,12,5,3,5,3,0,0,1,0,0,0,0,0,714675.9627,5361177719.0,11.89864135,48.36722764,2,#fc8d62,car
9,7,78,116,2018,2,7,7,2,5,3,0,0,1,0,0,0,0,1,617960001.0,5322274459.0,10.582660675,48.042849428,2,#fc8d62,car
9,7,72,157,2018,2,7,3,3,4,6,0,0,1,0,0,0,0,0,626613.0768,5333696.2988,10.702094726,48.143909294,2,#fc8d62,car
9,7,78,116,2018,2,11,7,3,4,1,0,0,1,0,0,0,0,2,620675.2391,5315468.4581,10.617160514,47.981131622,2,#fc8d62,car
9,7,61,0,2018,2,15,2,2,4,6,0,0,1,0,0,1,0,0,642031.2761,5347466.8145,10.913861671,48.264476281,2,#fc8d62,car
9,7,61,0,2018,2,16,4,3,2,6,0,0,1,0,0,0,1,0,637505.7249,5359966.0626,10.856990255,48.37786758,2,#fc8d62,car
9,7,77,155,2018,2,23,7,2,9,1,2,0,1,0,0,0,0,2,630163109.0,5310591.2127,10.742771896,47.935410107,2,#fc8d62,car
9,7,72,200,2018,2,2,7,3,8,6,2,0,1,0,0,0,0,2,626765.8836,5339912.9202,10.706001916,48.199784489,2,#fc8d62,car
9,7,77,177,2018,3,7,1,2,8,1,0,0,1,0,0,0,0,2,634855.7703,5316099.2461,10.807298149,47.983972179,2,#fc8d62,car
9,7,61,0,2018,2,18,7,3,2,6,2,0,1,0,1,0,0,0,639485.9636,5360890.9768,10.88402509,48.385749484,2,#fc8d62,car
9,1,79,142,2018,2,13,4,3,2,6,0,0,1,0,0,0,0,0,671681.8242,5342101.8956,11.310917963,48.208907607,2,#fc8d62,car
9,1,74,126,2018,3,19,1,3,5,3,2,0,1,0,0,0,0,1,682896945.0,5344614931.0,11.462822338,48.228363813,2,#fc8d62,car
9,1,87,163,2018,3,21,5,3,5,3,2,0,1,0,0,0,0,0,739402.4077,5309401.5954,12.202905682,47.893243231,2,#fc8d62,car
9,1,62,0,2018,2,20,2,2,3,2,2,1,1,0,0,0,0,1,692114569.0,5340016923.0,11.584733764,48.184313795,1,#66c2a5,bicycle
9,1,74,115,2018,3,18,7,3,4,2,2,0,1,0,0,0,0,1,683268.8437,5348308.6128,11.469423995,48.261456917,2,#fc8d62,car
9,1,75,111,2018,2,10,4,3,2,6,0,0,1,0,0,0,0,0,710718.0839,5338293.9601,11.833870089,48.162934332,2,#fc8d62,car
9,1,77,124,2018,3,17,1,3,5,3,0,0,1,0,0,0,0,0,725338.3126,5364489.4935,12.044177648,48.393264901,2,#fc8d62,car
9,1,79,118,2018,3,7,5,2,0,3,0,1,0,0,0,0,1,0,673272.1024,5338614332.0,11.33088245,48.177124293,1,#66c2a5,bicycle
9,1,77,117,2018,3,17,7,3,8,1,0,0,1,0,0,0,0,0,716748.6528,5354034.2831,11.922915865,48.302336203,2,#fc8d62,car
9,1,84,146,2018,2,5,3,2,4,2,2,0,1,0,0,0,0,1,695083.3855,5328966.9009,11.619573604,48.084096574,2,#fc8d62,car
9,1,79,113,2018,3,14,2,3,2,6,0,0,1,0,0,0,1,0,672194.5164,5335729.1135,11.315230762,48.151480339,2,#fc8d62,car
9,7,61,0,2018,3,13,5,3,2,3,0,0,1,0,0,1,0,0,637516.0841,5359953.4992,10.857125967,48.377752354,2,#fc8d62,car
9,1,84,135,2018,3,16,6,3,2,6,0,0,1,0,0,0,0,0,692564.9453,5344978.8006,11.59303841,48.228773047,2,#fc8d62,car
9,2,74,126,2018,2,10,7,3,2,6,0,0,1,0,0,0,0,0,733284.4622,5383704.5706,12.162078178,48.562980963,2,#fc8d62,car
9,1,84,135,2018,2,17,4,3,5,3,0,1,1,0,0,0,0,0,689798.4252,5348152.1239,11.557246047,48.258128171,1,#66c2a5,bicycle
9,2,61,0,2018,2,11,7,3,5,3,0,0,1,0,0,0,0,0,731872.4638,5383859.9666,12.143055776,48.564900562,2,#fc8d62,car
9,7,61,0,2018,3,10,6,3,5,2,0,0,1,0,0,0,0,0,636912.5104,5359581.4813,10.84885809,48.374538465,2,#fc8d62,car
9,1,75,123,2018,3,6,2,3,5,2,1,0,1,0,0,0,0,0,725595162.0,5336317.9297,12.032617968,48.140077241,2,#fc8d62,car
9,7,72,223,2018,3,13,7,3,2,6,0,0,1,0,0,1,0,0,618985.9914,5363093.9435,10.607881158,48.409761277,2,#fc8d62,car
9,1,84,129,2018,3,13,5,2,3,3,0,1,1,0,0,0,0,0,698890.7117,5325697.8477,11.669120575,48.053540278,1,#66c2a5,bicycle
9,7,62,0,2018,2,13,4,3,0,6,0,0,1,0,0,0,0,0,623297.4802,5306151.3112,10.649617538,47.896837433,2,#fc8d62,car
9,1,87,129,2018,2,11,7,3,5,2,0,0,1,0,0,0,0,0,722775.2422,5301063.2039,11.976482187,47.824307469,2,#fc8d62,car
9,1,87,117,2018,2,12,7,2,5,3,0,0,1,0,0,0,0,0,725875.5858,5308032.9056,12.021485781,47.885848681,2,#fc8d62,car
9,1,84,142,2018,3,20,6,3,8,1,2,0,1,0,0,0,0,2,681222274.0,5318471.61,11.429185666,47.993845311,2,#fc8d62,car
9,7,72,223,2018,3,16,1,3,3,6,0,0,1,0,0,0,0,0,618466.3949,5363108.4732,10.600866708,48.409989828,2,#fc8d62,car
9,1,85,158,2018,2,8,7,2,5,3,0,0,1,0,0,0,0,0,666815.2695,5381902.1142,11.261268986,48.567993704,2,#fc8d62,car
9,1,82,120,2018,2,16,3,3,4,6,0,0,1,0,0,0,0,0,702567.3598,5307807.2685,11.709972606,47.891599126,2,#fc8d62,car
9,1,79,117,2018,2,20,7,3,8,1,2,0,1,0,0,0,0,2,662730.9848,5344283.2632,11.191366639,48.230876663,2,#fc8d62,car
9,1,81,120,2018,2,13,7,3,8,1,0,0,1,0,0,0,0,1,649451.2512,5321765.8114,11.00475917,48.031680794,2,#fc8d62,car
9,1,74,143,2018,2,11,7,2,2,6,0,1,1,0,0,0,0,1,670500383.0,5352991.4271,11.299416487,48.307117955,1,#66c2a5,bicycle
9,2,74,194,2018,3,7,2,3,2,6,0,0,1,0,0,0,0,1,722583.1876,5377920.7503,12.014151827,48.514910092,2,#fc8d62,car
9,1,74,143,2018,2,10,7,3,6,7,0,0,1,1,0,0,0,0,675272.5449,5352516.1377,11.363521708,48.301541314,2,#fc8d62,car
9,1,87,130,2018,3,7,1,3,8,1,0,0,1,0,0,0,0,1,714807.1001,5307016.2138,11.873117064,47.880511548,2,#fc8d62,car
9,1,84,129,2018,2,8,7,3,2,6,0,0,1,0,0,0,0,0,700242.9348,5325126.8933,11.686979707,48.047986183,2,#fc8d62,car
9,1,84,135,2018,2,18,7,3,2,6,2,0,1,0,0,0,0,0,692465.8323,5344988095.0,11.591709415,48.228886661,2,#fc8d62,car
9,1,62,0,2018,2,8,2,3,3,6,0,0,1,0,0,0,1,0,694442.5134,5336608.1635,11.614461864,48.152969235,2,#fc8d62,car
9,1,78,120,2018,2,8,7,2,9,1,0,0,1,0,0,0,0,2,695606.4808,5352232.3997,11.637303917,48.293032354,2,#fc8d62,car
9,1,84,119,2018,3,22,7,3,3,6,2,0,1,0,0,0,0,1,693951.9969,5344836.3171,11.611630878,48.227069903,2,#fc8d62,car
9,7,72,216,2018,2,17,2,3,5,3,0,0,1,0,0,0,0,0,622112.3321,5369649.6785,10.652020951,48.468117415,2,#fc8d62,car
9,1,77,117,2018,2,10,7,3,1,5,0,0,1,0,0,0,0,1,716022.2211,5352244.2932,11.912217366,48.286501408,2,#fc8d62,car
9,1,84,135,2018,2,10,3,3,2,6,0,0,1,0,0,0,1,0,692586.9838,5348994.9092,11.595161552,48.264861398,2,#fc8d62,car
9,1,75,113,2018,2,7,7,3,8,1,0,0,1,0,0,0,0,2,717113494.0,5316783.6895,11.908845786,47.967503675,2,#fc8d62,car
9,1,84,132,2018,3,14,7,2,2,6,0,1,0,0,0,0,0,0,684814.5394,5327119.4727,11.481022634,48.070550408,1,#66c2a5,bicycle
9,1,75,123,2018,2,10,7,3,4,6,0,0,1,0,0,0,0,0,726221.4153,5336249.6938,12.040988008,48.139241877,2,#fc8d62,car
9,1,88,113,2018,3,17,6,3,2,6,1,0,1,0,0,0,0,0,676308.0622,5317099.0985,11.362808615,47.982880741,2,#fc8d62,car
9,1,75,123,2018,2,9,7,3,2,6,0,0,1,0,0,0,0,0,724255.0581,5337055.2649,12.015017524,48.147175485,2,#fc8d62,car
9,1,83,123,2018,2,14,2,3,5,2,0,0,1,0,0,0,0,0,735092.4281,5340045.3208,12.16214867,48.1701239,2,#fc8d62,car
9,1,79,121,2018,2,20,4,3,2,6,2,0,1,0,0,0,0,0,667811.1081,5338339.8848,11.257372098,48.176122712,2,#fc8d62,car
9,1,83,144,2018,3,16,2,3,6,4,0,0,1,1,0,0,0,0,742329.9923,5351597619.0,12.26593826,48.271171949,2,#fc8d62,car
9,1,62,0,2018,2,12,6,3,5,3,0,0,1,0,0,0,0,1,685235.0809,5328901.0748,11.487434952,48.086442486,2,#fc8d62,car
9,1,75,127,2018,3,16,1,3,0,7,0,0,0,0,1,0,0,0,713201346.0,5341505644.0,11.86883431,48.190965524,4,#e78ac3,marker
9,1,62,0,2018,2,21,6,3,5,3,2,0,1,0,0,0,0,2,697593339.0,5330171316.0,11.653797187,48.094148177,2,#fc8d62,car
9,1,84,149,2018,2,8,6,3,1,6,0,0,1,0,0,1,0,1,692313668.0,5349766142.0,11.591833167,48.271875917,2,#fc8d62,car
9,7,78,204,2018,2,15,2,2,8,1,0,0,1,0,0,0,0,2,616403.9438,5325583.9214,10.562691946,48.072899547,2,#fc8d62,car
9,1,62,0,2018,2,15,6,3,2,6,0,0,1,0,0,0,0,0,695297.3543,5334025.3514,11.62475906,48.129494275,2,#fc8d62,car
9,1,84,136,2018,3,9,6,2,2,6,0,0,1,0,0,0,0,0,698703281.0,5326089.9451,11.666790165,48.057122573,2,#fc8d62,car
9,1,74,137,2018,3,22,2,3,8,1,2,0,0,0,0,0,1,0,661029201.0,5351720724.0,11.17129879,48.298176111,6,#ffd92f,circle
9,7,61,0,2018,3,22,5,3,1,6,2,0,1,0,0,0,0,0,639617.3585,5360885.3856,10.885796972,48.38567014,2,#fc8d62,car
9,1,84,119,2018,3,7,6,3,9,6,0,0,1,0,0,0,0,0,696455825.0,5348805902.0,11.64715023,48.261974906,2,#fc8d62,car
9,1,82,137,2018,3,7,1,3,3,6,0,0,1,0,0,0,0,0,710844.9292,5305207356.0,11.819306133,47.865569527,2,#fc8d62,car
9,1,87,159,2018,2,8,2,2,5,3,0,0,1,0,0,0,1,2,730008.87,5323730816.0,12.085085992,48.025415044,2,#fc8d62,car
9,1,87,163,2018,2,12,2,3,2,6,0,0,1,0,0,0,0,0,739235.5616,5309283.0454,12.200611399,47.892240465,2,#fc8d62,car
9,1,81,114,2018,3,13,5,3,5,3,0,0,1,0,0,0,0,0,656397263.0,5312708198.0,11.094571274,47.948579018,2,#fc8d62,car
9,1,82,125,2018,2,15,2,2,2,2,0,0,1,0,0,0,0,1,713819.8714,5298462.0839,11.855704164,47.803971657,2,#fc8d62,car
9,7,72,223,2018,2,20,3,3,5,3,2,0,1,0,0,0,0,0,617408.5394,5363087.6624,10.58657154,48.41000064,2,#fc8d62,car
9,2,61,0,2018,2,16,3,3,0,6,0,0,1,0,0,0,0,0,731897.3122,5381071.2646,12.14183922,48.539841097,2,#fc8d62,car
9,7,72,214,2018,2,8,6,3,9,1,0,0,1,0,0,0,0,2,618380.2806,5344658.2244,10.594521462,48.244079725,2,#fc8d62,car
9,7,72,223,2018,2,14,4,3,0,6,0,0,1,0,0,0,1,0,619630.6465,5363180.1376,10.616613487,48.410414377,2,#fc8d62,car
9,7,72,184,2018,2,19,6,3,5,3,2,0,1,0,0,0,0,0,635611.7328,5361848867.0,10.832033659,48.395207638,2,#fc8d62,car
9,1,87,124,2018,2,7,4,2,4,6,0,0,1,0,0,0,0,0,735340.0402,5330176.6396,12.160025709,48.081379284,2,#fc8d62,car
9,7,71,160,2018,2,23,6,3,9,1,2,0,1,0,0,0,0,1,656346.4342,5351298.3502,11.108045584,48.295553141,2,#fc8d62,car
9,7,71,145,2018,2,19,6,3,2,2,2,0,1,0,0,0,1,2,648289.3375,5345118.2436,10.997313601,48.241925525,2,#fc8d62,car
9,1,73,126,2018,3,6,6,3,2,6,1,0,1,0,0,0,0,1,684599059.0,5303188657.0,11.467859135,47.855502181,2,#fc8d62,car
9,7,62,0,2018,3,16,1,3,2,6,0,0,1,0,0,0,0,0,621417.7735,5304166.8832,10.623921011,47.879348468,2,#fc8d62,car
9,1,85,113,2018,2,11,2,3,5,3,0,0,1,0,0,0,0,0,671311.2604,5379120.0519,11.321018266,48.541773358,2,#fc8d62,car
9,1,81,132,2018,2,13,4,3,0,6,0,0,1,0,0,1,0,0,645711.0406,5324583.9046,10.955577444,48.057885059,2,#fc8d62,car
9,1,79,113,2018,3,14,1,3,0,6,0,0,1,0,1,0,0,0,671068.6604,5334513.4659,11.299617337,48.140855853,2,#fc8d62,car
9,1,75,133,2018,3,15,7,3,5,3,0,0,1,0,0,0,0,0,710532.87,5342159648.0,11.833297421,48.197732365,2,#fc8d62,car
9,1,81,146,2018,2,9,3,3,2,6,0,0,1,0,0,1,1,0,651219.0259,5326125.1125,11.029997558,48.070461135,2,#fc8d62,car
9,1,81,115,2018,3,13,7,3,3,6,0,0,1,0,0,0,0,0,657477.9666,5327049.3401,11.114301398,48.077256135,2,#fc8d62,car
9,1,84,119,2018,2,18,4,3,2,6,2,0,1,0,0,0,1,0,695917.8762,5346323.0002,11.638760518,48.239827049,2,#fc8d62,car
9,1,77,121,2018,3,3,1,3,8,1,2,0,1,0,0,0,0,2,730826.2211,5362243.2536,12.116969567,48.371102071,2,#fc8d62,car
9,1,87,117,2018,3,15,6,3,1,6,0,0,1,0,0,0,0,0,723426.0884,5305064.4735,11.987231081,47.860034007,2,#fc8d62,car
9,7,62,0,2018,2,22,2,3,5,3,2,0,1,0,1,0,0,1,622872663.0,5306022264.0,10.643899515,47.895758325,2,#fc8d62,car
9,1,78,125,2018,3,15,2,3,5,3,0,0,1,0,0,0,0,0,717157.6901,5381004.1367,11.942389476,48.544512052,2,#fc8d62,car
9,1,84,131,2018,2,9,3,3,4,2,0,0,1,0,0,0,0,1,705652507.0,5337300111.0,11.765347958,48.1556618,2,#fc8d62,car
9,1,88,121,2018,3,8,2,3,0,7,0,1,0,0,0,0,0,1,670070039.0,5329288892.0,11.284120404,48.0941555,1,#66c2a5,bicycle
9,1,74,115,2018,3,11,6,3,1,6,0,0,1,0,0,0,0,1,682417.4273,5350674.8254,11.458983596,48.282971244,2,#fc8d62,car
9,1,75,119,2018,3,0,5,3,8,1,2,0,1,0,0,0,0,2,725323.3725,5324506.8794,12.022739502,48.034057271,2,#fc8d62,car
9,7,71,130,2018,3,14,6,3,2,6,0,0,1,0,0,0,0,0,648135.7875,5362759.6553,11.001444665,48.400578942,2,#fc8d62,car
9,7,71,145,2018,2,12,3,3,0,1,0,1,0,0,0,0,0,2,647401761.0,5345534072.0,10.985511038,48.245871392,1,#66c2a5,bicycle
9,1,90,157,2018,2,12,3,3,1,6,0,0,1,0,0,0,0,1,659884.2633,5301024.4902,11.136909383,47.842669005,2,#fc8d62,car
9,7,72,223,2018,2,15,4,3,2,6,0,0,1,0,0,0,0,0,619949.6539,5363183.9654,10.620923655,48.410388163,2,#fc8d62,car
9,1,77,115,2018,3,10,6,3,5,3,0,0,1,0,0,0,0,0,733784.3292,5351390.3701,12.150835977,48.272521674,2,#fc8d62,car
9,1,87,142,2018,2,7,3,3,5,3,0,0,1,0,0,0,0,2,733564319.0,5316865925.0,12.128967249,47.962452803,2,#fc8d62,car
9,1,87,129,2018,3,8,7,3,5,3,0,0,1,0,0,0,0,1,725582546.0,5296642589.0,12.011638249,47.783609948,2,#fc8d62,car