ULAND,UREGBEZ,UKREIS,UGEMEINDE,UJAHR,UMONAT,USTUNDE,UWOCHENTAG,UKATEGORIE,UART,UTYP1,ULICHTVERH,IstRad,IstPKW,IstFuss,IstKrad,IstGkfz,IstSonstig,STRZUSTAND,LINREFX,LINREFY,XGCSWGS84,YGCSWGS84,Teilnehmer,color,symbol
9,1,81,133,2018,2,20,4,3,9,1,2,0,1,0,0,0,0,0,644002.8074,5315772.0018,10.929704679,47.979035895,2,#fc8d62,car
9,1,78,124,2018,3,14,1,3,3,6,0,0,1,0,0,0,1,0,703218.2105,5361144494.0,11.744107814,48.370721517,2,#fc8d62,car
9,1,81,123,2018,3,20,6,3,2,6,2,0,1,0,0,0,0,0,655704.2571,5326666.3943,11.090364542,48.074248634,2,#fc8d62,car
9,7,61,0,2018,3,13,2,3,0,6,0,0,1,0,0,0,0,0,639950.8609,5355293.4248,10.888438935,48.335314873,2,#fc8d62,car
9,2,61,0,2018,3,17,2,3,5,3,0,0,1,0,0,0,0,1,732662615.0,5382938.0438,12.153234198,48.556326543,2,#fc8d62,car
9,1,88,132,2018,3,18,2,3,2,6,1,0,1,0,0,0,0,1,664812.5462,5321691.6729,11.210637626,48.027235049,2,#fc8d62,car
9,1,73,137,2018,3,16,1,2,8,1,0,1,0,0,0,0,0,1,679068.1766,5306743.1675,11.395458949,47.889020545,1,#66c2a5,bicycle
9,1,62,0,2018,3,17,5,3,5,2,0,1,1,0,0,0,0,0,684874.7436,5335384.7447,11.485411712,48.144825815,1,#66c2a5,bicycle
9,1,84,135,2018,3,14,7,3,2,6,0,0,1,0,0,0,0,0,692704.0446,5344982.6056,11.594911228,48.228765003,2,#fc8d62,car
9,1,78,124,2018,3,17,6,2,9,1,0,0,1,0,0,0,0,0,703177.5528,5362012.4257,11.74397884,48.378534075,2,#fc8d62,car
9,2,74,146,2018,3,12,6,3,2,6,0,0,1,0,0,0,0,1,733186.9217,5377801.4089,12.157455666,48.509991179,2,#fc8d62,car
9,1,81,134,2018,3,20,3,2,9,1,2,0,1,0,0,0,0,0,644784.5825,5340360.1764,10.94851174,48.199952877,2,#fc8d62,car
9,1,84,142,2018,3,14,6,3,3,2,0,1,0,0,0,0,1,0,683337.3815,5316953.6828,11.456862657,47.979597939,1,#66c2a5,bicycle
9,1,81,140,2018,3,15,4,3,3,2,0,0,1,0,0,0,1,0,643522778.0,5322308082.0,10.92546304,48.037916797,2,#fc8d62,car
9,1,78,120,2018,3,13,3,3,2,6,0,0,1,0,0,0,0,0,694326.0578,5352495.9385,11.620180437,48.295795284,2,#fc8d62,car
9,7,72,147,2018,3,15,5,3,5,3,0,0,1,0,0,0,0,0,638497.1203,5365289.0882,10.872127654,48.425514069,2,#fc8d62,car
9,1,62,0,2018,3,16,3,3,1,6,0,0,1,0,0,0,0,0,689057.6663,5331712.8085,11.539960273,48.110592699,2,#fc8d62,car
9,1,62,0,2018,3,6,6,3,2,6,0,0,1,0,0,1,0,0,681066.7505,5341849.97,11.43702043,48.204035491,2,#fc8d62,car
9,7,61,0,2018,3,12,7,3,2,6,0,0,1,0,0,0,0,1,642422.9812,5359271.3109,10.923123333,48.370529932,2,#fc8d62,car
9,7,62,0,2018,3,9,2,3,5,3,0,1,1,0,0,0,0,1,621568.7653,5304387.4849,10.626001733,47.88130393,1,#66c2a5,bicycle
9,2,61,0,2018,3,21,7,3,5,3,2,0,1,0,0,0,0,1,732446.4384,5382735.0313,12.150195681,48.554583096,2,#fc8d62,car
9,1,84,135,2018,3,9,3,3,2,6,0,0,1,0,0,0,0,0,690478.5232,5347482.81,11.566098573,48.251908479,2,#fc8d62,car
9,1,87,130,2018,3,7,6,3,9,1,0,0,1,0,0,0,0,0,716126.7674,5306254678.0,11.890363959,47.873225644,2,#fc8d62,car
9,1,74,146,2018,3,10,1,3,5,3,0,0,1,0,0,0,0,0,667566.5798,5351632.3383,11.259343134,48.295684127,2,#fc8d62,car
9,1,87,159,2018,3,15,5,3,2,1,0,0,1,0,0,0,0,0,729666514.0,5330328217.0,12.08404178,48.084809692,2,#fc8d62,car
9,1,75,132,2018,3,19,6,3,2,6,2,0,1,0,0,0,0,0,705245.2185,5335299562.0,11.758913443,48.137815417,2,#fc8d62,car
9,7,61,0,2018,3,7,2,3,1,1,0,0,1,0,0,0,0,1,641939.3433,5358856.3018,10.916456554,48.366907306,2,#fc8d62,car
9,1,87,129,2018,3,5,5,3,8,1,2,0,1,0,0,0,0,1,725973.8615,5299534.3934,12.018360851,47.809455734,2,#fc8d62,car
9,1,74,126,2018,3,9,2,3,1,1,0,0,1,0,0,0,0,1,682878.1655,5344615.5993,11.462569991,48.228375234,2,#fc8d62,car
9,7,61,0,2018,3,13,6,3,2,2,0,0,1,0,0,0,0,0,644771.0457,5356679.1164,10.953918144,48.346688275,2,#fc8d62,car
9,1,84,122,2018,3,16,5,3,5,3,0,0,1,0,0,0,0,0,687943103.0,5323278.2728,11.521292781,48.035110087,2,#fc8d62,car
9,1,86,162,2018,3,9,4,3,8,1,0,0,1,0,0,0,0,1,688666.9832,5383941.9076,11.558115997,48.580130572,2,#fc8d62,car
9,1,74,141,2018,3,8,3,2,4,2,0,0,1,0,0,0,0,0,683632772.0,5355655329.0,11.477517533,48.327386141,2,#fc8d62,car
9,2,61,0,2018,3,11,4,3,4,2,0,0,1,0,0,0,0,0,733056824.0,5381068172.0,12.157522239,48.539383792,2,#fc8d62,car
9,2,74,132,2018,3,7,4,3,0,6,1,0,1,0,0,0,0,1,719631.0878,5385708.7597,11.978339014,48.585918141,2,#fc8d62,car
9,1,73,118,2018,3,14,1,3,4,6,0,0,1,0,1,0,0,0,687348.6862,5307727.7507,11.5065504,47.895507343,2,#fc8d62,car
9,2,61,0,2018,3,13,4,2,4,2,0,0,1,0,1,0,0,0,732006.6455,5379909.6026,12.142671661,48.529365713,2,#fc8d62,car
9,1,78,113,2018,3,5,7,2,8,1,2,0,1,0,0,0,0,0,693911.3706,5367014.3702,11.621285723,48.426402784,2,#fc8d62,car
9,1,88,124,2018,3,17,4,3,2,6,0,0,1,0,0,0,1,0,661819.4698,5318843.9478,11.169446703,48.00239727,2,#fc8d62,car
9,1,63,0,2018,3,14,6,3,3,3,0,1,1,0,0,0,0,0,733531.6263,5302742.4107,12.120887377,47.835579761,1,#66c2a5,bicycle
9,1,62,0,2018,3,18,1,2,3,6,1,0,1,0,0,0,0,0,680960.1229,5339161844.0,11.434441185,48.179902998,2,#fc8d62,car
9,1,62,0,2018,3,17,2,3,2,6,0,0,1,0,0,0,0,0,690147373.0,5331944997.0,11.554688771,48.11235525,2,#fc8d62,car
9,7,71,129,2018,3,14,5,3,2,6,0,0,1,0,0,0,0,0,660183.4709,5355763.81,11.161439035,48.334739272,2,#fc8d62,car
9,1,90,157,2018,3,6,5,3,4,2,1,0,1,0,0,0,0,0,660460806.0,5300628861.0,11.14446284,47.838968207,2,#fc8d62,car
9,7,71,144,2018,3,6,5,3,4,2,0,0,1,0,0,0,0,0,662907.1241,5373687.1814,11.205122887,48.495172079,2,#fc8d62,car
9,1,87,137,2018,3,14,4,3,5,3,0,0,1,0,0,0,0,0,729459.1493,5311956.3476,12.071438133,47.919827794,2,#fc8d62,car
9,1,75,132,2018,3,18,4,3,9,1,2,0,1,0,0,0,0,0,704447047.0,5335837.5584,11.748455481,48.142907105,2,#fc8d62,car
9,1,62,0,2018,3,8,6,3,5,3,0,1,1,0,0,0,0,0,697107.1689,5333641.5114,11.648878263,48.125486734,1,#66c2a5,bicycle
9,1,84,118,2018,3,9,4,3,2,6,0,0,1,0,0,0,0,0,704995.2254,5336390.3198,11.756082139,48.147698138,2,#fc8d62,car
9,1,62,0,2018,3,6,4,3,3,6,1,0,1,0,0,0,0,0,688100.9901,5344401.5857,11.532733297,48.224924473,2,#fc8d62,car
9,1,84,142,2018,3,5,3,3,5,3,2,0,1,0,0,0,1,0,683339.2871,5318141.3845,11.457395176,47.990273558,2,#fc8d62,car
9,1,87,122,2018,3,10,6,3,5,3,0,0,1,0,0,0,0,0,720189952.0,5307540.8473,11.945284776,47.883402474,2,#fc8d62,car
9,1,77,133,2018,3,16,4,3,8,1,0,0,1,0,0,0,0,0,713228659.0,5356035.9255,11.876521963,48.321517651,2,#fc8d62,car
9,1,62,0,2018,3,7,7,3,8,1,0,0,1,0,0,0,0,0,691943.3927,5331724.2764,11.578694308,48.10983272,2,#fc8d62,car
9,1,84,127,2018,3,18,3,1,5,3,1,1,1,0,0,0,0,0,701100033.0,5322752395.0,11.697352661,48.026376799,1,#66c2a5,bicycle
9,1,81,144,2018,3,17,5,3,5,3,0,0,1,0,0,0,0,0,655114107.0,5320593977.0,11.080246353,48.019794322,2,#fc8d62,car
9,7,61,0,2018,3,15,6,3,3,6,0,0,1,0,0,0,0,0,637464846.0,5359769116.0,10.856374088,48.37610557,2,#fc8d62,car
9,1,90,158,2018,3,18,3,1,5,3,1,0,1,0,0,0,0,0,653859.7452,5303952.5484,11.057486042,47.87046708,2,#fc8d62,car
9,1,81,120,2018,3,8,5,2,2,6,0,0,1,0,1,0,0,0,652432.1911,5319939.7656,11.04407029,48.014557522,2,#fc8d62,car
9,1,62,0,2018,3,16,6,3,2,6,0,0,1,0,0,0,0,0,695006753.0,5343305.3316,11.625114028,48.212986996,2,#fc8d62,car
9,7,61,0,2018,3,6,3,3,0,1,0,1,0,0,0,0,0,1,639557.4086,5360890.6982,10.884989456,48.385731176,1,#66c2a5,bicycle
9,1,79,125,2018,3,17,6,2,0,7,0,0,0,0,0,0,1,0,660596401.0,5332185992.0,11.158071982,48.12266018,6,#ffd92f,circle
9,7,71,113,2018,3,5,7,3,8,1,2,0,1,0,0,0,0,1,655043536.0,5365730313.0,11.095808747,48.42562585,2,#fc8d62,car
9,1,73,120,2018,3,9,7,3,2,6,0,0,1,0,0,0,1,0,683564704.0,5310332129.0,11.457081362,47.920011792,2,#fc8d62,car
9,1,75,132,2018,3,19,5,3,5,3,2,0,1,0,0,0,0,0,708663928.0,5333239834.0,11.803802793,48.118194537,2,#fc8d62,car
9,1,62,0,2018,3,9,2,3,2,6,0,0,1,0,0,0,0,0,686736.2002,5333260.5753,11.509480778,48.125189419,2,#fc8d62,car
9,1,87,165,2018,3,11,3,3,2,6,0,0,0,0,0,1,0,0,727307.5479,5300486.1031,12.036648245,47.817537152,5,#a6d854,bus
9,1,75,133,2018,3,7,5,3,2,6,0,0,1,0,0,0,0,0,709334.6103,5342376.4987,11.817298764,48.200077096,2,#fc8d62,car
9,1,62,0,2018,3,10,5,3,2,7,0,0,1,0,0,0,0,0,692229.4446,5331205.8329,11.582299683,48.105086756,2,#fc8d62,car
9,1,74,126,2018,3,8,7,3,5,3,0,0,1,0,0,0,0,0,682896945.0,5344614931.0,11.462822338,48.228363813,2,#fc8d62,car
9,1,78,113,2018,3,18,5,3,4,2,2,0,1,0,0,0,0,0,691386.45,5367180.5374,11.587266255,48.428668323,2,#fc8d62,car
9,7,61,0,2018,3,10,1,3,1,6,0,0,1,0,0,0,0,0,641565.6407,5359881.7933,10.911759025,48.376212029,2,#fc8d62,car
9,1,62,0,2018,3,9,2,3,3,6,0,0,1,0,0,0,0,1,694548.4432,5331177.2488,11.613405343,48.10412592,2,#fc8d62,car
9,1,74,113,2018,3,8,3,3,9,6,0,0,1,0,0,0,0,0,671346.6645,5347066.3663,11.308417789,48.253626376,2,#fc8d62,car
9,1,77,120,2018,3,7,5,3,9,1,0,0,1,0,0,0,0,0,720229.2387,5360121.7614,11.972967642,48.355827719,2,#fc8d62,car
9,1,77,138,2018,3,14,7,2,9,1,0,0,1,0,0,0,0,1,730056.8988,5360300624.0,12.105534842,48.35393152,2,#fc8d62,car
9,1,75,132,2018,3,18,4,3,9,7,2,0,1,0,0,0,0,0,707792.2921,5330137.7342,11.790594607,48.090603042,2,#fc8d62,car
9,1,87,117,2018,3,7,6,3,2,6,0,0,1,0,0,0,0,0,725544675.0,5301060044.0,12.013430141,47.82331425,2,#fc8d62,car
9,1,88,139,2018,3,10,1,3,8,1,0,0,0,0,1,0,0,1,672304.7684,5322664.9173,11.311439686,48.034007347,4,#e78ac3,marker
9,1,62,0,2018,3,8,2,3,2,6,0,0,1,0,0,0,0,1,701132.5437,5332387133.0,11.702320862,48.112954686,2,#fc8d62,car
9,1,88,118,2018,3,8,4,3,9,1,0,0,1,0,0,0,0,1,670427.2183,5311154.2632,11.281706294,47.93102973,2,#fc8d62,car
9,1,90,138,2018,3,7,6,3,4,6,0,0,1,0,0,0,1,0,663127.3126,5307366.2252,11.18261567,47.898871954,2,#fc8d62,car
9,1,84,135,2018,3,11,3,3,2,6,0,0,0,0,0,1,1,0,692798.0415,5344982.0393,11.596175364,48.228731351,5,#a6d854,bus
9,1,62,0,2018,3,10,4,3,1,4,0,0,1,1,0,0,0,0,681630.3278,5335758.4922,11.441995483,48.14911992,2,#fc8d62,car
9,7,72,223,2018,3,15,5,3,8,1,0,0,1,0,0,1,0,0,623060.2498,5363693.6634,10.663089598,48.414372033,2,#fc8d62,car
9,1,62,0,2018,3,15,3,3,2,6,0,0,1,0,0,0,0,0,696341159.0,5331447.8735,11.637585415,48.10600821,2,#fc8d62,car
9,7,72,184,2018,3,9,7,3,2,6,0,0,1,0,0,0,0,1,634426.1453,5359041.5624,10.815127435,48.370218042,2,#fc8d62,car
9,2,74,183,2018,3,14,7,3,5,3,0,0,1,0,0,0,0,0,739954.4761,5362166237.0,12.239988289,48.367006815,2,#fc8d62,car
9,1,62,0,2018,3,15,4,3,1,6,0,0,1,0,0,0,0,0,687342.9214,5335082.0851,11.51842711,48.141383404,2,#fc8d62,car
9,7,71,130,2018,3,19,6,3,5,3,2,0,1,0,0,0,0,0,644696.1311,5363211.1317,10.955155994,48.405437126,2,#fc8d62,car
9,1,62,0,2018,3,8,4,3,2,6,0,0,1,0,0,0,0,0,684589.4098,5335407.1137,11.481589186,48.145109733,2,#fc8d62,car
9,1,74,115,2018,3,15,6,3,2,6,0,0,1,0,0,0,0,0,680119.5617,5348369.3795,11.427055307,48.262906257,2,#fc8d62,car
9,7,61,0,2018,3,13,2,3,2,1,0,0,1,0,1,0,0,0,639998.8095,5355919.8118,10.889293742,48.340936572,2,#fc8d62,car
9,1,83,114,2018,3,20,7,3,6,6,2,0,1,1,0,0,0,0,742522.2466,5354275.1482,12.270061332,48.295148162,2,#fc8d62,car
9,1,74,113,2018,3,6,2,3,2,6,1,0,1,0,0,0,0,1,674420.1659,5344944.4422,11.348914817,48.233713486,2,#fc8d62,car
9,1,90,111,2018,3,10,4,3,5,1,0,0,1,0,0,0,0,0,640945.4997,5298676.5948,10.883172702,47.82598696,2,#fc8d62,car
9,1,87,179,2018,3,9,3,2,2,6,0,0,1,0,0,0,0,0,719116.7374,5318531225.0,11.936539523,47.982523487,2,#fc8d62,car
9,7,72,185,2018,3,13,3,3,4,2,0,0,1,0,0,0,1,0,635322715.0,5383985458.0,10.83530378,48.594317668,2,#fc8d62,car
9,1,77,117,2018,3,11,6,2,8,1,0,0,1,0,0,0,0,0,717333193.0,5353659498.0,11.930594931,48.298768284,2,#fc8d62,car
9,1,87,117,2018,3,16,2,3,2,6,0,0,1,0,0,0,1,0,722438.9768,5304838.3352,11.973935406,47.858344538,2,#fc8d62,car
9,7,77,121,2018,3,16,1,2,5,3,0,0,1,0,0,0,0,0,627692836.0,5318927078.0,10.712189635,48.01087337,2,#fc8d62,car
9,2,74,134,2018,3,12,3,3,1,6,0,0,1,0,0,0,0,0,740037.6645,5374519.8981,12.248179423,48.477936796,2,#fc8d62,car
9,1,62,0,2018,3,18,5,3,9,1,1,0,1,0,0,0,0,0,686399688.0,5330816501.0,11.503894771,48.103319714,2,#fc8d62,car
9,1,82,137,2018,3,18,1,3,4,2,0,0,1,0,0,0,0,0,709104.1491,5305233.3003,11.796070678,47.866371623,2,#fc8d62,car
9,1,74,150,2018,3,16,3,3,5,2,0,0,1,0,0,0,0,0,682168658.0,5359207571.0,11.459319582,48.359738575,2,#fc8d62,car
9,7,62,0,2018,3,14,4,3,5,3,0,0,0,0,1,1,0,0,623176.9893,5306250.5719,10.648034498,47.89775329,4,#e78ac3,marker
9,1,73,134,2018,3,17,3,3,2,2,0,0,1,0,0,0,0,0,685885.1684,5299342.6105,11.483384802,47.82055944,2,#fc8d62,car
9,1,62,0,2018,3,1,6,3,1,3,2,0,1,0,1,0,0,0,697275.3262,5333626.8233,11.651128784,48.125302642,2,#fc8d62,car
9,7,72,147,2018,3,18,4,1,2,6,1,0,1,0,0,0,0,0,635361.1787,5364369875.0,10.829463745,48.417930272,2,#fc8d62,car
9,1,86,152,2018,3,12,7,3,2,6,0,0,1,0,0,0,0,0,691131.1297,5372839.3439,11.586401877,48.479603267,2,#fc8d62,car
9,1,63,0,2018,3,18,3,3,5,3,2,0,1,0,0,0,0,0,733756.6619,5303288.8039,12.124185077,47.84040684,2,#fc8d62,car
9,1,81,128,2018,3,17,4,3,2,6,0,0,1,0,0,0,0,0,638646.3306,5326680.2548,10.861495538,48.078310436,2,#fc8d62,car
9,1,63,0,2018,3,13,6,3,0,1,0,0,0,0,1,0,0,0,732893.1315,5302456.1182,12.112213687,47.833239176,4,#e78ac3,marker
9,1,82,136,2018,3,12,3,3,1,6,0,0,1,0,0,0,0,1,703071.7706,5299458.4976,11.712793558,47.816406782,2,#fc8d62,car
9,1,87,117,2018,3,16,3,3,6,4,0,0,1,1,0,0,0,0,725304887.0,5305927173.0,12.012764596,47.867129357,2,#fc8d62,car
9,1,77,133,2018,3,16,3,2,4,6,0,0,1,0,0,0,0,0,708497.0375,5361695.1666,11.815573822,48.373948225,2,#fc8d62,car
9,7,72,184,2018,3,10,4,3,4,6,0,1,1,0,0,0,0,0,635632.5591,5361824.5887,10.832307019,48.394984849,1,#66c2a5,bicycle
9,7,61,0,2018,3,19,5,3,5,2,2,0,1,0,0,0,0,0,641424.5579,5352718.5438,10.907449229,48.311834246,2,#fc8d62,car
9,1,62,0,2018,3,7,3,3,2,1,0,0,1,0,0,1,0,1,681766.1447,5341901.4906,11.446446919,48.204298736,2,#fc8d62,car
9,1,62,0,2018,3,8,3,3,2,6,0,0,1,0,0,0,0,0,680427427.0,5339655.4495,11.427491161,48.184491416,2,#fc8d62,car
9,1,81,130,2018,3,22,6,2,5,3,2,0,1,0,0,0,0,0,642257.6103,5324569.6191,10.909251444,48.05853593,2,#fc8d62,car
9,1,81,141,2018,3,7,3,2,5,3,0,0,1,0,0,0,0,0,643078.0268,5321493.6483,10.919227775,48.030693164,2,#fc8d62,car
9,1,84,118,2018,3,8,3,3,3,6,0,0,1,0,1,0,0,0,703481.0705,5335631.0496,11.735386223,48.141360932,2,#fc8d62,car
9,1,87,122,2018,3,12,6,3,5,3,0,0,1,0,0,1,0,0,720751639.0,5305167.0031,11.951575097,47.861879596,2,#fc8d62,car
9,1,74,115,2018,3,18,3,3,5,2,1,0,1,1,0,0,0,0,681029.8851,5347485.9448,11.438932148,48.254705944,2,#fc8d62,car
9,1,84,135,2018,3,18,7,3,4,2,1,0,1,0,0,0,0,1,687870.5302,5347462.5478,11.530990931,48.252504775,2,#fc8d62,car
9,1,62,0,2018,3,16,2,3,2,6,0,0,1,0,0,0,0,0,692793962.0,5339044001.0,11.593423318,48.175363684,2,#fc8d62,car
9,7,61,0,2018,3,6,4,3,5,2,2,1,1,0,0,0,0,1,641559.8214,5353236.0596,10.90944621,48.316457326,1,#66c2a5,bicycle
9,1,62,0,2018,3,15,2,3,3,6,0,0,1,0,0,1,0,0,694652.2559,5334181.8264,11.616169929,48.131098204,2,#fc8d62,car
9,1,62,0,2018,3,10,2,3,5,3,0,0,1,0,0,0,0,0,687110.9149,5331949.4283,11.513936011,48.113294378,2,#fc8d62,car
9,1,84,118,2018,3,20,6,2,0,7,2,0,1,0,0,0,1,0,704357.3978,5335839.7206,11.747252769,48.142955335,2,#fc8d62,car
9,1,86,152,2018,3,9,7,3,2,6,0,0,1,0,0,0,0,0,691030902.0,5381239.3828,11.588893345,48.555126498,2,#fc8d62,car
9,7,61,0,2018,3,13,7,3,2,6,0,0,1,0,0,0,0,1,640200.3244,5360557.0037,10.893557001,48.382588138,2,#fc8d62,car
9,1,74,135,2018,3,6,2,3,2,6,1,0,1,0,0,0,0,1,660575.9398,5355270.6315,11.166542964,48.330205882,2,#fc8d62,car
9,7,62,0,2018,3,10,2,2,5,2,0,0,1,0,0,0,0,0,622175.2193,5304715.4496,10.634202541,47.884138417,2,#fc8d62,car
9,2,74,113,2018,3,8,1,3,4,2,0,0,1,0,0,0,0,0,728394.9195,5383925.9514,12.096025771,48.566769703,2,#fc8d62,car
9,7,62,0,2018,3,8,2,3,2,6,0,0,1,0,0,0,1,0,621619.7575,5303697.0759,10.626489071,47.875084907,2,#fc8d62,car
9,1,62,0,2018,3,7,5,3,2,6,0,0,1,0,0,1,0,0,701417.4745,5335925.1316,11.7078168,48.144660397,2,#fc8d62,car
9,1,79,126,2018,3,10,7,2,0,7,0,0,0,0,0,0,1,0,676471.6324,5340303.1952,11.374586529,48.191425283,6,#ffd92f,circle
9,7,71,130,2018,3,6,2,3,5,3,1,1,1,0,0,0,0,1,648685236.0,5356902.2967,11.006792006,48.347785693,1,#66c2a5,bicycle
9,7,72,223,2018,3,16,1,3,5,3,0,0,1,0,0,0,0,0,619121119.0,5361968.0402,10.609386857,48.399610506,2,#fc8d62,car
9,7,71,112,2018,3,17,2,3,4,2,1,0,1,0,0,0,0,1,642685241.0,5366776934.0,10.929214003,48.437957146,2,#fc8d62,car
9,1,84,120,2018,3,15,4,2,8,1,0,0,1,0,0,0,0,0,681203269.0,5333292.2964,11.435209901,48.127073506,2,#fc8d62,car
9,1,85,158,2018,3,16,1,3,2,6,0,0,1,0,0,0,0,0,668953.1476,5381589.1368,11.290097982,48.564607728,2,#fc8d62,car
9,1,84,134,2018,3,16,1,3,5,7,0,0,1,0,0,0,0,0,694264849.0,5323339882.0,11.606038749,48.033772173,2,#fc8d62,car
9,1,75,122,2018,3,12,7,3,5,3,0,1,1,0,0,0,0,0,721093.6851,5325914.2708,11.966803933,48.048180889,1,#66c2a5,bicycle
9,1,74,131,2018,3,12,4,3,8,1,0,0,1,0,0,0,0,0,678682.4872,5358457.2517,11.411980688,48.353990396,2,#fc8d62,car
9,1,87,126,2018,3,7,6,3,5,3,0,0,1,0,0,0,0,0,741043749.0,5325735468.0,12.233984885,48.039355093,2,#fc8d62,car
9,1,81,127,2018,3,12,1,1,0,1,0,0,0,0,1,0,0,0,634969.0511,5322951483.0,10.810972653,48.045568189,4,#e78ac3,marker
9,1,84,136,2018,3,19,2,2,6,4,2,0,1,1,0,0,0,0,699309.3268,5327411818.0,11.675530724,48.06881361,2,#fc8d62,car
9,1,74,122,2018,3,7,3,3,5,3,0,1,1,0,0,0,0,0,683251.3125,5351387605.0,11.470522678,48.289137157,1,#66c2a5,bicycle
9,7,72,147,2018,3,8,5,3,2,6,0,0,1,0,0,1,0,0,638987.8286,5364081.1759,10.878356745,48.414544819,2,#fc8d62,car
9,1,84,139,2018,3,10,3,3,5,2,0,0,1,0,0,0,0,0,686716.1912,5324505.6725,11.505385101,48.046502479,2,#fc8d62,car
9,7,61,0,2018,3,14,6,3,5,3,0,0,1,0,0,0,0,0,640309584.0,5360466952.0,10.895001764,48.381754132,2,#fc8d62,car
9,1,90,152,2018,3,17,2,2,8,1,1,0,1,0,0,0,0,2,671835.2045,5297057.6008,11.294936687,47.803922645,2,#fc8d62,car
9,1,75,116,2018,3,17,2,3,8,6,0,0,1,0,0,1,0,2,710340.5222,5320304.3038,11.819942383,48.001402239,2,#fc8d62,car
9,1,81,145,2018,3,6,4,3,9,1,1,0,1,0,0,0,0,2,649277.2991,5329160.2087,11.005008767,48.098208767,2,#fc8d62,car
9,1,87,182,2018,3,9,1,3,6,4,0,0,1,1,0,0,0,0,738277.7384,5328125.7774,12.198265325,48.061865433,2,#fc8d62,car
9,7,72,160,2018,3,5,1,3,8,1,2,0,1,0,0,0,0,2,635661.7693,5342021.4824,10.826335024,48.216906778,2,#fc8d62,car
9,1,84,142,2018,3,17,2,3,2,6,0,0,1,0,0,0,0,2,683347.2756,5316964.7035,11.456999822,47.979694169,2,#fc8d62,car
9,1,88,141,2018,3,7,6,3,4,6,0,0,1,0,0,0,0,2,667211.5747,5309972.6256,11.238230478,47.921253328,2,#fc8d62,car
9,1,88,144,2018,3,7,3,2,4,1,0,0,1,0,0,0,1,2,670260.6813,5326957.6161,11.285749512,48.073146694,2,#fc8d62,car
9,1,82,123,2018,3,18,6,3,2,6,1,0,1,0,0,0,0,0,715499.5367,5301938.3631,11.879836503,47.834649857,2,#fc8d62,car
9,1,75,132,2018,3,20,7,3,9,1,2,0,1,0,0,1,0,1,709611.1475,5337348.9272,11.818536475,48.154808114,2,#fc8d62,car
9,2,61,0,2018,3,18,4,3,4,2,2,0,1,0,0,0,0,0,732796.1336,5383057.1271,12.155107477,48.557346685,2,#fc8d62,car
9,1,75,123,2018,3,13,4,3,5,2,0,0,1,0,0,1,0,0,725595.9335,5336317.7774,12.032628243,48.1400756,2,#fc8d62,car
9,1,62,0,2018,3,8,1,3,2,6,0,0,1,0,0,0,0,2,684692.7688,5342524.3567,11.486070183,48.209052647,2,#fc8d62,car
9,1,87,134,2018,3,17,2,3,9,1,1,0,1,0,0,0,0,2,738994.4527,5319568.7647,12.20309908,47.9847293,2,#fc8d62,car
9,1,81,113,2018,3,7,5,3,5,3,0,0,1,0,0,0,0,1,638572.6081,5308573686.0,10.854659709,47.91550391,2,#fc8d62,car
9,7,62,0,2018,3,16,2,2,4,6,0,0,1,0,0,1,0,1,623801.4942,5302608.5469,10.655342304,47.864878129,2,#fc8d62,car
9,1,78,143,2018,3,14,6,3,2,6,0,0,1,0,0,1,0,0,720874.1057,5373611.4131,11.988762353,48.476797726,2,#fc8d62,car
9,1,84,135,2018,3,13,7,3,5,3,0,1,1,0,0,0,0,0,685914767.0,5347554779.0,11.504709694,48.253910478,1,#66c2a5,bicycle
9,1,88,139,2018,3,14,3,3,2,6,0,0,1,0,0,0,1,0,676312.7598,5319116.9354,11.363700211,48.001018866,2,#fc8d62,car
9,1,62,0,2018,3,19,3,3,2,6,2,0,1,0,0,0,0,0,694996.2674,5333055.8094,11.620273352,48.120872754,2,#fc8d62,car
9,1,86,152,2018,3,12,1,3,2,6,0,0,1,0,0,0,0,1,691666.4581,5374785.3667,11.594530871,48.496929596,2,#fc8d62,car
9,1,78,120,2018,3,9,5,3,0,1,0,0,1,0,0,0,0,0,695195.7424,5353069.2975,11.632158995,48.300680543,2,#fc8d62,car
9,7,61,0,2018,3,18,2,3,2,6,1,0,1,0,0,0,0,0,640861.0834,5360469627.0,10.902446873,48.381655287,2,#fc8d62,car
9,1,62,0,2018,3,15,5,3,2,6,0,0,1,0,0,0,0,0,690495.3752,5331971394.0,11.559371245,48.112488518,2,#fc8d62,car
9,1,73,118,2018,3,7,4,3,4,1,0,0,1,0,0,0,1,2,693445.9615,5307311.2936,11.587854891,47.889955243,2,#fc8d62,car
9,1,73,137,2018,3,18,2,3,4,1,2,0,1,0,0,0,0,2,678874.8306,5306596003.0,11.392813853,47.887751519,2,#fc8d62,car
9,7,72,131,2018,3,7,7,3,9,1,0,0,0,0,0,0,1,0,623131292.0,5358030.8712,10.662389378,48.363433908,6,#ffd92f,circle
9,1,81,141,2018,3,20,2,3,9,1,2,0,1,0,0,0,0,2,643459851.0,5321355.7132,10.924300328,48.029367188,2,#fc8d62,car