ULAND,UREGBEZ,UKREIS,UGEMEINDE,UJAHR,UMONAT,USTUNDE,UWOCHENTAG,UKATEGORIE,UART,UTYP1,ULICHTVERH,IstRad,IstPKW,IstFuss,IstKrad,IstGkfz,IstSonstig,STRZUSTAND,LINREFX,LINREFY,XGCSWGS84,YGCSWGS84,Teilnehmer,color,symbol
9,1,62,0,2018,4,18,2,3,5,2,0,1,0,0,0,0,0,0,688730.7884,5337790.5332,11.538266237,48.165317081,1,#66c2a5,bicycle
9,1,62,0,2018,4,15,1,3,2,6,0,0,1,0,0,0,0,0,686663.5634,5331046.9422,11.507536681,48.105313754,2,#fc8d62,car
9,1,90,159,2018,4,12,1,3,2,6,0,0,1,0,0,0,0,0,662810.6892,5305147854.0,11.17754585,47.879007325,2,#fc8d62,car
9,1,90,140,2018,4,13,1,1,9,1,0,0,0,0,1,0,0,0,645411061.0,5299845275.0,10.943194562,47.835502058,4,#e78ac3,marker
9,7,62,0,2018,4,14,1,3,3,6,0,0,1,0,1,0,0,0,623290603.0,5306085107.0,10.64950665,47.89624334,2,#fc8d62,car
9,1,87,122,2018,4,11,3,3,5,3,0,0,1,0,0,0,1,0,720182.2288,5307541.6657,11.945182028,47.883412476,2,#fc8d62,car
9,1,84,145,2018,4,20,1,2,9,7,1,0,0,0,1,0,0,0,693258.0486,5325735.5995,11.593628508,48.05561007,4,#e78ac3,marker
9,7,72,151,2018,4,13,2,3,1,1,0,1,1,0,0,0,0,0,632231169.0,5343075.2191,10.780502994,48.227106719,1,#66c2a5,bicycle
9,1,84,145,2018,4,10,1,3,2,6,0,0,1,0,0,0,0,0,696067.4723,5322760.5518,11.629929319,48.028014515,2,#fc8d62,car
9,1,63,0,2018,4,16,1,3,9,7,0,0,1,0,0,0,0,0,730903.4138,5303390.5908,12.086162913,47.84235217,2,#fc8d62,car
9,1,82,136,2018,4,17,2,3,9,6,0,0,1,0,0,0,0,0,703302.6315,5301181.2375,11.716682341,47.831816744,2,#fc8d62,car
9,1,86,152,2018,4,9,1,3,2,6,0,0,1,0,0,0,0,0,690590.4624,5376386.2399,11.580711685,48.511644315,2,#fc8d62,car
9,1,78,142,2018,4,4,2,3,8,1,2,0,1,0,0,0,0,0,713634.0653,5378592.1209,11.893473727,48.524050116,2,#fc8d62,car
9,1,88,124,2018,4,16,2,3,0,1,0,1,0,0,0,0,0,0,661977.11,5318738.4357,11.171518717,48.001408721,1,#66c2a5,bicycle
9,1,81,146,2018,4,13,1,3,2,6,0,0,1,0,0,0,0,0,649939.6485,5325556.4766,11.012634508,48.065650296,2,#fc8d62,car
9,1,74,150,2018,4,8,3,3,4,2,0,0,1,0,0,0,0,0,685634.9548,5360259.4411,11.506533412,48.368183249,2,#fc8d62,car
9,1,81,123,2018,4,16,1,3,8,1,0,0,0,0,0,0,1,0,654668.8107,5326403051.0,11.076377635,48.072132855,6,#ffd92f,circle
9,1,88,139,2018,4,14,1,3,2,6,0,0,1,0,0,0,0,0,676269.3312,5318894.0152,11.36302694,47.999026894,2,#fc8d62,car
9,1,81,120,2018,4,14,1,3,8,1,0,0,0,0,1,0,0,0,650161.8962,5320043.9095,11.013682411,48.01603147,4,#e78ac3,marker
9,1,74,115,2018,4,15,1,3,5,3,0,1,1,0,0,0,0,0,683361.8308,5348917.4755,11.470939651,48.266902713,1,#66c2a5,bicycle
9,1,78,120,2018,4,10,1,2,2,6,0,0,1,0,0,0,0,0,695975.9571,5350679.7216,11.641559779,48.278963889,2,#fc8d62,car
9,1,62,0,2018,4,5,2,3,5,2,2,0,1,0,0,0,0,0,685938.3267,5340766.1078,11.50204936,48.19288538,2,#fc8d62,car
9,1,78,143,2018,4,12,1,3,6,7,0,0,1,1,0,0,0,0,716945.7617,5372369.7533,11.93503515,48.467009252,2,#fc8d62,car
9,1,78,124,2018,4,11,1,2,4,2,0,0,1,0,1,0,0,0,703009.1319,5363867.2713,11.742603089,48.39525641,2,#fc8d62,car
9,1,84,119,2018,4,18,2,3,0,3,0,1,1,0,0,0,0,0,696646.5143,5347107059.0,11.648927524,48.246647982,1,#66c2a5,bicycle
9,1,78,124,2018,4,14,1,2,9,1,0,0,0,0,1,0,0,0,700466.84,5366525.54,11.709567181,48.419958109,4,#e78ac3,marker
9,1,78,113,2018,4,16,1,3,0,6,0,1,1,0,0,0,0,0,692242235.0,5367645451.0,11.599036079,48.432586027,1,#66c2a5,bicycle
9,1,77,113,2018,4,13,1,3,2,6,0,1,1,0,0,0,0,0,720622.8176,5352991.4504,11.974542722,48.291627898,1,#66c2a5,bicycle
9,2,74,113,2018,4,9,3,3,2,2,0,0,1,0,0,0,1,0,727476.0676,5381178813.0,12.082088272,48.542425444,2,#fc8d62,car
9,1,77,117,2018,4,10,1,3,2,6,0,0,1,0,0,1,0,0,716656713.0,5350779.14,11.920008499,48.273120126,2,#fc8d62,car
9,7,72,167,2018,4,10,1,3,4,6,0,1,1,0,0,0,1,0,624775.8091,5357850.4786,10.684528502,48.361488769,1,#66c2a5,bicycle
9,1,75,115,2018,4,18,1,3,5,3,0,0,1,0,0,0,1,0,718386792.0,5327806989.0,11.931496427,48.066119284,2,#fc8d62,car
9,1,75,121,2018,4,12,1,3,5,2,0,0,0,0,1,0,1,0,711345.8623,5319360.5616,11.832938841,47.992590105,4,#e78ac3,marker
9,1,84,142,2018,4,11,7,3,4,1,0,0,1,0,1,0,0,0,683675.1654,5317650.5381,11.461682883,47.985765029,2,#fc8d62,car
9,1,79,123,2018,4,7,3,3,5,3,0,1,1,0,0,0,0,0,674909.8794,5335075.0405,11.3514396,48.144859693,1,#66c2a5,bicycle
9,7,61,0,2018,4,14,2,2,1,6,0,0,1,0,0,0,0,0,642465887.0,5359348.3379,10.923728443,48.371212839,2,#fc8d62,car
9,7,78,216,2018,4,16,7,2,2,6,0,0,1,0,1,0,0,0,626604.2889,5321227.0588,10.698279778,48.03177413,2,#fc8d62,car
9,1,75,137,2018,4,9,3,3,5,3,0,0,1,0,0,0,0,0,725977312.0,5330214826.0,12.034514525,48.085109146,2,#fc8d62,car
9,7,72,223,2018,4,16,7,3,2,6,0,1,0,0,0,0,0,0,617611.4261,5360756.3976,10.588659006,48.388997524,1,#66c2a5,bicycle
9,7,72,200,2018,4,11,7,3,5,3,0,0,1,0,0,0,0,0,629359452.0,5337119277.0,10.740038486,48.174138836,2,#fc8d62,car
9,1,77,139,2018,4,12,2,3,5,3,0,0,1,0,1,0,0,0,731898403.0,5360169417.0,12.130282595,48.352079488,2,#fc8d62,car
9,1,62,0,2018,4,9,2,3,4,2,0,0,1,0,0,0,0,0,688689266.0,5336278167.0,11.53703763,48.1517361,2,#fc8d62,car
9,1,90,157,2018,4,17,3,3,2,6,0,0,1,0,0,0,0,0,660751.8216,5298783.8608,11.147664421,47.82230689,2,#fc8d62,car
9,7,61,0,2018,4,2,1,3,0,1,2,1,0,0,0,0,0,0,641006.9246,5360551.0905,10.904442783,48.382355195,1,#66c2a5,bicycle
9,1,84,148,2018,4,21,2,2,5,3,2,1,1,0,0,0,0,0,694782331.0,5326982669.0,11.614631126,48.066354968,1,#66c2a5,bicycle
9,7,61,0,2018,4,19,2,3,6,4,0,0,0,1,0,0,1,0,641395508.0,5355181049.0,10.907883514,48.333982819,3,#8da0cb,toilet
9,1,78,145,2018,4,17,2,3,1,1,0,0,1,0,0,0,1,0,699427077.0,5354893992.0,11.690014986,48.315759253,2,#fc8d62,car
9,1,77,115,2018,4,13,3,3,5,3,0,0,1,0,0,0,0,0,733921805.0,5351345389.0,12.152661018,48.272066852,2,#fc8d62,car
9,1,81,145,2018,4,12,2,3,2,6,0,0,1,0,0,0,0,0,643162.3949,5332059.8396,10.923899183,48.125685398,2,#fc8d62,car
9,1,78,143,2018,4,16,3,3,8,1,0,0,1,0,0,0,0,0,718954.8348,5373832789.0,11.962943935,48.479457767,2,#fc8d62,car
9,1,62,0,2018,4,12,2,3,1,6,0,0,1,0,0,0,0,0,685141.3425,5341675.8399,11.491732135,48.201295207,2,#fc8d62,car
9,1,87,169,2018,4,18,2,2,5,3,0,0,1,0,0,0,0,0,740655.6897,5298594923.0,12.213637636,47.795695688,2,#fc8d62,car
9,1,88,145,2018,4,7,3,3,2,6,0,0,1,0,0,0,0,0,663913.5792,5328060.5641,11.201029217,48.084725627,2,#fc8d62,car
9,7,72,125,2018,4,17,2,3,1,6,0,0,1,0,0,0,0,0,635949.9214,5347829.2876,10.832076849,48.269070077,2,#fc8d62,car
9,2,74,113,2018,4,19,7,2,4,2,1,0,1,0,0,0,0,0,728392.6895,5383930.5554,12.095998115,48.566811874,2,#fc8d62,car
9,1,88,121,2018,4,15,2,3,0,1,0,0,0,0,1,0,0,0,671860.7855,5330407.5325,11.308601266,48.103731363,4,#e78ac3,marker
9,2,74,126,2018,4,8,7,3,4,2,0,0,1,0,0,0,0,0,733067.1135,5382820.9072,12.158642054,48.555124171,2,#fc8d62,car
9,1,77,133,2018,4,16,3,3,2,6,0,0,1,0,0,0,0,0,707587.5523,5354680163.0,11.799850195,48.31121202,2,#fc8d62,car
9,1,90,157,2018,4,17,7,2,0,1,0,1,0,0,0,0,0,0,665140.2126,5298703.1408,11.206218778,47.820469673,1,#66c2a5,bicycle
9,1,90,151,2018,4,13,7,3,3,6,0,1,1,0,0,0,0,0,636930.6045,5300496.2042,10.830133878,47.843217689,1,#66c2a5,bicycle
9,1,77,130,2018,4,12,2,3,5,3,0,1,1,0,0,0,0,0,708953.7232,5350923.6687,11.816394941,48.277006958,1,#66c2a5,bicycle
9,1,62,0,2018,4,16,2,3,2,6,0,0,1,0,0,0,0,0,693215.5552,5338745.6331,11.59895284,48.172554023,2,#fc8d62,car
9,1,87,179,2018,4,6,7,3,2,6,0,0,1,0,0,0,0,0,723309.6341,5309569.4695,11.988005037,47.900552489,2,#fc8d62,car
9,1,87,179,2018,4,7,7,2,0,2,0,1,0,0,0,0,0,0,723318.1562,5308888.8966,11.987766755,47.894434507,1,#66c2a5,bicycle
9,1,73,147,2018,4,17,2,3,2,6,0,0,1,0,1,0,0,0,680886.0434,5309215042.0,11.420791153,47.910731274,2,#fc8d62,car
9,2,61,0,2018,4,17,3,3,2,6,0,0,1,0,0,1,0,0,734745.5898,5381792.5994,12.18077365,48.545261535,2,#fc8d62,car
9,7,61,0,2018,4,22,1,3,6,2,2,0,1,1,0,0,0,0,642844.8543,5360128.4083,10.929107704,48.378141175,2,#fc8d62,car
9,1,62,0,2018,4,15,2,3,1,6,0,0,1,0,0,0,0,0,684474.4024,5332112.7366,11.478618301,48.115531423,2,#fc8d62,car
9,1,85,166,2018,4,9,7,3,9,7,0,0,1,0,0,0,0,0,674472705.0,5383606276.0,11.365694349,48.58122721,2,#fc8d62,car
9,1,62,0,2018,4,23,7,2,3,1,2,0,1,0,0,0,0,0,679894.7274,5340168559.0,11.420548106,48.18925475,2,#fc8d62,car
9,1,88,118,2018,4,15,7,2,4,6,0,0,1,0,0,0,0,0,670424.3681,5314693126.0,11.283069579,47.962845302,2,#fc8d62,car
9,1,79,134,2018,4,19,7,3,0,1,0,0,1,0,0,0,0,0,667826.4386,5342914.9373,11.259386716,48.217247836,2,#fc8d62,car
9,1,75,135,2018,4,17,7,2,5,2,0,0,1,0,1,0,0,0,708972435.0,5339467796.0,11.810999766,48.174058646,2,#fc8d62,car
9,7,61,0,2018,4,16,2,3,3,6,0,0,1,0,0,1,0,0,637898.1277,5361773.7415,10.86287998,48.394036265,2,#fc8d62,car
9,1,75,133,2018,4,12,7,3,2,2,0,0,1,0,1,0,0,0,706157.1158,5340594.8969,11.773722502,48.185106598,2,#fc8d62,car
9,1,78,143,2018,4,9,7,3,5,6,0,0,1,0,0,0,0,0,716517628.0,5371871073.0,11.928992822,48.462676255,2,#fc8d62,car
9,1,81,127,2018,4,10,2,3,2,6,0,0,1,0,0,0,0,0,632094142.0,5322263484.0,10.772205051,48.039982574,2,#fc8d62,car
9,1,78,156,2018,4,16,7,3,5,3,0,0,0,0,1,0,0,0,697690.2922,5376409.7736,11.676751573,48.509661412,4,#e78ac3,marker
9,1,78,138,2018,4,13,3,3,8,1,0,0,1,0,0,0,0,0,712173937.0,5369073.4708,11.868892499,48.439019012,2,#fc8d62,car
9,1,77,133,2018,4,15,7,2,8,1,0,0,0,0,1,0,0,0,713715453.0,5355995.8202,11.883060013,48.320992955,4,#e78ac3,marker
9,1,75,122,2018,4,13,7,2,8,6,0,0,0,0,1,0,0,1,723427.1218,5322325.9319,11.9962004,48.015127962,4,#e78ac3,marker
9,7,61,0,2018,4,19,2,3,0,7,0,0,0,0,1,0,0,0,641614.9968,5358654.7375,10.912011921,48.365167774,4,#e78ac3,marker
9,1,62,0,2018,4,16,6,3,2,6,0,0,1,0,0,0,0,0,695065.3997,5340187.1124,11.624469859,48.184944229,2,#fc8d62,car
9,1,62,0,2018,4,11,6,3,2,6,0,0,1,0,0,0,0,0,685105.9776,5341716.3542,11.49127431,48.201669675,2,#fc8d62,car
9,1,78,130,2018,4,6,2,3,4,6,2,0,1,0,0,0,0,0,701084115.0,5353200631.0,11.711533534,48.300016984,2,#fc8d62,car
9,1,62,0,2018,4,12,6,3,2,6,0,0,1,0,0,0,0,0,693972.8403,5336889.3936,11.608281652,48.155640236,2,#fc8d62,car
9,1,77,115,2018,4,15,3,3,5,3,0,0,1,0,0,1,0,0,730244.9851,5347609.2886,12.101150651,48.239850395,2,#fc8d62,car
9,1,62,0,2018,4,19,6,3,4,2,1,0,1,0,0,0,0,0,692203.6246,5342908.9974,11.587239938,48.210279952,2,#fc8d62,car
9,1,77,116,2018,4,8,7,3,3,6,0,0,1,0,0,1,0,0,708629.5276,5363678.1878,11.818345066,48.391723264,2,#fc8d62,car
9,1,79,136,2018,4,7,6,3,6,4,0,0,1,1,0,0,0,0,659997974.0,5341490835.0,11.153536956,48.206466754,2,#fc8d62,car
9,1,81,122,2018,4,22,6,3,8,1,2,0,1,0,0,0,0,0,647578.5195,5332529.6054,10.983371989,48.128900822,2,#fc8d62,car
9,1,62,0,2018,4,15,5,3,3,2,0,1,1,0,0,0,0,0,689759.9978,5339913.2309,11.553041591,48.184089461,1,#66c2a5,bicycle
9,1,62,0,2018,4,16,7,3,1,6,0,0,1,0,1,0,0,0,695330.4123,5331229.4358,11.623922169,48.104355692,2,#fc8d62,car
9,1,62,0,2018,4,13,7,3,2,6,0,0,1,0,0,0,0,0,693131.3742,5338160.3572,11.597555882,48.167319346,2,#fc8d62,car
9,2,61,0,2018,4,16,5,3,2,6,0,0,1,0,0,0,0,0,732358.7922,5381635.4305,12.148396314,48.544738159,2,#fc8d62,car
9,1,88,120,2018,4,16,7,3,1,6,0,0,1,0,1,0,0,0,677630.5482,5326414.2414,11.38437723,48.066252113,2,#fc8d62,car
9,1,73,120,2018,4,7,5,2,2,2,0,0,1,0,1,0,0,0,685169372.0,5310547369.0,11.478632205,47.921485158,2,#fc8d62,car
9,1,90,148,2018,4,23,5,2,9,1,2,0,1,0,0,0,0,0,640026818.0,5296486123.0,10.870197242,47.806489409,2,#fc8d62,car
9,1,63,0,2018,4,7,6,3,3,2,0,1,1,0,0,0,0,0,733241.9222,5305282.5589,12.118390699,47.858505811,1,#66c2a5,bicycle
9,2,74,124,2018,4,11,7,3,2,6,0,0,1,0,0,0,0,0,722889005.0,5374700377.0,12.016568419,48.485870094,2,#fc8d62,car
9,1,75,127,2018,4,11,7,3,3,2,0,1,1,0,0,0,0,0,711734.7106,5341412.2832,11.849078153,48.190617173,1,#66c2a5,bicycle
9,1,73,134,2018,4,14,1,2,2,2,0,0,1,0,1,0,0,0,685950.7205,5299601.7527,11.48437092,47.822869928,2,#fc8d62,car
9,7,72,125,2018,4,8,7,3,4,2,0,0,1,0,1,0,0,0,634999.4187,5346767.7384,10.818935659,48.259727696,2,#fc8d62,car
9,1,62,0,2018,4,15,5,3,2,6,0,0,1,0,0,0,0,0,692080.6104,5341627.1062,11.585005618,48.198795941,2,#fc8d62,car
9,7,72,223,2018,4,16,3,3,4,6,0,0,1,0,1,0,0,0,616577.4879,5357772.1389,10.573870787,48.362351466,2,#fc8d62,car
9,1,87,177,2018,4,7,5,2,7,7,0,1,0,0,0,0,0,0,736051685.0,5305652.9947,12.156100183,47.860807859,1,#66c2a5,bicycle
9,1,86,128,2018,4,1,1,3,9,1,2,0,1,0,0,0,0,0,676874267.0,5384040.9372,11.398412804,48.584460759,2,#fc8d62,car
9,1,77,119,2018,4,6,6,3,4,2,1,0,1,0,0,0,0,0,721359.9197,5340042.5912,11.977702768,48.175029865,2,#fc8d62,car
9,1,87,130,2018,4,16,5,3,4,6,0,0,1,0,1,0,0,0,718341.6078,5312282.1018,11.922994164,47.926636807,2,#fc8d62,car
9,1,62,0,2018,4,12,6,3,3,6,0,1,1,0,0,0,0,0,682730.0939,5334851.9008,11.456378543,48.140655878,1,#66c2a5,bicycle
9,1,81,132,2018,4,16,6,3,4,6,0,0,1,0,0,0,0,0,646525753.0,5324638696.0,10.966523754,48.058191157,2,#fc8d62,car
9,1,62,0,2018,4,17,5,2,2,1,0,0,1,0,0,0,0,0,685494403.0,5340894.86,11.496137905,48.194172456,2,#fc8d62,car
9,1,62,0,2018,4,18,5,2,8,1,2,0,1,0,0,0,0,0,682887.3516,5342309.1501,11.461698872,48.207641004,2,#fc8d62,car
9,1,87,182,2018,4,13,7,3,5,2,0,0,1,0,0,0,0,0,736496.4,5327990628.0,12.174318895,48.06131401,2,#fc8d62,car
9,1,79,142,2018,4,11,5,3,5,3,0,0,1,0,1,0,0,0,671017339.0,5340988.6723,11.301532577,48.199079559,2,#fc8d62,car
9,1,81,130,2018,4,10,5,3,2,6,0,0,1,0,0,0,0,0,638963348.0,5325316.0898,10.865306011,48.065974441,2,#fc8d62,car
9,1,84,145,2018,4,17,7,3,4,6,0,0,1,0,0,0,1,0,696464.0717,5324280.2045,11.635940244,48.041550699,2,#fc8d62,car
9,1,81,133,2018,4,7,5,3,2,6,0,0,1,0,0,0,0,0,642432199.0,5313660.1412,10.907970085,47.96039712,2,#fc8d62,car
9,1,79,145,2018,4,13,5,2,6,7,0,0,1,1,0,0,0,0,673551.4026,5336530471.0,11.333785894,48.158315312,2,#fc8d62,car
9,1,79,123,2018,4,14,5,3,5,2,0,1,1,0,0,0,0,0,675957318.0,5333557.8131,11.364881859,48.130932039,1,#66c2a5,bicycle
9,1,74,115,2018,4,13,5,3,0,1,0,1,0,0,0,0,0,0,681642.4676,5346637.6748,11.446813393,48.246905921,1,#66c2a5,bicycle
9,1,74,121,2018,4,16,6,3,4,2,0,0,1,0,0,0,0,0,690750947.0,5353356905.0,11.57241566,48.304621043,2,#fc8d62,car
9,1,84,147,2018,4,18,5,3,2,6,0,0,1,0,0,0,1,0,699139.2676,5341564.8412,11.679865323,48.196062074,2,#fc8d62,car
9,1,87,129,2018,4,9,7,3,5,3,0,0,1,0,1,0,0,0,725952286.0,5299572193.0,12.018092773,47.809802937,2,#fc8d62,car
9,1,84,121,2018,4,10,5,3,2,6,0,0,0,0,0,1,0,0,704693.1893,5330695.7215,11.74929203,48.096620231,5,#a6d854,bus
9,1,78,113,2018,4,8,5,3,2,6,0,0,1,0,0,0,0,0,691479.9992,5368961.8091,11.589343502,48.444648727,2,#fc8d62,car
9,1,75,127,2018,4,19,5,3,5,3,0,0,1,0,1,0,0,0,712277217.0,5341346.8509,11.856335954,48.189848157,2,#fc8d62,car
9,1,77,112,2018,4,13,5,3,0,2,0,0,0,0,1,0,0,0,716296.7155,5364352.4522,11.922129525,48.395199048,4,#e78ac3,marker
9,1,62,0,2018,4,16,5,3,3,6,0,0,1,0,1,0,0,0,688544.4143,5334731.2978,11.534406993,48.137875572,2,#fc8d62,car
9,1,78,124,2018,4,8,6,2,9,1,0,0,1,0,0,0,0,0,701870.0292,5358650.8464,11.724728254,48.348745124,2,#fc8d62,car
9,1,75,122,2018,4,12,5,2,0,7,0,1,0,0,0,0,0,0,720895.2259,5325617.0124,11.963991165,48.045578704,1,#66c2a5,bicycle
9,1,62,0,2018,4,17,4,3,5,3,0,1,1,0,0,0,0,0,680676633.0,5335108.2405,11.428909205,48.143546507,1,#66c2a5,bicycle
9,1,74,126,2018,4,18,7,3,2,6,0,0,1,0,0,0,0,0,683358.4844,5344228.5514,11.468864133,48.224757608,2,#fc8d62,car
9,1,84,140,2018,4,16,4,3,4,2,0,0,1,0,0,0,0,0,702032.7927,5327280039.0,11.711986135,48.066772582,2,#fc8d62,car
9,1,84,118,2018,4,11,4,3,5,2,0,0,1,0,0,0,0,0,704216.79,5335998429.0,11.745440892,48.144426733,2,#fc8d62,car
9,1,88,113,2018,4,18,7,2,2,6,0,0,1,0,1,0,0,0,676183.2768,5317587973.0,11.361338314,47.987309884,2,#fc8d62,car
9,1,62,0,2018,4,13,4,3,3,6,0,0,1,0,0,0,0,0,694410.7387,5336545588.0,11.6140065,48.152416547,2,#fc8d62,car
9,1,73,120,2018,4,18,7,3,5,2,0,1,1,0,0,0,0,0,682988.5784,5310091.0962,11.449274682,47.918009808,1,#66c2a5,bicycle
9,1,62,0,2018,4,12,6,3,2,6,0,0,1,0,0,0,1,0,687519.6378,5326830.4288,11.517174094,48.067162836,2,#fc8d62,car
9,7,79,187,2018,4,18,3,3,8,1,0,0,1,0,0,0,0,0,640649.1175,5384036.9935,10.907519202,48.593607364,2,#fc8d62,car
9,1,81,122,2018,4,22,6,3,0,1,2,0,1,0,0,0,0,0,647580148.0,5332528.2081,10.983393377,48.128887881,2,#fc8d62,car
9,7,77,112,2018,4,16,4,3,2,6,0,0,1,0,0,0,0,0,622916.0059,5296166.0545,10.641678316,47.807106067,2,#fc8d62,car
9,7,62,0,2018,4,15,4,3,2,6,0,0,1,0,0,0,0,0,620979.6708,5304466.9081,10.618148008,47.882129533,2,#fc8d62,car
9,1,82,133,2018,4,18,1,3,2,6,0,0,1,0,0,0,0,0,703680.4882,5307914391.0,11.724897354,47.892209595,2,#fc8d62,car
9,7,72,151,2018,4,11,4,3,6,3,0,0,1,1,0,0,0,0,632223.1288,5343028.4571,10.780380197,48.226687889,2,#fc8d62,car
9,7,71,130,2018,4,16,4,3,4,1,0,0,1,0,0,0,0,0,648201.0028,5356019.4822,10.999949821,48.339961971,2,#fc8d62,car
9,1,88,126,2018,4,12,6,3,4,6,0,0,1,0,0,0,0,0,659921.2547,5326508578.0,11.146878977,48.071786184,2,#fc8d62,car
9,7,71,169,2018,4,14,4,2,2,2,0,0,1,0,1,0,0,0,640618.0374,5374969.6821,10.904035377,48.512087095,2,#fc8d62,car
9,1,87,163,2018,4,13,7,3,2,2,0,0,1,0,0,0,0,0,738809.4159,5309024.3186,12.194776285,47.890074905,2,#fc8d62,car
9,7,61,0,2018,4,19,6,3,2,6,1,0,1,0,1,0,0,0,637438.3948,5351885.5843,10.853444597,48.305223152,2,#fc8d62,car
9,1,81,130,2018,4,15,1,2,2,5,0,0,1,0,1,0,0,0,637792.4594,5323439.1614,10.848993049,48.049350358,2,#fc8d62,car
9,1,74,122,2018,4,9,6,2,4,6,0,0,1,0,1,0,0,0,687524.7441,5354987906.0,11.529677348,48.320244867,2,#fc8d62,car
9,7,78,116,2018,4,15,7,2,5,3,0,1,1,0,0,0,0,0,620469.9787,5312291.4294,10.61352055,47.952597176,1,#66c2a5,bicycle
9,1,62,0,2018,4,19,6,3,0,7,1,0,0,0,1,0,0,0,685796.2493,5330349.1963,11.495593365,48.099295617,4,#e78ac3,marker
9,1,84,123,2018,4,11,7,3,4,7,0,0,1,0,1,0,0,0,704213375.0,5332740076.0,11.743833587,48.115146155,2,#fc8d62,car
9,2,74,113,2018,4,10,6,3,5,3,0,0,1,0,0,0,0,0,728328203.0,5383960462.0,12.095141701,48.567104017,2,#fc8d62,car
9,7,72,202,2018,4,9,5,3,1,3,0,0,1,0,1,0,0,0,636692.3543,5356724.8762,10.844958572,48.348899754,2,#fc8d62,car
9,1,79,145,2018,4,11,7,2,1,6,0,0,1,0,0,0,0,0,673187.98,5335617695.0,11.328531567,48.150208996,2,#fc8d62,car
9,1,62,0,2018,4,12,6,3,9,7,0,0,1,0,0,0,0,0,684491.8432,5332110.1492,11.47885129,48.115503114,2,#fc8d62,car
9,1,75,133,2018,4,17,7,3,0,7,0,1,0,0,0,0,0,0,707946.52,5342087.3773,11.798498948,48.197935094,1,#66c2a5,bicycle
9,7,71,130,2018,4,11,7,3,5,3,0,1,1,0,0,0,0,0,648399.9058,5355639.2562,11.002498338,48.336496613,1,#66c2a5,bicycle
9,1,85,131,2018,4,13,6,3,4,1,0,0,1,0,0,0,1,0,665671.7195,5378438.9145,11.244401983,48.537164895,2,#fc8d62,car
9,1,62,0,2018,4,17,5,3,3,6,0,0,1,0,1,0,0,0,695071.3017,5340183.6371,11.624547584,48.184911183,2,#fc8d62,car
9,1,81,130,2018,4,22,6,3,0,1,2,1,0,0,0,0,0,0,639460.8899,5323078.3768,10.87125132,48.045743681,1,#66c2a5,bicycle
9,1,82,133,2018,4,14,7,2,9,7,0,0,1,0,1,0,0,1,703833.6705,5308335.9156,11.727143329,47.895949272,2,#fc8d62,car
9,1,84,122,2018,4,16,7,2,5,3,0,1,1,0,0,0,0,0,690190.6117,5323190.0002,11.551373559,48.033651307,1,#66c2a5,bicycle
9,1,74,111,2018,4,8,6,3,0,6,0,0,1,0,1,0,0,0,666957.6359,5361771341.0,11.255158118,48.386991527,2,#fc8d62,car
9,1,88,139,2018,4,2,7,3,9,1,2,0,1,0,0,0,0,0,676179.9362,5322273.2087,11.363218007,48.029428815,2,#fc8d62,car
9,1,74,115,2018,4,16,6,3,6,4,0,1,0,1,0,0,0,0,681204.8055,5347206.7487,11.441167018,48.252146367,1,#66c2a5,bicycle
9,2,74,146,2018,4,8,6,3,2,2,0,0,1,0,0,0,1,0,737288.4563,5375868.3186,12.21180389,48.491091933,2,#fc8d62,car
9,1,74,141,2018,4,9,7,3,2,6,0,0,1,0,0,0,0,0,680805.1478,5356085.4275,11.43958881,48.33206718,2,#fc8d62,car
9,2,61,0,2018,4,5,4,3,5,3,2,1,1,0,0,0,0,0,732444.8842,5382733.5326,12.150173815,48.554570209,1,#66c2a5,bicycle
9,1,73,112,2018,4,14,4,3,8,1,0,0,0,0,1,0,0,0,693347631.0,5299294134.0,11.582957336,47.817924628,4,#e78ac3,marker
9,1,78,143,2018,4,13,7,3,4,2,0,0,1,0,1,0,0,0,716622145.0,5371582456.0,11.930255388,48.46004715,2,#fc8d62,car
9,7,72,163,2018,4,20,3,3,4,2,2,0,1,0,0,0,0,1,639601786.0,5346126.82,10.880700788,48.252967225,2,#fc8d62,car
9,7,61,0,2018,4,13,7,3,1,6,0,0,1,0,1,0,0,0,636934.7863,5359572.8031,10.849155913,48.374455598,2,#fc8d62,car
9,1,87,154,2018,4,18,4,2,6,4,0,0,1,1,0,0,0,0,735811.2475,5296567.7875,12.147947526,47.779275956,2,#fc8d62,car
9,1,87,169,2018,4,9,4,3,0,1,0,0,0,0,1,0,0,0,741787.5426,5298617.3599,12.228739793,47.795473357,4,#e78ac3,marker
9,1,73,118,2018,4,15,7,3,8,1,0,0,0,0,1,0,0,0,688017.2046,5304592.2583,11.514120747,47.867127838,4,#e78ac3,marker
9,1,88,145,2018,4,18,4,3,2,6,0,0,1,0,0,0,0,0,663566.0869,5328033816.0,11.19635641,48.084574406,2,#fc8d62,car
9,1,81,113,2018,4,10,6,3,5,2,0,0,1,0,0,0,0,0,641115.4878,5306351.3406,10.887947614,47.894965015,2,#fc8d62,car