ULAND,UREGBEZ,UKREIS,UGEMEINDE,UJAHR,UMONAT,USTUNDE,UWOCHENTAG,UKATEGORIE,UART,UTYP1,ULICHTVERH,IstRad,IstPKW,IstFuss,IstKrad,IstGkfz,IstSonstig,STRZUSTAND,LINREFX,LINREFY,XGCSWGS84,YGCSWGS84,Teilnehmer,color,symbol
9,1,88,121,2018,4,6,4,2,2,6,0,0,1,0,1,0,0,1,674307.9378,5330720.3352,11.341573319,48.105878453,2,#fc8d62,car
9,1,87,142,2018,4,11,7,2,8,1,0,0,0,0,1,0,0,0,732344.0663,5311725.7483,12.109871579,47.916717367,4,#e78ac3,marker
9,1,74,113,2018,4,9,4,3,2,6,0,0,1,0,0,0,0,0,670525.1027,5347854.4332,11.297676388,48.26093233,2,#fc8d62,car
9,1,74,115,2018,4,8,4,3,5,2,0,0,1,0,1,0,0,1,677772.4895,5351627.3656,11.396828418,48.29285481,2,#fc8d62,car
9,1,84,149,2018,4,10,7,3,5,3,0,1,1,0,0,0,0,0,690308.9797,5350481.4489,11.565166035,48.278910418,1,#66c2a5,bicycle
9,1,74,113,2018,4,8,4,3,5,3,0,0,1,0,0,0,0,1,677723.9149,5347679.6962,11.394514478,48.257383314,2,#fc8d62,car
9,1,62,0,2018,4,16,4,3,2,6,0,0,1,0,1,0,0,0,694296.7773,5340896.7831,11.614464384,48.191557938,2,#fc8d62,car
9,7,71,122,2018,4,13,6,2,9,1,0,0,1,0,0,0,0,0,653093.6722,5361948.8888,11.068089798,48.39210521,2,#fc8d62,car
9,1,81,130,2018,4,14,1,3,9,1,0,0,1,0,0,1,0,0,637914.7588,5324910.0257,10.85110746,48.06255054,2,#fc8d62,car
9,1,77,133,2018,4,9,4,3,5,2,0,0,1,0,0,0,0,0,709267211.0,5360135698.0,11.825185459,48.359680487,2,#fc8d62,car
9,1,75,127,2018,4,16,4,3,2,6,0,1,1,0,0,0,0,0,713393.8384,5341690.7588,11.871514119,48.192564251,1,#66c2a5,bicycle
9,1,74,150,2018,4,18,6,3,9,6,0,0,1,0,1,0,0,0,682168.2276,5358982.6404,11.459216408,48.35771695,2,#fc8d62,car
9,1,78,120,2018,4,6,4,3,5,3,0,0,1,0,1,0,0,1,694577526.0,5352687404.0,11.623655623,48.297438772,2,#fc8d62,car
9,1,85,166,2018,4,6,7,3,8,1,0,0,1,0,0,0,0,0,673735.7004,5383519.9915,11.355673987,48.580656427,2,#fc8d62,car
9,1,75,115,2018,4,15,4,3,3,6,0,0,1,0,1,0,0,0,720289084.0,5327542.3315,11.956860272,48.063087336,2,#fc8d62,car
9,1,62,0,2018,4,13,3,3,0,7,0,0,0,0,1,0,0,0,687722.6425,5333467.4032,11.522815027,48.126758333,4,#e78ac3,marker
9,1,62,0,2018,4,7,3,3,2,6,0,0,1,0,0,0,0,0,690127.4592,5331944.3924,11.55442123,48.112355761,2,#fc8d62,car
9,1,84,119,2018,4,17,6,3,2,6,0,0,1,0,0,0,0,0,695836.5094,5346045.6301,11.637537589,48.237359384,2,#fc8d62,car
9,1,79,145,2018,4,0,7,2,9,1,2,1,0,0,0,0,0,0,673918.1769,5335910.1983,11.33846021,48.152639196,1,#66c2a5,bicycle
9,7,77,112,2018,4,9,3,3,5,3,0,0,0,0,0,1,1,0,621173.2601,5297215.1166,10.618704957,47.816871681,5,#a6d854,bus
9,1,84,121,2018,4,8,6,3,4,6,0,0,1,0,0,0,0,0,705614.5097,5325891.4926,11.759340573,48.053149891,2,#fc8d62,car
9,1,84,149,2018,4,9,4,3,5,3,0,1,1,0,0,0,0,0,690136.5263,5351013.6216,11.563083387,48.28374525,1,#66c2a5,bicycle
9,1,73,123,2018,4,5,5,2,5,3,1,0,1,0,1,0,0,0,680156.9196,5299317.5707,11.406917155,47.821963811,2,#fc8d62,car
9,1,88,139,2018,4,12,6,3,2,6,0,0,1,0,0,0,0,0,674735.1898,5318988131.0,11.342516788,48.00029405,2,#fc8d62,car
9,1,87,177,2018,4,10,3,3,2,6,0,0,1,0,0,1,0,0,735971.9906,5305619.3838,12.155017971,47.860535176,2,#fc8d62,car
9,1,73,134,2018,4,7,4,3,5,3,0,0,1,0,0,0,0,0,685945.6285,5299907223.0,11.484434059,47.825617271,2,#fc8d62,car
9,7,72,148,2018,4,11,5,2,4,1,0,0,1,0,0,0,0,0,629258.0111,5354876.4295,10.744098487,48.333842932,2,#fc8d62,car
9,1,87,169,2018,4,21,3,3,7,7,2,0,1,0,0,0,0,0,738500799.0,5299958.2859,12.185657572,47.808745112,2,#fc8d62,car
9,1,84,148,2018,4,17,3,3,4,2,0,0,1,0,0,0,0,0,697314228.0,5326861379.0,11.648524304,48.064486812,2,#fc8d62,car
9,1,87,117,2018,4,18,3,3,5,3,0,0,1,0,1,0,0,0,726365.1523,5305094.3701,12.026486016,47.859274063,2,#fc8d62,car
9,1,87,170,2018,4,9,5,3,5,3,0,0,1,0,1,0,0,0,735340259.0,5320963.7441,12.154966118,47.99861564,2,#fc8d62,car
9,1,84,147,2018,4,16,6,3,2,6,0,0,1,0,0,0,0,0,698498.4793,5341842.8186,11.671381786,48.198760889,2,#fc8d62,car
9,1,87,117,2018,4,18,3,3,0,7,0,0,0,0,1,0,0,0,726906209.0,5308121.3515,12.035298698,47.886279938,4,#e78ac3,marker
9,1,86,162,2018,4,18,3,3,3,6,0,0,1,0,0,1,1,0,689137.0532,5385424.2628,11.565157572,48.593311142,2,#fc8d62,car
9,1,77,112,2018,4,16,6,3,2,6,0,0,1,0,0,0,0,0,716444.6116,5364067.9115,11.923978254,48.392591759,2,#fc8d62,car
9,1,88,139,2018,4,7,3,3,2,6,0,0,1,0,0,0,0,0,673163606.0,5319092.8231,11.321508225,48.001662779,2,#fc8d62,car
9,1,81,116,2018,4,12,3,3,5,3,0,0,1,0,0,0,0,0,646834.3333,5338516.5908,10.975442916,48.18290548,2,#fc8d62,car
9,1,86,143,2018,4,16,4,2,1,6,0,0,1,0,0,0,0,0,685486.8302,5379460.2905,11.513042962,48.540800923,2,#fc8d62,car
9,1,81,130,2018,4,7,3,2,5,2,0,1,1,0,0,0,0,0,640049.9693,5323233.8939,10.879201932,48.047013156,1,#66c2a5,bicycle
9,1,78,113,2018,4,10,5,3,3,6,0,0,1,0,0,1,0,0,691590426.0,5365960.9031,11.58946357,48.417645071,2,#fc8d62,car
9,1,78,144,2018,4,15,3,3,5,3,0,0,1,0,0,0,0,0,706908437.0,5379950.4991,11.803170935,48.538508408,2,#fc8d62,car
9,1,78,140,2018,4,8,3,3,5,3,0,0,1,0,0,0,0,0,706624993.0,5361610605.0,11.790283231,48.373804,2,#fc8d62,car
9,7,77,130,2018,4,16,3,3,0,7,0,0,1,0,1,0,0,1,624274894.0,5307879266.0,10.663186734,47.912189297,2,#fc8d62,car
9,1,77,135,2018,4,9,3,3,2,6,0,0,1,0,0,0,1,0,718693.2845,5345459.7535,11.944671541,48.224626152,2,#fc8d62,car
9,1,62,0,2018,4,1,5,2,0,2,2,0,1,0,0,0,1,0,687362.7509,5335083.2878,11.518693937,48.141388375,2,#fc8d62,car
9,1,75,124,2018,4,21,3,3,1,6,2,0,1,0,0,0,0,0,713812.2478,5329309.2799,11.870922591,48.081168028,2,#fc8d62,car
9,1,84,141,2018,4,12,2,3,1,7,0,0,1,0,1,0,0,1,698135.2877,5316573.0184,11.654778338,47.971765996,2,#fc8d62,car
9,1,79,118,2018,4,7,4,3,5,3,0,0,1,0,0,0,0,0,672708.3466,5337698.5098,11.322933121,48.169044974,2,#fc8d62,car
9,1,84,135,2018,4,14,2,3,5,3,0,0,1,0,0,0,0,1,686620.8006,5347511.2923,11.514192962,48.253312109,2,#fc8d62,car
9,1,78,124,2018,4,18,5,3,0,1,0,0,1,0,0,0,0,0,700428.6728,5357496.4491,11.70474692,48.338829973,2,#fc8d62,car
9,2,61,0,2018,4,18,5,3,2,6,1,0,1,0,0,0,0,0,734252041.0,5382217.8637,12.174335967,48.549265928,2,#fc8d62,car
9,1,84,135,2018,4,11,2,3,2,6,0,0,1,0,0,1,1,1,686334351.0,5347528.6687,11.510345355,48.253552573,2,#fc8d62,car
9,1,84,127,2018,4,10,2,3,0,7,0,1,0,0,0,0,0,1,702255.7583,5321786333.0,11.712380618,48.017329896,1,#66c2a5,bicycle
9,1,90,139,2018,4,17,4,2,4,1,0,0,1,0,0,0,0,0,653180.3782,5297227.3817,11.046027196,47.810158874,2,#fc8d62,car
9,7,77,112,2018,4,6,5,3,1,6,0,0,1,0,0,0,0,0,622725.2547,5300163.7018,10.64026433,47.843096401,2,#fc8d62,car
9,7,62,0,2018,4,19,2,3,0,1,1,0,0,0,1,0,0,0,622228.28,5304619.3949,10.634884786,47.883264428,4,#e78ac3,marker
9,7,61,0,2018,4,0,2,3,9,1,2,0,1,0,0,0,0,1,640434.5622,5363988.4862,10.897866554,48.413390634,2,#fc8d62,car
9,7,71,111,2018,4,22,2,3,2,6,2,0,1,0,0,1,0,0,657832.1623,5358124.5481,11.130619408,48.356554938,2,#fc8d62,car
9,1,78,120,2018,4,9,4,3,2,6,0,0,1,0,0,1,0,0,693663.3751,5354298.6901,11.612081992,48.312200385,2,#fc8d62,car
9,7,71,145,2018,4,11,2,3,2,7,0,0,1,0,0,0,0,0,649090605.0,5344427.98,11.00785606,48.235531245,2,#fc8d62,car
9,1,62,0,2018,4,8,4,3,3,2,0,1,0,0,0,1,0,0,692151.5027,5342371.1044,11.586295486,48.205461321,1,#66c2a5,bicycle
9,1,81,122,2018,4,20,6,3,0,1,2,0,0,0,1,0,0,0,650195.4414,5332207048.0,11.018405816,48.125388425,4,#e78ac3,marker
9,7,71,130,2018,4,15,2,3,5,3,0,0,1,0,0,0,0,0,647032856.0,5357549.4409,10.984729994,48.353991127,2,#fc8d62,car
9,7,72,151,2018,4,13,2,3,8,1,0,0,1,0,0,0,0,1,627088.6755,5345696.0218,10.712078111,48.251726315,2,#fc8d62,car
9,7,61,0,2018,4,18,5,3,0,7,0,1,0,0,0,0,0,0,640563815.0,5360224608.0,10.89835236,48.379518468,1,#66c2a5,bicycle
9,7,61,0,2018,4,14,2,3,3,6,0,0,0,0,0,1,1,0,637473.3691,5359460.1551,10.856388094,48.373325577,5,#a6d854,bus
9,7,61,0,2018,4,12,2,3,4,2,0,0,1,0,0,0,0,0,641234117.0,5360936.2396,10.907638936,48.385767476,2,#fc8d62,car
9,1,62,0,2018,4,14,3,3,3,6,2,0,1,0,0,1,0,0,694620.7078,5334567.3585,11.615922482,48.134572856,2,#fc8d62,car
9,1,77,118,2018,4,15,4,1,4,6,0,0,1,0,0,1,0,0,711421.2767,5343498.5472,11.845905025,48.20946825,2,#fc8d62,car
9,1,74,113,2018,4,14,6,3,4,2,0,0,1,0,0,0,0,0,678214.3147,5350258.2961,11.402202404,48.280424236,2,#fc8d62,car
9,7,61,0,2018,4,7,4,3,2,6,0,0,1,0,0,0,0,0,638562.3513,5362815.5785,10.872191904,48.403258605,2,#fc8d62,car
9,1,84,129,2018,4,14,5,3,3,6,0,1,0,0,0,0,0,0,700219.0183,5325013.9728,11.686606329,48.046978844,1,#66c2a5,bicycle
9,1,75,111,2018,4,10,6,2,5,3,0,0,1,0,1,0,0,0,712222.5603,5337072.8018,11.853468257,48.151460924,2,#fc8d62,car
9,1,62,0,2018,4,7,5,3,2,6,0,0,1,0,0,0,0,0,681855.7505,5341908.3101,11.447654732,48.204334373,2,#fc8d62,car
9,1,62,0,2018,4,12,5,3,6,4,0,0,1,1,0,0,0,0,694429.8405,5331858.3698,11.612124241,48.110283809,2,#fc8d62,car
9,1,79,121,2018,4,13,4,3,2,2,0,0,1,0,0,1,0,0,662226504.0,5337939126.0,11.18215332,48.173970023,2,#fc8d62,car
9,1,62,0,2018,4,10,4,3,3,6,1,0,1,0,0,0,0,0,687388.8762,5331760.6247,11.517583886,48.111515629,2,#fc8d62,car
9,1,75,127,2018,4,16,5,3,0,7,0,1,0,0,0,0,0,0,713246.0331,5341142.0542,11.869252307,48.187683453,1,#66c2a5,bicycle
9,1,78,124,2018,4,15,4,3,4,6,0,0,1,0,0,0,1,0,703216065.0,5361562.0885,11.744280674,48.374474825,2,#fc8d62,car
9,1,74,126,2018,4,11,6,3,5,3,0,1,1,0,0,0,0,0,683307.9206,5344273.5668,11.468203429,48.22517684,1,#66c2a5,bicycle
9,7,72,223,2018,4,9,5,3,3,6,0,0,1,0,0,1,0,0,619355516.0,5363121.9843,10.612880538,48.409943573,2,#fc8d62,car
9,1,62,0,2018,4,17,3,2,0,1,0,0,0,0,1,0,0,1,692119.3387,5342022.1789,11.585705077,48.202335019,4,#e78ac3,marker
9,1,87,170,2018,4,15,5,3,0,7,0,0,0,0,1,0,1,1,735335.42,5320958021.0,12.15489821,47.998566007,4,#e78ac3,marker
9,1,75,132,2018,4,12,6,2,9,7,0,0,0,0,1,0,0,0,705310.5429,5334132264.0,11.759228006,48.127304384,4,#e78ac3,marker
9,7,77,112,2018,4,18,3,3,2,6,0,0,1,0,0,0,0,0,622870.6124,5298785.4236,10.64181505,47.830672751,2,#fc8d62,car
9,1,62,0,2018,4,20,3,3,5,2,2,1,1,0,0,0,0,0,699316.0398,5333041.3992,11.678248748,48.119405731,1,#66c2a5,bicycle
9,1,77,120,2018,4,7,6,2,5,3,0,0,1,0,0,0,0,0,725013.6533,5358792.6077,12.036750932,48.342200284,2,#fc8d62,car
9,1,74,113,2018,4,16,5,3,5,3,0,0,1,0,1,0,0,0,678981.1079,5342767.0961,11.409362062,48.212870862,2,#fc8d62,car
9,7,71,111,2018,4,7,3,3,4,6,0,0,1,0,0,0,0,0,654186733.0,5357441248.0,11.08119261,48.351312275,2,#fc8d62,car
9,2,61,0,2018,4,7,2,3,2,6,0,0,1,0,0,0,0,1,732177.8218,5383601.9461,12.147044496,48.562469841,2,#fc8d62,car
9,7,71,112,2018,4,16,4,2,4,6,0,0,1,0,1,0,0,0,646462.6412,5369498.1322,10.981207895,48.461556376,2,#fc8d62,car
9,1,62,0,2018,4,7,5,3,5,2,0,1,1,0,0,0,0,0,692127.3915,5342114.4155,11.585855096,48.203161577,1,#66c2a5,bicycle
9,1,81,113,2018,4,5,2,2,0,1,2,0,1,0,0,0,0,1,632577.5127,5300799.8397,10.772075289,47.846860865,2,#fc8d62,car
9,1,62,0,2018,4,18,4,3,2,6,0,0,1,0,0,0,0,0,678606.3867,5336605.8297,11.401731988,48.157592966,2,#fc8d62,car
9,2,61,0,2018,4,14,5,2,5,3,0,1,1,0,0,0,0,0,732025123.0,5379597.0079,12.142747631,48.526550906,1,#66c2a5,bicycle
9,1,73,147,2018,4,14,4,3,2,6,0,0,1,0,1,0,0,0,680907.4359,5309452.1386,11.421176658,47.912856569,2,#fc8d62,car
9,1,77,117,2018,4,8,4,3,5,3,0,1,0,0,0,0,0,0,715322.9484,5355179.1241,11.904299682,48.313109518,1,#66c2a5,bicycle
9,1,63,0,2018,4,7,2,1,3,2,0,1,0,0,0,1,0,1,732648696.0,5307188612.0,12.111497247,47.875845042,1,#66c2a5,bicycle
9,1,84,123,2018,4,13,4,3,2,6,0,0,1,0,0,1,0,0,705093.3976,5332065.0186,11.755318946,48.108796906,2,#fc8d62,car
9,1,62,0,2018,4,7,4,2,4,2,0,0,1,0,1,0,0,0,685937.0377,5335266.5429,11.499627263,48.143453784,2,#fc8d62,car
9,1,90,158,2018,4,18,5,2,8,1,0,0,0,0,1,0,0,0,652038194.0,5297931132.0,11.031027848,47.816757709,4,#e78ac3,marker
9,1,87,179,2018,4,14,2,3,5,3,0,1,1,0,0,0,0,1,727674.5021,5314206.3574,12.048773798,47.940679206,1,#66c2a5,bicycle
9,1,81,130,2018,4,9,6,3,9,1,0,0,1,0,0,0,0,0,641063732.0,5323753.6985,10.892968364,48.051464099,2,#fc8d62,car
9,1,86,143,2018,4,8,2,3,2,6,0,0,1,0,0,0,0,1,685737.0769,5379982.0168,11.516662596,48.545415987,2,#fc8d62,car
9,7,72,184,2018,4,16,5,3,5,3,0,0,1,0,1,0,0,0,635960.5622,5361416.7797,10.83660374,48.391247218,2,#fc8d62,car
9,1,84,140,2018,4,19,3,3,0,7,1,0,0,0,1,0,0,0,702562.8805,5329548.2715,11.720168555,48.086988912,4,#e78ac3,marker
9,1,62,0,2018,4,13,2,3,2,6,0,0,1,0,0,1,0,1,679885.8855,5338087.4591,11.419548289,48.170550518,2,#fc8d62,car
9,1,87,177,2018,4,15,5,3,6,4,0,0,1,1,0,0,0,0,735426.1672,5305317.5091,12.147567223,47.858023382,2,#fc8d62,car
9,1,75,139,2018,4,15,6,3,2,2,0,0,1,0,0,1,0,0,710751.5433,5331586487.0,11.831001804,48.102650087,2,#fc8d62,car
9,1,88,120,2018,4,8,2,3,2,5,0,0,1,0,0,1,0,1,672996661.0,5322563945.0,11.320672657,48.032912581,2,#fc8d62,car
9,1,78,123,2018,4,7,2,3,2,6,0,0,1,0,0,0,0,0,692227.9821,5360950.7069,11.595778257,48.372422703,2,#fc8d62,car
9,1,74,146,2018,4,16,6,2,2,6,0,0,1,0,1,0,0,0,668399.3152,5349443.4402,11.269689512,48.275785607,2,#fc8d62,car
9,1,75,133,2018,4,12,2,2,4,6,0,0,1,0,0,0,1,0,709632389.0,5342393.1678,11.821309567,48.20012865,2,#fc8d62,car
9,1,78,113,2018,4,8,2,3,2,6,0,0,1,0,0,0,0,1,690961326.0,5367227247.0,11.581546551,48.429217139,2,#fc8d62,car
9,1,84,145,2018,4,8,4,3,2,6,0,0,1,0,0,0,0,0,694706.2443,5323228.7558,11.611903136,48.032638984,2,#fc8d62,car
9,1,78,133,2018,4,7,2,3,2,6,0,0,1,0,0,1,0,1,687376032.0,5366546.34,11.532823529,48.424174068,2,#fc8d62,car
9,1,78,137,2018,4,8,2,3,2,6,0,0,1,0,0,0,0,1,693668.1237,5364759.1271,11.616959964,48.406209438,2,#fc8d62,car
9,1,62,0,2018,4,10,1,3,5,2,0,0,1,0,0,0,0,0,694643346.0,5332070352.0,11.615086276,48.11212382,2,#fc8d62,car
9,7,71,122,2018,4,14,4,3,9,6,0,0,1,0,0,0,0,0,655265.9654,5359992.6067,11.096691462,48.373986092,2,#fc8d62,car
9,1,62,0,2018,4,17,5,3,0,7,0,1,0,0,0,0,0,0,694955.8405,5334096.7076,11.620206808,48.130240281,1,#66c2a5,bicycle
9,1,84,134,2018,4,8,1,3,8,1,0,0,0,0,1,0,0,0,691926.0608,5317923.3954,11.572273474,47.98579545,4,#e78ac3,marker
9,2,74,121,2018,4,12,3,3,5,3,0,0,1,0,1,0,0,0,721861.0547,5371576.7742,12.001019302,48.458170959,2,#fc8d62,car
9,1,77,133,2018,4,7,5,3,2,6,0,0,1,0,0,0,1,0,709821.3517,5359968.9776,11.832573952,48.357998522,2,#fc8d62,car
9,1,62,0,2018,4,17,5,3,2,6,0,0,1,0,0,0,0,0,679050.6191,5333337.82,11.406325958,48.128091851,2,#fc8d62,car
9,1,84,136,2018,4,20,5,3,0,7,2,1,0,0,0,0,0,0,699335.5297,5327419786.0,11.675885789,48.068877033,1,#66c2a5,bicycle
9,7,72,163,2018,4,19,1,3,0,1,0,0,0,0,1,0,0,0,641255405.0,5347495956.0,10.903422603,48.264911803,4,#e78ac3,marker
9,7,61,0,2018,4,11,1,3,0,2,0,1,1,0,1,0,0,0,641206.8127,5360929.2881,10.907268015,48.385711084,1,#66c2a5,bicycle
9,1,79,123,2018,4,14,4,3,0,7,0,1,0,0,0,0,0,0,677954.0544,5334262.4941,11.391988412,48.136711373,1,#66c2a5,bicycle
9,1,78,124,2018,4,7,5,3,4,3,0,0,1,0,0,0,0,0,705676.5441,5363224.4004,11.778280633,48.388615353,2,#fc8d62,car
9,2,74,113,2018,4,17,5,3,2,6,0,0,1,0,0,0,0,0,729067.7744,5383815.8301,12.105072154,48.565535006,2,#fc8d62,car
9,1,78,145,2018,4,19,4,3,0,1,0,1,0,0,0,0,0,0,696028309.0,5360257544.0,11.646717075,48.365024409,1,#66c2a5,bicycle
9,1,62,0,2018,4,13,4,3,5,2,0,1,1,0,0,0,0,0,684231.0542,5335412.6188,11.476778569,48.145263093,1,#66c2a5,bicycle
9,1,81,130,2018,4,18,6,3,9,1,0,0,0,0,0,0,1,0,641083.9675,5321184.6281,10.892393207,48.028358009,6,#ffd92f,circle
9,1,90,152,2018,4,17,3,3,2,6,0,0,1,0,0,0,0,0,668260.6802,5299956397.0,11.248361117,47.830928608,2,#fc8d62,car
9,1,62,0,2018,4,12,3,3,2,6,0,0,1,0,1,0,0,0,692728.8199,5339071.3043,11.592560351,48.175628836,2,#fc8d62,car
9,1,90,157,2018,4,8,4,3,4,2,0,0,1,0,0,0,0,0,660708.8803,5301262.6025,11.148011116,47.844604286,2,#fc8d62,car
9,1,62,0,2018,4,14,3,3,1,3,0,0,1,0,0,0,1,0,692196.5805,5339247.2079,11.585487858,48.177370998,2,#fc8d62,car
9,1,74,131,2018,4,6,6,3,5,3,0,0,1,0,0,0,0,0,676139351.0,5359905238.0,11.378288781,48.367720563,2,#fc8d62,car
9,7,72,163,2018,4,17,4,2,5,3,0,0,1,0,1,0,0,0,640439759.0,5345905262.0,10.891909983,48.25078985,2,#fc8d62,car
9,1,78,123,2018,4,16,6,2,5,1,0,0,1,0,0,0,0,0,693032.1282,5360716.2108,11.606517865,48.370069798,2,#fc8d62,car
9,1,81,114,2018,4,9,5,3,2,1,0,0,1,0,0,0,0,0,654595.2311,5313791.95,11.0708432,47.958760929,2,#fc8d62,car
9,7,72,111,2018,4,4,3,3,2,6,2,0,0,0,0,0,1,0,626470.0762,5364150.5941,10.709288196,48.41780586,6,#ffd92f,circle
9,1,62,0,2018,4,9,5,3,2,6,0,0,1,0,0,0,0,0,694750.6041,5337105.7166,11.618827654,48.157346748,2,#fc8d62,car
9,1,74,135,2018,4,18,4,3,3,6,0,1,1,0,0,0,0,0,663319.2719,5353513.7339,11.202848183,48.313708419,1,#66c2a5,bicycle
9,1,62,0,2018,4,11,5,3,2,6,0,0,1,0,0,1,1,0,688763.2733,5338618148.0,11.539070088,48.172746103,2,#fc8d62,car
9,1,84,120,2018,4,16,4,2,3,6,0,0,1,0,1,0,0,0,680265.4506,5333628635.0,11.422760456,48.130363096,2,#fc8d62,car
9,1,75,135,2018,4,17,5,3,0,6,0,1,0,0,0,0,0,0,708539.1242,5339109125.0,11.805002399,48.170977905,1,#66c2a5,bicycle
9,1,62,0,2018,4,11,4,3,1,6,0,0,1,0,0,0,0,0,685307.9753,5328795.5104,11.488367062,48.085472429,2,#fc8d62,car
9,1,78,124,2018,4,16,4,3,2,6,0,0,1,0,0,0,0,0,703232.6607,5361465.6781,11.744457922,48.373603112,2,#fc8d62,car
9,1,74,143,2018,4,17,6,3,0,4,0,1,0,1,0,0,0,0,675832.1181,5352205.0711,11.370931199,48.298589872,1,#66c2a5,bicycle
9,1,87,122,2018,4,13,7,3,5,3,0,0,1,0,1,0,0,0,718796.8849,5308444.1922,11.927133909,47.891995798,2,#fc8d62,car
9,7,61,0,2018,4,17,6,3,2,6,0,0,1,0,0,0,0,0,641328.8156,5355760.7786,10.907178618,48.339210475,2,#fc8d62,car
9,1,87,182,2018,4,11,1,3,2,3,0,0,1,0,0,0,0,0,738325.4093,5328176.2008,12.198932243,48.062300587,2,#fc8d62,car
9,7,72,141,2018,4,14,6,3,2,2,0,0,1,0,0,0,0,0,622471.9178,5351257.9517,10.65152241,48.302653879,2,#fc8d62,car
9,1,75,118,2018,4,13,2,3,5,3,0,0,1,0,0,0,0,0,714677.6232,5339569.2809,11.88769475,48.173069215,2,#fc8d62,car
9,7,71,160,2018,4,15,6,3,3,2,0,0,1,0,0,0,0,0,655580.3518,5351105.4233,11.097652493,48.294007411,2,#fc8d62,car
9,1,74,113,2018,4,13,3,3,5,3,0,0,1,0,0,0,0,0,677729226.0,5347681.5261,11.394586739,48.257398274,2,#fc8d62,car
9,7,71,142,2018,4,9,6,1,0,7,0,1,0,0,0,0,0,0,647260.8262,5351102.5207,10.985553278,48.295972062,1,#66c2a5,bicycle
9,1,62,0,2018,4,15,3,3,3,6,0,0,1,0,0,1,0,0,688685.4841,5336903.2548,11.537263993,48.157355582,2,#fc8d62,car
9,1,75,133,2018,4,7,7,3,5,2,0,0,1,0,1,0,0,0,707953.8644,5342050.3298,11.79857952,48.197599776,2,#fc8d62,car
9,7,61,0,2018,4,8,6,3,5,3,0,0,1,0,0,0,0,0,639830.9903,5352478.6119,10.885888793,48.310031182,2,#fc8d62,car
9,7,61,0,2018,4,11,6,3,0,1,0,0,0,0,1,0,0,0,642928.4991,5358527.4817,10.929692494,48.363727511,4,#e78ac3,marker
9,2,74,146,2018,4,17,3,3,5,3,0,1,1,0,0,0,0,0,733360.6138,5377588.6353,12.159684868,48.508015404,1,#66c2a5,bicycle
9,1,84,137,2018,4,12,7,3,2,6,0,0,0,0,1,1,0,0,706608.9841,5316593.9097,11.768191502,47.969274721,4,#e78ac3,marker
9,7,71,156,2018,4,18,6,3,3,2,0,0,1,0,1,0,0,0,655939531.0,5378820.23,11.112796274,48.543087175,2,#fc8d62,car
9,1,62,0,2018,4,14,2,3,2,6,0,0,1,0,0,0,0,0,692072.4219,5340502.0849,11.58438667,48.188687044,2,#fc8d62,car
9,1,84,136,2018,4,8,1,3,0,1,0,1,0,0,0,0,0,0,697661.1898,5326714.4239,11.653108439,48.063058663,1,#66c2a5,bicycle
9,1,75,121,2018,4,7,3,3,0,2,0,1,1,0,0,0,0,1,714170.0297,5318815.7576,11.870474175,47.98675517,1,#66c2a5,bicycle
9,1,84,114,2018,4,17,3,3,5,3,0,0,1,0,0,0,0,0,700965946.0,5322842442.0,11.695598445,48.027228261,2,#fc8d62,car
9,1,77,115,2018,4,10,7,3,5,3,0,1,1,0,0,0,0,0,734112335.0,5351215299.0,12.155152812,48.270827854,1,#66c2a5,bicycle
9,7,71,130,2018,4,18,1,3,1,6,0,0,1,0,1,0,0,0,645568.7123,5357721.5484,10.965037855,48.35587781,2,#fc8d62,car
9,1,90,130,2018,4,18,7,3,2,6,0,1,0,0,1,0,0,0,649534.7692,5296930.2793,10.99726135,47.808344701,1,#66c2a5,bicycle
9,1,90,148,2018,4,11,2,2,2,6,0,0,1,0,1,0,0,0,642574.2489,5296775.3381,10.904296564,47.808530954,2,#fc8d62,car
9,7,72,111,2018,4,16,7,3,3,6,0,0,1,0,0,0,0,0,628451.2052,5364090.6967,10.736032827,48.41686646,2,#fc8d62,car
9,7,72,171,2018,4,6,2,3,2,6,0,0,1,0,0,0,0,0,638902685.0,5369894.2536,10.879134298,48.466832781,2,#fc8d62,car
9,7,77,152,2018,4,12,3,3,4,6,0,0,1,0,1,0,0,0,625489819.0,5303433.7368,10.678146471,47.871971877,2,#fc8d62,car
9,1,79,130,2018,4,8,2,3,5,2,0,0,1,0,0,0,0,0,656615.1304,5335181.3861,11.105711588,48.150583329,2,#fc8d62,car
9,1,62,0,2018,4,18,3,3,2,6,1,0,1,0,0,0,0,0,686835.0216,5333243.8632,11.510800155,48.125010211,2,#fc8d62,car
9,1,87,117,2018,4,18,3,3,2,6,0,0,1,0,0,0,0,0,722834.2952,5306497.9889,11.980068724,47.873119937,2,#fc8d62,car
9,7,61,0,2018,4,17,7,2,0,7,0,1,0,0,0,0,0,0,636980162.0,5360152.7426,10.849957316,48.379660507,1,#66c2a5,bicycle
9,1,79,137,2018,4,18,4,3,8,1,0,0,1,0,0,0,0,0,653606.7155,5348811.4467,11.070226609,48.273864737,2,#fc8d62,car