ULAND,UREGBEZ,UKREIS,UGEMEINDE,UJAHR,UMONAT,USTUNDE,UWOCHENTAG,UKATEGORIE,UART,UTYP1,ULICHTVERH,IstRad,IstPKW,IstFuss,IstKrad,IstGkfz,IstSonstig,STRZUSTAND,LINREFX,LINREFY,XGCSWGS84,YGCSWGS84,Teilnehmer,color,symbol
9,1,85,158,2018,4,18,7,2,5,3,0,0,1,0,1,0,0,0,667218.2743,5380078.4221,11.265994768,48.551492679,2,#fc8d62,car
9,7,73,122,2018,4,11,3,3,5,3,0,0,1,0,0,0,0,0,625796.1472,5383313.8487,10.70595904,48.590264724,2,#fc8d62,car
9,1,63,0,2018,4,9,1,3,0,1,0,1,0,0,0,0,0,0,732580.4297,5302033.3157,12.107814305,47.829553776,1,#66c2a5,bicycle
9,1,88,113,2018,4,11,1,3,8,1,0,1,0,0,0,0,0,0,676139.8943,5315978.2553,11.360097367,47.972851155,1,#66c2a5,bicycle
9,1,78,124,2018,4,16,2,3,4,2,0,0,1,0,1,0,0,0,700147342.0,5357076761.0,11.700755443,48.335147551,2,#fc8d62,car
9,1,62,0,2018,4,16,3,3,2,6,0,0,1,0,0,0,0,0,685521.8355,5342857.3807,11.497364545,48.211804197,2,#fc8d62,car
9,1,75,111,2018,4,14,7,3,5,3,0,1,1,0,0,0,0,0,712231.8776,5335968.6529,11.853042987,48.141536167,1,#66c2a5,bicycle
9,1,77,112,2018,4,14,4,3,5,3,0,0,1,0,1,0,0,0,716432.53,5363889.93,11.92372357,48.390996768,2,#fc8d62,car
9,1,79,138,2018,4,12,7,2,0,1,0,0,0,0,1,0,0,0,654141.7885,5333862.9716,11.07200256,48.13933363,4,#e78ac3,marker
9,1,75,123,2018,4,16,1,3,2,6,0,0,1,0,0,0,0,0,724056.1759,5337205.4625,12.012426513,48.148595008,2,#fc8d62,car
9,1,62,0,2018,4,21,2,3,0,7,2,0,0,0,1,0,0,0,685205.1982,5328914.2426,11.487039773,48.086569528,4,#e78ac3,marker
9,1,62,0,2018,4,13,3,3,2,6,0,0,1,0,0,0,0,0,689482.1629,5340601.9705,11.549614648,48.190362759,2,#fc8d62,car
9,1,62,0,2018,4,23,6,3,5,2,2,0,1,0,0,0,0,0,685938.1577,5340766.1303,11.502047098,48.192885631,2,#fc8d62,car
9,2,61,0,2018,4,19,2,3,5,7,0,1,1,0,0,0,0,0,732674.0703,5378762.7099,12.151058338,48.518816469,1,#66c2a5,bicycle
9,1,62,0,2018,4,17,7,3,5,3,0,0,1,0,1,0,0,0,685483.3405,5328726.8025,11.490689774,48.084803846,2,#fc8d62,car
9,1,62,0,2018,4,9,2,3,5,3,0,0,1,0,0,0,0,0,687108643.0,5331939297.0,11.513901073,48.113203982,2,#fc8d62,car
9,1,73,126,2018,4,19,7,2,2,7,0,1,0,0,0,0,0,0,681450339.0,5306323.4319,11.427120215,47.884578442,1,#66c2a5,bicycle
9,1,87,182,2018,4,16,2,3,6,4,0,0,0,1,0,1,0,0,739965.0005,5326978.5092,12.220232155,48.05092744,3,#8da0cb,toilet
9,1,82,120,2018,4,16,3,2,2,6,0,0,1,0,0,1,0,0,703170.6551,5309331.5405,11.718751823,47.905107398,2,#fc8d62,car
9,7,61,0,2018,4,14,7,3,2,6,0,0,1,0,0,0,0,0,641438.3036,5354630.4429,10.908275829,48.329022374,2,#fc8d62,car
9,7,61,0,2018,4,13,2,3,1,6,0,0,1,0,0,0,0,0,644828.0539,5356345.7478,10.95457244,48.343677756,2,#fc8d62,car
9,1,88,121,2018,4,9,4,3,2,6,0,0,1,0,0,0,0,0,671983.4183,5329703.2261,11.30996338,48.09736676,2,#fc8d62,car
9,1,87,150,2018,4,11,7,3,5,2,0,1,1,0,0,0,0,0,729601.3804,5303360.9338,12.068770602,47.842551947,1,#66c2a5,bicycle
9,7,77,182,2018,4,6,3,3,5,1,0,0,1,0,0,1,0,0,626961122.0,5308663609.0,10.699351699,47.918716976,2,#fc8d62,car
9,1,85,113,2018,4,15,3,3,2,6,0,0,1,0,0,0,0,0,666927.6878,5378389013.0,11.261383199,48.536383458,2,#fc8d62,car
9,1,78,113,2018,4,8,4,3,2,6,0,0,1,0,0,0,0,0,691495.0951,5368161.9462,11.589181815,48.437455531,2,#fc8d62,car
9,7,72,147,2018,4,12,3,3,5,3,0,0,1,0,0,0,0,0,638490437.0,5365287521.0,10.872036845,48.425501447,2,#fc8d62,car
9,1,79,123,2018,4,15,1,2,5,2,0,0,1,0,1,0,0,0,676549.6526,5334265.3654,11.373129048,48.137128375,2,#fc8d62,car
9,1,62,0,2018,4,8,1,2,5,2,0,0,1,0,1,0,0,0,696794.6707,5333691.4199,11.644706358,48.126031956,2,#fc8d62,car
9,1,78,120,2018,4,16,3,3,2,6,0,0,1,0,0,0,0,0,694866.9589,5352867.8035,11.627637291,48.298971007,2,#fc8d62,car
9,1,86,152,2018,4,6,2,3,2,6,0,0,1,0,0,0,0,0,691522.5636,5373814.8487,11.59214016,48.488251233,2,#fc8d62,car
9,1,74,118,2018,4,17,3,3,5,3,1,1,1,0,0,0,0,0,671336.6438,5355197.4351,11.311581172,48.326722602,1,#66c2a5,bicycle
9,1,75,116,2018,4,13,4,3,0,1,0,1,0,0,0,0,0,0,708471.5316,5319760.4943,11.794652512,47.997127395,1,#66c2a5,bicycle
9,1,78,120,2018,4,20,7,3,2,6,2,0,1,0,0,0,0,0,692262.5485,5353212.2707,11.592713226,48.302863583,2,#fc8d62,car
9,2,74,134,2018,4,12,3,3,4,6,0,0,1,0,0,0,0,0,739148.3552,5375596.0175,12.23678095,48.487941343,2,#fc8d62,car
9,1,62,0,2018,4,20,7,3,2,3,2,0,1,0,0,0,0,0,697378621.0,5331339.6553,11.651456862,48.104715029,2,#fc8d62,car
9,1,84,119,2018,4,15,2,3,2,6,0,0,1,0,0,0,1,0,694416.5886,5347423012.0,11.619067164,48.250175368,2,#fc8d62,car
9,1,75,132,2018,4,16,3,3,5,6,0,0,1,0,0,0,1,0,705062.1036,5336248.2282,11.756911771,48.146399674,2,#fc8d62,car
9,1,75,124,2018,4,19,7,3,0,1,0,1,0,0,0,0,0,0,713373108.0,5329359375.0,11.865058792,48.08176527,1,#66c2a5,bicycle
9,7,72,216,2018,4,11,1,2,5,3,0,0,1,0,0,0,0,0,621024.7107,5369953.7533,10.637401127,48.471062117,2,#fc8d62,car
9,1,82,137,2018,4,20,3,3,3,6,1,0,1,0,0,1,0,0,708811.1006,5305239.1663,11.79215978,47.866519655,2,#fc8d62,car
9,7,72,125,2018,4,13,7,3,5,1,0,0,1,0,1,0,0,0,636138.5213,5348070.8661,10.834694874,48.271201874,2,#fc8d62,car
9,7,71,122,2018,4,17,2,3,3,6,0,0,1,0,0,1,0,1,656255.8094,5359339415.0,11.109806076,48.36786926,2,#fc8d62,car
9,1,84,145,2018,4,19,7,3,2,1,0,0,1,0,0,0,0,0,695433.7595,5322902.6273,11.621503117,48.029485641,2,#fc8d62,car
9,1,79,145,2018,4,6,2,3,5,3,0,0,1,0,1,0,0,0,673584566.0,5336454031.0,11.334200278,48.157619105,2,#fc8d62,car
9,1,77,135,2018,4,15,4,1,4,6,0,0,1,0,0,0,0,0,717578.19,5342436928.0,11.928127199,48.197849175,2,#fc8d62,car
9,1,79,142,2018,4,5,7,2,1,1,2,0,0,0,0,1,0,0,674524.8064,5344802.6274,11.350264366,48.232409891,5,#a6d854,bus
9,7,71,141,2018,4,11,2,3,5,3,0,1,1,0,0,0,0,0,657010.8294,5375277.2537,11.125966496,48.510968065,1,#66c2a5,bicycle
9,1,88,139,2018,4,14,4,3,2,6,0,0,1,0,0,0,0,0,673807.6483,5317979.4736,11.329684306,47.991479292,2,#fc8d62,car
9,1,87,122,2018,4,9,7,3,2,6,0,0,1,0,0,0,0,0,716518.5554,5308560.7655,11.896752672,47.893815879,2,#fc8d62,car
9,1,87,126,2018,4,21,1,3,5,3,2,0,1,0,0,0,0,0,740633842.0,5326064509.0,12.228679267,48.042465389,2,#fc8d62,car
9,1,88,113,2018,4,13,1,2,5,3,0,1,0,0,1,0,0,0,677058.3095,5314230.5623,11.371672593,47.956886803,1,#66c2a5,bicycle
9,1,78,130,2018,4,8,2,3,2,2,0,0,1,0,0,0,0,0,701530437.0,5355471286.0,11.718629425,48.320280383,2,#fc8d62,car
9,1,62,0,2018,4,23,3,3,7,1,2,0,1,0,0,1,0,0,688722459.0,5344550.0222,11.541158776,48.22607405,2,#fc8d62,car
9,1,62,0,2018,4,15,3,3,1,5,0,0,1,0,0,1,0,0,688919.6928,5331708.2631,11.538106494,48.110592782,2,#fc8d62,car
9,1,75,135,2018,4,15,7,3,5,2,0,1,1,0,0,0,0,0,708972435.0,5339467796.0,11.810999766,48.174058646,1,#66c2a5,bicycle
9,1,62,0,2018,4,17,7,3,2,6,0,0,1,0,0,0,0,0,679753.3333,5334885.7062,11.416414451,48.141807698,2,#fc8d62,car
9,7,77,140,2018,4,3,1,1,9,1,2,0,1,0,0,0,0,0,628333788.0,5318062494.0,10.720521248,48.002969678,2,#fc8d62,car
9,1,77,133,2018,4,13,1,2,4,2,0,0,1,0,0,0,0,0,709265.2412,5360138.0143,11.825160051,48.359701954,2,#fc8d62,car
9,1,62,0,2018,4,12,1,3,0,1,0,0,0,0,1,0,0,0,696292.4603,5333745.1617,11.637989375,48.126670004,4,#e78ac3,marker
9,1,77,121,2018,4,1,3,3,9,1,2,0,1,0,0,0,0,1,730652.3329,5365855.85,12.116607913,48.403618532,2,#fc8d62,car
9,1,62,0,2018,4,9,3,3,2,6,0,0,1,0,1,0,0,0,682519.6862,5335646.5779,11.453893454,48.147859384,2,#fc8d62,car
9,1,77,123,2018,4,11,7,1,8,1,0,0,0,0,1,0,0,0,728163.3631,5345438.1366,12.071986731,48.221097395,4,#e78ac3,marker
9,7,61,0,2018,4,17,1,3,2,6,0,0,1,0,0,0,0,0,641503799.0,5357821384.0,10.910231163,48.35769952,2,#fc8d62,car
9,2,74,134,2018,4,16,7,3,3,2,0,1,1,0,0,0,0,0,740788583.0,5373939536.0,12.257989613,48.47243702,1,#66c2a5,bicycle
9,7,77,121,2018,4,12,2,3,4,2,0,0,1,0,1,0,0,0,628215072.0,5321589732.0,10.719985494,48.034714307,2,#fc8d62,car
9,1,88,139,2018,4,16,6,2,9,7,0,0,1,0,0,0,0,0,680233.8267,5320809072.0,11.416930277,48.015136481,2,#fc8d62,car
9,1,84,136,2018,4,17,2,3,6,4,0,0,1,1,0,0,0,0,697935.8489,5327489.0718,11.657149527,48.069935583,2,#fc8d62,car
9,2,73,178,2018,4,19,7,2,9,1,0,0,1,0,0,0,0,0,711288537.0,5385750437.0,11.86538021,48.589161739,2,#fc8d62,car
9,1,90,159,2018,4,16,6,3,5,3,0,0,1,0,0,0,0,0,662452.8049,5304543531.0,11.17253556,47.873664564,2,#fc8d62,car
9,1,90,138,2018,4,13,1,3,3,7,0,1,0,0,0,0,0,0,660746.0861,5310509.3056,11.151950561,47.927732301,1,#66c2a5,bicycle
9,1,90,157,2018,4,9,6,3,5,3,0,0,1,0,1,0,0,0,660457.6424,5300042.4468,11.144203251,47.833696467,2,#fc8d62,car
9,1,82,123,2018,4,15,3,1,3,6,0,0,1,0,0,1,0,0,715997447.0,5301566.6097,11.886296223,47.831142251,2,#fc8d62,car
9,7,72,147,2018,4,14,7,3,2,6,0,0,1,0,0,0,0,0,635993139.0,5364427849.0,10.838019192,48.418315483,2,#fc8d62,car
9,2,61,0,2018,4,23,7,3,5,3,2,0,1,0,0,0,0,0,732795.0715,5383060985.0,12.155095262,48.557381734,2,#fc8d62,car
9,1,90,152,2018,4,19,6,3,9,1,1,0,0,0,1,0,0,0,669717.0471,5297760.5587,11.266945892,47.810804451,4,#e78ac3,marker
9,7,61,0,2018,4,8,2,3,2,6,0,0,1,0,0,0,0,0,643805.5332,5360671.8119,10.942259799,48.382808918,2,#fc8d62,car
9,1,86,162,2018,4,13,4,3,5,3,0,0,1,0,0,0,0,0,694566.6869,5385721.2041,11.638855369,48.594316509,2,#fc8d62,car
9,1,85,113,2018,4,18,1,2,3,6,0,0,0,0,1,0,0,0,670033219.0,5374042385.0,11.301647492,48.496477386,4,#e78ac3,marker
9,1,81,114,2018,4,7,2,2,1,7,0,1,1,0,0,0,1,0,656618.3672,5312762.4627,11.09755014,47.949012897,1,#66c2a5,bicycle
9,1,73,134,2018,4,16,6,2,5,3,0,0,1,0,1,0,0,0,685944.5626,5299909.1795,11.484420671,47.825635166,2,#fc8d62,car
9,7,61,0,2018,4,14,7,3,4,2,0,1,1,0,0,0,0,0,638470.8616,5356011.6931,10.868715651,48.342099501,1,#66c2a5,bicycle
9,1,74,126,2018,4,16,4,3,2,6,0,0,1,0,0,0,0,0,684147.7327,5344316.3884,11.47951896,48.225318522,2,#fc8d62,car
9,1,86,143,2018,4,13,7,3,9,1,0,0,1,1,0,0,0,0,685560.7206,5379070.9088,11.513869654,48.537279441,2,#fc8d62,car
9,1,88,132,2018,4,9,1,3,5,3,0,0,1,0,0,0,0,0,664310199.0,5322371.9554,11.204165711,48.033480529,2,#fc8d62,car
9,1,84,149,2018,4,13,1,3,4,2,0,0,1,0,0,0,0,0,691164401.0,5352534449.0,11.577613109,48.297104345,2,#fc8d62,car
9,1,75,118,2018,4,9,3,3,2,6,0,0,0,0,0,1,0,0,718678.3296,5338646512.0,11.940962094,48.163414313,5,#a6d854,bus
9,1,90,142,2018,4,18,7,3,4,2,0,0,1,0,0,0,0,0,657832232.0,5297982038.0,11.10839385,47.815820318,2,#fc8d62,car
9,1,87,177,2018,4,14,6,3,2,6,0,0,1,0,0,0,0,0,736760.5213,5306056.7663,12.165783726,47.864174443,2,#fc8d62,car
9,1,79,134,2018,4,14,3,2,0,3,0,0,1,0,1,0,0,0,666301153.0,5342132469.0,11.238561898,48.210615047,2,#fc8d62,car
9,1,63,0,2018,4,6,6,3,5,2,0,1,1,0,0,0,0,0,730670.8445,5303429.6657,12.083079961,47.842786705,1,#66c2a5,bicycle
9,1,75,116,2018,4,18,4,2,5,3,0,0,1,0,1,0,0,0,707678626.0,5321103329.0,11.784686216,48.009452824,2,#fc8d62,car
9,1,79,130,2018,4,14,7,2,2,6,0,0,1,0,1,0,0,0,656647.7873,5335171.5727,11.106146745,48.150487055,2,#fc8d62,car
9,1,77,127,2018,4,12,1,2,4,2,0,1,1,0,0,0,0,0,725682.2243,5349276.6849,12.040674652,48.25647069,1,#66c2a5,bicycle
9,1,84,134,2018,4,15,2,2,0,2,0,1,0,0,0,0,0,0,691609.7092,5315983.7827,11.567173064,47.968456696,1,#66c2a5,bicycle
9,1,62,0,2018,4,18,3,3,5,2,0,1,1,0,0,0,0,0,685672.8333,5331787.0152,11.49456297,48.112255406,1,#66c2a5,bicycle
9,2,61,0,2018,4,15,1,3,4,2,0,0,0,0,1,0,1,0,733158754.0,5380982286.0,12.158852981,48.538574447,4,#e78ac3,marker
9,1,77,143,2018,4,18,7,2,8,1,0,0,1,0,1,0,0,0,723226.6127,5365605.4877,12.016284425,48.404041946,2,#fc8d62,car
9,1,73,126,2018,4,7,3,2,5,3,0,0,1,0,0,0,0,1,685056.2353,5303866.8501,11.474255345,47.861466979,2,#fc8d62,car
9,7,73,122,2018,4,19,1,3,0,7,0,1,0,0,0,0,0,0,626850.5669,5383940.7567,10.720443086,48.59568932,1,#66c2a5,bicycle
9,1,73,118,2018,4,11,7,3,9,1,0,0,1,0,0,0,0,0,685844.7266,5307018.2537,11.486143031,47.889567067,2,#fc8d62,car
9,1,73,134,2018,4,17,1,3,5,3,0,1,1,0,0,0,0,0,685945.8256,5299906.8613,11.484436534,47.825613962,1,#66c2a5,bicycle
9,1,63,0,2018,4,17,2,3,5,3,0,0,1,0,0,0,0,0,733182.8902,5302886.4885,12.116311625,47.8370007,2,#fc8d62,car
9,7,72,209,2018,4,13,7,3,5,3,0,1,1,0,0,0,0,0,635764542.0,5335600133.0,10.825665195,48.15914201,1,#66c2a5,bicycle
9,1,86,125,2018,4,15,6,3,9,1,0,0,1,0,0,0,0,0,675587.3652,5374738.2193,11.377057223,48.501204646,2,#fc8d62,car
9,7,61,0,2018,4,17,2,3,5,3,0,1,1,0,0,0,0,0,642775473.0,5357573.0923,10.92730384,48.355180723,1,#66c2a5,bicycle
9,1,88,139,2018,4,16,4,3,6,4,0,0,1,1,0,0,0,0,673961.9082,5320244.7278,11.332668596,48.011801358,2,#fc8d62,car
9,1,87,179,2018,4,15,1,3,3,2,0,0,1,0,1,0,0,0,728485274.0,5313187.48,12.059074284,47.931236589,2,#fc8d62,car
9,1,88,139,2018,4,7,2,3,2,6,0,0,1,0,0,0,0,0,674454.2684,5318549313.0,11.3385756,47.996425926,2,#fc8d62,car
9,1,86,143,2018,4,17,3,3,2,6,0,0,1,0,0,0,0,0,685407.59,5377816965.0,11.51123949,48.526054635,2,#fc8d62,car
9,1,62,0,2018,4,15,6,3,2,6,0,0,1,0,0,0,0,0,686150.5502,5333320.5676,11.501644432,48.12590017,2,#fc8d62,car
9,1,75,133,2018,4,17,4,2,5,3,0,0,1,0,0,0,0,0,708664.3179,5340774.2859,11.807501761,48.185900117,2,#fc8d62,car
9,1,62,0,2018,4,18,7,3,9,6,0,0,1,0,0,0,0,0,680554.0018,5339556.8891,11.429150639,48.183569515,2,#fc8d62,car
9,1,88,139,2018,4,12,6,3,6,4,0,0,0,1,0,0,1,0,674735.6768,5318989.6731,11.342523939,48.00030778,3,#8da0cb,toilet
9,1,74,141,2018,4,14,1,3,0,1,0,1,0,0,0,0,0,0,683037082.0,5355705.8972,11.469510394,48.328013428,1,#66c2a5,bicycle
9,7,72,223,2018,4,14,5,3,9,1,0,0,1,0,0,0,0,0,625375.1921,5364243.7263,10.694525051,48.418862183,2,#fc8d62,car
9,7,61,0,2018,4,14,5,3,0,1,0,1,0,0,0,0,0,0,641182018.0,5360777.8573,10.906882426,48.38435503,1,#66c2a5,bicycle
9,7,61,0,2018,4,12,5,3,2,6,0,0,1,0,0,0,0,0,641358.8639,5352525.6416,10.906499062,48.310114413,2,#fc8d62,car
9,7,78,116,2018,4,9,6,3,2,6,0,0,1,0,0,0,0,0,620176.6953,5322121.3455,10.612346826,48.041058925,2,#fc8d62,car
9,7,61,0,2018,4,22,5,3,2,6,2,0,1,0,0,0,0,0,640382.6772,5360385.2455,10.895961095,48.381003195,2,#fc8d62,car
9,1,84,121,2018,4,4,7,3,5,3,2,0,1,0,0,0,0,0,705442.3527,5331118.9415,11.759545863,48.100182471,2,#fc8d62,car
9,1,86,162,2018,4,14,7,3,2,6,0,0,1,0,0,0,0,0,691191.5818,5382500.3952,11.591647863,48.566410371,2,#fc8d62,car
9,2,74,183,2018,4,14,1,3,0,1,0,0,0,0,1,0,0,0,739827961.0,5362530862.0,12.238490728,48.370330026,4,#e78ac3,marker
9,7,77,121,2018,4,16,6,3,0,1,0,1,0,0,0,0,0,0,627728.4647,5321988.2711,10.713579637,48.038395933,1,#66c2a5,bicycle
9,1,84,135,2018,4,15,1,3,2,6,0,0,1,0,0,0,0,0,692205.9142,5343970.3631,11.58775169,48.219818457,2,#fc8d62,car
9,1,85,158,2018,4,9,6,3,4,2,0,1,1,0,0,0,0,0,667477.6296,5380480.7379,11.269668284,48.555039995,1,#66c2a5,bicycle
9,1,79,142,2018,4,4,7,3,9,1,2,0,1,0,0,0,0,0,676980.8091,5342750.2385,11.382452221,48.213280285,2,#fc8d62,car
9,7,72,209,2018,4,18,6,3,5,3,0,0,1,0,0,0,0,0,636845.8112,5337308.8274,10.840747498,48.174275254,2,#fc8d62,car
9,7,72,223,2018,4,16,7,3,8,1,0,0,1,0,0,0,0,0,619949.7061,5363197.9646,10.620928362,48.410514047,2,#fc8d62,car
9,1,62,0,2018,4,10,1,3,5,2,0,1,1,0,0,0,0,0,699726.3901,5332939.1599,11.683708549,48.118358319,1,#66c2a5,bicycle
9,1,75,122,2018,4,14,7,3,5,3,0,0,1,0,0,0,0,0,721004.0564,5326072.53,11.965684607,48.049633889,2,#fc8d62,car
9,1,84,119,2018,4,6,7,3,8,1,0,0,1,0,0,0,0,0,694009.1695,5344805.3349,11.612385715,48.226773969,2,#fc8d62,car
9,1,73,147,2018,4,15,7,2,4,2,0,0,1,0,1,0,0,0,680560.0138,5307945.3156,11.415900429,47.899409153,2,#fc8d62,car
9,1,87,177,2018,4,12,6,3,3,2,0,1,1,0,0,0,0,0,736003624.0,5305636428.0,12.155449557,47.86067668,1,#66c2a5,bicycle
9,1,62,0,2018,4,15,6,3,2,6,0,0,1,0,0,0,0,0,689324.0633,5339017.3223,11.546783383,48.176167088,2,#fc8d62,car
9,1,77,113,2018,4,19,1,3,9,1,1,0,1,0,0,0,0,0,718473.4065,5353380.1842,11.945804394,48.295866101,2,#fc8d62,car
9,1,87,170,2018,4,7,2,3,5,3,0,0,1,0,0,0,0,0,732212.2472,5322117.8712,12.113721178,48.010127608,2,#fc8d62,car
9,1,88,118,2018,4,17,1,3,2,6,0,0,1,0,0,0,0,0,671862.5285,5313564.1339,11.301868572,47.952311229,2,#fc8d62,car
9,1,86,151,2018,4,6,6,3,4,6,0,0,1,0,0,0,0,0,679582.6258,5376438.5906,11.431825473,48.515358852,2,#fc8d62,car
9,1,84,123,2018,4,18,7,1,2,6,0,0,1,0,1,0,0,0,703003563.0,5331895.1838,11.727195484,48.107940048,2,#fc8d62,car
9,1,87,130,2018,4,14,6,3,4,6,0,0,1,0,0,0,0,0,710750.5108,5310649.4522,11.820701699,47.914505658,2,#fc8d62,car
9,7,61,0,2018,4,19,1,3,2,6,0,0,1,0,0,0,0,0,643141.2212,5357583.4176,10.932241614,48.35519076,2,#fc8d62,car
9,1,85,158,2018,4,10,6,3,2,6,0,0,1,0,0,0,0,0,667429.8714,5381907.2434,11.269595504,48.567875948,2,#fc8d62,car
9,1,81,127,2018,4,12,2,3,8,1,0,0,1,0,0,0,0,0,635141.0985,5322999.2583,10.813295019,48.045961411,2,#fc8d62,car
9,1,81,146,2018,4,13,7,3,5,3,0,0,1,0,1,0,0,0,650574508.0,5325616751.0,11.021171947,48.066042707,2,#fc8d62,car
9,1,83,139,2018,4,13,1,3,8,6,0,0,0,0,1,0,0,0,734809.3209,5330889.8507,12.153302661,48.087981993,4,#e78ac3,marker
9,7,71,169,2018,4,15,7,2,5,3,0,0,0,0,1,0,1,0,641560.3797,5375572.2526,10.916992186,48.517293302,4,#e78ac3,marker
9,1,84,121,2018,4,12,1,2,4,6,0,0,1,0,0,0,0,0,706284.2263,5325971.4031,11.768355819,48.053651916,2,#fc8d62,car
9,2,74,121,2018,4,19,7,3,0,1,0,1,0,0,0,0,0,0,723852.9987,5370912.5891,12.027569371,48.451498628,1,#66c2a5,bicycle
9,1,77,113,2018,4,7,7,3,8,1,0,0,1,0,0,0,0,0,718158.4307,5354698.3812,11.942244378,48.307818538,2,#fc8d62,car
9,1,87,137,2018,4,19,1,3,8,1,0,0,1,0,0,0,0,0,729845.9212,5310984.2531,12.076089387,47.910955663,2,#fc8d62,car
9,1,79,134,2018,4,17,6,3,8,1,0,0,0,0,1,0,0,0,668960.9091,5345103.9218,11.275519834,48.236625155,4,#e78ac3,marker
9,1,90,159,2018,4,13,5,2,5,3,0,0,1,0,0,0,0,0,663277.8948,5305794.5944,11.184034414,47.884703417,2,#fc8d62,car
9,1,90,148,2018,4,11,7,2,5,3,0,0,1,0,1,0,0,0,639817.7559,5296447.1959,10.867393992,47.806184796,2,#fc8d62,car
9,1,84,136,2018,4,12,6,3,5,3,0,1,1,0,0,0,0,0,697287.0334,5326619.9416,11.648048304,48.062325311,1,#66c2a5,bicycle
9,1,79,138,2018,4,13,1,2,5,3,0,0,1,0,1,0,0,0,652568.8157,5339297.1009,11.052821973,48.188571853,2,#fc8d62,car
9,1,81,132,2018,4,18,6,3,2,6,0,0,1,0,0,0,0,0,643130.1296,5325714.9927,10.921338181,48.06864002,2,#fc8d62,car
9,7,71,129,2018,4,19,6,3,2,6,0,0,1,0,0,0,0,0,658900.0397,5356915.8667,11.144568284,48.345420681,2,#fc8d62,car
9,1,82,137,2018,4,17,5,3,8,6,0,0,1,0,0,0,0,0,709508.6405,5307858.3575,11.802745739,47.889830197,2,#fc8d62,car
9,1,87,129,2018,4,17,5,3,2,6,0,0,1,0,0,0,0,0,725693.5802,5300312.7211,12.01502761,47.816547343,2,#fc8d62,car
9,1,86,143,2018,4,14,5,3,5,3,0,0,1,0,0,0,0,0,684672391.0,5377295953.0,11.501060832,48.521588598,2,#fc8d62,car
9,1,79,125,2018,4,15,6,3,2,2,0,0,1,0,0,0,1,0,662013.2174,5331476.8554,11.17682729,48.11592571,2,#fc8d62,car
9,1,84,142,2018,4,13,7,3,0,1,0,1,0,0,0,0,0,0,683912.9756,5317400.6633,11.464760053,47.983450612,1,#66c2a5,bicycle
9,1,74,113,2018,4,8,5,3,2,6,0,0,1,0,0,0,1,0,670603.8329,5347725.6279,11.298684382,48.259753236,2,#fc8d62,car
9,1,79,126,2018,4,13,5,3,5,3,0,1,1,0,0,0,0,0,677211.5023,5339700.4881,11.384281762,48.185801492,1,#66c2a5,bicycle
9,1,62,0,2018,4,18,6,3,0,2,0,1,1,0,0,0,0,0,694803.8688,5332344.3423,11.617365753,48.114537263,1,#66c2a5,bicycle
9,1,84,112,2018,4,17,5,3,2,6,0,0,1,0,0,0,0,0,702963.1723,5339589477.0,11.730320706,48.177099606,2,#fc8d62,car
9,1,62,0,2018,4,14,7,2,0,1,0,0,0,0,1,0,0,0,679236.3325,5334757.7638,11.40941697,48.140803479,4,#e78ac3,marker
9,1,84,118,2018,4,17,5,3,5,3,0,0,1,0,0,1,0,0,704802528.0,5336850.3871,11.753715849,48.151894621,2,#fc8d62,car
9,1,75,132,2018,4,16,5,3,2,6,0,0,1,0,0,0,0,0,706712.4921,5330520.2891,11.776296068,48.094391943,2,#fc8d62,car
9,1,79,136,2018,4,7,6,2,2,6,0,0,1,0,0,1,0,0,659869.7748,5340875.1476,11.151580745,48.200963707,2,#fc8d62,car
9,1,77,117,2018,4,18,5,2,4,6,0,0,1,0,0,0,0,0,717295.1739,5353691.0095,11.930099181,48.299064469,2,#fc8d62,car
9,1,87,129,2018,4,9,7,2,4,2,0,0,1,0,0,0,0,0,725584234.0,5296639.6086,12.011659204,47.783582578,2,#fc8d62,car
9,1,75,122,2018,4,17,5,2,5,2,0,0,1,0,1,0,0,0,720281.1738,5325020489.0,11.955456251,48.040431015,2,#fc8d62,car
9,1,84,139,2018,4,14,4,3,5,3,0,1,1,0,0,0,0,0,687360.4481,5326224.8597,11.514774025,48.061766509,1,#66c2a5,bicycle
9,1,74,115,2018,4,22,6,3,0,1,2,1,0,0,0,0,0,0,681105.4686,5347363.6377,11.439897155,48.253584976,1,#66c2a5,bicycle
9,7,77,118,2018,4,15,7,3,5,3,0,0,0,0,1,0,0,0,629157.7695,5299194.3865,10.725908504,47.833118763,4,#e78ac3,marker
9,1,84,147,2018,4,7,4,2,6,3,0,0,1,1,0,0,0,0,695691.6606,5339979.7175,11.632791026,48.182887697,2,#fc8d62,car
9,1,77,116,2018,4,15,6,3,2,6,0,0,1,0,0,0,0,0,711589.4826,5364382.9502,11.858634268,48.397069873,2,#fc8d62,car
9,1,84,130,2018,4,16,1,3,5,3,0,1,1,0,0,0,0,0,702505457.0,5349325.7989,11.728820467,48.264742459,1,#66c2a5,bicycle