ULAND,UREGBEZ,UKREIS,UGEMEINDE,UJAHR,UMONAT,USTUNDE,UWOCHENTAG,UKATEGORIE,UART,UTYP1,ULICHTVERH,IstRad,IstPKW,IstFuss,IstKrad,IstGkfz,IstSonstig,STRZUSTAND,LINREFX,LINREFY,XGCSWGS84,YGCSWGS84,Teilnehmer,color,symbol
9,1,62,0,2018,4,16,6,3,1,6,0,0,1,0,0,0,0,0,686702.2932,5331078.6329,11.508070306,48.105587253,2,#fc8d62,car
9,1,62,0,2018,4,17,4,3,4,2,0,1,1,0,0,0,0,0,688707802.0,5337868.6234,11.537992055,48.166025787,1,#66c2a5,bicycle
9,1,84,135,2018,4,7,4,3,0,7,0,1,0,0,0,0,0,0,689295202.0,5346700662.0,11.549823782,48.245233145,1,#66c2a5,bicycle
9,1,62,0,2018,4,22,4,3,5,2,2,1,1,0,0,0,0,0,688324.5303,5340190.1476,11.533871161,48.187005545,1,#66c2a5,bicycle
9,1,62,0,2018,4,9,4,3,5,2,0,0,1,0,0,0,0,0,690060348.0,5339291561.0,11.55680029,48.178412153,2,#fc8d62,car
9,7,72,211,2018,4,15,6,1,4,6,0,0,1,0,0,0,0,0,622281.3978,5355521019.0,10.650190812,48.341028278,2,#fc8d62,car
9,1,62,0,2018,4,7,4,3,3,2,0,1,1,0,0,0,0,0,687743658.0,5329432.6697,11.521321561,48.090486785,1,#66c2a5,bicycle
9,1,78,143,2018,4,10,6,3,2,6,0,0,1,0,0,1,0,0,719869247.0,5371653.2762,11.974155112,48.459557309,2,#fc8d62,car
9,1,62,0,2018,4,11,4,2,2,6,2,0,1,0,1,0,0,0,694503.3069,5334983.0592,11.614535998,48.138344896,2,#fc8d62,car
9,1,84,149,2018,4,10,1,3,5,3,0,1,1,0,0,0,0,0,690706.9365,5351938.4055,11.571182074,48.291885339,1,#66c2a5,bicycle
9,1,75,124,2018,4,8,7,3,5,3,0,0,1,0,0,0,1,0,715148.1197,5328623.5179,11.888490965,48.074556709,2,#fc8d62,car
9,1,84,131,2018,4,11,7,3,7,7,0,0,1,0,0,0,1,0,704759.4689,5336938.2186,11.753179836,48.152697786,2,#fc8d62,car
9,7,61,0,2018,4,12,4,3,2,6,0,0,1,0,0,0,1,0,644540489.0,5357632.5877,10.951135673,48.35531413,2,#fc8d62,car
9,1,75,132,2018,4,17,6,3,5,3,0,1,1,0,0,0,0,0,707897.9967,5336186282.0,11.794961322,48.144922619,1,#66c2a5,bicycle
9,7,72,184,2018,4,7,4,3,0,1,0,1,0,0,0,0,0,0,635066.4995,5363626.4126,10.825243756,48.411308324,1,#66c2a5,bicycle
9,7,72,202,2018,4,16,4,3,2,6,0,0,1,0,0,0,0,0,634560.9315,5359030.4128,10.816942905,48.37008906,2,#fc8d62,car
9,7,61,0,2018,4,21,4,3,5,3,2,1,1,0,0,0,0,0,640837.6135,5360481.7716,10.902134144,48.381769727,1,#66c2a5,bicycle
9,1,84,134,2018,4,21,6,3,2,5,2,0,1,0,1,0,0,0,691621.6304,5316081.5252,11.567376188,47.969331656,2,#fc8d62,car
9,1,74,135,2018,4,13,1,3,5,2,0,0,1,0,1,0,0,0,663396.5517,5352837.1961,11.203627721,48.307606358,2,#fc8d62,car
9,1,87,165,2018,4,23,2,3,8,1,2,0,1,0,0,0,0,0,727905.7968,5300444.9736,12.044607104,47.816956038,2,#fc8d62,car
9,7,72,178,2018,4,15,1,3,2,6,0,0,0,0,1,0,0,0,621654.6432,5344356.6926,10.638520334,48.240748061,4,#e78ac3,marker
9,1,77,118,2018,4,7,6,3,2,6,0,0,1,0,0,0,0,0,708934.7542,5344346.0938,11.812893939,48.217907582,2,#fc8d62,car
9,7,78,116,2018,4,9,6,2,2,6,0,0,1,0,0,0,0,0,620074.8816,5322115.8278,10.610979858,48.04102846,2,#fc8d62,car
9,1,62,0,2018,4,8,5,3,5,3,0,1,1,0,0,0,0,0,689196.2572,5329865.3973,11.541001307,48.09394671,1,#66c2a5,bicycle
9,1,62,0,2018,4,19,7,2,8,6,0,0,0,0,1,0,0,0,682984.0875,5338882.6043,11.461523247,48.176813389,4,#e78ac3,marker
9,1,62,0,2018,4,17,5,3,5,2,0,0,1,0,0,0,0,0,692044.7826,5341301.7004,11.584376766,48.195882123,2,#fc8d62,car
9,1,62,0,2018,4,16,5,3,1,6,0,0,1,0,0,0,1,0,685888.3215,5335270.6374,11.498974786,48.143504823,2,#fc8d62,car
9,1,87,173,2018,4,18,7,3,5,3,0,0,1,0,0,0,0,0,742481.3198,5319629.51,12.249788479,47.983963125,2,#fc8d62,car
9,1,62,0,2018,4,18,5,2,6,4,0,0,1,1,0,0,0,0,693370.3027,5339260.8651,11.601266511,48.177137677,2,#fc8d62,car
9,1,62,0,2018,4,14,5,3,5,3,0,1,1,0,0,0,0,0,692177.0034,5331295.6293,11.581636403,48.105909656,1,#66c2a5,bicycle
9,1,88,121,2018,4,18,2,3,2,6,0,0,1,0,0,0,0,1,669955537.0,5329183528.0,11.282541911,48.093238836,2,#fc8d62,car
9,1,63,0,2018,4,10,6,3,4,2,0,0,1,0,0,0,0,0,732931155.0,5303176.73,12.11310865,47.839699493,2,#fc8d62,car
9,1,88,139,2018,4,10,7,3,0,3,0,0,1,0,1,0,0,0,672695.2847,5319058.8842,11.315221358,48.001484346,2,#fc8d62,car
9,7,61,0,2018,4,4,6,3,0,1,2,1,0,0,0,0,0,0,639669.8237,5360873.5964,10.886501296,48.38555252,1,#66c2a5,bicycle
9,7,72,184,2018,4,11,7,2,5,3,0,0,1,0,1,0,0,0,632912.5822,5358944.2019,10.79466983,48.369663131,2,#fc8d62,car
9,7,78,116,2018,4,17,5,3,2,6,0,0,1,0,0,0,0,0,619837.5991,5319715.0297,10.607126024,48.019481242,2,#fc8d62,car
9,1,62,0,2018,4,6,1,3,7,7,0,0,1,0,0,0,0,0,688531.7579,5335152.7927,11.534423625,48.141667783,2,#fc8d62,car
9,1,77,118,2018,4,13,7,2,9,1,0,0,0,0,1,0,0,0,710377.8002,5343796.1264,11.832024381,48.212488928,4,#e78ac3,marker
9,1,90,159,2018,4,11,7,2,5,3,0,0,1,0,0,0,0,0,663096.4443,5305781.3587,11.181604121,47.884630543,2,#fc8d62,car
9,1,62,0,2018,4,17,6,3,4,6,0,1,0,0,0,0,0,0,692193.1782,5342945.6429,11.58711607,48.210612473,1,#66c2a5,bicycle
9,1,62,0,2018,4,16,6,3,5,2,0,0,1,0,0,0,1,0,696037.4596,5333806374.0,11.634594317,48.127298724,2,#fc8d62,car
9,1,88,139,2018,4,13,1,3,8,1,0,0,0,0,0,0,1,0,676204.4605,5318291.4994,11.361910712,47.993628435,6,#ffd92f,circle
9,1,74,135,2018,4,11,6,2,3,1,0,0,1,0,0,0,1,0,661559.6748,5354552.0639,11.179530482,48.323495155,2,#fc8d62,car
9,1,84,135,2018,4,17,7,3,4,1,0,0,1,0,0,0,0,0,689842.8543,5349179.1501,11.558304924,48.267345565,2,#fc8d62,car
9,2,61,0,2018,4,7,4,3,8,1,0,0,1,0,0,0,0,0,737502.9123,5384375.1634,12.219547063,48.567420781,2,#fc8d62,car
9,1,75,131,2018,4,19,1,2,9,1,0,0,0,0,1,0,0,0,709557.4706,5324043.4821,11.811285069,48.03526081,4,#e78ac3,marker
9,2,74,121,2018,4,17,4,3,8,1,0,0,0,0,1,0,0,0,727173.0122,5369772.7869,12.071787099,48.440069816,4,#e78ac3,marker
9,1,73,130,2018,4,17,4,3,3,6,0,0,1,0,0,0,0,0,680990873.0,5314751.75,11.424519796,47.96047245,2,#fc8d62,car
9,1,82,123,2018,4,14,7,3,5,3,0,0,1,0,0,0,1,0,718475.6247,5302147.5793,11.91966011,47.835525788,2,#fc8d62,car
9,1,90,157,2018,4,9,4,3,5,3,0,0,1,0,0,0,0,0,660299.7359,5300930.3854,11.142423457,47.841719433,2,#fc8d62,car
9,7,62,0,2018,4,7,6,3,3,2,0,1,0,0,0,0,1,0,620725.9366,5304022.3823,10.614631351,47.878179327,1,#66c2a5,bicycle
9,1,90,115,2018,4,7,4,3,5,3,0,1,1,0,0,0,0,0,671473078.0,5304146451.0,11.292911844,47.867749674,1,#66c2a5,bicycle
9,1,79,121,2018,4,11,2,3,0,7,0,1,1,0,0,0,0,0,667619.3144,5338613.8359,11.254902237,48.178636134,1,#66c2a5,bicycle
9,1,73,118,2018,4,12,4,3,8,7,0,0,1,0,0,0,0,0,693283505.0,5301637816.0,11.583147352,47.839009623,2,#fc8d62,car
9,1,74,115,2018,4,18,7,3,3,6,0,0,1,0,0,0,0,0,681659.1252,5346623.0677,11.4470313,48.246769851,2,#fc8d62,car
9,7,61,0,2018,4,15,6,3,2,6,0,0,1,0,0,0,0,0,637518.9664,5359961.5373,10.857167501,48.377824004,2,#fc8d62,car
9,1,84,122,2018,4,15,1,3,5,3,0,0,1,0,1,0,0,0,689610.1081,5326965.6657,11.545267003,48.067760446,2,#fc8d62,car
9,2,61,0,2018,4,14,7,3,5,3,0,1,1,0,0,0,0,0,732099.4587,5379956.0297,12.143952744,48.529748452,1,#66c2a5,bicycle
9,1,77,117,2018,4,22,7,3,5,3,2,0,1,0,0,0,0,0,717772.3525,5353454.39,11.936402858,48.296774442,2,#fc8d62,car
9,1,84,114,2018,4,12,4,3,2,6,0,0,0,0,0,1,0,0,701288.5555,5314269.9588,11.695902429,47.950083907,5,#a6d854,bus
9,1,87,165,2018,4,14,4,3,3,7,0,0,1,0,0,1,0,0,733590.6686,5299650.6431,12.120008759,47.807781553,2,#fc8d62,car
9,1,87,182,2018,4,11,4,3,5,3,0,0,1,0,0,1,0,0,737427.01,5327694.41,12.186625422,48.05830748,2,#fc8d62,car
9,1,87,134,2018,4,12,4,2,0,1,0,1,0,0,0,0,0,0,737420.1733,5316840.5138,12.180526835,47.960806555,1,#66c2a5,bicycle
9,1,87,163,2018,4,17,4,3,8,1,0,1,0,0,0,0,0,0,739372558.0,5309385456.0,12.202498026,47.893109378,1,#66c2a5,bicycle
9,1,63,0,2018,4,13,4,3,0,1,0,1,0,0,0,0,0,0,733123.5456,5305353.2431,12.116848552,47.859183794,1,#66c2a5,bicycle
9,7,78,137,2018,4,21,1,1,4,6,2,0,1,0,0,0,0,0,624892981.0,5329593207.0,10.67777885,48.107349729,2,#fc8d62,car
9,1,87,169,2018,4,13,6,3,2,6,0,0,1,0,0,0,0,0,735586.3864,5299446.8227,12.146512966,47.80522327,2,#fc8d62,car
9,1,82,133,2018,4,12,4,3,5,2,0,0,0,0,1,0,1,0,704377.5396,5306252.4787,11.733425254,47.877052223,4,#e78ac3,marker
9,1,62,0,2018,4,15,6,3,5,2,0,0,1,0,1,0,0,0,685474.4956,5335316.0488,11.493436802,48.144033777,2,#fc8d62,car
9,1,74,121,2018,4,12,1,3,2,2,0,0,1,0,0,0,0,0,691041298.0,5352868.8426,11.576106266,48.30014692,2,#fc8d62,car
9,1,82,137,2018,4,9,2,3,3,6,0,0,1,0,0,1,1,1,712025.9167,5304973.2558,11.834962931,47.863077153,2,#fc8d62,car
9,1,87,122,2018,4,12,4,3,5,3,0,0,1,0,0,0,0,0,718084.0451,5308186.1389,11.91747977,47.889919601,2,#fc8d62,car
9,7,72,159,2018,4,13,1,3,8,1,0,1,0,0,0,0,0,0,628426.7056,5360773.8301,10.734687095,48.387044782,1,#66c2a5,bicycle
9,1,88,141,2018,4,13,6,2,5,3,0,1,1,0,0,0,0,0,669976024.0,5308096473.0,11.274464787,47.903659356,1,#66c2a5,bicycle
9,7,61,0,2018,5,16,4,3,0,2,0,1,1,0,0,0,0,0,636720.4338,5360469.3269,10.846554499,48.382563542,1,#66c2a5,bicycle
9,1,85,158,2018,5,13,7,2,5,2,0,0,1,0,0,1,0,0,665832.5741,5380396.0187,11.247358592,48.554715604,2,#fc8d62,car
9,7,61,0,2018,5,17,4,3,1,6,0,0,1,0,0,0,0,0,638291.3734,5361317.5717,10.868039246,48.389848368,2,#fc8d62,car
9,7,61,0,2018,5,13,4,3,4,6,0,1,0,0,0,0,0,0,638750.2956,5361130.4485,10.874173116,48.388065007,1,#66c2a5,bicycle
9,7,61,0,2018,5,17,4,3,2,2,0,0,1,0,0,0,0,0,642802.3079,5359785651.0,10.92841702,48.375068906,2,#fc8d62,car
9,7,61,0,2018,5,15,4,3,4,2,0,0,1,0,0,0,0,0,640991.2948,5360400.8165,10.904181392,48.381007483,2,#fc8d62,car
9,1,84,114,2018,5,16,6,3,9,7,0,0,1,0,0,1,0,0,698905.7434,5320957973.0,11.667121372,48.01093659,2,#fc8d62,car
9,1,81,130,2018,5,13,2,3,4,2,0,0,1,0,0,0,0,0,642254104.0,5324565807.0,10.909203145,48.058502433,2,#fc8d62,car
9,1,74,113,2018,5,7,1,3,9,1,0,0,1,0,0,0,0,0,669282.7001,5349416.7847,11.281575337,48.275310453,2,#fc8d62,car
9,1,84,136,2018,5,10,6,3,3,2,0,1,1,0,0,0,0,0,698599.6504,5327179543.0,11.66590684,48.06694742,1,#66c2a5,bicycle
9,1,74,115,2018,5,7,2,3,5,3,0,1,1,0,0,0,0,0,680643.8048,5348411.4461,11.434130672,48.263135121,1,#66c2a5,bicycle
9,1,75,124,2018,5,14,1,2,5,3,0,1,1,0,0,0,0,0,712921.6542,5329357.9896,11.859004055,48.08190373,1,#66c2a5,bicycle
9,2,61,0,2018,5,10,2,2,5,3,0,0,1,0,0,0,0,0,730193404.0,5380891024.0,12.118690181,48.538849313,2,#fc8d62,car
9,1,84,141,2018,5,13,5,3,3,2,0,0,1,0,0,0,1,0,697015.3094,5319438.0237,11.641102684,47.997861368,2,#fc8d62,car
9,1,73,137,2018,5,17,1,3,2,6,0,0,1,0,0,0,0,0,679086.8442,5308553.0481,11.396459549,47.905285208,2,#fc8d62,car
9,1,79,134,2018,5,17,6,2,4,2,0,1,0,0,1,0,0,0,665380.0958,5341947.9428,11.226101454,48.209196814,1,#66c2a5,bicycle
9,1,78,120,2018,5,15,2,3,2,6,0,0,1,0,0,0,0,0,694467236.0,5354618.9976,11.623060126,48.314832427,2,#fc8d62,car
9,7,61,0,2018,5,11,1,2,8,1,0,0,1,0,0,0,0,0,639841964.0,5354875232.0,10.886831562,48.331578685,2,#fc8d62,car
9,1,87,124,2018,5,16,2,3,2,6,0,0,0,0,1,0,1,0,732992.3101,5329598.6188,12.12823541,48.077048664,4,#e78ac3,marker
9,1,87,169,2018,5,18,1,3,2,6,0,0,1,0,0,0,0,0,741364.4681,5298778.2065,12.223188914,47.79707696,2,#fc8d62,car
9,1,74,135,2018,5,12,7,3,9,7,0,0,1,0,0,0,0,0,661971.2485,5354268.9334,11.184969887,48.320844461,2,#fc8d62,car
9,2,61,0,2018,5,9,5,3,5,3,0,0,1,0,1,0,0,0,733028.8058,5378181.2374,12.155530149,48.513461744,2,#fc8d62,car
9,1,63,0,2018,5,15,6,3,2,6,0,0,1,0,0,0,0,0,735767.1587,5303913.1432,12.151353804,47.845281849,2,#fc8d62,car
9,1,74,122,2018,5,19,2,3,5,3,0,1,1,0,0,0,0,0,684449269.0,5353045.44,11.487381467,48.303690225,1,#66c2a5,bicycle
9,1,86,128,2018,5,8,1,3,2,6,0,0,1,0,0,0,0,0,677622.8434,5385157.0312,11.409031239,48.594280755,2,#fc8d62,car
9,1,75,139,2018,5,19,7,2,4,2,0,0,1,0,1,0,0,0,710388.5494,5331073611.0,11.825879103,48.098161307,2,#fc8d62,car
9,1,62,0,2018,5,8,5,3,2,6,0,0,0,0,1,0,1,0,679858904.0,5338058798.0,11.419173586,48.170300522,4,#e78ac3,marker
9,2,74,134,2018,5,18,4,2,4,2,0,0,1,0,1,0,0,0,741247704.0,5374723648.0,12.264643574,48.479303871,2,#fc8d62,car
9,2,61,0,2018,5,18,4,3,1,7,0,1,1,0,0,0,0,0,732107.0097,5379959.7965,12.144056964,48.529779496,1,#66c2a5,bicycle
9,1,62,0,2018,5,19,7,3,5,2,0,0,1,0,1,0,0,0,684233.1489,5343361.9551,11.480253245,48.216714895,2,#fc8d62,car
9,2,61,0,2018,5,11,4,3,0,3,0,1,1,0,0,0,0,0,732384.1255,5380352.5658,12.148023715,48.533205132,1,#66c2a5,bicycle
9,2,61,0,2018,5,15,4,3,5,2,0,1,1,0,0,0,0,0,731820423.0,5381192039.0,12.14086631,48.540954397,1,#66c2a5,bicycle
9,1,79,147,2018,5,18,1,2,8,1,0,1,0,0,0,0,0,0,663901.2988,5334774.0233,11.20344477,48.145085153,1,#66c2a5,bicycle
9,1,62,0,2018,5,13,6,3,5,3,0,0,1,0,0,0,0,0,697385876.0,5331316768.0,11.651543626,48.104507084,2,#fc8d62,car
9,1,73,130,2018,5,6,4,2,3,6,0,0,1,0,0,0,0,0,680050.9847,5313454.8916,11.411398013,47.949079623,2,#fc8d62,car
9,1,90,138,2018,5,22,7,3,9,7,2,0,1,0,0,0,0,0,662044.6299,5308350.0437,11.168509904,47.907991708,2,#fc8d62,car
9,1,90,148,2018,5,13,4,3,2,6,0,0,1,0,0,0,0,0,642665842.0,5296788.9525,10.905523711,47.808633085,2,#fc8d62,car
9,1,75,118,2018,5,16,6,3,5,3,0,0,1,0,0,0,0,0,716641.9173,5340667.4003,11.914641461,48.182269642,2,#fc8d62,car
9,7,72,223,2018,5,7,6,3,4,6,0,0,1,0,0,0,0,0,616577.3352,5357771.5676,10.573868568,48.362346356,2,#fc8d62,car
9,1,84,145,2018,5,15,1,3,5,3,0,0,1,0,0,0,0,0,695137.9699,5325584.9417,11.618762191,48.053683954,2,#fc8d62,car
9,1,88,144,2018,5,9,5,3,5,2,0,0,1,0,0,0,0,0,665827.3071,5328302.9536,11.226800832,48.086409831,2,#fc8d62,car
9,1,84,114,2018,5,10,5,2,2,6,0,0,1,0,0,1,0,0,700045414.0,5318528.1943,11.681253299,47.988743729,2,#fc8d62,car
9,2,74,126,2018,5,14,2,3,1,7,0,0,1,0,1,0,0,0,733778737.0,5384020.7495,12.168944813,48.565636971,2,#fc8d62,car
9,1,62,0,2018,5,12,5,3,5,3,0,1,1,0,0,0,0,0,692177.0161,5331295.6114,11.581636566,48.105909492,1,#66c2a5,bicycle
9,1,73,130,2018,5,13,1,3,6,7,0,0,1,1,0,0,0,0,681805.5763,5313670.0432,11.434966061,47.950518043,2,#fc8d62,car
9,7,72,159,2018,5,18,7,2,5,3,0,0,1,0,1,0,0,0,626859.8435,5362553099.0,10.71407058,48.403362012,2,#fc8d62,car
9,1,87,150,2018,5,18,4,3,3,2,0,1,1,0,0,0,0,0,728439.2876,5304455.5225,12.053839136,47.852800325,1,#66c2a5,bicycle
9,1,88,120,2018,5,15,5,3,5,3,0,1,1,0,0,0,0,0,678042713.0,5326867959.0,11.390093778,48.070215788,1,#66c2a5,bicycle
9,1,87,177,2018,5,16,2,3,5,3,0,1,1,0,0,0,0,0,735629.0286,5304634.5694,12.149903196,47.851813643,1,#66c2a5,bicycle
9,7,72,177,2018,5,16,5,3,1,6,0,0,1,0,0,0,1,0,637351372.0,5380110.0451,10.861522029,48.55903012,2,#fc8d62,car
9,1,82,133,2018,5,15,1,2,8,1,0,0,0,0,1,0,0,0,708293.7085,5305815.9128,11.78552777,47.871870691,4,#e78ac3,marker
9,1,81,146,2018,5,7,7,2,8,1,0,0,1,0,0,0,0,0,647946.2956,5325049.5802,10.985719194,48.061557893,2,#fc8d62,car
9,1,81,115,2018,5,9,4,3,2,6,0,0,1,0,0,0,0,0,657680.9588,5327113341.0,11.117048464,48.077781396,2,#fc8d62,car
9,1,90,148,2018,5,10,5,3,2,6,0,0,1,0,0,1,0,0,642297.3488,5300288.4994,10.901754252,47.840184352,2,#fc8d62,car
9,1,79,121,2018,5,16,5,2,5,3,0,1,1,0,0,0,0,0,669364.4895,5337216.0981,11.277803232,48.165607985,1,#66c2a5,bicycle
9,1,74,146,2018,5,7,4,3,2,6,0,0,1,0,0,0,0,0,669071.1393,5349551.3099,11.278780092,48.276576304,2,#fc8d62,car
9,1,81,128,2018,5,8,4,3,4,2,0,0,1,0,1,0,0,0,638327.1064,5327612.4765,10.857513782,48.086762613,2,#fc8d62,car
9,1,74,143,2018,5,16,4,3,5,3,0,0,1,0,0,0,0,0,676140.1521,5351913.0574,11.374959226,48.295879295,2,#fc8d62,car
9,1,84,119,2018,5,8,5,3,2,6,0,0,1,0,0,0,0,0,696427.6193,5348885.2375,11.646807428,48.262696652,2,#fc8d62,car
9,1,62,0,2018,5,18,4,3,9,6,0,0,1,0,0,0,0,0,694333.0973,5344713.2384,11.61670055,48.225847111,2,#fc8d62,car
9,1,77,116,2018,5,7,4,3,5,3,0,0,1,0,0,0,0,0,711967.6048,5361478.2115,11.86227119,48.370842835,2,#fc8d62,car
9,1,84,135,2018,5,21,3,3,5,2,2,0,1,0,1,0,0,0,687866.5021,5347462.7622,11.530936814,48.252507896,2,#fc8d62,car
9,1,81,130,2018,5,14,2,3,5,3,0,0,1,0,0,0,0,0,641985818.0,5322095847.0,10.904785097,48.036351986,2,#fc8d62,car
9,1,62,0,2018,5,18,1,3,2,6,0,0,1,0,0,0,0,0,683827.5683,5333011.6922,11.470323357,48.123798844,2,#fc8d62,car
9,1,62,0,2018,5,13,6,3,5,2,0,1,1,0,0,0,0,0,688389.3479,5340192.5807,11.534743463,48.187008195,1,#66c2a5,bicycle
9,1,84,142,2018,5,17,3,3,5,3,0,0,1,0,1,0,0,0,683663668.0,5318034.4028,11.461693114,47.989218849,2,#fc8d62,car
9,1,84,135,2018,5,9,5,3,2,6,0,0,1,0,0,1,0,0,693060.5625,5344973.7361,11.599702855,48.228576882,2,#fc8d62,car
9,1,62,0,2018,5,14,3,3,7,6,0,1,0,0,0,0,0,0,687552641.0,5326974208.0,11.51767974,48.068445477,1,#66c2a5,bicycle
9,1,62,0,2018,5,7,5,3,2,6,0,0,1,0,0,0,0,0,695154.6117,5343752.4145,11.627307983,48.216959654,2,#fc8d62,car
9,7,77,121,2018,5,4,6,2,3,6,2,0,1,0,0,1,0,0,630771.8366,5321886.7597,10.754358305,48.036866954,2,#fc8d62,car
9,7,72,207,2018,5,19,3,2,8,1,0,0,1,0,0,0,0,0,643459.6981,5380789.0618,10.944493586,48.563767369,2,#fc8d62,car
9,1,74,115,2018,5,9,2,2,5,3,0,1,1,0,0,0,0,0,683309.4686,5347925.1239,11.469804715,48.25799821,1,#66c2a5,bicycle
9,1,78,120,2018,5,22,1,3,2,6,2,0,1,0,0,1,0,0,695031039.0,5353127.0521,11.62996713,48.301250384,2,#fc8d62,car
9,1,84,147,2018,5,12,6,3,2,6,0,0,1,0,0,0,0,0,695562.0767,5339914.8835,11.631019702,48.182344907,2,#fc8d62,car
9,1,84,138,2018,5,13,4,3,0,7,0,1,0,1,0,0,0,0,680400.7615,5330354.3539,11.423192191,48.100892428,1,#66c2a5,bicycle
9,1,62,0,2018,5,9,5,3,0,7,0,1,0,0,0,0,0,0,688712.7792,5336272893.0,11.537351119,48.151681721,1,#66c2a5,bicycle
9,7,71,160,2018,5,15,6,3,0,1,0,1,0,0,0,0,0,0,651592845.0,5350617.79,11.043750866,48.290590885,1,#66c2a5,bicycle
9,1,84,131,2018,5,6,4,3,5,3,0,1,0,0,0,0,0,0,705995.2574,5338179658.0,11.770377093,48.163454845,1,#66c2a5,bicycle
9,1,84,136,2018,5,20,4,3,3,2,1,1,1,0,0,0,0,0,697664.8017,5326715.3101,11.653157275,48.063065509,1,#66c2a5,bicycle
9,1,62,0,2018,5,18,4,3,2,6,0,0,1,0,1,0,0,0,688418.3442,5340183.0381,11.535128974,48.186913825,2,#fc8d62,car
9,1,84,118,2018,5,19,4,3,5,3,0,1,0,0,0,0,1,0,704023.3544,5336221.5163,11.742950381,48.146493597,1,#66c2a5,bicycle
9,1,62,0,2018,5,15,4,3,5,7,0,0,1,0,0,0,0,0,699704.0474,5332943.2529,11.68341059,48.118402111,2,#fc8d62,car
9,1,87,169,2018,5,12,6,3,2,6,0,0,1,0,0,0,0,0,738988.7916,5299020.8209,12.191648783,47.800142413,2,#fc8d62,car
9,1,79,123,2018,5,7,2,3,5,2,0,1,1,0,0,0,0,0,675958073.0,5333558.0142,11.36489208,48.130933638,1,#66c2a5,bicycle
9,1,88,139,2018,5,13,1,3,0,6,0,0,1,0,1,0,0,0,675963.4316,5322363.0988,11.360353362,48.030296563,2,#fc8d62,car
9,1,62,0,2018,5,10,6,3,3,6,0,0,1,0,0,0,0,0,688294.9521,5334990.4149,11.531171685,48.140278428,2,#fc8d62,car
9,1,84,134,2018,5,16,4,2,0,1,0,1,0,0,0,0,0,0,691889.3435,5317722.2286,11.57169201,47.98399835,1,#66c2a5,bicycle
9,7,71,144,2018,5,8,5,3,9,6,0,0,1,0,0,0,0,0,660567.9528,5374406.0836,11.173760021,48.502237006,2,#fc8d62,car
9,1,88,117,2018,5,11,7,3,5,3,0,1,1,0,0,0,0,0,663051203.0,5314930.3512,11.184461823,47.966898498,1,#66c2a5,bicycle
9,1,73,118,2018,5,17,5,2,3,6,0,0,1,0,0,0,0,0,689123.8428,5301665.3618,11.527623906,47.840494146,2,#fc8d62,car
9,1,90,157,2018,5,21,3,3,0,3,2,0,1,0,1,0,0,0,660214361.0,5300034792.0,11.140951785,47.833688298,2,#fc8d62,car
9,1,90,139,2018,5,12,3,3,6,7,0,0,1,0,0,0,1,0,655789.1411,5296481.9271,11.080581027,47.802829896,2,#fc8d62,car
9,1,90,152,2018,5,14,3,3,9,7,0,0,1,0,0,0,0,0,670093.4748,5297835.4089,11.271999201,47.811378012,2,#fc8d62,car
9,1,62,0,2018,5,13,7,3,1,6,0,0,1,0,1,0,0,0,692162.4691,5339311.9864,11.585058754,48.177963527,2,#fc8d62,car
9,1,83,126,2018,5,14,3,1,5,3,0,0,1,0,1,0,0,0,730782705.0,5338504526.0,12.103433194,48.15786102,2,#fc8d62,car
9,1,87,176,2018,5,14,3,2,8,7,0,0,1,0,0,0,0,0,738000.7688,5331502.9507,12.196434238,48.092306135,2,#fc8d62,car
9,7,62,0,2018,5,13,4,2,0,7,0,1,0,0,0,0,0,0,622166.0102,5304219.9616,10.633939238,47.879683894,1,#66c2a5,bicycle
9,1,74,111,2018,5,18,3,2,3,6,0,1,1,0,0,0,0,0,665336.2447,5361372.6537,11.233117903,48.383834498,1,#66c2a5,bicycle
9,1,77,133,2018,5,15,3,3,0,1,0,1,0,0,0,0,0,0,711117226.0,5354411.2113,11.847261763,48.307627155,1,#66c2a5,bicycle
9,1,81,133,2018,5,5,6,2,8,1,2,0,1,0,0,0,0,0,644622.8383,5314575.2479,10.937605691,47.968134739,2,#fc8d62,car
9,1,84,135,2018,4,13,2,3,5,3,0,1,1,0,0,0,0,0,689374.9576,5347054.0539,11.551055049,48.248385567,1,#66c2a5,bicycle
9,7,61,0,2018,5,7,6,3,2,6,0,0,1,0,0,0,0,0,637479.0535,5359766.6883,10.856565053,48.376080645,2,#fc8d62,car
9,1,62,0,2018,4,17,2,3,2,6,0,0,1,0,0,0,0,0,685578.0827,5335304.4052,11.494822937,48.143898912,2,#fc8d62,car
9,1,77,115,2018,5,18,2,3,1,6,0,0,1,0,0,0,0,0,733149.4594,5352410.6658,12.142855556,48.281921186,2,#fc8d62,car
9,1,62,0,2018,4,14,2,2,3,6,0,0,1,0,1,0,0,0,691882.2251,5331766.6717,11.577892475,48.110232194,2,#fc8d62,car
9,2,74,113,2018,5,15,2,3,2,6,0,0,1,0,0,0,0,0,728452.7346,5383903.5959,12.096796022,48.566547817,2,#fc8d62,car