ULAND,UREGBEZ,UKREIS,UGEMEINDE,UJAHR,UMONAT,USTUNDE,UWOCHENTAG,UKATEGORIE,UART,UTYP1,ULICHTVERH,IstRad,IstPKW,IstFuss,IstKrad,IstGkfz,IstSonstig,STRZUSTAND,LINREFX,LINREFY,XGCSWGS84,YGCSWGS84,Teilnehmer,color,symbol
9,1,62,0,2018,5,5,5,3,5,3,0,0,1,0,0,0,0,0,691074.6572,5339225.5738,11.570401479,48.177514887,2,#fc8d62,car
9,1,62,0,2018,5,15,1,3,2,6,0,0,1,0,0,0,1,0,687009.0012,5331326.5912,11.512295056,48.107726031,2,#fc8d62,car
9,1,87,170,2018,5,21,2,3,2,5,2,0,1,0,0,0,1,0,733707.1155,5318316.3722,12.131665728,47.975431209,2,#fc8d62,car
9,7,72,147,2018,5,20,5,3,2,6,2,0,1,0,0,0,0,0,635143.3997,5364391.4408,10.826528876,48.41817094,2,#fc8d62,car
9,1,74,135,2018,5,13,7,2,2,6,0,0,1,0,0,0,0,0,663616.6121,5352926.7256,11.206627968,48.308354346,2,#fc8d62,car
9,7,77,121,2018,5,12,4,3,4,7,0,0,1,0,0,0,0,0,626448.1801,5322873.0573,10.696672786,48.046607816,2,#fc8d62,car
9,7,61,0,2018,4,13,2,3,2,2,0,0,1,0,0,0,0,0,642049163.0,5364855.4746,10.919967606,48.420824259,2,#fc8d62,car
9,7,61,0,2018,5,3,1,3,0,7,2,1,0,0,0,0,0,0,640556.6346,5360226.5977,10.898256108,48.379537958,1,#66c2a5,bicycle
9,7,61,0,2018,4,12,2,3,2,6,0,0,1,0,0,0,0,0,641431.5011,5352742.2575,10.907550771,48.31204592,2,#fc8d62,car
9,7,61,0,2018,4,12,2,2,2,6,0,0,1,0,1,0,0,0,637864.8619,5353032.2751,10.859567352,48.315441341,2,#fc8d62,car
9,1,90,140,2018,5,11,6,2,0,7,0,1,0,0,0,0,0,0,645363188.0,5302999.2565,10.943614983,47.863874252,1,#66c2a5,bicycle
9,1,75,114,2018,5,18,7,1,8,1,0,0,1,0,0,0,0,0,718353.1753,5324025.2992,11.929116651,48.032151052,2,#fc8d62,car
9,1,83,119,2018,5,15,5,3,5,6,0,0,1,0,0,0,0,0,734539688.0,5339640849.0,12.154502598,48.166694584,2,#fc8d62,car
9,1,79,142,2018,5,16,6,3,3,6,0,0,1,0,0,1,0,0,676695927.0,5342986.9266,11.378719276,48.215487275,2,#fc8d62,car
9,7,62,0,2018,5,23,6,3,9,1,2,0,1,0,0,0,0,0,622212.2307,5304155.5359,10.634538935,47.879095671,2,#fc8d62,car
9,1,74,135,2018,5,17,2,3,0,1,0,1,0,0,0,0,0,0,663416.2314,5352831.1031,11.203890565,48.307546497,1,#66c2a5,bicycle
9,1,74,126,2018,5,18,1,3,6,6,0,1,0,1,0,0,0,0,683041.8426,5344504.7286,11.464724009,48.227331464,1,#66c2a5,bicycle
9,1,84,134,2018,5,16,6,2,8,7,0,0,1,0,0,0,0,0,694177.3335,5323099.3397,11.604756965,48.031636834,2,#fc8d62,car
9,1,75,133,2018,5,10,6,2,1,6,0,0,1,0,0,0,0,0,707934105.0,5342114354.0,11.798345289,48.198181576,2,#fc8d62,car
9,7,71,130,2018,5,14,6,3,2,1,0,0,1,0,0,0,0,0,644643549.0,5363022.2029,10.954380819,48.403750476,2,#fc8d62,car
9,1,84,122,2018,5,17,1,3,2,6,0,1,1,0,0,0,0,0,687824.3236,5323863.4821,11.519957588,48.040405137,1,#66c2a5,bicycle
9,1,87,182,2018,5,12,5,2,4,1,0,0,1,0,0,0,0,0,739944.1453,5328026.7302,12.220540504,48.060351316,2,#fc8d62,car
9,1,90,152,2018,5,17,2,3,2,2,0,0,1,0,0,0,0,0,674026286.0,5298882747.0,11.32490748,47.819742268,2,#fc8d62,car
9,7,61,0,2018,5,20,7,3,0,1,0,1,0,0,0,0,0,0,640497.2766,5354172.8499,10.895434278,48.325117701,1,#66c2a5,bicycle
9,7,78,116,2018,5,16,1,3,5,2,0,0,1,0,0,0,1,0,620467.9713,5312280.9919,10.613490752,47.952503682,2,#fc8d62,car
9,1,87,165,2018,5,16,2,3,0,7,0,0,0,0,1,1,0,0,727192.9084,5300038.6151,12.034884459,47.813557024,4,#e78ac3,marker
9,7,72,147,2018,5,17,5,3,0,1,0,0,0,0,1,0,0,0,634294.4606,5366550.3341,10.815752716,48.437765212,4,#e78ac3,marker
9,1,81,130,2018,5,14,7,3,2,6,0,0,1,0,0,0,0,0,639569.7954,5323197.8535,10.872750739,48.046794248,2,#fc8d62,car
9,7,71,122,2018,5,7,3,3,2,6,0,0,1,0,0,1,0,0,655972.31,5359440.2442,11.106018279,48.368845885,2,#fc8d62,car
9,7,72,217,2018,5,16,3,2,7,6,0,0,0,0,1,0,1,0,636446771.0,5380210.1031,10.849301461,48.560127324,4,#e78ac3,marker
9,7,71,142,2018,5,9,3,3,2,6,0,0,1,0,0,0,0,0,645489.6141,5352530.3286,10.962178404,48.309219824,2,#fc8d62,car
9,7,61,0,2018,5,18,3,3,5,3,0,0,1,0,0,0,0,0,638046502.0,5361358.3745,10.864746758,48.390268905,2,#fc8d62,car
9,7,61,0,2018,5,16,3,3,2,6,0,0,1,0,0,0,0,0,639347.9846,5360884.3879,10.88216028,48.385720735,2,#fc8d62,car
9,7,61,0,2018,5,6,3,3,0,7,0,1,0,0,0,0,0,0,644206.6972,5357598.8585,10.946621005,48.355087173,1,#66c2a5,bicycle
9,1,62,0,2018,5,17,4,3,2,6,0,0,1,0,0,0,0,0,696158.1611,5335082801.0,11.636802345,48.138733356,2,#fc8d62,car
9,1,78,125,2018,5,7,4,2,4,2,0,0,1,0,0,1,0,0,717330.4966,5381489.4976,11.944980929,48.548812912,2,#fc8d62,car
9,1,81,141,2018,5,10,4,3,2,6,0,0,1,0,0,0,0,0,643960.6666,5319886.1283,10.930520421,48.016039938,2,#fc8d62,car
9,2,61,0,2018,5,21,4,2,8,1,2,0,1,0,0,0,0,0,729061.0357,5380851.7703,12.103350635,48.538911017,2,#fc8d62,car
9,2,74,182,2018,5,15,4,3,8,1,0,1,0,0,0,0,0,0,728647.2943,5377799.8546,12.096080611,48.511645905,1,#66c2a5,bicycle
9,1,78,124,2018,5,8,4,3,0,3,0,1,1,0,0,0,0,0,701948554.0,5364198.2133,11.728451024,48.398570869,1,#66c2a5,bicycle
9,1,78,145,2018,5,18,4,2,5,2,0,1,1,0,0,0,0,0,696818.3707,5354611.0415,11.654734393,48.314033622,1,#66c2a5,bicycle
9,1,77,133,2018,5,14,4,3,2,6,0,0,1,0,0,0,0,0,713749.0856,5355807.1171,11.883417489,48.319286037,2,#fc8d62,car
9,1,81,139,2018,5,15,4,3,2,6,0,0,1,0,0,0,0,0,655645.4147,5324561.5616,11.088808945,48.055338244,2,#fc8d62,car
9,1,78,143,2018,5,13,4,3,2,3,0,0,1,0,0,0,0,0,715656749.0,5371136.41,11.916984293,48.456371103,2,#fc8d62,car
9,1,62,0,2018,5,6,3,3,5,2,0,1,1,0,0,0,0,0,689218.3495,5330140.3309,11.541419569,48.096411303,1,#66c2a5,bicycle
9,1,88,121,2018,5,16,4,3,2,6,0,0,1,0,0,0,0,0,671339.4618,5330870.6893,11.301790205,48.10803545,2,#fc8d62,car
9,2,61,0,2018,5,10,4,3,4,2,0,0,1,0,0,0,0,0,731900795.0,5383988756.0,12.143510973,48.566046966,2,#fc8d62,car
9,1,84,119,2018,5,21,3,2,6,4,2,0,1,1,0,0,0,0,695277.9804,5347366.7727,11.630632718,48.249405143,2,#fc8d62,car
9,1,77,142,2018,5,7,4,3,5,3,0,0,1,0,0,0,0,0,721139058.0,5349249.62,11.979536102,48.257829028,2,#fc8d62,car
9,1,62,0,2018,5,11,3,3,3,2,0,0,1,0,0,0,0,0,686188.4619,5335220.2843,11.502983691,48.142964465,2,#fc8d62,car
9,1,84,142,2018,5,19,3,2,5,2,0,1,1,0,0,0,0,0,681321.7737,5318571.3471,11.430560292,47.994713655,1,#66c2a5,bicycle
9,2,61,0,2018,5,17,3,3,4,2,0,1,1,0,0,0,0,0,731979608.0,5380941977.0,12.142880484,48.538649318,1,#66c2a5,bicycle
9,1,73,120,2018,5,16,3,2,2,2,0,1,0,0,0,0,0,0,684855321.0,5316289.4574,11.476898863,47.973190616,1,#66c2a5,bicycle
9,1,84,145,2018,5,17,3,3,2,5,0,1,0,0,1,0,0,0,695973.8126,5324726.5823,11.629573994,48.045713241,1,#66c2a5,bicycle
9,1,82,120,2018,5,19,4,3,5,3,0,0,1,0,0,0,0,1,701943.0373,5306098.1459,11.700830768,47.876435357,2,#fc8d62,car
9,1,73,147,2018,5,17,3,3,2,6,0,0,1,0,0,0,0,0,680782121.0,5310017477.0,11.419738123,47.917973895,2,#fc8d62,car
9,1,84,140,2018,5,18,3,3,5,2,0,1,1,0,0,0,0,0,702242.9176,5328429107.0,11.715347088,48.077032632,1,#66c2a5,bicycle
9,1,73,126,2018,5,22,3,3,5,3,2,0,1,0,0,0,0,0,682744928.0,5307231.6892,11.444805121,47.892375706,2,#fc8d62,car
9,1,73,118,2018,5,16,3,3,2,6,0,0,1,0,0,0,0,0,688501.8499,5302777.9973,11.519803996,47.850677966,2,#fc8d62,car
9,1,83,118,2018,5,17,3,3,5,3,0,0,1,0,0,0,0,0,739538.0946,5337116.0855,12.220200017,48.142151945,2,#fc8d62,car
9,1,84,118,2018,5,16,3,3,5,3,0,1,1,0,0,0,0,0,703098277.0,5336087717.0,11.730464225,48.145587179,1,#66c2a5,bicycle
9,1,83,119,2018,5,14,3,2,4,6,0,0,1,0,0,1,0,0,732268.4069,5339205.2956,12.123763916,48.163615574,2,#fc8d62,car
9,1,83,123,2018,5,11,3,2,5,3,0,0,1,0,0,0,0,0,737010475.0,5344425481.0,12.190350146,48.208758436,2,#fc8d62,car
9,1,62,0,2018,5,16,3,3,3,2,0,1,0,0,0,0,0,0,688226.3239,5334994.7873,11.53025201,48.140338033,1,#66c2a5,bicycle
9,1,87,177,2018,5,9,3,3,2,6,0,0,1,0,0,0,0,0,736047.0396,5304268.2972,12.155282639,47.848369783,2,#fc8d62,car
9,2,61,0,2018,5,12,4,3,1,3,0,1,1,0,0,0,0,0,732471.1971,5381692.9774,12.149949082,48.545213452,1,#66c2a5,bicycle
9,1,63,0,2018,5,22,3,3,5,3,2,1,1,0,0,0,0,0,730717.2719,5303418.5653,12.083693651,47.842670318,1,#66c2a5,bicycle
9,1,85,158,2018,5,4,3,2,0,1,2,1,0,0,0,0,0,0,667144.5506,5380681.5321,11.265238677,48.556933854,1,#66c2a5,bicycle
9,1,86,143,2018,5,17,3,3,2,6,0,0,1,0,1,0,0,0,684464.1859,5382514.4149,11.500554767,48.568552089,2,#fc8d62,car
9,1,74,115,2018,5,20,4,3,5,3,0,1,1,0,0,0,0,0,680479.6162,5348290.0156,11.431868536,48.262090417,1,#66c2a5,bicycle
9,1,88,139,2018,5,6,3,3,5,3,0,1,0,0,0,0,1,0,679342.8892,5320260.1092,11.404764176,48.010452379,1,#66c2a5,bicycle
9,1,74,115,2018,5,12,3,3,2,6,0,0,1,0,0,0,0,0,679595.1688,5349180.7812,11.420340381,48.270348597,2,#fc8d62,car
9,1,74,122,2018,5,10,3,3,5,3,0,1,1,0,0,0,0,0,683152891.0,5351243779.0,11.469134722,48.287872881,1,#66c2a5,bicycle
9,1,84,147,2018,5,16,3,3,3,6,0,0,1,0,0,1,0,0,698225.7892,5341968.2697,11.667774647,48.199973513,2,#fc8d62,car
9,1,88,121,2018,5,15,4,3,5,3,0,0,1,0,0,0,0,1,671949838.0,5329723875.0,11.30952105,48.09756145,2,#fc8d62,car
9,1,62,0,2018,5,20,3,3,8,1,1,0,0,0,1,0,0,0,695758946.0,5343879.1313,11.635493524,48.217912365,4,#e78ac3,marker
9,1,75,132,2018,5,7,3,3,1,6,0,0,1,0,0,0,0,0,706118.6838,5335906.9118,11.770934318,48.142991019,2,#fc8d62,car
9,1,75,118,2018,5,17,3,3,9,6,0,0,1,0,0,0,0,0,714576.1523,5338972.8197,11.886030639,48.167743981,2,#fc8d62,car
9,1,79,123,2018,5,6,4,3,2,6,0,0,1,0,0,0,0,0,674691.8644,5332683299.0,11.347530434,48.123419247,2,#fc8d62,car
9,1,62,0,2018,5,15,3,3,2,6,0,0,1,0,0,1,0,0,693657.6136,5344892.4754,11.607696828,48.227664561,2,#fc8d62,car
9,1,75,122,2018,5,16,3,3,0,7,0,1,0,0,0,0,1,1,720637.4064,5324984.5949,11.960210636,48.03998552,1,#66c2a5,bicycle
9,1,75,114,2018,5,15,3,2,4,6,0,0,1,0,0,0,0,0,715689096.0,5321057.7983,11.891933688,48.0063912,2,#fc8d62,car
9,1,84,138,2018,5,16,2,3,6,2,0,0,1,1,0,0,0,0,680407238.0,5330904.4028,11.42351165,48.105834965,2,#fc8d62,car
9,1,62,0,2018,5,8,2,2,6,4,0,1,0,1,0,0,0,0,701135727.0,5332370868.0,11.702355912,48.112807508,1,#66c2a5,bicycle
9,1,62,0,2018,5,19,2,2,2,6,0,0,1,0,1,0,0,0,701427.4094,5332290.3,11.70623223,48.111991269,2,#fc8d62,car
9,1,84,131,2018,5,7,2,3,5,3,0,0,1,0,0,0,0,0,704866.1233,5336966173.0,11.75462564,48.152914656,2,#fc8d62,car
9,1,62,0,2018,5,18,2,3,3,6,0,0,1,0,0,0,0,0,688490.1832,5340185.3658,11.536095603,48.186913435,2,#fc8d62,car
9,1,62,0,2018,5,8,3,3,5,2,0,1,1,0,0,0,0,0,692073.2654,5340390.8903,11.584347728,48.187687402,1,#66c2a5,bicycle
9,7,72,131,2018,5,15,2,3,9,1,0,0,1,0,0,0,0,0,615768636.0,5356420876.0,10.562583261,48.350348041,2,#fc8d62,car
9,7,72,200,2018,5,17,2,3,2,6,0,0,1,0,0,0,0,0,632127.1,5336631956.0,10.777096785,48.16918712,2,#fc8d62,car
9,7,72,125,2018,5,8,2,3,2,6,0,0,1,0,0,0,0,0,637005.1892,5346943.9325,10.846003319,48.260881487,2,#fc8d62,car
9,7,61,0,2018,5,9,2,3,0,1,0,1,0,0,0,0,0,0,640353671.0,5355595.3816,10.893971803,48.337940647,1,#66c2a5,bicycle
9,1,88,120,2018,5,14,4,3,5,3,0,1,1,0,0,0,0,0,677171.4321,5326606.9128,11.378299753,48.068111776,1,#66c2a5,bicycle
9,1,62,0,2018,5,14,3,3,3,6,2,0,1,0,0,1,0,0,694588.1716,5336256.8364,11.616257638,48.149767116,2,#fc8d62,car
9,1,74,143,2018,5,19,6,3,0,1,0,1,0,0,0,0,0,0,674838.3046,5352664.3156,11.357732581,48.302993444,1,#66c2a5,bicycle
9,1,78,120,2018,5,12,7,3,8,1,0,0,1,0,0,0,0,0,695789.2245,5351293.4553,11.639329918,48.284537392,2,#fc8d62,car
9,1,88,145,2018,5,14,7,3,5,3,0,1,0,0,0,0,0,0,664055.0922,5326910.4186,11.202486373,48.074348951,1,#66c2a5,bicycle
9,1,77,119,2018,5,17,6,3,4,2,0,0,1,0,0,1,0,0,721360.3535,5340040.6727,11.977707596,48.175012477,2,#fc8d62,car
9,1,62,0,2018,5,12,6,3,2,6,0,0,1,0,0,0,0,0,694797939.0,5332357269.0,11.617292071,48.114655256,2,#fc8d62,car
9,2,61,0,2018,5,16,7,3,8,1,0,0,0,0,1,0,0,0,732402327.0,5380543701.0,12.148376452,48.534915314,4,#e78ac3,marker
9,1,87,159,2018,5,13,6,3,0,7,0,1,0,0,0,0,0,0,730177.0314,5329980.7252,12.090699656,48.081503752,1,#66c2a5,bicycle
9,7,62,0,2018,5,11,7,3,2,6,0,0,1,0,0,0,0,0,623082516.0,5306200.19,10.646756669,47.897318305,2,#fc8d62,car
9,7,71,113,2018,5,16,7,3,5,3,0,0,1,0,0,0,0,0,657961.4306,5370000.2114,11.13683367,48.46328829,2,#fc8d62,car
9,1,75,132,2018,5,11,6,3,9,7,0,0,0,0,0,1,0,0,706649.9199,5336208.4155,11.778213559,48.145528128,5,#a6d854,bus
9,1,81,130,2018,5,15,6,3,3,6,0,0,1,0,0,0,0,0,636496.6447,5326219.1198,10.83250151,48.074627541,2,#fc8d62,car
9,1,79,125,2018,5,9,7,2,9,1,0,0,1,0,0,0,0,0,662412.7477,5332930.0675,11.182745088,48.12888898,2,#fc8d62,car
9,1,84,122,2018,5,20,5,3,8,1,0,1,0,0,0,0,0,0,687778.2611,5324059.5373,11.519426187,48.04218091,1,#66c2a5,bicycle
9,1,78,116,2018,5,20,7,3,8,1,0,0,0,0,1,0,0,0,700977828.0,5382883433.0,11.72433533,48.566791618,4,#e78ac3,marker
9,7,72,141,2018,5,13,6,3,4,3,0,0,1,0,0,0,0,0,622823.3157,5349915222.0,10.655868299,48.290510638,2,#fc8d62,car
9,7,78,203,2018,5,15,6,3,0,2,0,0,1,0,1,0,0,0,622476.5701,5324449.0472,10.643856283,48.061555788,2,#fc8d62,car
9,1,84,144,2018,5,19,6,3,4,6,0,1,0,0,0,0,1,0,684912069.0,5316334594.0,11.477677921,47.973579947,1,#66c2a5,bicycle
9,7,61,0,2018,5,9,5,3,2,2,0,0,1,0,0,0,0,0,642049146.0,5364856775.0,10.919967817,48.420835955,2,#fc8d62,car
9,7,72,217,2018,5,14,6,3,8,1,0,0,1,0,0,0,0,0,636357.5269,5380652.8273,10.848237645,48.564127547,2,#fc8d62,car
9,7,71,130,2018,5,14,6,3,4,3,0,1,1,0,0,0,0,0,647186.9738,5357299.3974,10.986721626,48.351707028,1,#66c2a5,bicycle
9,1,79,121,2018,5,15,6,3,5,3,0,1,0,0,1,0,0,0,664949427.0,5338590.0082,11.219004453,48.179120638,1,#66c2a5,bicycle
9,2,74,194,2018,5,19,5,3,9,7,0,1,0,0,0,0,0,0,721119163.0,5378345.1283,11.994579658,48.519239853,1,#66c2a5,bicycle
9,1,78,113,2018,5,15,7,3,2,6,0,0,1,0,0,0,0,0,691564.9626,5366870.6235,11.589535319,48.425828767,2,#fc8d62,car
9,1,62,0,2018,5,14,7,3,3,6,0,0,1,0,0,1,0,0,686686.9614,5333269.0836,11.50882346,48.125280335,2,#fc8d62,car
9,1,73,126,2018,5,12,5,3,5,3,0,0,1,0,0,0,0,0,684912.5953,5302328.0824,11.471678854,47.847676303,2,#fc8d62,car
9,1,78,145,2018,5,12,6,3,0,1,0,1,0,0,0,0,0,0,698929.6225,5352702.1297,11.682279523,48.296218024,1,#66c2a5,bicycle
9,1,75,112,2018,5,19,7,3,9,1,0,0,0,0,1,0,0,1,721295.7043,5319090.4957,11.965989228,47.98679875,4,#e78ac3,marker
9,1,83,139,2018,5,22,5,2,9,1,2,0,1,0,0,0,0,0,735156916.0,5330799.1827,12.15791333,48.087039377,2,#fc8d62,car
9,1,87,170,2018,5,11,5,3,3,2,0,0,1,0,1,0,0,0,735424.0087,5320919691.0,12.156062939,47.998189064,2,#fc8d62,car
9,1,63,0,2018,5,17,5,3,1,7,0,1,1,0,0,0,0,0,732648696.0,5307188612.0,12.111497247,47.875845042,1,#66c2a5,bicycle
9,1,87,122,2018,5,14,5,3,5,3,0,0,1,0,0,0,0,0,719071605.0,5311776684.0,11.932496673,47.921846345,2,#fc8d62,car
9,1,81,132,2018,5,11,6,2,5,3,0,1,1,0,0,0,0,0,641125558.0,5326752987.0,10.894787501,48.078420518,1,#66c2a5,bicycle
9,1,87,179,2018,5,11,5,2,4,6,0,0,0,0,1,0,1,0,720426.1665,5318640.4432,11.954120077,47.983055102,4,#e78ac3,marker
9,7,61,0,2018,5,18,7,3,3,6,0,0,1,0,1,0,0,0,643446.2888,5357587027.0,10.936358463,48.355153987,2,#fc8d62,car
9,1,88,118,2018,5,15,5,3,2,6,0,0,1,0,1,0,0,0,671147.9381,5310471.8384,11.291076326,47.924702612,2,#fc8d62,car
9,1,74,137,2018,5,17,6,2,0,1,0,0,0,0,1,0,0,0,659625.0542,5351803.8049,11.152410796,48.299278828,4,#e78ac3,marker
9,1,88,126,2018,5,14,5,3,0,7,0,1,0,0,0,0,0,0,659569.6708,5324888.6763,11.141558021,48.05731005,1,#66c2a5,bicycle
9,1,79,123,2018,5,17,5,3,5,2,0,0,1,0,0,0,0,0,676629.4515,5334055.9643,11.374113895,48.135223874,2,#fc8d62,car
9,1,74,135,2018,5,22,5,3,8,1,2,0,1,0,0,0,0,1,666576.2726,5355234.1177,11.247423407,48.328324757,2,#fc8d62,car
9,1,88,121,2018,5,14,7,2,1,5,0,0,1,0,1,0,0,0,671243.1207,5330956.8382,11.300531614,48.108835815,2,#fc8d62,car
9,1,74,111,2018,5,5,5,3,1,6,0,0,1,0,0,0,1,0,663975.6725,5360420.4673,11.214384168,48.375629588,2,#fc8d62,car
9,1,62,0,2018,5,18,5,3,5,3,0,1,1,0,0,0,0,0,688698663.0,5337166.9574,11.537557988,48.159721858,1,#66c2a5,bicycle
9,1,62,0,2018,5,16,4,3,4,2,0,0,1,0,1,0,0,1,681134.8019,5335220.3743,11.435110495,48.144424177,2,#fc8d62,car
9,1,62,0,2018,5,8,4,3,2,6,0,0,1,0,1,0,0,0,681986794.0,5335424.3036,11.446640729,48.146014098,2,#fc8d62,car
9,1,62,0,2018,5,9,6,3,3,5,0,0,1,0,0,0,0,0,684080.0909,5335415.2749,11.474752151,48.145330668,2,#fc8d62,car
9,1,84,137,2018,5,12,4,3,3,2,0,0,1,0,0,0,0,0,708634.8377,5313763.6707,11.793928454,47.943183601,2,#fc8d62,car
9,1,62,0,2018,5,7,4,3,2,6,0,1,0,0,0,0,0,0,683196843.0,5342543.6451,11.465961934,48.209659524,1,#66c2a5,bicycle
9,1,75,127,2018,5,13,7,3,5,3,0,0,1,0,0,0,0,0,710810073.0,5342023.8196,11.836955766,48.196419875,2,#fc8d62,car
9,1,62,0,2018,5,18,4,3,0,7,0,0,1,0,0,0,1,0,696037.7376,5333806.3023,11.634598016,48.127297994,2,#fc8d62,car
9,1,84,118,2018,5,7,4,3,5,3,0,1,0,0,1,0,0,0,703033.9089,5336234.5332,11.729669889,48.146927123,1,#66c2a5,bicycle
9,1,84,119,2018,5,8,4,3,2,6,0,0,1,0,0,0,0,0,696259.3116,5349052.1567,11.644619478,48.264248941,2,#fc8d62,car
9,1,87,177,2018,5,11,6,3,3,6,0,1,0,0,0,1,0,0,736306.0949,5305691.32,12.159517337,47.861058662,1,#66c2a5,bicycle
9,1,84,149,2018,5,15,4,3,5,7,0,0,1,0,0,0,1,0,690377.0354,5350598.8691,11.566135288,48.2799453,2,#fc8d62,car
9,1,62,0,2018,5,1,4,3,8,6,2,0,1,0,0,0,0,0,694562.3818,5336431.0788,11.615990912,48.151341019,2,#fc8d62,car
9,7,72,202,2018,5,12,5,3,5,3,0,0,1,0,0,0,0,0,636800.1322,5359293.0467,10.847247514,48.371969257,2,#fc8d62,car
9,1,86,152,2018,5,18,6,3,2,6,0,0,1,0,0,0,0,0,692054.6991,5375633.3563,11.600170754,48.504432055,2,#fc8d62,car
9,7,71,113,2018,5,9,7,3,1,6,0,0,1,0,0,1,0,0,657699807.0,5369687.54,11.133179253,48.460542943,2,#fc8d62,car
9,1,87,170,2018,5,8,7,3,2,2,0,0,1,0,0,0,0,0,734197711.0,5318662926.0,12.138418348,47.978365228,2,#fc8d62,car
9,1,81,116,2018,5,14,6,2,8,1,0,0,1,0,0,0,0,0,646688.4033,5338308.6296,10.973409048,48.181069298,2,#fc8d62,car
9,1,62,0,2018,5,11,7,3,2,6,0,0,1,0,0,0,0,0,687725.2181,5344295.6317,11.527631818,48.224083454,2,#fc8d62,car
9,7,62,0,2018,5,19,4,3,1,6,0,0,1,0,0,0,1,0,621351.3752,5304435.7342,10.623108872,47.881779004,2,#fc8d62,car
9,1,84,135,2018,5,21,5,3,5,3,2,0,1,0,0,0,0,1,692110.2003,5344770.6906,11.586827074,48.227040511,2,#fc8d62,car
9,2,74,124,2018,5,12,6,2,8,1,0,0,1,0,0,0,0,0,724942.2439,5377574.3695,12.045863966,48.510957914,2,#fc8d62,car
9,7,77,130,2018,5,14,4,3,5,3,0,0,1,0,1,0,0,0,623608713.0,5307122314.0,10.654058014,47.905510349,2,#fc8d62,car
9,1,75,116,2018,5,18,7,3,5,3,0,1,0,0,0,0,0,0,706814.0616,5321651.1595,11.773371856,48.014656267,1,#66c2a5,bicycle
9,7,72,209,2018,5,7,4,2,2,2,0,0,1,0,1,0,0,0,635261164.0,5337296029.0,10.819439153,48.17449945,2,#fc8d62,car
9,7,62,0,2018,5,18,5,3,2,6,0,0,1,0,0,0,0,0,620515.7988,5305454.8371,10.612221877,47.891102023,2,#fc8d62,car
9,7,72,171,2018,5,12,4,2,5,2,0,0,1,0,1,0,0,0,637826.1992,5372095.6804,10.865304968,48.486864078,2,#fc8d62,car
9,1,62,0,2018,5,18,7,3,2,6,0,0,1,0,0,0,0,0,685276.6318,5328861.4289,11.487975177,48.086074051,2,#fc8d62,car
9,7,61,0,2018,5,10,4,3,5,3,0,1,0,0,0,0,0,0,642707.7841,5359701.4714,10.927112737,48.374333389,1,#66c2a5,bicycle
9,1,87,169,2018,5,18,6,2,1,6,0,0,1,0,1,0,0,0,740021.8347,5298643.8408,12.2052141,47.796371655,2,#fc8d62,car
9,1,87,170,2018,5,17,4,3,2,6,0,0,1,0,0,0,0,1,735426.9066,5320918.4756,12.15610106,47.998177079,2,#fc8d62,car
9,1,62,0,2018,5,17,3,3,2,6,0,0,1,0,0,1,0,0,693117.0657,5338876.7578,11.59768903,48.17376246,2,#fc8d62,car
9,1,74,113,2018,5,9,5,3,2,6,0,0,1,0,0,0,0,0,669243.6752,5349447.6902,11.28106217,48.275598713,2,#fc8d62,car
9,1,62,0,2018,5,11,7,3,3,1,0,0,1,0,0,0,1,0,683859.5389,5335419.0115,11.471791552,48.145428035,2,#fc8d62,car
9,1,84,119,2018,5,10,3,3,0,6,0,0,1,0,0,0,1,0,693338.9632,5347304.5408,11.604511537,48.249440219,2,#fc8d62,car
9,1,74,136,2018,5,13,5,3,5,3,0,0,1,0,0,0,1,1,681515.7518,5363320.0583,11.452289368,48.396891072,2,#fc8d62,car
9,1,83,139,2018,5,16,4,2,8,1,0,0,0,0,1,0,0,1,733139192.0,5336616817.0,12.134039213,48.140043386,4,#e78ac3,marker
9,7,72,115,2018,5,17,3,3,2,6,0,0,1,0,0,0,0,0,617515.8238,5366804.4375,10.589062672,48.443405803,2,#fc8d62,car
9,1,78,143,2018,5,4,5,3,5,3,2,0,1,0,0,1,0,0,717483.2648,5372124.8297,11.942169695,48.464623139,2,#fc8d62,car
9,1,82,123,2018,5,11,2,3,8,7,0,0,1,0,0,0,0,0,720868.5241,5301274328.0,11.951149382,47.826861893,2,#fc8d62,car
9,1,84,132,2018,5,14,7,3,3,6,0,1,1,0,0,0,0,0,682660.4435,5324706.7435,11.451102467,48.049483285,1,#66c2a5,bicycle
9,1,84,131,2018,5,10,2,3,2,6,0,0,1,0,0,1,0,0,704292.3208,5337712.8672,11.747278,48.15980945,2,#fc8d62,car
9,1,73,147,2018,5,17,5,3,5,3,0,0,1,0,0,0,0,1,681833.0984,5309627.6372,11.433627753,47.914172387,2,#fc8d62,car
9,1,84,119,2018,5,14,2,3,2,6,0,0,1,0,0,0,0,0,695879.2251,5346240.6763,11.638202442,48.239099124,2,#fc8d62,car
9,7,72,156,2018,5,7,4,3,2,2,0,0,1,0,0,0,0,1,625384.3687,5369472.3692,10.696214266,48.465879179,2,#fc8d62,car
9,7,61,0,2018,5,6,2,3,2,6,0,0,1,0,0,0,0,0,642848.4694,5360082.4566,10.92914088,48.377727182,2,#fc8d62,car