ULAND,UREGBEZ,UKREIS,UGEMEINDE,UJAHR,UMONAT,USTUNDE,UWOCHENTAG,UKATEGORIE,UART,UTYP1,ULICHTVERH,IstRad,IstPKW,IstFuss,IstKrad,IstGkfz,IstSonstig,STRZUSTAND,LINREFX,LINREFY,XGCSWGS84,YGCSWGS84,Teilnehmer,color,symbol
9,1,62,0,2018,5,8,1,3,5,3,0,1,1,0,0,0,0,0,692178.3716,5331293.7164,11.581653902,48.105892051,1,#66c2a5,bicycle
9,1,84,132,2018,5,13,3,3,8,6,0,0,1,0,0,0,0,1,681621.6228,5323711.9208,11.436753663,48.040837289,2,#fc8d62,car
9,1,84,114,2018,5,13,7,3,5,3,0,1,0,0,0,0,0,0,700717.3171,5320810.4039,11.691316025,48.009044058,1,#66c2a5,bicycle
9,1,62,0,2018,5,17,3,3,0,7,0,1,0,0,0,0,0,0,685983704.0,5335255588.0,11.500249213,48.143341677,1,#66c2a5,bicycle
9,2,61,0,2018,5,17,3,3,5,3,0,1,1,0,0,0,0,1,731826.63,5381182.2924,12.140944853,48.540864552,1,#66c2a5,bicycle
9,1,78,130,2018,5,16,4,3,4,6,0,0,1,0,0,0,0,0,702294.1558,5356880218.0,11.729595858,48.332697824,2,#fc8d62,car
9,1,84,145,2018,5,18,5,3,2,6,0,0,1,0,0,0,0,1,696490.9406,5322539.6054,11.635501935,48.025898619,2,#fc8d62,car
9,7,77,112,2018,5,14,1,3,4,6,0,0,1,0,0,0,0,0,623804.1671,5296622.0028,10.6536658,47.811036515,2,#fc8d62,car
9,2,74,121,2018,5,8,4,3,8,6,1,0,1,0,0,0,0,1,725231.0517,5370681.2659,12.046055536,48.448928926,2,#fc8d62,car
9,1,75,132,2018,5,18,5,3,2,6,0,0,1,0,0,0,0,0,705076.9997,5335835.6262,11.756913078,48.142687011,2,#fc8d62,car
9,7,77,130,2018,5,20,1,2,8,1,1,0,1,0,0,0,0,1,624964.0681,5311993449.0,10.673599699,47.949056093,2,#fc8d62,car
9,1,81,113,2018,5,10,5,3,5,3,0,0,1,0,0,0,0,0,642480.3398,5308344.7565,10.906855677,47.912588908,2,#fc8d62,car
9,1,84,132,2018,5,19,4,3,8,1,0,0,1,0,0,0,0,1,685177.3133,5327689.1042,11.486134687,48.075565376,2,#fc8d62,car
9,7,72,149,2018,5,6,3,2,5,3,0,0,0,0,1,1,0,0,635208.7493,5338944.8577,10.819259214,48.189337469,4,#e78ac3,marker
9,1,84,136,2018,5,21,4,3,1,5,2,0,1,0,1,0,0,0,699341.0387,5327421.4612,11.67596044,48.068890367,2,#fc8d62,car
9,7,71,122,2018,5,14,1,2,8,6,0,0,1,0,0,0,0,0,651351.1229,5362384359.0,11.044722917,48.396441051,2,#fc8d62,car
9,1,73,126,2018,5,18,3,3,2,6,0,0,1,0,0,0,0,0,684074.8391,5305454.3922,11.461822479,47.876019442,2,#fc8d62,car
9,2,61,0,2018,5,11,3,3,2,6,0,0,1,0,0,1,0,1,734454.8214,5381724.6841,12.176801869,48.544760202,2,#fc8d62,car
9,7,72,223,2018,5,19,1,3,2,6,0,0,1,0,0,0,0,1,617383.0722,5363003.9637,10.586204117,48.409252674,2,#fc8d62,car
9,1,83,123,2018,5,18,3,3,9,1,0,0,1,0,0,0,0,1,737391.2201,5343618.8877,12.195015891,48.20137067,2,#fc8d62,car
9,1,79,147,2018,5,9,4,3,8,1,0,0,1,0,0,0,0,1,664313.1064,5333418691.0,11.208453823,48.132794107,2,#fc8d62,car
9,2,74,146,2018,5,7,5,2,8,1,1,0,1,0,0,0,0,0,734729.6134,5376785.5691,12.177739974,48.500291851,2,#fc8d62,car
9,7,73,182,2018,5,16,2,3,2,6,0,0,1,0,0,0,0,0,627360.7715,5378393.3204,10.72566085,48.545702091,2,#fc8d62,car
9,1,77,117,2018,5,15,4,3,2,6,0,0,1,0,0,0,0,0,714268.2946,5350302.9568,11.887619823,48.269653937,2,#fc8d62,car
9,1,85,158,2018,5,12,5,3,2,6,0,0,1,0,0,0,1,0,667390.2905,5380509.3809,11.268497143,48.555320793,2,#fc8d62,car
9,1,63,0,2018,5,22,3,3,5,3,2,0,1,0,0,0,0,1,733403641.0,5303183602.0,12.119417432,47.839589922,2,#fc8d62,car
9,1,62,0,2018,5,7,3,3,4,2,0,0,1,0,0,0,0,0,684229383.0,5343366945.0,11.480204763,48.21676084,2,#fc8d62,car
9,1,74,113,2018,5,16,5,3,9,1,0,0,1,0,0,0,0,1,676883.8782,5345697864.0,11.382378623,48.239803656,2,#fc8d62,car
9,7,72,111,2018,5,2,3,3,2,6,2,0,1,0,0,0,1,0,625575.5831,5364241.1731,10.697231462,48.418799314,2,#fc8d62,car
9,1,78,120,2018,5,17,5,3,5,1,0,0,1,0,1,0,0,1,694704.0918,5352763.7737,11.625395573,48.298086198,2,#fc8d62,car
9,7,62,0,2018,5,6,4,3,0,1,0,0,0,0,1,0,0,1,621156.5511,5304470961.0,10.620514007,47.882132625,4,#e78ac3,marker
9,1,85,158,2018,5,7,3,3,0,3,0,1,1,0,0,0,0,1,667644439.0,5380179235.0,11.271805642,48.552285143,1,#66c2a5,bicycle
9,1,84,132,2018,5,16,5,3,9,1,0,0,1,0,0,0,0,1,682346.2531,5324278.7405,11.446708027,48.045725843,2,#fc8d62,car
9,7,72,147,2018,5,17,4,3,2,6,0,0,1,0,0,0,0,1,638340.7323,5364404.8459,10.869723141,48.417597569,2,#fc8d62,car
9,7,72,159,2018,5,16,2,3,2,6,0,0,1,0,0,0,0,0,623959.5887,5362149421.0,10.674782114,48.400308851,2,#fc8d62,car
9,1,75,132,2018,5,19,3,3,3,1,1,0,1,0,0,0,0,1,709191.9241,5337076.1341,11.812772356,48.152494797,2,#fc8d62,car
9,1,84,136,2018,5,17,3,3,5,2,0,1,1,0,0,0,0,0,699061.9057,5327340742.0,11.672179995,48.068252088,1,#66c2a5,bicycle
9,1,88,137,2018,5,12,5,2,4,6,0,0,1,0,0,0,0,0,673893.5364,5316642.1089,11.330293036,47.979433361,2,#fc8d62,car
9,1,62,0,2018,5,16,3,3,3,6,0,0,1,0,0,0,0,1,692944.1449,5339431.1004,11.595617122,48.178797227,2,#fc8d62,car
9,1,74,113,2018,5,21,4,3,8,1,2,0,1,0,0,0,0,1,674733.3193,5345268.4638,11.353261998,48.236539985,2,#fc8d62,car
9,1,78,138,2018,5,15,3,3,0,1,0,0,0,0,1,0,0,1,709351.9623,5367701.2995,11.830098809,48.427633832,4,#e78ac3,marker
9,1,78,124,2018,5,15,3,3,2,6,0,0,1,0,0,0,0,0,702635.6492,5362920.7211,11.737106862,48.386870541,2,#fc8d62,car
9,2,61,0,2018,5,16,4,2,6,4,0,0,1,1,0,0,0,1,732082.1495,5379947.3951,12.14371384,48.529677288,2,#fc8d62,car
9,1,74,126,2018,5,8,5,3,0,7,0,0,0,1,0,0,1,0,683079.4446,5344471.4614,11.465215478,48.227021591,3,#8da0cb,toilet
9,1,78,124,2018,5,13,3,3,0,1,0,0,0,0,1,0,0,1,703238.1459,5365205.3991,11.746341032,48.407207352,4,#e78ac3,marker
9,1,87,182,2018,5,16,1,3,9,1,0,0,0,0,1,0,0,0,739493157.0,5327765094.0,12.214350742,48.058170463,4,#e78ac3,marker
9,7,72,115,2018,5,13,3,3,1,6,0,0,1,0,0,0,0,0,617558.9586,5369219.3984,10.590323985,48.465115504,2,#fc8d62,car
9,1,62,0,2018,5,20,4,3,9,1,1,0,1,0,0,0,0,1,683808288.0,5335539.6842,11.471155303,48.146527521,2,#fc8d62,car
9,1,87,129,2018,5,12,1,2,1,6,0,0,1,0,0,0,0,0,721036.3083,5301267.7898,11.953384829,47.82674552,2,#fc8d62,car
9,1,87,164,2018,5,16,1,3,0,2,0,0,1,0,1,0,0,0,735467.2264,5321084.4489,12.156731781,47.99965326,2,#fc8d62,car
9,1,86,143,2018,5,17,4,3,2,6,0,0,1,0,0,1,0,1,685412.9326,5377419.8927,11.511135241,48.522484285,2,#fc8d62,car
9,1,82,127,2018,5,20,1,3,5,3,1,0,1,0,0,0,0,1,699928.2691,5309619688.0,11.675546353,47.908715762,2,#fc8d62,car
9,1,73,120,2018,5,9,5,3,2,6,0,0,1,0,0,0,0,0,682977426.0,5310082802.0,11.44912203,47.917938433,2,#fc8d62,car
9,1,87,150,2018,5,16,1,3,0,1,0,1,0,0,0,0,0,0,728627.0646,5303465.5925,12.055822707,47.843839427,1,#66c2a5,bicycle
9,7,77,130,2018,5,13,2,3,5,3,0,0,1,0,0,0,0,0,624603764.0,5308944692.0,10.667894127,47.92170739,2,#fc8d62,car
9,1,86,152,2018,5,16,1,2,1,6,0,0,1,0,1,0,0,0,691233.7369,5380792.5536,11.591434062,48.551048981,2,#fc8d62,car
9,1,78,145,2018,5,15,4,3,0,1,0,1,1,0,0,0,0,0,698406.9816,5354725188.0,11.676191456,48.314563086,1,#66c2a5,bicycle
9,1,85,166,2018,5,12,1,3,9,1,0,0,1,0,0,0,0,0,674843.2914,5383676.0033,11.370744018,48.581750652,2,#fc8d62,car
9,1,87,124,2018,5,6,5,3,5,3,0,0,1,0,0,0,0,1,733000.1334,5329597.0471,12.128339429,48.077031687,2,#fc8d62,car
9,1,86,151,2018,5,19,1,3,8,1,0,0,1,0,0,0,0,1,680412.9162,5374972.5275,11.442424563,48.501943602,2,#fc8d62,car
9,1,84,121,2018,5,11,5,3,2,6,0,0,0,0,0,1,0,0,704856.5874,5331168.1914,11.751710797,48.100813648,5,#a6d854,bus
9,1,62,0,2018,5,9,3,3,4,2,0,0,1,0,0,0,0,0,694541.5697,5334820.8169,11.614975675,48.136875033,2,#fc8d62,car
9,1,79,130,2018,5,8,5,3,5,3,0,0,1,0,0,0,0,0,656613.3192,5335181.9304,11.105687453,48.150588668,2,#fc8d62,car
9,1,88,139,2018,5,12,1,2,0,1,0,1,0,0,0,0,0,0,675882525.0,5322692194.0,11.359404161,48.033277249,1,#66c2a5,bicycle
9,1,84,112,2018,5,15,1,3,2,6,0,0,1,0,0,0,0,0,703286545.0,5339207202.0,11.734482861,48.173560875,2,#fc8d62,car
9,1,62,0,2018,5,20,1,3,2,6,2,0,1,0,0,0,0,1,694396.9316,5341190.4547,11.615945039,48.194166665,2,#fc8d62,car
9,1,84,119,2018,5,14,4,3,4,3,0,0,0,0,0,0,1,0,695302.2429,5347362.8235,11.630957384,48.249362176,6,#ffd92f,circle
9,1,78,113,2018,5,11,1,3,2,6,0,0,1,0,0,0,0,0,691498.0245,5368412.2353,11.589335772,48.439704064,2,#fc8d62,car
9,2,74,113,2018,5,7,3,3,2,6,0,0,1,0,0,0,0,0,728196.0754,5384018708.0,12.093385287,48.567675355,2,#fc8d62,car
9,1,78,142,2018,5,19,1,3,8,7,0,0,1,0,0,0,0,0,714481.4569,5377154832.0,11.904196665,48.510847466,2,#fc8d62,car
9,1,62,0,2018,5,17,7,3,2,6,0,0,1,0,1,0,0,0,690107.4173,5331966.1126,11.554161919,48.112556966,2,#fc8d62,car
9,1,62,0,2018,5,19,7,3,1,6,0,0,1,0,0,0,0,0,684379.9817,5335410.5612,11.478777897,48.145201453,2,#fc8d62,car
9,1,62,0,2018,5,21,7,2,3,7,2,0,1,0,0,0,1,0,689936.6853,5331932.7624,11.551855582,48.112308149,2,#fc8d62,car
9,1,84,127,2018,5,17,7,2,2,6,0,1,0,0,0,0,0,0,704801.9211,5321551.5858,11.746373808,48.014409368,1,#66c2a5,bicycle
9,1,84,118,2018,5,17,7,2,1,6,0,1,1,0,0,0,0,0,702945.4628,5336183.6675,11.728457936,48.146498227,1,#66c2a5,bicycle
9,1,79,121,2018,5,13,4,3,1,2,0,0,1,0,0,0,1,1,667320599.0,5339286962.0,11.251152058,48.184766235,2,#fc8d62,car
9,7,61,0,2018,5,13,6,3,2,6,0,0,1,0,0,0,1,0,640328.4392,5364005.0684,10.896438747,48.413563375,2,#fc8d62,car
9,7,61,0,2018,5,14,6,3,2,6,0,0,1,0,0,0,0,0,639847.8039,5354784.6266,10.886880245,48.330762689,2,#fc8d62,car
9,7,72,147,2018,5,15,6,3,2,6,0,0,1,0,0,0,0,0,634187.7345,5364504.9109,10.813655658,48.419395524,2,#fc8d62,car
9,7,72,159,2018,5,21,6,2,0,7,2,1,0,0,0,0,0,0,626776899.0,5361961.15,10.712771629,48.398055578,1,#66c2a5,bicycle
9,7,61,0,2018,5,17,6,3,0,3,0,1,0,0,0,0,0,0,638395.8473,5361307.0136,10.86944622,48.389730516,1,#66c2a5,bicycle
9,2,74,194,2018,5,22,7,3,8,1,0,0,1,0,0,0,0,0,725964.0661,5381008.3647,12.061540203,48.541440526,2,#fc8d62,car
9,1,78,123,2018,5,19,2,3,9,6,0,0,1,0,0,0,0,0,692265391.0,5361551.0562,11.596557399,48.377806858,2,#fc8d62,car
9,7,61,0,2018,5,15,6,3,1,6,0,0,1,0,0,0,0,0,639757.2699,5354247.6096,10.885481343,48.32595397,2,#fc8d62,car
9,7,71,169,2018,5,11,6,3,5,3,0,1,1,0,0,0,0,0,642053519.0,5375467686.0,10.923630693,48.516241739,1,#66c2a5,bicycle
9,1,81,141,2018,5,10,7,2,6,1,0,0,1,1,0,0,1,0,643878.8772,5320123.6797,10.929503993,48.018194434,2,#fc8d62,car
9,1,74,126,2018,5,4,7,1,4,6,2,0,1,0,1,0,0,0,683336.8904,5346224.5601,11.469437326,48.242704886,2,#fc8d62,car
9,7,71,156,2018,5,17,2,3,2,2,0,0,1,0,0,0,0,0,646790.1073,5379955.6872,10.989312926,48.555503606,2,#fc8d62,car
9,1,90,157,2018,5,17,7,3,5,3,0,0,1,0,0,0,0,1,660629.5105,5301090.3373,11.146887101,47.843075268,2,#fc8d62,car
9,1,84,134,2018,5,20,7,3,5,3,1,0,1,0,0,0,0,1,693659869.0,5322259938.0,11.597443561,48.024249494,2,#fc8d62,car
9,1,78,144,2018,5,15,1,2,8,1,0,0,1,0,0,0,0,0,707931.0376,5381853.0888,11.817957332,48.555266017,2,#fc8d62,car
9,1,75,111,2018,5,20,7,3,9,1,1,0,1,0,0,0,0,1,712323882.0,5338201.4221,11.855391972,48.16156862,2,#fc8d62,car
9,1,88,132,2018,5,18,7,3,2,6,0,0,1,0,0,0,1,1,664945.9147,5323496.5022,11.213120212,48.043426786,2,#fc8d62,car
9,1,78,113,2018,5,12,7,3,0,1,0,0,0,0,1,0,0,0,692533.2552,5369373.3669,11.603760389,48.448026255,4,#e78ac3,marker
9,1,77,137,2018,5,19,2,3,4,6,1,0,1,0,0,0,0,1,729521782.0,5345714932.0,12.090398739,48.223094188,2,#fc8d62,car
9,1,88,139,2018,5,14,7,3,0,1,0,1,0,0,0,0,0,0,670105.8354,5319928.2751,11.28087962,48.009994412,1,#66c2a5,bicycle
9,2,74,183,2018,5,11,7,3,5,3,0,0,1,0,0,0,0,0,740621475.0,5362438974.0,12.24913541,48.369202735,2,#fc8d62,car
9,7,72,147,2018,5,15,7,2,0,1,0,0,0,0,1,0,0,0,638225.2637,5364111.1737,10.86806663,48.414982285,4,#e78ac3,marker
9,1,79,123,2018,5,15,7,1,3,6,0,0,1,0,1,0,1,0,674841.9125,5335000.4495,11.350496038,48.14420785,2,#fc8d62,car
9,7,77,121,2018,5,19,1,3,7,1,0,1,0,0,0,0,0,1,628190.2036,5321862.1937,10.719733603,48.037169568,1,#66c2a5,bicycle
9,2,61,0,2018,5,23,1,3,0,1,2,0,1,0,0,0,0,0,726726.8667,5379826.8382,12.071217102,48.530551257,2,#fc8d62,car
9,1,81,138,2018,5,14,1,3,2,6,0,0,1,0,0,0,0,0,639024.4558,5334680192.0,10.869177698,48.150165299,2,#fc8d62,car
9,1,75,121,2018,5,12,7,3,2,6,0,1,1,0,0,0,0,0,711435.2217,5321611.7937,11.835244369,48.012790502,1,#66c2a5,bicycle
9,1,84,119,2018,5,15,7,2,2,6,0,1,1,0,0,0,0,0,698025.7181,5346247.3035,11.667083267,48.238492005,1,#66c2a5,bicycle
9,1,77,137,2018,5,13,7,3,6,1,0,0,1,1,0,0,0,0,734447.8571,5348843.9738,12.158353762,48.249401947,2,#fc8d62,car
9,1,77,126,2018,5,0,7,3,2,7,2,0,1,0,0,0,0,0,718140.5936,5368851.3476,11.949344819,48.434984853,2,#fc8d62,car
9,1,62,0,2018,5,18,6,3,2,5,0,0,1,0,1,0,0,0,696977.6285,5329448.5424,11.645203582,48.087842883,2,#fc8d62,car
9,1,84,130,2018,5,17,6,3,4,6,0,0,1,0,0,0,0,0,699581.9466,5345672.2515,11.687748384,48.232836188,2,#fc8d62,car
9,1,88,141,2018,5,16,2,3,0,1,0,0,0,0,1,0,0,0,669468458.0,5306995.9811,11.267246283,47.893899893,4,#e78ac3,marker
9,1,62,0,2018,5,14,6,3,2,6,0,0,1,0,0,0,0,0,685489.0544,5340899.4284,11.496067997,48.194215081,2,#fc8d62,car
9,1,62,0,2018,5,7,6,2,5,2,0,1,1,0,0,0,0,0,692035.2654,5341306.6786,11.584251078,48.195929744,1,#66c2a5,bicycle
9,1,87,169,2018,5,19,7,2,9,7,0,0,1,0,0,0,0,1,737792.3456,5299221.7739,12.175806042,47.802390606,2,#fc8d62,car
9,7,61,0,2018,5,19,2,3,5,2,0,1,1,0,0,0,0,0,640848.0248,5360486.7962,10.902276361,48.381812582,1,#66c2a5,bicycle
9,1,73,123,2018,5,18,7,3,9,1,0,0,1,0,0,0,0,1,677904.6119,5302151.7537,11.378017513,47.848068995,2,#fc8d62,car
9,1,84,134,2018,5,19,6,3,5,3,0,0,1,0,0,0,1,0,694271.4383,5323342.8794,11.606128409,48.033797109,2,#fc8d62,car
9,2,74,121,2018,5,5,6,3,2,6,0,0,1,0,0,1,0,0,722220052.0,5372003.9377,12.006095146,48.461881967,2,#fc8d62,car
9,1,73,123,2018,5,15,6,3,4,6,0,0,1,0,0,0,0,0,681064.5941,5302446.6637,11.420341193,47.849837715,2,#fc8d62,car
9,1,81,144,2018,5,15,1,2,4,6,0,0,1,0,0,0,0,0,655100816.0,5318498913.0,11.079310529,48.000960333,2,#fc8d62,car
9,1,90,138,2018,5,9,6,2,5,2,0,1,1,0,0,0,0,0,662059.7158,5306112.5003,11.167871265,47.887870374,1,#66c2a5,bicycle
9,1,90,140,2018,5,12,6,2,9,1,0,0,0,0,1,0,0,0,647554.4326,5301810.2224,10.972490001,47.852682786,4,#e78ac3,marker
9,1,84,142,2018,5,14,6,2,4,1,0,0,1,0,1,0,0,0,683813.3316,5317409.5604,11.463429733,47.983559224,2,#fc8d62,car
9,1,84,142,2018,5,9,7,3,5,3,0,1,1,0,0,0,0,0,681315.0562,5318571.6738,11.430470468,47.994718496,1,#66c2a5,bicycle
9,1,84,135,2018,5,11,6,3,2,6,0,0,1,0,0,0,0,0,687271.8128,5347471.7445,11.522937216,48.252764624,2,#fc8d62,car
9,1,84,145,2018,5,20,6,3,4,2,0,0,1,0,0,0,0,0,694329.56,5323229098.0,11.606855652,48.032756781,2,#fc8d62,car
9,1,87,170,2018,5,8,6,3,5,3,0,0,1,0,0,1,0,0,733367.0807,5319720.1979,12.127878838,47.988166962,2,#fc8d62,car
9,1,88,139,2018,5,14,7,3,0,1,0,1,0,0,0,0,0,0,670099896.0,5319915212.0,11.280794865,48.009878555,1,#66c2a5,bicycle
9,1,78,124,2018,5,16,2,3,8,6,0,0,1,0,1,0,0,0,702463.7387,5359847.6274,11.73330795,48.359309852,2,#fc8d62,car
9,1,87,179,2018,5,19,6,3,5,3,0,0,1,0,1,0,0,0,724909194.0,5313213.14,12.011278317,47.932731833,2,#fc8d62,car
9,1,85,113,2018,5,17,6,3,9,1,0,0,0,0,1,0,0,0,669489.7898,5375101301.0,11.294727382,48.506142977,4,#e78ac3,marker
9,1,86,143,2018,5,14,6,3,0,7,0,1,0,0,0,0,0,0,685465.1914,5377944.7425,11.512075721,48.527186046,1,#66c2a5,bicycle
9,1,62,0,2018,5,13,6,3,2,6,0,0,1,0,0,0,1,0,683780157.0,5342569608.0,11.473817423,48.20972427,2,#fc8d62,car
9,1,74,113,2018,5,16,6,3,3,7,0,0,1,0,1,0,0,0,674301.1182,5344754.0687,11.347234687,48.232034899,2,#fc8d62,car
9,1,79,142,2018,5,16,6,3,5,3,0,1,1,0,0,0,0,0,673171482.0,5339307556.0,11.329812559,48.18338343,1,#66c2a5,bicycle
9,1,79,142,2018,5,17,6,2,3,6,0,0,1,0,1,0,0,0,670853552.0,5341169056.0,11.299402799,48.200745232,2,#fc8d62,car
9,1,79,142,2018,5,11,6,3,0,6,0,0,1,0,0,0,0,0,672639.8528,5343523.7805,11.324381275,48.221429709,2,#fc8d62,car
9,1,81,128,2018,5,12,6,3,2,6,0,0,1,0,0,0,0,0,638577.2154,5326952.0014,10.860656234,48.080769092,2,#fc8d62,car
9,1,81,137,2018,5,20,6,2,4,1,0,0,1,0,0,0,0,0,646639.4232,5306501.2382,10.96185788,47.895074355,2,#fc8d62,car
9,1,81,111,2018,5,17,6,3,4,1,0,0,1,0,1,0,0,0,645458.4625,5304340.0544,10.945339435,47.875909409,2,#fc8d62,car
9,1,79,121,2018,5,14,6,3,2,6,0,0,1,0,0,0,0,0,668364.6601,5338108.2262,11.264720615,48.173893708,2,#fc8d62,car
9,1,79,125,2018,5,13,6,3,4,6,0,0,1,0,0,0,0,0,661126.6373,5332475.2164,11.165301292,48.125126492,2,#fc8d62,car
9,1,74,115,2018,5,17,6,3,4,6,0,1,0,0,0,0,0,0,683264616.0,5348449.1563,11.469427968,48.262721402,1,#66c2a5,bicycle
9,1,88,113,2018,5,22,1,3,0,1,2,1,0,0,0,0,0,0,676176423.0,5317667.0527,11.36127898,47.988022664,1,#66c2a5,bicycle
9,1,74,122,2018,5,15,6,3,3,6,0,1,1,0,0,0,0,0,686045.5483,5354377.1087,11.509473791,48.315191955,1,#66c2a5,bicycle
9,1,78,130,2018,5,11,6,3,2,1,0,0,1,0,1,0,0,0,703758873.0,5355852.8908,11.748839472,48.322995466,2,#fc8d62,car
9,1,78,130,2018,5,12,6,3,2,1,0,0,1,0,0,0,0,0,701656.5412,5354140.8419,11.719692611,48.308284086,2,#fc8d62,car
9,1,84,123,2018,5,16,5,3,5,3,0,1,1,0,0,0,0,1,702676.3681,5331965.5276,11.722838442,48.1086764,1,#66c2a5,bicycle
9,1,84,138,2018,5,18,5,3,0,1,0,0,0,0,1,0,0,1,680422.7477,5330930.6463,11.423730905,48.106066475,4,#e78ac3,marker
9,1,84,147,2018,5,12,5,3,2,6,0,0,1,0,0,0,0,0,695545.0504,5339913175.0,11.630790101,48.182334792,2,#fc8d62,car
9,1,78,124,2018,5,3,1,3,9,1,2,0,1,0,0,0,0,1,700955.9187,5364572262.0,11.715234622,48.402249343,2,#fc8d62,car
9,1,62,0,2018,5,16,5,3,5,7,0,0,1,0,0,0,0,1,686255.2302,5331794.8141,11.502383304,48.112155459,2,#fc8d62,car
9,7,61,0,2018,5,14,6,3,2,6,0,0,1,0,0,0,1,0,639644.2871,5352312721.0,10.883317251,48.308580769,2,#fc8d62,car
9,1,62,0,2018,5,18,5,3,1,6,0,0,1,0,0,0,0,0,688867822.0,5340113.6285,11.541139578,48.186156495,2,#fc8d62,car
9,7,78,203,2018,5,18,2,3,2,6,0,0,1,0,1,0,0,0,620868.2509,5322442.0267,10.621711765,48.043812416,2,#fc8d62,car
9,1,78,157,2018,5,15,7,3,2,6,0,0,1,0,0,0,0,1,704471.45,5369938443.0,11.765294768,48.44933984,2,#fc8d62,car
9,1,82,123,2018,5,13,2,2,0,1,0,0,0,0,1,0,0,0,718458.6273,5302194.2293,11.9194568,47.835950747,4,#e78ac3,marker
9,1,84,146,2018,5,5,5,3,0,1,1,0,1,0,0,0,0,1,694836.4957,5329421.9093,11.616469508,48.088261533,2,#fc8d62,car
9,1,84,148,2018,5,13,5,3,1,7,0,1,1,0,0,0,0,1,695355.2411,5326313.5729,11.622007532,48.060166182,1,#66c2a5,bicycle
9,1,62,0,2018,5,9,5,3,2,6,0,0,1,0,0,0,0,0,693236.1033,5338428.6214,11.599084858,48.169698586,2,#fc8d62,car
9,7,71,122,2018,5,18,6,3,2,6,0,0,1,0,0,0,0,0,652967.8438,5362096.2559,11.066444847,48.393460677,2,#fc8d62,car
9,7,61,0,2018,5,16,6,3,2,6,0,0,1,0,0,0,0,0,639889.3363,5364048.1674,10.890522322,48.414048534,2,#fc8d62,car
9,7,72,167,2018,5,17,2,3,2,6,0,0,1,0,1,0,0,0,623879.2257,5353266868.0,10.671081423,48.320445774,2,#fc8d62,car
9,1,62,0,2018,5,17,7,3,6,4,0,1,0,1,0,0,0,0,693455.2874,5339383.6766,11.602464424,48.178215594,1,#66c2a5,bicycle
9,7,78,116,2018,5,8,5,3,5,3,0,0,1,0,0,0,0,0,619882.7129,5317510.1598,10.607114424,47.999643001,2,#fc8d62,car
9,1,62,0,2018,5,5,2,3,8,1,0,0,1,0,0,0,0,0,679120.5919,5333329.7443,11.407262093,48.127999572,2,#fc8d62,car
9,7,72,209,2018,5,15,5,3,2,6,0,0,1,0,0,0,0,1,634469.8057,5335732.2089,10.808305293,48.160604856,2,#fc8d62,car
9,7,61,0,2018,5,11,5,3,3,1,0,0,1,0,1,0,0,0,641940.9572,5359639866.0,10.916742821,48.373952411,2,#fc8d62,car
9,7,72,223,2018,5,18,7,3,0,1,0,0,1,0,0,0,0,1,617747429.0,5363078098.0,10.591146523,48.409851401,2,#fc8d62,car
9,1,73,137,2018,5,16,7,3,3,1,0,0,1,0,0,0,0,1,676803.0416,5296834.9658,11.361136243,47.800576037,2,#fc8d62,car
9,7,78,116,2018,5,18,1,3,3,6,0,0,1,0,0,0,0,0,616994.9447,5322166.8757,10.569688238,48.042059457,2,#fc8d62,car
9,1,81,130,2018,5,12,1,2,4,1,0,0,1,0,0,0,0,0,637281183.0,5322631.7541,10.841877108,48.04219996,2,#fc8d62,car
9,1,81,127,2018,5,19,7,3,8,1,0,0,1,0,0,0,0,1,633506.7767,5322493.7365,10.791219536,48.041759328,2,#fc8d62,car
9,1,62,0,2018,5,16,7,3,5,3,0,0,1,0,0,0,0,0,684441.1077,5335409.6869,11.47959849,48.145175875,2,#fc8d62,car
9,1,75,128,2018,5,11,7,3,2,6,0,1,1,0,0,0,0,0,713104.3291,5325244.9189,11.859404383,48.044883216,1,#66c2a5,bicycle
9,1,62,0,2018,5,17,6,3,2,6,0,0,1,0,1,0,0,0,693848.1937,5336959.36,11.606639248,48.156307074,2,#fc8d62,car
9,1,62,0,2018,5,16,6,3,2,6,0,0,1,0,0,0,0,0,684566.9828,5342563.8739,11.484395875,48.209444429,2,#fc8d62,car
9,1,62,0,2018,5,15,5,3,3,6,0,1,0,0,0,0,0,0,694583871.0,5331999.5762,11.614255789,48.111505885,1,#66c2a5,bicycle
9,1,84,119,2018,5,22,6,3,9,7,2,0,1,0,0,0,0,0,695876.2904,5346180.9433,11.638135338,48.238563194,2,#fc8d62,car
9,1,74,150,2018,5,2,5,2,8,1,2,0,1,0,0,0,0,1,682807.6431,5359759.3463,11.468177461,48.364513403,2,#fc8d62,car
9,1,62,0,2018,5,19,6,3,0,7,0,0,1,0,1,0,0,0,688899.2587,5329434.9187,11.536826085,48.090165575,2,#fc8d62,car
9,1,75,132,2018,5,11,5,3,9,1,0,0,1,0,0,0,0,1,705192.6776,5336011.1324,11.758550874,48.144226907,2,#fc8d62,car