ULAND,UREGBEZ,UKREIS,UGEMEINDE,UJAHR,UMONAT,USTUNDE,UWOCHENTAG,UKATEGORIE,UART,UTYP1,ULICHTVERH,IstRad,IstPKW,IstFuss,IstKrad,IstGkfz,IstSonstig,STRZUSTAND,LINREFX,LINREFY,XGCSWGS84,YGCSWGS84,Teilnehmer,color,symbol
9,1,62,0,2018,5,3,6,3,2,6,2,0,1,0,0,0,0,0,699704.0474,5332943.2529,11.68341059,48.118402111,2,#fc8d62,car
9,1,79,123,2018,5,11,6,3,5,2,0,0,1,0,0,0,0,0,677442.8931,5331965.8236,11.384167538,48.116208913,2,#fc8d62,car
9,1,88,117,2018,5,14,5,3,8,7,0,0,1,0,0,0,0,0,663578235.0,5314953.7908,11.19152626,47.96697477,2,#fc8d62,car
9,1,84,119,2018,5,21,5,3,2,6,2,0,1,0,0,0,0,1,695801.9465,5345977.9349,11.637041318,48.236761662,2,#fc8d62,car
9,2,74,154,2018,5,15,7,3,0,1,0,0,0,0,1,0,0,0,738686891.0,5363271253.0,12.22352804,48.377412924,4,#e78ac3,marker
9,1,77,120,2018,5,7,6,3,5,3,0,0,1,0,0,0,0,0,719198.5364,5359434.5671,11.9587153,48.350012096,2,#fc8d62,car
9,2,74,134,2018,5,14,4,3,0,1,0,1,0,0,0,0,0,0,741044.1883,5374199.8006,12.261592237,48.474676788,1,#66c2a5,bicycle
9,1,74,126,2018,5,11,5,3,5,3,0,1,0,0,0,0,0,0,683103.4426,5344450.1798,11.465529113,48.226823375,1,#66c2a5,bicycle
9,2,74,194,2018,5,18,4,3,5,3,0,0,1,0,1,0,0,0,723778.5277,5380000.7284,12.031431176,48.533171387,2,#fc8d62,car
9,1,83,119,2018,5,15,7,2,0,7,0,0,1,0,1,0,0,0,735263.0571,5339515366.0,12.164146965,48.165300095,2,#fc8d62,car
9,2,61,0,2018,5,14,4,3,0,1,0,1,0,0,0,0,0,0,732955615.0,5382095386.0,12.156727533,48.548648488,1,#66c2a5,bicycle
9,1,87,169,2018,5,11,6,3,2,6,0,0,1,0,0,0,0,0,736184.5384,5299428.2637,12.154479337,47.804837404,2,#fc8d62,car
9,1,62,0,2018,5,15,4,2,4,1,0,0,1,0,1,0,0,0,679160.5293,5341089.9405,11.411067052,48.197744476,2,#fc8d62,car
9,1,63,0,2018,5,15,5,3,1,6,0,0,1,0,0,0,0,0,733287.5758,5303174.2669,12.117863577,47.839548168,2,#fc8d62,car
9,1,81,141,2018,5,13,7,2,4,2,0,1,0,0,0,0,1,0,642018181.0,5318158.6488,10.903914564,48.00094079,1,#66c2a5,bicycle
9,1,82,134,2018,5,13,6,3,2,6,0,0,1,0,0,0,1,0,703869621.0,5296502.6095,11.722050234,47.789588995,2,#fc8d62,car
9,1,82,137,2018,5,19,4,3,0,1,0,0,0,0,1,0,0,1,711550.7282,5305130.1564,11.828694052,47.864643761,4,#e78ac3,marker
9,1,84,114,2018,5,11,4,3,2,6,0,0,1,0,0,0,0,0,700942.2912,5322892.3639,11.695304931,48.027684359,2,#fc8d62,car
9,1,87,117,2018,5,12,4,3,4,2,0,0,1,0,1,0,0,0,725377.0088,5306080715.0,12.013807676,47.868483625,2,#fc8d62,car
9,1,75,139,2018,5,16,5,3,2,2,0,0,1,0,0,0,0,0,709338.9612,5329079.9622,11.810821774,48.080591621,2,#fc8d62,car
9,1,62,0,2018,5,8,4,2,2,6,0,0,1,0,0,0,0,0,684969.9264,5331978.1553,11.485211357,48.114178002,2,#fc8d62,car
9,1,74,111,2018,5,15,6,2,8,1,0,0,0,0,1,0,0,0,663706.0761,5361947332.0,11.211341044,48.389425914,4,#e78ac3,marker
9,1,88,139,2018,5,12,4,2,4,6,0,0,1,0,0,0,0,0,674025901.0,5320137717.0,11.333482519,48.010821942,2,#fc8d62,car
9,1,79,142,2018,5,13,4,3,2,6,0,0,1,0,0,0,0,0,670960.6235,5341129.6394,11.30082672,48.200362071,2,#fc8d62,car
9,1,62,0,2018,5,9,6,3,2,6,0,0,1,0,0,0,0,0,687379.4376,5331641.1266,11.517404711,48.110444319,2,#fc8d62,car
9,1,74,146,2018,5,13,6,3,2,6,0,0,1,0,0,0,0,0,668411.0033,5350002912.0,11.270069841,48.280811971,2,#fc8d62,car
9,1,88,132,2018,5,20,4,3,7,7,1,0,1,0,0,0,0,1,668132.8995,5322852.8099,11.255594009,48.036808528,2,#fc8d62,car
9,1,84,123,2018,5,10,4,3,4,6,0,0,0,0,0,1,1,0,703905.9053,5332066.9135,11.739385496,48.109195151,5,#a6d854,bus
9,1,79,121,2018,5,11,4,3,5,3,0,1,1,0,0,0,0,0,667366119.0,5339228.51,11.251740971,48.184228764,1,#66c2a5,bicycle
9,1,79,138,2018,5,17,4,3,8,1,0,0,0,0,1,0,0,0,653182.4988,5334163.1184,11.059224248,48.142263975,4,#e78ac3,marker
9,1,74,126,2018,5,8,4,3,5,3,0,0,1,0,0,0,0,0,682899.3368,5344613359.0,11.462853836,48.228348993,2,#fc8d62,car
9,1,78,122,2018,5,5,4,2,4,2,0,0,0,0,1,0,1,0,702638.9046,5384414.1745,11.747570791,48.58001205,4,#e78ac3,marker
9,1,75,123,2018,5,7,4,3,4,6,0,1,0,0,0,0,0,0,720588.7816,5337968.0028,11.966268035,48.156658099,1,#66c2a5,bicycle
9,7,77,167,2018,5,15,6,3,2,6,0,1,0,0,0,0,1,0,619120593.0,5297646879.0,10.591413924,47.821138266,1,#66c2a5,bicycle
9,1,84,140,2018,5,11,5,3,2,6,0,0,1,0,0,0,0,1,701183.6676,5328722.7764,11.701280105,48.0800069,2,#fc8d62,car
9,1,77,124,2018,5,14,4,3,8,1,0,0,0,0,0,1,0,0,725888.0361,5366937.3435,12.052910141,48.415059207,5,#a6d854,bus
9,7,62,0,2018,5,23,6,3,4,2,2,0,1,0,0,0,0,0,623017.7725,5306247.8942,10.645904418,47.897759756,2,#fc8d62,car
9,1,84,147,2018,5,6,3,3,5,3,0,0,1,0,0,0,1,0,695684858.0,5339964.5614,11.632692625,48.182753578,2,#fc8d62,car
9,1,62,0,2018,5,9,3,3,8,1,0,0,1,0,0,0,0,0,682674.5047,5337589.2274,11.456806962,48.165276765,2,#fc8d62,car
9,1,62,0,2018,5,15,3,3,4,2,0,0,1,0,1,0,0,0,697598.5945,5330169.0123,11.653866626,48.094125844,2,#fc8d62,car
9,1,62,0,2018,5,10,3,3,5,3,0,1,1,0,0,0,0,0,681587.6867,5335371.5646,11.441257672,48.145654088,1,#66c2a5,bicycle
9,1,84,118,2018,5,7,3,3,2,6,0,0,1,0,1,0,0,0,704079.4172,5335722.2656,11.743463931,48.141989032,2,#fc8d62,car
9,1,62,0,2018,5,11,3,3,3,2,0,1,1,0,0,0,0,0,692195.14,5339293199.0,11.585489298,48.17778479,1,#66c2a5,bicycle
9,7,78,203,2018,5,9,5,2,8,1,0,0,0,0,1,0,0,0,620766421.0,5322136.1413,10.620259766,48.041080703,4,#e78ac3,marker
9,1,62,0,2018,5,9,3,3,5,2,0,1,0,0,1,0,0,0,694441758.0,5331866731.0,11.612287989,48.110355318,1,#66c2a5,bicycle
9,7,78,203,2018,5,21,3,3,6,7,2,0,1,1,0,0,0,0,622841.0254,5322206.8935,10.648102117,48.041321177,2,#fc8d62,car
9,1,78,124,2018,5,5,7,3,0,1,1,1,0,0,0,0,0,0,703411.9389,5364205.7608,11.748202351,48.398168359,1,#66c2a5,bicycle
9,7,61,0,2018,5,13,3,3,2,6,0,0,1,0,0,0,1,0,639377262.0,5351329.9384,10.879393456,48.299802623,2,#fc8d62,car
9,7,61,0,2018,5,19,3,3,5,3,0,1,1,0,0,0,0,1,640738148.0,5355569988.0,10.899148601,48.337626792,1,#66c2a5,bicycle
9,7,61,0,2018,5,13,3,3,2,6,0,0,1,0,0,0,0,0,640720.4666,5355557765.0,10.898906058,48.337520824,2,#fc8d62,car
9,1,62,0,2018,5,15,6,3,2,6,0,0,1,0,0,0,0,0,687760.2556,5331594.0217,11.522495054,48.109908784,2,#fc8d62,car
9,1,79,121,2018,5,13,6,3,0,1,0,1,0,0,0,0,0,0,664568177.0,5338527.5209,11.213855414,48.178657726,1,#66c2a5,bicycle
9,2,61,0,2018,5,7,5,3,3,6,0,0,1,0,0,1,0,0,733054462.0,5382158.45,12.158100151,48.549178259,2,#fc8d62,car
9,7,61,0,2018,5,16,4,3,1,6,0,0,1,0,0,0,0,0,639883.5778,5354278.8649,10.887194789,48.326207072,2,#fc8d62,car
9,1,78,143,2018,5,13,6,3,5,2,0,0,1,0,0,0,0,0,715691.7917,5372614.3572,11.918219413,48.469638125,2,#fc8d62,car
9,7,61,0,2018,5,11,4,3,2,7,0,1,1,0,0,0,0,0,641566.1478,5353344.8994,10.90956803,48.317434563,1,#66c2a5,bicycle
9,1,83,126,2018,5,8,7,2,5,3,0,1,1,0,0,0,0,0,733012993.0,5336830215.0,12.132462123,48.142006668,1,#66c2a5,bicycle
9,1,84,118,2018,5,17,5,3,2,6,0,0,1,0,0,0,0,0,703018.6791,5336263.4249,11.729479151,48.147191625,2,#fc8d62,car
9,1,62,0,2018,5,12,6,3,2,6,0,0,1,0,0,0,0,0,698261.9492,5333239.6737,11.664192849,48.121516744,2,#fc8d62,car
9,1,79,117,2018,5,10,7,2,1,5,0,0,1,0,1,0,0,0,662582.8409,5345537439.0,11.189854567,48.242189994,2,#fc8d62,car
9,1,87,169,2018,5,16,6,3,5,3,0,0,1,0,0,0,0,0,740629729.0,5298592.6072,12.213290245,47.795684584,2,#fc8d62,car
9,7,61,0,2018,5,16,5,3,0,7,0,1,0,0,0,0,0,0,641596.7678,5359861.8517,10.912172417,48.376025739,1,#66c2a5,bicycle
9,1,84,134,2018,5,8,4,3,2,6,0,0,1,0,0,0,1,0,692997986.0,5323434.2108,11.589104477,48.035004084,2,#fc8d62,car
9,1,62,0,2018,5,21,6,3,2,6,1,0,1,0,0,0,0,0,690863.3239,5332040.1472,11.564340401,48.112996314,2,#fc8d62,car
9,1,79,147,2018,5,18,6,2,8,1,0,0,0,0,1,0,0,0,664312.6903,5333412.2867,11.208445764,48.132736638,4,#e78ac3,marker
9,1,73,123,2018,5,18,3,3,4,2,0,0,1,0,1,0,0,1,680097.6361,5299325.2194,11.406129022,47.822049167,2,#fc8d62,car
9,2,74,113,2018,5,20,5,2,8,1,2,0,1,0,0,0,0,1,726732.8487,5382170062.0,12.072572981,48.551599195,2,#fc8d62,car
9,1,75,121,2018,5,19,6,3,2,6,0,0,1,0,0,0,0,0,714095.6106,5318804.3376,11.869472355,47.986677459,2,#fc8d62,car
9,7,77,157,2018,5,16,6,3,2,6,0,1,1,0,0,0,0,0,630635654.0,5303466396.0,10.746937983,47.871239417,1,#66c2a5,bicycle
9,1,84,114,2018,5,15,3,3,9,7,0,0,0,0,0,0,1,0,700034.9229,5318649.58,11.681169391,47.989837945,6,#ffd92f,circle
9,1,87,134,2018,5,17,3,2,4,2,0,0,1,0,1,0,1,0,736792.2513,5319818.0368,12.173768818,47.987787373,2,#fc8d62,car
9,1,87,177,2018,5,7,3,3,5,3,0,1,1,0,0,0,0,0,738338.3773,5304929.7355,12.186226959,47.853466465,1,#66c2a5,bicycle
9,1,87,177,2018,5,14,3,3,5,3,0,1,1,0,0,0,0,0,737125.7985,5305437.7431,12.170320789,47.85847868,1,#66c2a5,bicycle
9,1,87,122,2018,5,13,7,3,2,6,0,0,1,0,1,0,0,0,721999.0385,5306919.4489,11.969130507,47.877196105,2,#fc8d62,car
9,1,87,177,2018,5,13,5,3,5,3,0,1,1,0,0,0,0,1,735570.6019,5305349.8318,12.149512854,47.858260838,1,#66c2a5,bicycle
9,1,88,145,2018,5,11,3,3,3,6,0,1,0,0,0,0,0,0,663815631.0,5328172.1938,11.199757788,48.085754402,1,#66c2a5,bicycle
9,1,79,145,2018,5,11,3,3,5,3,0,0,1,0,0,1,0,0,673918581.0,5335909072.0,11.338465178,48.15262896,2,#fc8d62,car
9,1,79,123,2018,5,9,3,3,5,2,0,0,1,0,0,0,0,0,677442.9,5331965.7996,11.384167621,48.116208696,2,#fc8d62,car
9,1,74,121,2018,5,9,3,2,4,6,0,0,1,0,0,0,0,0,690648.6516,5353860.3294,11.571264995,48.309176472,2,#fc8d62,car
9,1,86,152,2018,5,7,3,3,2,6,0,0,1,0,0,0,0,0,691504.1618,5373769.1703,11.591870435,48.487846318,2,#fc8d62,car
9,1,75,118,2018,5,16,3,3,4,6,0,0,1,0,0,0,1,0,718865.1525,5338573.0904,11.943433425,48.162690338,2,#fc8d62,car
9,1,79,130,2018,5,10,7,3,2,2,0,0,1,0,1,0,0,0,659272.9096,5337128.8238,11.142149221,48.167432032,2,#fc8d62,car
9,1,86,143,2018,5,14,6,3,5,3,0,1,0,0,0,0,1,0,685551.7534,5379213.3629,11.513811724,48.538562424,1,#66c2a5,bicycle
9,1,62,0,2018,5,13,2,3,4,2,0,0,1,0,1,0,0,0,698784.7624,5333039.9962,11.671117271,48.119559195,2,#fc8d62,car
9,1,62,0,2018,5,10,2,3,4,6,0,1,0,0,0,0,0,0,693395.0232,5331490.1588,11.598069629,48.10728945,1,#66c2a5,bicycle
9,1,62,0,2018,5,14,4,3,2,6,0,0,1,0,0,0,0,0,687774.8619,5331604.3119,11.522695617,48.109996969,2,#fc8d62,car
9,1,88,121,2018,5,14,4,3,3,6,0,0,0,0,1,1,0,0,669926.4182,5329165.0933,11.282143823,48.093080874,4,#e78ac3,marker
9,1,79,142,2018,5,19,5,3,4,6,0,0,1,0,0,0,0,1,673028.4865,5339850188.0,11.328111399,48.18830036,2,#fc8d62,car
9,7,61,0,2018,5,12,4,2,2,2,0,0,1,0,0,0,0,0,642852535.0,5360036.3366,10.92918008,48.377311574,2,#fc8d62,car
9,2,74,134,2018,5,12,5,2,9,1,0,0,1,0,0,0,0,0,738216.5885,5372553.9538,12.222458022,48.460970678,2,#fc8d62,car
9,1,78,138,2018,5,22,3,3,5,3,2,0,1,0,0,0,0,0,712003.7358,5368989.1692,11.866551484,48.438318865,2,#fc8d62,car
9,1,84,145,2018,5,6,3,3,5,3,0,0,1,0,0,0,1,0,699239265.0,5324808963.0,11.673379116,48.04544289,2,#fc8d62,car
9,1,84,138,2018,5,17,4,3,5,3,0,1,1,0,0,0,0,0,680867397.0,5330718.38,11.429608616,48.10403234,1,#66c2a5,bicycle
9,7,77,121,2018,5,5,3,3,3,1,1,0,1,0,0,1,0,0,630340.2999,5321808.7004,10.748548101,48.03625321,2,#fc8d62,car
9,1,77,112,2018,5,16,4,3,5,3,0,0,1,0,0,0,0,0,716925166.0,5363068421.0,11.929945322,48.383446456,2,#fc8d62,car
9,1,88,126,2018,5,15,5,2,5,3,0,0,1,0,0,0,0,0,659859149.0,5329326816.0,11.14710058,48.097139778,2,#fc8d62,car
9,1,84,137,2018,5,18,2,3,1,7,0,1,1,0,0,0,0,0,703996.3246,5319102.4129,11.734419204,47.992656489,1,#66c2a5,bicycle
9,1,84,132,2018,5,15,4,3,5,2,0,0,1,0,0,0,0,0,683125043.0,5328836.7477,11.459099874,48.086473903,2,#fc8d62,car
9,2,74,113,2018,5,12,2,2,2,6,0,0,1,1,0,0,0,0,726747.4907,5380581.7844,12.071906693,48.537325796,2,#fc8d62,car
9,1,90,148,2018,5,7,3,2,6,4,0,1,0,1,0,0,0,0,642381.3612,5297157.9927,10.901847395,47.812014684,1,#66c2a5,bicycle
9,2,74,113,2018,5,9,2,2,5,7,0,1,0,0,0,0,0,0,728503.6866,5381558.6988,12.096198763,48.545464667,1,#66c2a5,bicycle
9,2,61,0,2018,5,17,2,3,5,3,0,1,1,0,0,0,0,0,732360772.0,5382046984.0,12.148652651,48.5484343,1,#66c2a5,bicycle
9,2,74,194,2018,5,16,2,3,0,1,0,1,0,0,0,0,0,0,723073714.0,5378213.7622,12.020941421,48.517368447,1,#66c2a5,bicycle
9,7,72,162,2018,5,15,3,3,0,1,0,1,0,0,0,0,0,0,636183.9429,5335510.4364,10.831273301,48.158245732,1,#66c2a5,bicycle
9,1,84,114,2018,5,22,2,3,3,6,2,0,1,0,0,0,0,0,699811.4954,5319155.0231,11.678413298,47.994450374,2,#fc8d62,car
9,1,82,123,2018,5,7,2,3,1,6,0,0,1,0,0,0,1,0,719843.2193,5300869.5473,11.937262972,47.823575868,2,#fc8d62,car
9,1,62,0,2018,5,10,4,3,2,6,0,0,0,0,1,1,0,0,696378.0905,5343311.6175,11.643557086,48.212620673,4,#e78ac3,marker
9,1,88,139,2018,5,12,5,3,2,6,0,0,1,0,0,0,0,0,675243.5911,5319177.9891,11.349404077,48.001861659,2,#fc8d62,car
9,1,87,117,2018,5,21,2,2,3,6,2,1,1,0,0,0,0,0,725395.7334,5302250.5113,12.01206242,47.834062805,1,#66c2a5,bicycle
9,7,71,113,2018,5,14,4,3,4,6,0,0,1,0,1,0,0,0,657651.5184,5369440.4863,11.132433461,48.458333976,2,#fc8d62,car
9,7,72,223,2018,5,6,4,3,2,6,0,0,0,0,0,1,0,0,618955256.0,5363093.7737,10.607465946,48.409765552,5,#a6d854,bus
9,1,88,132,2018,5,12,3,2,2,6,0,0,1,0,1,0,0,0,667610.6176,5320191.3049,11.247551927,48.013018333,2,#fc8d62,car
9,1,75,115,2018,5,5,4,3,8,1,1,0,1,0,0,0,0,1,719777.4288,5333352.5148,11.952991735,48.11546883,2,#fc8d62,car
9,1,75,122,2018,5,13,5,3,5,2,0,0,1,0,1,0,0,0,720276.8275,5325018.3042,11.955396895,48.040412884,2,#fc8d62,car
9,1,62,0,2018,5,10,2,3,2,6,0,0,1,0,0,0,0,0,679834.5374,5338012.4819,11.418826559,48.169891086,2,#fc8d62,car
9,1,74,146,2018,5,21,2,3,8,1,1,0,1,0,0,0,0,1,665580.9737,5351462.8245,11.232525472,48.29468289,2,#fc8d62,car
9,1,74,146,2018,5,20,2,3,8,1,1,0,1,0,0,0,0,1,667242.2551,5350744.2651,11.254622041,48.287786365,2,#fc8d62,car
9,1,84,146,2018,5,9,2,3,5,3,0,0,1,0,0,0,1,0,694814233.0,5328952946.0,11.615956977,48.084053453,2,#fc8d62,car
9,1,62,0,2018,5,8,2,3,2,6,2,0,1,0,0,1,0,0,679893158.0,5338095.1871,11.419649286,48.170617926,2,#fc8d62,car
9,1,84,131,2018,5,8,4,3,0,2,0,0,1,0,1,0,0,0,705652507.0,5337300111.0,11.765347958,48.1556618,2,#fc8d62,car
9,1,74,146,2018,5,7,2,3,3,6,0,0,1,0,0,0,1,0,666634.7024,5351026.4689,11.246549396,48.290483554,2,#fc8d62,car
9,1,77,123,2018,5,10,3,3,2,6,0,0,1,0,0,0,1,0,726987.1744,5344474.2784,12.055658184,48.212859869,2,#fc8d62,car
9,1,74,135,2018,5,4,2,3,8,1,2,0,1,0,0,0,0,0,663877.7983,5352672.8978,11.210049181,48.306004818,2,#fc8d62,car
9,7,77,121,2018,5,7,3,3,2,6,0,0,1,0,0,0,1,0,628230.9934,5320630.5809,10.719911856,48.026085388,2,#fc8d62,car
9,1,62,0,2018,5,8,4,2,0,7,0,1,0,0,0,0,0,0,689011.4689,5331964.4192,11.539451745,48.112867927,1,#66c2a5,bicycle
9,1,88,120,2018,5,14,2,3,0,7,0,1,0,0,0,0,0,0,678225.0483,5327346.3137,11.392738739,48.074464901,1,#66c2a5,bicycle
9,1,79,121,2018,5,14,2,2,0,6,0,0,1,0,1,0,0,0,663829.2203,5340261.5892,11.204591046,48.194438356,2,#fc8d62,car
9,1,74,126,2018,5,10,3,2,0,1,0,1,0,0,0,0,0,0,683010333.0,5344530.8392,11.464311402,48.22757525,1,#66c2a5,bicycle
9,1,73,137,2018,5,16,3,3,2,7,0,0,1,0,0,1,0,0,676805.8606,5296874.0658,11.361189793,47.800926766,2,#fc8d62,car
9,1,84,123,2018,5,7,2,2,2,6,0,0,1,0,0,0,0,0,705145.3642,5332430.3349,11.756191929,48.112063122,2,#fc8d62,car
9,1,78,124,2018,5,6,2,3,2,6,0,0,1,0,0,0,0,0,701932.0132,5358730.9205,11.725602296,48.349444895,2,#fc8d62,car
9,1,78,120,2018,5,15,2,3,2,1,0,0,1,0,0,0,0,0,695479.1438,5353304.8158,11.63608544,48.3027097,2,#fc8d62,car
9,1,77,113,2018,5,15,2,3,5,3,0,0,1,0,0,0,0,0,720782499.0,5353031.66,11.976713622,48.29193349,2,#fc8d62,car
9,1,77,126,2018,5,7,2,2,5,2,0,0,1,0,0,0,0,0,720907.0866,5369488.4924,11.987032172,48.439744921,2,#fc8d62,car
9,1,77,115,2018,5,14,2,3,3,2,0,0,1,0,0,0,1,0,735442.2041,5354707.4728,12.174992816,48.301704916,2,#fc8d62,car
9,1,84,147,2018,5,17,1,2,8,5,0,0,0,0,1,0,0,0,695965.9408,5339214473.0,11.636124211,48.175925624,4,#e78ac3,marker
9,1,62,0,2018,5,14,1,3,5,2,0,0,1,0,0,0,0,0,694984.8112,5332996.9937,11.620092677,48.120347652,2,#fc8d62,car
9,1,87,150,2018,5,21,4,3,0,1,2,1,0,0,0,0,0,0,729893.7321,5308110.9437,12.075197767,47.885123663,1,#66c2a5,bicycle
9,1,87,137,2018,5,12,5,3,8,1,0,0,0,0,1,0,0,0,727774.9225,5308346.8743,12.04702137,47.887998573,4,#e78ac3,marker
9,7,72,163,2018,5,15,2,3,2,6,0,0,1,0,0,0,0,0,638532.2504,5347672.8778,10.866806363,48.267104083,2,#fc8d62,car
9,7,77,121,2018,5,16,4,3,5,3,0,0,1,0,0,0,0,0,628922243.0,5321862765.0,10.729549815,48.037027313,2,#fc8d62,car
9,7,77,158,2018,5,16,1,3,2,6,0,0,1,0,0,0,0,0,620172682.0,5310581.7716,10.609062911,47.937276853,2,#fc8d62,car
9,1,75,132,2018,5,13,4,3,2,2,0,0,1,0,0,0,0,0,708668.1217,5333238361.0,11.803858353,48.118179926,2,#fc8d62,car
9,1,88,137,2018,5,12,5,3,0,1,0,1,0,0,0,0,0,0,673707067.0,5316220625.0,11.327625946,47.97569496,1,#66c2a5,bicycle
9,1,82,120,2018,5,16,3,3,2,7,0,0,1,0,0,0,0,0,702895.6032,5310292.2039,11.71552741,47.913828131,2,#fc8d62,car
9,1,81,127,2018,5,15,4,3,0,1,0,1,0,0,0,0,0,0,635208465.0,5325705.36,10.815053883,48.070281975,1,#66c2a5,bicycle
9,1,79,119,2018,5,19,5,3,0,1,1,1,0,0,0,0,0,1,668986137.0,5338646.46,11.273287461,48.178567383,1,#66c2a5,bicycle
9,7,61,0,2018,5,23,4,3,3,6,2,1,1,0,0,0,0,0,639618.3369,5360885.2619,10.885810139,48.385668811,1,#66c2a5,bicycle
9,7,72,131,2018,5,0,1,3,0,1,2,1,0,0,0,0,0,0,616404.8949,5357305.7831,10.571412551,48.358189269,1,#66c2a5,bicycle
9,7,71,142,2018,5,1,1,3,6,4,2,0,1,1,0,0,0,0,645727115.0,5351153.8216,10.964904288,48.296788405,2,#fc8d62,car
9,7,61,0,2018,5,11,1,3,2,2,0,0,1,0,0,0,0,0,640250.8625,5360538865.0,10.894233131,48.382413807,2,#fc8d62,car
9,1,78,120,2018,5,14,3,3,8,1,0,0,0,0,1,0,0,0,691166881.0,5355462.4833,11.578973076,48.323419537,4,#e78ac3,marker
9,1,62,0,2018,5,14,3,3,2,7,0,0,1,0,0,0,0,0,688685.7461,5336923.6929,11.537276576,48.157539204,2,#fc8d62,car
9,1,62,0,2018,5,18,4,2,5,2,0,0,1,0,1,0,0,0,678196.2781,5339054.8578,11.397248587,48.179722438,2,#fc8d62,car
9,2,74,124,2018,5,16,5,2,3,7,0,0,1,0,1,0,0,0,724495.5977,5375938839.0,12.038945627,48.496424538,2,#fc8d62,car
9,1,62,0,2018,5,20,2,3,2,1,0,0,1,0,0,0,0,0,688862.3197,5339946.1951,11.540991188,48.184653233,2,#fc8d62,car
9,1,62,0,2018,5,8,4,3,4,2,0,0,1,0,0,0,0,0,683028628.0,5338912447.0,11.462134688,48.177068806,2,#fc8d62,car
9,1,90,158,2018,5,14,3,3,4,1,0,0,1,0,1,0,0,0,652048.7497,5297893.0625,11.03115541,47.8164129,2,#fc8d62,car
9,1,82,120,2018,5,11,5,2,5,3,0,0,1,0,0,0,0,0,701200489.0,5304857004.0,11.690333292,47.865513717,2,#fc8d62,car
9,7,77,112,2018,5,16,2,2,2,6,0,0,1,0,1,0,0,0,622853791.0,5298574.6018,10.641530567,47.828779885,2,#fc8d62,car
9,1,86,152,2018,5,14,5,3,2,6,0,0,1,0,0,0,0,0,690730.7796,5376844.0344,11.582818905,48.515716026,2,#fc8d62,car
9,7,71,122,2018,5,13,4,3,9,1,0,0,1,0,0,0,0,0,649284.7405,5362630.8848,11.016912275,48.399150164,2,#fc8d62,car
9,7,62,0,2018,5,20,4,3,7,7,1,0,0,0,1,0,0,0,617704.8764,5303268.6708,10.574037231,47.871961437,4,#e78ac3,marker
9,1,87,137,2018,5,18,3,3,5,3,0,1,0,0,0,0,1,0,730207992.0,5310939938.0,12.080904181,47.910427691,1,#66c2a5,bicycle
9,1,74,131,2018,5,18,4,3,0,7,0,0,0,0,1,0,1,1,676415.7643,5360092.8678,11.382096349,48.369329944,4,#e78ac3,marker
9,1,88,139,2018,5,13,5,2,2,6,0,1,1,0,0,0,0,0,676527933.0,5318942929.0,11.366510757,47.999395262,1,#66c2a5,bicycle
9,7,61,0,2018,5,14,4,3,2,1,0,0,1,0,0,0,0,0,641447.1584,5354486.6589,10.908346975,48.327727534,2,#fc8d62,car
9,1,75,122,2018,5,12,3,3,2,2,0,0,1,0,0,0,0,0,720991.2497,5326073.0386,11.965513253,48.049642892,2,#fc8d62,car
9,1,81,141,2018,5,11,3,3,0,7,0,0,0,0,1,0,1,1,643938234.0,5319891119.0,10.930221451,48.016089868,4,#e78ac3,marker
9,1,75,121,2018,5,19,4,3,8,1,0,0,0,0,1,0,0,0,713005.5743,5319677.2055,11.855314689,47.99488492,4,#e78ac3,marker
9,1,88,132,2018,5,9,5,2,5,3,0,0,1,0,1,0,0,0,664118953.0,5321951.4365,11.201441064,48.029749036,2,#fc8d62,car
9,7,71,156,2018,5,15,2,2,0,1,0,0,1,0,0,0,0,0,651632.6886,5378966.7319,11.054536625,48.545460096,2,#fc8d62,car
9,1,84,147,2018,5,17,2,2,1,5,0,0,1,0,1,0,0,0,696257.1952,5339252.0621,11.640055193,48.176173573,2,#fc8d62,car
9,1,62,0,2018,5,19,4,3,4,3,0,1,0,0,0,0,0,0,683812.7216,5332019.8691,11.469696437,48.114888,1,#66c2a5,bicycle
9,1,73,137,2018,5,12,1,2,5,3,0,0,1,0,1,0,0,0,679254.1797,5308251.8827,11.398571582,47.902531162,2,#fc8d62,car
9,1,84,129,2018,5,14,3,3,2,6,0,0,1,0,0,0,1,0,701085737.0,5325126.7204,11.698275883,48.047719704,2,#fc8d62,car
9,1,62,0,2018,5,6,4,3,5,3,0,1,1,0,0,0,0,0,687690785.0,5333429472.0,11.522370618,48.126426791,1,#66c2a5,bicycle
9,7,62,0,2018,5,15,3,3,3,2,0,1,1,0,0,0,0,0,620527.12,5305417.8486,10.612362938,47.89076723,1,#66c2a5,bicycle
9,1,87,182,2018,5,17,1,3,0,7,0,0,0,0,1,0,0,0,737644.2871,5327674.8749,12.189526075,48.058051126,4,#e78ac3,marker
9,1,87,137,2018,5,12,1,2,5,3,0,0,1,0,1,0,0,0,729615592.0,5311280542.0,12.073169176,47.913700118,2,#fc8d62,car