ULAND,UREGBEZ,UKREIS,UGEMEINDE,UJAHR,UMONAT,USTUNDE,UWOCHENTAG,UKATEGORIE,UART,UTYP1,ULICHTVERH,IstRad,IstPKW,IstFuss,IstKrad,IstGkfz,IstSonstig,STRZUSTAND,LINREFX,LINREFY,XGCSWGS84,YGCSWGS84,Teilnehmer,color,symbol
9,7,72,184,2018,5,0,3,3,0,7,2,0,1,0,0,0,0,1,634098.5468,5359067.1735,10.81071441,48.370518032,2,#fc8d62,car
9,1,86,125,2018,5,10,1,3,0,6,0,1,0,0,0,0,0,0,672901.9161,5369945.6665,11.338751829,48.458869523,1,#66c2a5,bicycle
9,1,79,134,2018,5,18,1,3,0,1,0,0,0,0,1,0,0,0,668181454.0,5342912.72,11.264161411,48.217133908,4,#e78ac3,marker
9,1,88,124,2018,5,12,1,3,0,7,0,1,0,0,0,0,0,0,660701.8268,5318991.2215,11.1545291,48.004003299,1,#66c2a5,bicycle
9,1,77,116,2018,5,11,4,3,4,6,0,0,1,0,0,1,0,0,713604.7736,5366445.0438,11.886874949,48.414918686,2,#fc8d62,car
9,1,88,139,2018,5,17,5,3,0,1,0,0,0,0,1,0,0,0,674485.4528,5319429.5848,11.339351203,48.004330779,4,#e78ac3,marker
9,1,74,115,2018,5,17,1,3,5,3,0,0,1,0,0,0,0,0,680759.5881,5348495.2781,11.435725182,48.263855632,2,#fc8d62,car
9,1,88,121,2018,5,11,5,3,7,7,0,0,1,0,0,0,0,0,669564.0749,5329264.2122,11.27732084,48.094068455,2,#fc8d62,car
9,1,75,118,2018,5,19,1,3,9,7,0,0,1,0,0,0,0,0,715316.4184,5339598.2321,11.896290669,48.173113283,2,#fc8d62,car
9,7,72,215,2018,5,15,4,3,3,1,0,1,0,0,1,0,0,0,633369.0735,5345561.0776,10.796599939,48.249222273,1,#66c2a5,bicycle
9,1,78,120,2018,5,15,1,3,8,6,0,0,1,0,0,0,0,0,693266.5373,5356151.8725,11.607584601,48.328976982,2,#fc8d62,car
9,1,78,143,2018,5,9,1,3,4,2,0,0,1,0,0,0,0,0,718350.0813,5372224633.0,11.953932102,48.465219605,2,#fc8d62,car
9,1,77,144,2018,5,7,1,3,2,6,0,0,1,0,0,0,0,0,718082.2581,5347312.5574,11.937408901,48.241483887,2,#fc8d62,car
9,1,79,123,2018,5,11,3,3,1,6,0,0,1,0,0,0,0,0,675617.1632,5333383.0525,11.360242147,48.129455004,2,#fc8d62,car
9,1,77,131,2018,5,18,1,3,0,7,0,1,0,0,0,0,0,0,712958.2288,5346570.3507,11.868109731,48.236556384,1,#66c2a5,bicycle
9,1,84,148,2018,5,11,3,3,0,6,0,1,1,0,0,0,0,0,695756.1866,5326319.7312,11.627385879,48.060098652,1,#66c2a5,bicycle
9,1,84,122,2018,5,15,4,3,8,1,0,0,1,0,0,0,0,0,690156.9417,5323195.5414,11.550924805,48.033711138,2,#fc8d62,car
9,1,62,0,2018,5,15,7,2,6,7,0,1,0,1,0,0,0,0,685738.4289,5335286.0072,11.496968407,48.14368675,1,#66c2a5,bicycle
9,1,84,142,2018,5,21,7,3,4,1,1,0,0,0,1,0,1,0,683935.9773,5317463.3595,11.46509487,47.984007568,4,#e78ac3,marker
9,1,62,0,2018,5,16,7,3,3,2,0,1,1,0,0,0,0,0,695158.4072,5334051971.0,11.622905859,48.129776135,1,#66c2a5,bicycle
9,2,74,113,2018,5,12,3,3,5,3,0,0,1,0,1,0,0,0,728447157.0,5381532569.0,12.09541963,48.545250523,2,#fc8d62,car
9,1,84,142,2018,5,10,7,2,4,2,0,0,1,0,1,0,0,0,684551963.0,5316334867.0,11.472857555,47.973686345,2,#fc8d62,car
9,1,84,149,2018,5,17,7,2,5,3,0,0,1,0,1,0,0,0,690245.55,5350836944.0,11.564471982,48.28212457,2,#fc8d62,car
9,1,62,0,2018,5,13,7,3,5,3,0,0,1,0,1,0,0,0,694528.3091,5336738581.0,11.615673833,48.154115135,2,#fc8d62,car
9,1,77,139,2018,5,18,3,3,4,6,0,0,1,0,1,0,0,0,736324.6432,5360241.8833,12.189975538,48.3510901,2,#fc8d62,car
9,1,84,136,2018,5,19,4,3,5,2,0,0,1,0,0,0,0,0,697675.3588,5326718.0828,11.653300102,48.063087157,2,#fc8d62,car
9,7,78,116,2018,5,14,7,3,5,2,0,0,1,0,1,0,0,0,618987.1302,5319696.4936,10.595719952,48.019473499,2,#fc8d62,car
9,7,78,137,2018,5,12,7,2,5,3,0,0,1,0,1,0,0,0,623124.5014,5329233.1625,10.653927992,48.10445608,2,#fc8d62,car
9,1,90,138,2018,5,19,3,3,5,3,0,1,1,0,0,0,0,0,660988.1119,5310617.6742,11.155228753,47.928645894,1,#66c2a5,bicycle
9,1,87,182,2018,5,16,5,2,5,2,0,0,1,0,0,0,0,0,738177.1593,5328280.5288,12.197003654,48.063293122,2,#fc8d62,car
9,7,62,0,2018,5,13,7,3,5,3,0,1,1,0,0,0,0,0,622714764.0,5304712767.0,10.641415614,47.884011369,1,#66c2a5,bicycle
9,7,72,163,2018,5,11,7,3,8,7,0,0,1,0,0,0,0,0,638951.6962,5349685.0486,10.873117,48.285105527,2,#fc8d62,car
9,7,72,163,2018,5,10,7,3,3,6,0,0,1,0,0,0,0,0,638539.7732,5346672.8747,10.866580155,48.258110416,2,#fc8d62,car
9,7,61,0,2018,5,17,7,3,2,6,0,0,1,0,0,0,0,0,639897.5838,5354280.2731,10.887384108,48.326216634,2,#fc8d62,car
9,7,71,142,2018,5,20,7,2,5,3,0,1,1,0,0,0,0,0,645381826.0,5353087596.0,10.960917625,48.314255236,1,#66c2a5,bicycle
9,1,87,179,2018,5,10,5,3,0,6,0,0,1,0,1,0,0,0,728253495.0,5316758.6168,12.057869433,47.963403861,2,#fc8d62,car
9,7,71,130,2018,5,14,7,2,8,7,0,0,0,0,1,0,0,0,651282.2232,5351734202.0,11.039965866,48.300702885,4,#e78ac3,marker
9,7,73,182,2018,5,16,4,2,5,3,0,0,0,0,1,0,1,0,625146583.0,5380027.5382,10.696165028,48.560843263,4,#e78ac3,marker
9,7,72,163,2018,5,19,7,3,7,7,0,0,0,0,1,0,1,0,639222655.0,5344934.3957,10.875203867,48.242328385,4,#e78ac3,marker
9,7,72,163,2018,5,14,7,3,4,2,0,0,1,0,0,0,0,0,639604.6252,5346124.9792,10.880738409,48.252950047,2,#fc8d62,car
9,1,62,0,2018,6,8,3,3,2,6,0,0,1,0,0,0,1,0,684463.5949,5332969.4966,11.478843908,48.123235601,2,#fc8d62,car
9,1,81,127,2018,6,16,4,3,1,6,0,0,1,0,0,0,0,1,634608.4146,5322779.0339,10.806082008,48.044093571,2,#fc8d62,car
9,1,62,0,2018,6,12,2,3,9,1,0,0,1,0,0,0,0,0,697699.9683,5335147.8435,11.657534823,48.138840772,2,#fc8d62,car
9,7,71,130,2018,6,15,3,3,5,3,0,0,1,0,0,0,0,0,644698.1118,5363215.6855,10.955184311,48.405477616,2,#fc8d62,car
9,1,62,0,2018,6,7,2,3,2,6,0,0,1,0,0,0,0,0,689525.0205,5339020.6212,11.54948535,48.176136838,2,#fc8d62,car
9,1,62,0,2018,6,19,3,3,4,2,0,1,1,0,0,0,0,0,689058185.0,5329578.6862,11.539021867,48.091410668,1,#66c2a5,bicycle
9,1,90,159,2018,6,14,7,2,0,6,0,0,1,0,0,0,0,0,665103.8276,5305853.1898,11.20846216,47.88476321,2,#fc8d62,car
9,1,84,135,2018,6,18,3,3,9,6,0,0,1,0,0,0,0,0,692662327.0,5344982857.0,11.59435018,48.228779935,2,#fc8d62,car
9,1,74,115,2018,6,8,4,3,5,3,0,0,1,0,0,1,0,0,682349.9757,5350659.6989,11.458068692,48.282854711,2,#fc8d62,car
9,1,90,151,2018,6,17,7,3,0,6,0,0,1,0,1,0,0,0,633652.7341,5299621.0105,10.786075823,47.836036901,2,#fc8d62,car
9,1,90,148,2018,6,10,7,3,2,6,0,0,1,0,0,0,0,0,639821.6312,5296314.9554,10.867403082,47.804994754,2,#fc8d62,car
9,1,83,139,2018,6,17,7,3,9,1,0,0,0,0,1,0,0,0,735156916.0,5330799.1827,12.15791333,48.087039377,4,#e78ac3,marker
9,1,62,0,2018,6,16,3,3,1,6,0,0,1,0,0,0,0,0,698664.4043,5329582.1581,11.667892021,48.088520291,2,#fc8d62,car
9,1,63,0,2018,6,14,7,2,2,7,0,0,1,0,1,0,0,0,730719.2562,5303418.0365,12.083719851,47.842664856,2,#fc8d62,car
9,1,63,0,2018,6,8,7,3,5,3,0,1,1,0,0,0,0,0,733517.7596,5302738.8017,12.120700402,47.835552372,1,#66c2a5,bicycle
9,2,74,146,2018,6,16,2,3,0,7,0,1,0,0,0,0,0,0,733471.3351,5377516.6729,12.161141406,48.507327853,1,#66c2a5,bicycle
9,1,84,123,2018,6,18,3,3,5,3,0,1,1,0,0,0,0,0,702394.0314,5332088.2823,11.719108082,48.109869347,1,#66c2a5,bicycle
9,7,72,125,2018,6,18,1,3,1,6,0,0,1,0,0,0,0,0,629341.6517,5346782.5754,10.74274682,48.261041458,2,#fc8d62,car
9,1,90,157,2018,6,14,3,3,0,6,0,1,0,0,0,1,0,0,660476.4403,5300691.7763,11.144694956,47.839529985,1,#66c2a5,bicycle
9,1,86,143,2018,6,7,3,3,5,3,0,0,1,0,0,0,1,0,687771.2632,5377658498.0,11.54315009,48.523927885,2,#fc8d62,car
9,1,85,143,2018,6,15,7,3,8,1,0,0,1,0,0,0,0,0,664268.2159,5384322.2263,11.227725948,48.590421913,2,#fc8d62,car
9,7,62,0,2018,6,15,2,2,4,6,0,1,1,0,0,0,0,0,620719161.0,5304152864.0,10.614577239,47.879354127,1,#66c2a5,bicycle
9,7,71,129,2018,6,14,7,3,2,6,0,0,1,0,0,0,0,0,659871.9175,5356215.9017,11.157409739,48.338882596,2,#fc8d62,car
9,1,81,126,2018,6,8,3,3,2,6,0,0,1,0,0,1,0,0,636379.9976,5331956.2132,10.832769802,48.126242882,2,#fc8d62,car
9,1,88,118,2018,6,10,4,3,8,1,0,0,0,0,1,0,0,0,671550.2551,5312908.4869,11.297428181,47.946500668,4,#e78ac3,marker
9,1,88,139,2018,6,11,7,3,2,6,0,0,1,0,0,0,0,0,677165394.0,5319038939.0,11.375088524,48.00008203,2,#fc8d62,car
9,1,75,115,2018,6,18,2,2,0,2,0,0,1,0,1,0,0,0,721025.5078,5329925.8884,11.967963729,48.084248909,2,#fc8d62,car
9,1,79,118,2018,6,1,7,3,0,1,2,1,0,0,0,0,0,0,672656.9279,5338040.5166,11.322381017,48.17213342,1,#66c2a5,bicycle
9,1,87,134,2018,6,7,2,3,0,7,0,1,0,0,0,0,0,0,736173.6443,5320430.3812,12.165827411,47.993516995,1,#66c2a5,bicycle
9,1,88,120,2018,6,2,7,3,0,7,2,1,0,0,0,0,0,0,675708.7523,5326791.4353,11.358758304,48.070175121,1,#66c2a5,bicycle
9,1,79,145,2018,6,15,2,3,4,6,0,0,1,0,0,0,1,0,673482.3252,5335659.1405,11.332502565,48.150501355,2,#fc8d62,car
9,1,81,123,2018,6,12,7,3,5,2,0,0,1,0,1,0,0,0,656255.3842,5326746.0217,11.097787529,48.074829763,2,#fc8d62,car
9,7,61,0,2018,6,9,2,3,2,6,0,0,1,0,0,1,0,0,644945.4654,5355706.4064,10.955936027,48.337902251,2,#fc8d62,car
9,1,74,115,2018,6,13,7,3,2,6,0,0,1,0,0,0,0,0,683345218.0,5348672616.0,11.470609857,48.264706628,2,#fc8d62,car
9,1,75,139,2018,6,18,7,3,8,7,0,0,1,0,0,0,0,0,710636.4587,5331307.3785,11.829320097,48.100180061,2,#fc8d62,car
9,1,78,143,2018,6,7,3,3,2,6,0,0,1,0,0,0,0,0,715605.5286,5372277.3337,11.916880194,48.466639615,2,#fc8d62,car
9,1,75,132,2018,6,13,4,3,5,3,0,1,0,0,0,0,1,0,706990.3384,5330389.9239,11.779959994,48.09313025,1,#66c2a5,bicycle
9,1,62,0,2018,6,8,6,3,5,3,0,1,1,0,0,0,0,1,693027.4976,5331327.0863,11.593063761,48.105935258,1,#66c2a5,bicycle
9,1,62,0,2018,6,2,6,2,5,3,2,0,1,0,0,1,0,0,688512.5435,5334976.4165,11.534087514,48.14008818,2,#fc8d62,car
9,1,62,0,2018,6,17,6,2,1,5,0,0,1,0,1,0,0,0,695488.4663,5330938.8138,11.625909907,48.10169523,2,#fc8d62,car
9,1,62,0,2018,6,18,6,3,9,1,0,0,1,0,0,0,0,0,684229706.0,5329193.9832,11.474073677,48.089366682,2,#fc8d62,car
9,1,62,0,2018,6,15,3,2,9,1,0,0,0,0,1,0,0,0,688071.7491,5340230.6992,11.530491436,48.187444915,4,#e78ac3,marker
9,7,62,0,2018,6,18,1,3,2,6,0,0,1,0,0,0,0,0,620868.9697,5304437.3217,10.616659668,47.881884293,2,#fc8d62,car
9,1,84,138,2018,6,8,3,3,1,6,0,0,1,0,0,0,0,0,680416.05,5330554851.0,11.423482121,48.102690361,2,#fc8d62,car
9,7,77,112,2018,6,10,6,3,5,3,0,0,1,0,0,1,0,0,622823115.0,5296680658.0,10.640583973,47.811752038,2,#fc8d62,car
9,7,72,211,2018,6,17,1,3,2,3,0,0,1,0,1,0,0,0,622644408.0,5353055245.0,10.654369925,48.31878342,2,#fc8d62,car
9,1,62,0,2018,6,7,2,3,1,6,0,0,1,0,0,1,0,0,685463177.0,5340903128.0,11.495721732,48.194255892,2,#fc8d62,car
9,2,74,146,2018,6,16,3,2,4,2,0,0,1,0,1,0,0,0,733338.4097,5377624906.0,12.159404975,48.50834946,2,#fc8d62,car
9,1,83,139,2018,6,22,2,2,8,1,2,0,0,0,1,0,0,0,735121.7243,5331086.2009,12.157599472,48.089630747,4,#e78ac3,marker
9,1,62,0,2018,6,17,2,2,2,6,0,0,1,0,0,1,0,0,680256924.0,5338508.8327,11.424712963,48.174233065,2,#fc8d62,car
9,7,77,130,2018,6,19,3,2,0,7,0,1,0,0,0,0,0,0,623536.9515,5307056.0572,10.65307918,47.904928288,1,#66c2a5,bicycle
9,1,84,114,2018,6,23,1,3,9,7,2,0,1,0,0,0,0,0,701947.4359,5312888.2494,11.704068603,47.937458764,2,#fc8d62,car
9,7,61,0,2018,6,12,6,3,2,6,0,0,1,0,0,0,0,0,636814.4431,5360365443.0,10.847789687,48.381609047,2,#fc8d62,car
9,1,87,122,2018,6,9,1,3,2,6,0,0,1,0,0,0,0,0,717500.2303,5308336.9103,11.909756012,47.891472469,2,#fc8d62,car
9,7,61,0,2018,6,16,6,2,2,2,0,0,1,0,0,0,0,0,641102.9588,5365069.1705,10.907257809,48.422958344,2,#fc8d62,car
9,1,88,120,2018,6,16,3,3,2,6,0,0,1,0,0,0,0,0,677188.7127,5326567.9343,11.378515362,48.067756586,2,#fc8d62,car
9,1,85,158,2018,6,12,1,3,2,6,0,0,1,0,0,0,0,0,667194.0626,5380632.7774,11.265889563,48.556482386,2,#fc8d62,car
9,1,87,117,2018,6,18,2,1,5,3,0,0,1,0,1,0,0,0,726541746.0,5307957078.0,12.030344205,47.884932683,2,#fc8d62,car
9,1,74,115,2018,6,12,2,3,0,1,0,0,0,0,1,0,0,0,683368.5366,5348868.0283,11.471008492,48.266456321,4,#e78ac3,marker
9,7,72,157,2018,6,16,3,3,2,2,0,0,1,0,0,0,0,0,628878361.0,5336479151.0,10.733376247,48.16848007,2,#fc8d62,car
9,7,61,0,2018,6,18,2,3,2,2,0,1,1,0,0,0,0,0,636985.5596,5360145.0497,10.850027665,48.379590161,1,#66c2a5,bicycle
9,1,77,139,2018,6,9,3,2,5,3,0,0,1,0,0,0,0,0,732018.9498,5359461.2293,12.13151709,48.345673442,2,#fc8d62,car
9,1,78,143,2018,6,6,4,2,4,6,0,0,1,0,0,0,1,0,719155.6123,5373099.5491,11.965272842,48.472800127,2,#fc8d62,car
9,1,81,122,2018,6,17,4,3,5,3,0,0,1,0,0,0,0,0,647545.4964,5332563.5559,10.982940209,48.129213747,2,#fc8d62,car
9,1,84,145,2018,6,17,3,2,5,6,0,0,1,0,1,0,0,0,695899008.0,5325109.6942,11.628746697,48.049179469,2,#fc8d62,car
9,1,79,130,2018,6,11,1,3,0,6,0,0,1,0,1,0,0,0,658721.1081,5337425.7629,11.134843941,48.17023974,2,#fc8d62,car
9,1,62,0,2018,6,13,3,3,5,3,0,1,1,0,0,0,0,0,687664.6627,5335030.4611,11.522725143,48.14082458,1,#66c2a5,bicycle
9,1,73,147,2018,6,17,3,3,5,3,0,0,1,0,0,0,0,0,682353.4228,5307841.8561,11.439830197,47.897971966,2,#fc8d62,car
9,1,86,152,2018,6,15,3,3,5,3,0,0,1,0,0,0,0,0,691071.9841,5375742.4129,11.586930144,48.505711812,2,#fc8d62,car
9,1,79,138,2018,6,15,1,3,8,1,0,0,0,0,1,0,0,0,655042.4051,5339155.2873,11.08602978,48.186697837,4,#e78ac3,marker
9,1,87,167,2018,6,14,2,3,5,2,0,0,1,0,1,0,0,0,737010.8997,5303344.4786,12.167640582,47.839715899,2,#fc8d62,car
9,1,81,128,2018,6,16,2,2,5,3,0,0,1,0,0,0,0,0,637715.3734,5330305.5024,10.850172625,48.111111674,2,#fc8d62,car
9,1,87,174,2018,6,16,4,3,0,1,0,1,0,0,0,0,0,1,741430.7532,5313927.5954,12.232531783,47.933140623,1,#66c2a5,bicycle
9,1,75,118,2018,6,3,1,3,1,5,2,0,1,0,0,0,0,0,716229977.0,5340482.9456,11.909012893,48.180752578,2,#fc8d62,car
9,1,90,157,2018,6,10,2,3,2,6,0,0,1,0,0,0,0,0,660456.8301,5300615524.0,11.144404799,47.838849285,2,#fc8d62,car
9,1,78,120,2018,6,9,1,3,2,6,0,0,1,0,0,0,0,0,694409.8081,5354510.8773,11.62223653,48.313878378,2,#fc8d62,car
9,1,88,121,2018,6,8,3,2,2,6,0,0,1,0,0,0,0,0,672628.8411,5329610.4385,11.318587387,48.096358106,2,#fc8d62,car
9,1,74,113,2018,6,17,4,3,8,1,0,0,1,0,0,1,0,1,670862625.0,5347419.7039,11.302044841,48.256933395,2,#fc8d62,car
9,1,75,127,2018,6,19,1,3,2,7,0,0,0,0,1,0,1,0,713054.2551,5340501.8089,11.866354213,48.181994794,4,#e78ac3,marker
9,1,85,158,2018,6,16,2,3,0,2,0,0,1,0,1,0,0,0,666494.73,5381332911.0,11.256699646,48.562962183,2,#fc8d62,car
9,1,77,135,2018,6,11,2,3,3,6,0,0,1,0,1,0,0,0,717577.5188,5342695.3417,11.928250611,48.200171281,2,#fc8d62,car
9,1,78,155,2018,6,11,1,2,0,3,0,0,1,0,1,0,0,0,716102286.0,5374980.7987,11.924988895,48.490759015,2,#fc8d62,car
9,1,84,122,2018,6,22,7,3,0,7,2,1,0,0,0,0,0,0,688143412.0,5323870.5165,11.524237449,48.040374422,1,#66c2a5,bicycle
9,1,78,124,2018,6,8,3,3,2,6,0,0,1,0,0,1,0,0,702369.8298,5359564.4266,11.731905481,48.356795003,2,#fc8d62,car
9,1,78,113,2018,6,19,4,3,8,1,0,0,1,0,0,0,0,1,691535.8818,5367212.8137,11.589298956,48.428912981,2,#fc8d62,car
9,1,62,0,2018,6,15,3,3,5,3,0,1,1,0,0,0,0,0,687614.8924,5335046.2249,11.522063712,48.140980946,1,#66c2a5,bicycle
9,1,62,0,2018,6,18,3,3,2,6,0,0,1,0,0,0,0,0,685446.2975,5340921.1286,11.495502675,48.194422616,2,#fc8d62,car
9,7,61,0,2018,6,12,7,3,2,6,0,0,1,0,0,0,0,0,639723.8182,5352632.6934,10.884495215,48.311440342,2,#fc8d62,car
9,2,61,0,2018,6,15,6,3,5,3,0,0,1,0,0,0,0,0,731820423.0,5381192039.0,12.14086631,48.540954397,2,#fc8d62,car
9,2,74,126,2018,6,19,2,3,2,1,0,0,1,0,1,0,0,0,733428.0973,5382631.3666,12.163420273,48.553287369,2,#fc8d62,car
9,2,61,0,2018,6,14,6,3,8,1,0,0,1,0,0,0,0,0,730836.9655,5379315.3889,12.126523358,48.524459097,2,#fc8d62,car
9,2,61,0,2018,6,11,6,3,2,6,0,0,1,0,1,0,0,0,732430.9608,5381671.5954,12.149392816,48.545036289,2,#fc8d62,car
9,7,72,147,2018,6,16,1,3,3,6,0,0,1,0,0,0,1,0,631457.7165,5364431742.0,10.776752975,48.419313121,2,#fc8d62,car
9,2,74,194,2018,6,13,3,3,5,3,0,0,1,0,0,0,0,0,721121627.0,5378964001.0,11.994941045,48.524798978,2,#fc8d62,car
9,1,87,150,2018,6,21,3,3,5,3,1,0,1,0,0,0,0,0,729325586.0,5303367.5717,12.065093404,47.842710004,2,#fc8d62,car
9,1,62,0,2018,6,18,2,3,2,6,0,0,1,0,0,1,0,0,681087.7681,5339935.4004,11.43648648,48.186819942,2,#fc8d62,car
9,1,87,182,2018,6,16,1,2,5,3,0,1,1,0,0,0,0,0,740454955.0,5326297.0914,12.226413619,48.044622023,1,#66c2a5,bicycle
9,1,84,145,2018,6,9,3,3,2,6,0,0,1,0,0,0,0,0,697461.3666,5324547.0999,11.649429161,48.043641779,2,#fc8d62,car
9,1,81,124,2018,6,7,3,3,5,3,0,0,1,0,0,0,0,0,646012.6862,5317706.1537,10.957279546,47.995972174,2,#fc8d62,car
9,1,79,142,2018,6,18,4,3,2,6,0,0,1,0,0,0,0,1,671023.3186,5341366.5374,11.301765234,48.202474805,2,#fc8d62,car
9,1,62,0,2018,6,19,1,3,2,6,0,0,1,0,0,0,0,0,692127.3368,5339770.1142,11.584793759,48.182091683,2,#fc8d62,car
9,1,82,136,2018,6,10,2,3,4,6,0,0,1,0,0,0,0,0,703655.7788,5297319.7382,11.719581791,47.797000474,2,#fc8d62,car
9,1,74,118,2018,6,13,2,3,3,4,0,0,0,1,0,0,1,0,668513485.0,5355688.3058,11.273720331,48.331894234,3,#8da0cb,toilet
9,7,72,209,2018,6,9,2,3,5,2,0,0,1,0,0,0,0,0,636073.9992,5337124.1087,10.830312037,48.172779948,2,#fc8d62,car
9,1,88,141,2018,6,9,6,3,5,3,0,1,1,0,0,0,0,0,669976024.0,5308096473.0,11.274464787,47.903659356,1,#66c2a5,bicycle
9,1,81,122,2018,6,18,6,3,8,1,0,0,1,0,0,0,0,0,649354.5323,5331956.4399,11.007024625,48.12333295,2,#fc8d62,car
9,1,75,121,2018,6,8,3,3,2,6,0,0,1,0,0,0,0,0,714170.0297,5318815.7576,11.870474175,47.98675517,2,#fc8d62,car
9,1,75,127,2018,6,19,4,3,4,7,0,0,1,0,0,0,0,1,711015.0819,5341857.9522,11.839628711,48.194861339,2,#fc8d62,car
9,1,81,130,2018,6,12,6,2,8,1,0,0,1,0,0,0,0,0,638607.3775,5318591.8773,10.858354066,48.005585172,2,#fc8d62,car
9,1,79,125,2018,6,12,6,3,0,1,0,1,0,0,0,0,0,0,661375.2495,5332391.7432,11.168608182,48.124313047,1,#66c2a5,bicycle
9,1,75,133,2018,6,13,6,2,2,2,0,0,1,0,1,0,0,0,708666.7567,5340767.0164,11.807530963,48.185833992,2,#fc8d62,car
9,1,77,137,2018,6,19,6,3,3,6,0,0,0,0,1,0,0,0,729698.5236,5345723.1318,12.092779322,48.223103899,4,#e78ac3,marker
9,1,77,127,2018,6,12,6,3,9,1,0,0,1,0,0,0,0,0,725978.1989,5353162.3209,12.046733147,48.291273908,2,#fc8d62,car
9,1,62,0,2018,6,7,3,3,2,6,0,0,1,0,1,0,0,0,690125.4861,5331944.3325,11.554394721,48.112355811,2,#fc8d62,car
9,1,87,182,2018,6,9,4,2,4,2,0,0,1,0,1,0,0,0,736445.3694,5327921.7864,12.173596988,48.060714497,2,#fc8d62,car
9,1,73,147,2018,6,8,2,3,2,6,0,0,1,0,0,0,1,0,681945513.0,5308461.3359,11.434638836,47.903656392,2,#fc8d62,car
9,7,72,163,2018,5,8,5,3,8,1,0,0,1,0,0,0,0,0,638587.5162,5347969.9426,10.867648053,48.269763194,2,#fc8d62,car
9,1,62,0,2018,6,8,3,3,0,1,0,1,0,0,0,0,0,0,688875.37,5340146487.0,11.541255639,48.186449584,1,#66c2a5,bicycle
9,7,72,223,2018,5,1,5,3,8,1,2,0,1,0,0,0,0,1,618557.2354,5363094.3874,10.60208978,48.409846072,2,#fc8d62,car
9,7,72,171,2018,6,12,1,3,5,3,0,1,1,0,0,0,0,0,636770171.0,5373087.54,10.851345496,48.496013269,1,#66c2a5,bicycle
9,1,84,134,2018,6,6,2,2,9,6,0,0,0,0,0,1,0,0,694107913.0,5323027.7434,11.603794294,48.031014439,5,#a6d854,bus
9,7,72,141,2018,5,22,5,3,8,1,2,0,1,0,0,0,0,0,622776.8938,5348838.9511,10.654929922,48.280840764,2,#fc8d62,car
9,7,72,148,2018,5,15,5,2,0,2,0,0,1,0,0,0,0,0,628195.0219,5354315.7841,10.729591672,48.329017836,2,#fc8d62,car
9,1,86,143,2018,6,7,3,3,0,1,0,1,0,0,0,0,0,0,685552755.0,5378582911.0,11.513544592,48.532895829,1,#66c2a5,bicycle
9,7,71,145,2018,5,15,5,3,2,6,0,0,1,0,0,0,0,0,643978.8935,5347674.0592,10.94016071,48.265900069,2,#fc8d62,car
9,1,88,141,2018,6,5,2,2,4,6,0,0,1,0,0,0,0,0,667768.9392,5310969.7763,11.246073505,47.930072489,2,#fc8d62,car
9,7,61,0,2018,5,18,5,3,5,3,0,1,1,0,0,0,0,0,637988.4198,5353410.4965,10.86135678,48.318815332,1,#66c2a5,bicycle
9,1,79,145,2018,6,12,3,2,4,3,0,0,1,0,0,0,0,0,673898.7097,5335480.4632,11.338023103,48.148781437,2,#fc8d62,car
9,1,87,129,2018,6,9,7,3,2,6,0,0,1,0,0,0,0,0,725330402.0,5300746841.0,12.010408542,47.820575184,2,#fc8d62,car
9,1,62,0,2018,6,14,2,3,2,6,0,0,1,0,0,0,0,0,693161.1844,5338258.0822,11.598000782,48.168188609,2,#fc8d62,car
9,1,90,158,2018,6,1,1,3,8,7,2,1,0,0,0,0,0,1,653966.0665,5300022.4402,11.057507933,47.835103614,1,#66c2a5,bicycle
9,1,81,143,2018,6,18,6,3,9,1,0,0,1,0,0,0,0,1,638331.7608,5316057.4003,10.85384396,47.982853648,2,#fc8d62,car
9,1,74,146,2018,6,7,6,3,5,3,0,0,1,0,0,0,1,0,667615032.0,5351276288.0,11.259854577,48.292470503,2,#fc8d62,car
9,7,77,112,2018,6,13,7,3,0,1,0,1,0,0,0,0,0,0,622953.2055,5298299732.0,10.642780314,47.826288775,1,#66c2a5,bicycle
9,1,90,157,2018,6,18,3,3,2,6,0,0,1,0,0,0,0,1,660691.7122,5301225.2251,11.147767937,47.844272514,2,#fc8d62,car
9,7,73,116,2018,6,7,6,3,5,3,0,0,1,0,0,0,0,0,619977.3674,5380806.5128,10.626359132,48.56885893,2,#fc8d62,car
9,1,79,145,2018,6,8,7,3,0,7,0,1,0,0,0,0,0,0,673346.3783,5336825.4648,11.331151458,48.161023079,1,#66c2a5,bicycle
9,1,79,113,2018,6,11,2,3,2,6,0,0,1,0,0,0,0,0,671862.7254,5335750.7285,11.310782183,48.151764393,2,#fc8d62,car
9,7,72,111,2018,6,21,7,2,0,7,1,1,0,0,0,0,0,0,626677.3043,5365031.3437,10.712353735,48.425684372,1,#66c2a5,bicycle
9,7,72,202,2018,6,14,6,3,2,6,0,0,1,0,1,0,0,0,637309383.0,5358440094.0,10.853841839,48.364189001,2,#fc8d62,car
9,1,74,135,2018,6,19,2,3,8,1,0,0,1,0,0,0,0,1,661752.69,5354427.4972,11.182084614,48.322325927,2,#fc8d62,car