ULAND,UREGBEZ,UKREIS,UGEMEINDE,UJAHR,UMONAT,USTUNDE,UWOCHENTAG,UKATEGORIE,UART,UTYP1,ULICHTVERH,IstRad,IstPKW,IstFuss,IstKrad,IstGkfz,IstSonstig,STRZUSTAND,LINREFX,LINREFY,XGCSWGS84,YGCSWGS84,Teilnehmer,color,symbol
9,1,84,130,2018,6,11,6,3,2,6,0,0,1,0,0,0,0,0,698806.3146,5345663515.0,11.677310797,48.233001267,2,#fc8d62,car
9,2,61,0,2018,6,13,2,3,5,6,0,0,1,0,1,0,0,0,736098.1491,5383024.7445,12.199769425,48.555821535,2,#fc8d62,car
9,1,79,142,2018,6,23,3,3,9,1,2,0,1,0,0,0,0,1,675348.1361,5344103.7915,11.361052962,48.225900835,2,#fc8d62,car
9,1,62,0,2018,6,14,1,3,2,6,0,0,1,0,0,0,0,0,693425.2183,5337357.7869,11.601138798,48.160016788,2,#fc8d62,car
9,1,87,134,2018,6,14,6,2,5,2,0,0,1,0,1,0,0,0,736840.6791,5319950.5848,12.174489967,47.988960177,2,#fc8d62,car
9,1,62,0,2018,6,21,7,3,5,2,2,0,1,0,0,0,0,0,694441758.0,5331866731.0,11.612287989,48.110355318,2,#fc8d62,car
9,2,61,0,2018,6,22,7,3,8,1,2,0,1,0,0,0,0,0,731961.7364,5382477.2479,12.14349355,48.552446924,2,#fc8d62,car
9,1,81,113,2018,6,15,1,2,8,1,0,0,1,0,0,0,0,0,639804.9551,5309314919.0,10.871384858,47.92190195,2,#fc8d62,car
9,1,74,121,2018,6,6,6,3,2,6,0,0,1,0,0,0,0,0,690721.8727,5353353.5936,11.572022486,48.304600047,2,#fc8d62,car
9,1,79,123,2018,6,9,3,3,2,6,0,0,1,0,0,0,0,0,677380.4759,5332213.2467,11.383432565,48.118450441,2,#fc8d62,car
9,1,81,128,2018,6,8,6,3,2,6,0,0,1,0,0,0,0,0,638495.6426,5327274.3689,10.859666083,48.083685647,2,#fc8d62,car
9,1,82,136,2018,6,11,7,3,6,7,0,0,1,1,0,0,0,0,703591.5507,5301187.1688,11.720541389,47.831778664,2,#fc8d62,car
9,1,78,123,2018,6,12,6,2,9,1,0,0,1,0,0,0,0,0,692148.0944,5358832.0968,11.59373308,48.353406266,2,#fc8d62,car
9,7,62,0,2018,6,14,6,3,2,6,0,0,1,0,0,0,0,0,622702.6756,5305805.9497,10.641564731,47.893845399,2,#fc8d62,car
9,1,84,130,2018,6,8,2,3,2,6,0,0,1,0,0,0,0,0,703156744.0,5349624.2,11.73772968,48.267215532,2,#fc8d62,car
9,1,78,124,2018,6,15,3,2,3,3,0,0,0,0,1,1,0,0,703350.6236,5364804.2508,11.747664791,48.403566285,4,#e78ac3,marker
9,2,74,118,2018,6,18,1,3,8,1,0,0,0,0,1,0,0,0,735945025.0,5368242167.0,12.189351308,48.423095707,4,#e78ac3,marker
9,1,79,121,2018,6,13,6,3,5,2,0,1,1,0,0,0,0,0,666323853.0,5338448167.0,11.237424021,48.177487189,1,#66c2a5,bicycle
9,7,71,130,2018,6,15,7,2,2,1,0,0,1,0,0,1,0,0,646638.1792,5362848958.0,10.981254503,48.401731983,2,#fc8d62,car
9,7,78,116,2018,6,12,2,3,2,6,0,0,1,0,0,0,0,0,620467.7726,5315873.8622,10.614495132,47.984816781,2,#fc8d62,car
9,1,73,147,2018,6,18,6,3,8,1,0,0,1,0,0,0,0,1,680750.7416,5310537.2365,11.41953648,47.922655005,2,#fc8d62,car
9,1,87,182,2018,6,11,1,3,0,6,0,0,0,0,1,0,0,0,738144.1599,5327896.6517,12.19634772,48.059857042,4,#e78ac3,marker
9,7,71,130,2018,6,14,1,3,9,1,0,0,1,0,0,0,0,1,645689.5359,5362834.0612,10.96843994,48.401817981,2,#fc8d62,car
9,7,72,184,2018,6,13,7,3,2,6,0,0,1,0,0,0,1,0,633292.2693,5358973.6577,10.799803315,48.369847927,2,#fc8d62,car
9,1,79,142,2018,6,7,2,3,2,6,0,0,1,0,0,1,0,0,678410.1207,5341993.3433,11.401357335,48.206076408,2,#fc8d62,car
9,7,71,142,2018,6,16,2,3,5,3,0,1,0,0,0,0,0,0,645651533.0,5351592527.0,10.964037163,48.300750394,1,#66c2a5,bicycle
9,1,73,137,2018,6,16,5,3,9,1,0,0,1,0,0,0,0,1,676710.5963,5299188.8643,11.360862185,47.821762587,2,#fc8d62,car
9,1,77,117,2018,6,7,6,3,5,3,0,1,1,0,0,0,0,0,716583.6374,5355393.7894,11.92139129,48.314607867,1,#66c2a5,bicycle
9,1,86,151,2018,6,12,6,3,2,6,0,0,1,0,1,0,0,0,681866.0171,5376835.2234,11.462889445,48.518266707,2,#fc8d62,car
9,1,74,113,2018,6,14,1,3,9,1,0,0,1,0,0,0,0,1,669410.6911,5349304.3751,11.283253917,48.274265709,2,#fc8d62,car
9,1,62,0,2018,6,13,6,3,6,4,0,1,0,1,0,0,0,0,694640.2356,5340844.5425,11.619057023,48.19098327,1,#66c2a5,bicycle
9,2,61,0,2018,6,19,2,3,2,6,0,0,1,0,0,0,0,0,734801965.0,5381932.8108,12.181615324,48.546499882,2,#fc8d62,car
9,1,88,141,2018,6,16,3,3,0,7,0,1,0,0,0,0,0,1,670838.4813,5309736.2364,11.286645586,47.918171993,1,#66c2a5,bicycle
9,1,73,126,2018,6,7,5,3,4,2,0,0,1,0,0,0,0,0,687426.9783,5303524.0634,11.50577314,47.857698543,2,#fc8d62,car
9,1,75,111,2018,6,9,7,3,8,1,0,0,1,0,0,0,0,1,710215855.0,5337700.5757,11.826831139,48.15776844,2,#fc8d62,car
9,1,84,135,2018,6,14,2,3,2,6,0,0,1,0,0,1,0,0,688140617.0,5348356.7048,11.535023368,48.260461314,2,#fc8d62,car
9,1,90,111,2018,6,9,7,1,5,3,0,0,1,0,1,0,0,0,639128.2434,5296311.8244,10.858146507,47.805116842,2,#fc8d62,car
9,1,75,119,2018,6,16,6,3,8,1,0,0,1,0,0,0,0,0,727813.2838,5322501.6342,12.055027238,48.015158272,2,#fc8d62,car
9,1,77,115,2018,6,18,1,3,5,2,0,0,1,0,1,0,0,0,738556.8035,5350045.0042,12.214294412,48.258657567,2,#fc8d62,car
9,1,90,157,2018,6,13,2,3,0,3,0,0,1,0,1,0,0,0,660629.7122,5301090.7582,11.146889951,47.843079002,2,#fc8d62,car
9,1,78,155,2018,6,16,6,3,3,6,0,1,1,0,0,0,0,0,715890063.0,5375730556.0,11.922507764,48.497568278,1,#66c2a5,bicycle
9,1,75,132,2018,6,20,3,3,8,1,1,0,1,0,0,0,0,1,709440.7142,5337242.7489,11.816195363,48.153910136,2,#fc8d62,car
9,1,87,169,2018,6,17,5,3,2,3,0,0,1,0,0,0,1,0,736739.0798,5298247.5093,12.161229941,47.794026104,2,#fc8d62,car
9,1,87,169,2018,6,12,5,3,8,7,0,0,1,0,0,0,0,0,737881.5837,5299222.7339,12.176996484,47.802366271,2,#fc8d62,car
9,1,87,159,2018,6,19,5,2,9,1,0,0,1,0,0,0,0,1,732237.8191,5322051.7558,12.114027753,48.009524346,2,#fc8d62,car
9,1,77,137,2018,6,17,6,3,0,3,0,1,1,0,0,0,0,0,729523656.0,5345750471.0,12.090443171,48.223412783,1,#66c2a5,bicycle
9,1,63,0,2018,6,17,5,3,3,6,0,1,0,0,0,0,0,0,733645.2419,5303218.8287,12.12266046,47.83981867,1,#66c2a5,bicycle
9,1,82,125,2018,6,16,5,3,2,6,0,0,1,0,0,0,0,0,712719.9519,5297227.5253,11.840427471,47.793241722,2,#fc8d62,car
9,1,85,158,2018,6,17,5,2,2,6,0,0,1,0,0,0,0,0,667639.0176,5380001.4849,11.271660672,48.550688753,2,#fc8d62,car
9,1,85,113,2018,6,17,5,2,9,1,0,0,0,0,1,0,0,0,669325.1228,5378369.2812,11.293826507,48.535563763,4,#e78ac3,marker
9,1,87,129,2018,6,7,7,3,8,7,0,0,1,0,0,1,0,0,724779.2164,5300796.5418,12.003080961,47.82121452,2,#fc8d62,car
9,1,77,137,2018,6,14,6,3,4,6,0,0,1,0,0,0,0,0,736875.4835,5348070.0237,12.190572153,48.241547298,2,#fc8d62,car
9,1,62,0,2018,6,15,7,3,5,5,0,0,1,0,0,0,0,0,697262.0878,5331191.2652,11.649824571,48.103417482,2,#fc8d62,car
9,1,75,121,2018,6,8,3,3,5,3,0,0,1,0,1,0,0,0,714082.1166,5318805.4429,11.869292284,47.986691907,2,#fc8d62,car
9,1,84,120,2018,6,12,5,3,3,6,0,0,1,0,0,0,0,0,680503.1744,5333550.0191,11.425919183,48.129589054,2,#fc8d62,car
9,1,79,142,2018,6,9,5,3,2,6,0,0,0,0,0,0,1,0,676541.4781,5343114.6376,11.376695071,48.216678267,6,#ffd92f,circle
9,1,84,112,2018,6,15,5,2,6,2,0,0,1,1,0,0,0,0,701890.64,5339094.7401,11.715674577,48.172995144,2,#fc8d62,car
9,1,81,130,2018,6,8,5,3,2,6,0,0,1,0,0,0,0,0,638914.5395,5325452904.0,10.864695667,48.067215348,2,#fc8d62,car
9,1,86,152,2018,6,18,7,3,8,1,0,0,0,0,1,0,0,0,695058.8289,5377612643.0,11.641723265,48.521294028,4,#e78ac3,marker
9,1,62,0,2018,6,10,5,3,5,3,0,1,1,0,0,0,0,0,689202.4486,5329883.7864,11.541092525,48.094110157,1,#66c2a5,bicycle
9,7,72,163,2018,6,12,7,3,2,6,0,0,1,0,0,0,0,0,638878.9392,5349371.9191,10.872033828,48.282305855,2,#fc8d62,car
9,1,88,139,2018,6,7,5,3,5,3,0,1,0,0,0,0,0,0,673875.9786,5318704.2686,11.330893003,47.99797644,1,#66c2a5,bicycle
9,7,71,122,2018,6,20,6,3,3,1,0,0,1,0,0,0,0,1,653258.8992,5361870.3387,11.070291617,48.39135886,2,#fc8d62,car
9,1,73,137,2018,6,16,3,3,9,1,0,0,1,0,0,0,0,1,676799.1174,5297275.6379,11.361263503,47.80453869,2,#fc8d62,car
9,1,79,121,2018,6,13,5,1,5,3,0,0,1,0,0,0,0,0,664679.8224,5335648.4756,11.214241262,48.152745617,2,#fc8d62,car
9,1,75,139,2018,6,8,5,2,5,3,0,1,0,0,0,1,0,0,709196.9344,5328980.3761,11.808868383,48.079743328,1,#66c2a5,bicycle
9,1,62,0,2018,6,19,4,3,2,6,0,0,1,0,0,0,0,1,693286.0615,5337498.0475,11.599333175,48.161319719,2,#fc8d62,car
9,1,62,0,2018,6,18,5,3,6,4,0,0,1,1,0,0,0,1,691266.8128,5339265252.0,11.573001574,48.177813701,2,#fc8d62,car
9,1,84,119,2018,6,15,4,3,3,2,0,0,1,0,1,0,0,0,698176.6064,5346232.4489,11.669106248,48.238311369,2,#fc8d62,car
9,1,88,137,2018,6,21,7,2,8,7,1,0,1,0,0,0,0,0,672638.4577,5316877.5622,11.313582991,47.981889927,2,#fc8d62,car
9,1,86,162,2018,6,21,3,3,9,1,2,0,0,0,0,0,1,1,690884.0649,5384157.5982,11.588244424,48.581397529,6,#ffd92f,circle
9,1,84,135,2018,6,19,4,2,3,6,0,0,1,0,1,0,0,1,692121.2001,5344660.7872,11.58692522,48.226049406,2,#fc8d62,car
9,1,88,141,2018,6,19,2,3,4,6,0,0,1,0,0,0,0,0,669682.7362,5307534.2777,11.270322352,47.898682709,2,#fc8d62,car
9,7,77,121,2018,6,16,4,3,8,1,0,0,1,0,0,0,0,1,628581.0361,5320646247.0,10.724609342,48.026155904,2,#fc8d62,car
9,7,62,0,2018,6,7,2,3,3,6,0,1,0,0,0,0,0,0,620435998.0,5306326852.0,10.61139814,47.898959724,1,#66c2a5,bicycle
9,1,62,0,2018,6,8,5,3,1,7,0,0,1,0,1,0,0,0,682669.5448,5335961.0121,11.456041251,48.150642715,2,#fc8d62,car
9,1,62,0,2018,6,16,7,3,8,1,0,0,1,0,0,0,0,0,689669.0876,5344661.3745,11.553941895,48.226792557,2,#fc8d62,car
9,1,62,0,2018,6,22,3,3,3,1,2,0,1,0,0,1,0,1,678400.1977,5334254.0937,11.397976336,48.136510942,2,#fc8d62,car
9,1,77,115,2018,6,7,2,3,4,6,0,0,1,0,0,1,0,0,728064.2794,5353408.0156,12.074949322,48.292733056,2,#fc8d62,car
9,1,83,140,2018,6,16,7,1,6,4,0,0,1,1,0,0,0,0,740253.1879,5339932.5737,12.231387297,48.167181835,2,#fc8d62,car
9,1,62,0,2018,6,14,5,3,0,1,0,1,0,0,0,0,0,0,685630.7152,5335298501.0,11.495527233,48.143830487,1,#66c2a5,bicycle
9,1,87,165,2018,6,22,6,3,3,7,2,0,1,0,0,0,0,0,733037.4462,5299692.5262,12.1126533,47.808358325,2,#fc8d62,car
9,1,84,141,2018,6,16,7,3,5,6,0,0,1,0,0,0,0,1,697024.3473,5319406.0908,11.64120905,47.997571583,2,#fc8d62,car
9,1,90,148,2018,6,14,2,3,0,1,0,1,0,0,0,0,0,0,642337.7951,5297261.3695,10.901299741,47.81295394,1,#66c2a5,bicycle
9,1,88,139,2018,6,11,1,3,8,1,0,1,0,0,0,0,0,0,679141.7731,5320064.0248,11.401988017,48.008746126,1,#66c2a5,bicycle
9,1,84,127,2018,6,14,6,3,0,7,0,1,0,0,0,0,0,0,702697.0493,5322040.8253,11.718412044,48.019477207,1,#66c2a5,bicycle
9,1,88,121,2018,6,17,3,3,5,3,0,1,1,0,0,0,0,0,670070039.0,5329288892.0,11.284120404,48.0941555,1,#66c2a5,bicycle
9,7,72,147,2018,6,15,4,2,8,1,0,0,0,0,0,1,0,1,638729.0786,5363209.7974,10.874573697,48.406766645,5,#a6d854,bus
9,7,72,131,2018,6,22,4,3,9,7,2,1,0,0,0,0,0,0,616737.18,5356710463.0,10.575731346,48.352774072,1,#66c2a5,bicycle
9,7,72,134,2018,6,16,4,3,2,6,0,0,1,0,1,0,0,0,633346.5129,5384525.6155,10.808689147,48.599598584,2,#fc8d62,car
9,7,78,137,2018,6,6,5,2,5,3,0,0,1,0,0,0,0,0,625107.6642,5329429.7958,10.680613637,48.105838015,2,#fc8d62,car
9,7,71,130,2018,6,5,4,2,2,6,0,0,1,0,1,0,0,0,644482.0273,5361531.3913,10.951686734,48.390383129,2,#fc8d62,car
9,7,61,0,2018,6,7,4,3,5,3,0,1,1,0,0,0,0,0,640348.5448,5355581.5551,10.893898062,48.337817461,1,#66c2a5,bicycle
9,7,61,0,2018,6,11,4,3,5,3,0,1,1,0,0,0,0,0,642289578.0,5359418928.0,10.921373008,48.371887328,1,#66c2a5,bicycle
9,7,62,0,2018,6,12,6,3,2,6,0,0,1,0,0,0,0,0,620411.7835,5306377.8409,10.611088521,47.899422852,2,#fc8d62,car
9,1,62,0,2018,6,8,2,3,5,2,0,1,1,0,0,0,0,0,692163.6733,5339481.7309,11.585151688,48.179488782,1,#66c2a5,bicycle
9,7,62,0,2018,6,7,5,2,4,2,0,1,1,0,0,0,0,0,620544.2394,5304039.8933,10.612207151,47.878370958,1,#66c2a5,bicycle
9,1,78,113,2018,6,15,3,3,2,6,0,0,1,0,0,1,0,0,691570543.0,5366741.7243,11.589551782,48.424668612,2,#fc8d62,car
9,7,72,111,2018,6,20,5,3,3,1,1,0,1,0,0,1,0,1,626272.2167,5364181.3732,10.706624556,48.418122327,2,#fc8d62,car
9,7,72,184,2018,6,18,5,2,3,2,0,1,1,0,0,0,0,0,632860.2913,5358582866.0,10.793849973,48.366424939,1,#66c2a5,bicycle
9,7,73,182,2018,6,8,6,3,0,7,0,0,0,0,1,0,1,1,622041326.0,5377867.0205,10.653463352,48.54202686,4,#e78ac3,marker
9,7,72,177,2018,6,15,5,3,2,6,0,1,0,0,0,0,0,0,637024651.0,5379326.0902,10.856838348,48.552052615,1,#66c2a5,bicycle
9,2,61,0,2018,6,17,6,3,5,3,0,0,1,0,0,0,0,1,731658.5622,5382220.9765,12.139248884,48.550256924,2,#fc8d62,car
9,1,81,139,2018,6,12,7,3,0,3,0,1,1,0,0,0,0,0,656030.8622,5325921.1366,11.094474216,48.067468151,1,#66c2a5,bicycle
9,7,72,159,2018,6,9,7,3,5,3,0,1,1,0,0,0,0,0,625421.1832,5361524.0791,10.694333567,48.39439631,1,#66c2a5,bicycle
9,1,87,165,2018,6,16,3,3,2,6,0,0,1,0,1,0,0,1,733593.2218,5299376.1228,12.119894964,47.805314299,2,#fc8d62,car
9,7,71,113,2018,6,16,6,3,3,2,0,0,1,0,0,0,0,0,656529.4823,5371237.4249,11.117939746,48.474769128,2,#fc8d62,car
9,1,74,135,2018,6,19,2,3,8,1,0,0,1,0,0,0,0,1,660663.0047,5355187251.0,11.167685014,48.329434147,2,#fc8d62,car
9,1,83,140,2018,6,12,6,3,2,6,0,0,1,0,0,0,0,0,740878.6812,5341199.2533,12.240503774,48.178323141,2,#fc8d62,car
9,1,84,147,2018,6,11,6,3,5,3,0,1,1,0,0,0,0,0,695618.9999,5339770.0956,11.631718033,48.181026117,1,#66c2a5,bicycle
9,2,61,0,2018,6,15,2,3,4,6,0,0,1,0,0,0,0,0,735209.7192,5380557.4871,12.18635534,48.533993438,2,#fc8d62,car
9,1,74,113,2018,6,19,3,3,8,1,0,0,1,0,0,0,0,1,670759.6118,5347528.5777,11.300702035,48.257939886,2,#fc8d62,car
9,1,84,113,2018,6,18,1,2,0,2,0,1,0,0,1,0,0,0,684465.0799,5320325.6053,11.473409159,48.009583392,1,#66c2a5,bicycle
9,1,79,114,2018,6,12,2,2,8,1,0,0,1,0,1,0,0,0,651451.5129,5344236.9718,11.039562205,48.23325439,2,#fc8d62,car
9,1,90,142,2018,6,12,7,2,4,2,0,0,1,0,1,0,0,0,659707397.0,5298623488.0,11.133661698,47.82112507,2,#fc8d62,car
9,1,74,143,2018,6,19,1,3,0,3,0,1,0,0,0,0,0,0,676144968.0,5351909.7707,11.375022732,48.295848411,1,#66c2a5,bicycle
9,1,84,132,2018,6,12,2,3,0,7,0,0,0,0,1,0,0,0,683316.9778,5325329.0595,11.460170632,48.054888944,4,#e78ac3,marker
9,1,78,133,2018,6,19,6,3,5,2,0,0,1,0,0,0,0,0,686592.74,5367386192.0,11.522620013,48.431954955,2,#fc8d62,car
9,1,74,121,2018,6,14,3,2,4,1,0,0,1,0,0,0,0,0,690257.3001,5353735.3202,11.565936009,48.308170761,2,#fc8d62,car
9,1,87,150,2018,6,11,7,3,1,6,0,0,1,0,0,0,0,0,728878.4371,5303474.3073,12.059182205,47.843828296,2,#fc8d62,car
9,1,63,0,2018,6,13,6,3,4,2,0,1,1,0,0,0,0,0,732994.7344,5305426.5516,12.11516848,47.859889118,1,#66c2a5,bicycle
9,1,84,149,2018,6,14,7,3,4,2,0,1,1,0,0,0,0,0,690377.1542,5350599.4177,11.566137135,48.279950195,1,#66c2a5,bicycle
9,1,78,113,2018,6,10,3,3,0,1,0,1,0,0,0,0,0,0,693326.6713,5367365.5579,11.613552295,48.429738661,1,#66c2a5,bicycle
9,2,61,0,2018,6,2,1,3,0,1,2,1,0,0,0,0,0,0,732269.8384,5380044.1052,12.146306097,48.530476601,1,#66c2a5,bicycle
9,1,85,158,2018,6,14,7,3,2,6,0,0,1,0,0,0,0,0,668963.0187,5381580.0457,11.290227978,48.564523347,2,#fc8d62,car
9,7,72,147,2018,6,13,7,3,2,6,0,0,1,0,0,0,1,0,636181.8613,5364287.0595,10.840522792,48.417008758,2,#fc8d62,car
9,7,71,122,2018,6,20,6,3,9,1,0,0,1,0,0,0,0,1,653802.4081,5361353.5101,11.077439356,48.386579922,2,#fc8d62,car
9,7,62,0,2018,6,11,6,3,5,6,0,0,1,0,0,0,0,0,623422.1398,5306301.89,10.651327737,47.898167712,2,#fc8d62,car
9,1,62,0,2018,6,8,2,2,6,4,0,0,1,1,0,0,0,0,678959146.0,5338721.5797,11.407361616,48.176512213,2,#fc8d62,car
9,7,71,122,2018,6,14,1,3,9,1,0,0,1,0,0,0,0,1,650675.6987,5362307.7943,11.035576604,48.395914425,2,#fc8d62,car
9,7,61,0,2018,6,9,7,3,2,6,0,0,1,0,0,0,0,0,638702.1116,5361182.7806,10.873539909,48.388546163,2,#fc8d62,car
9,1,88,113,2018,6,14,2,3,0,1,0,0,0,0,1,0,0,1,676061224.0,5315614389.0,11.358895136,47.96960179,4,#e78ac3,marker
9,7,61,0,2018,6,21,2,3,0,7,2,1,0,0,0,0,0,1,641115.7145,5360256.5938,10.905812371,48.379682872,1,#66c2a5,bicycle
9,1,74,113,2018,6,15,1,3,2,1,0,0,1,0,1,0,0,1,674336.4038,5344793.3372,11.347725604,48.232378196,2,#fc8d62,car
9,2,74,113,2018,6,17,4,3,2,6,0,0,1,0,0,0,0,0,728604.3734,5384074.0346,12.098942069,48.568023617,2,#fc8d62,car
9,2,74,126,2018,6,15,4,3,3,2,0,1,1,0,0,0,0,0,732930.6622,5383193.3055,12.157004062,48.558519979,1,#66c2a5,bicycle
9,1,62,0,2018,6,16,6,3,0,2,0,0,1,0,0,0,1,0,689651617.0,5340132975.0,11.551683026,48.186096875,2,#fc8d62,car
9,1,90,111,2018,6,13,6,3,9,1,0,0,1,0,0,0,0,0,639717.4744,5299145.9911,10.866925525,47.830476009,2,#fc8d62,car
9,1,87,159,2018,6,14,1,3,0,7,0,1,0,0,0,0,0,0,731666.4238,5327111.5872,12.10911362,48.055188616,1,#66c2a5,bicycle
9,2,74,126,2018,6,10,4,3,4,2,0,0,1,0,0,0,0,0,732470.6357,5384441.1179,12.151475968,48.569899366,2,#fc8d62,car
9,1,62,0,2018,6,7,7,3,0,1,0,0,0,0,1,0,0,0,692818.0297,5339120.9733,11.593781644,48.176048185,4,#e78ac3,marker
9,1,78,137,2018,6,20,2,3,9,1,1,0,1,0,0,0,0,1,693363.6991,5362704.7262,11.611904925,48.387839571,2,#fc8d62,car
9,1,73,130,2018,6,16,4,2,8,7,0,1,0,0,0,0,0,1,681438.0321,5313210095.0,11.429854115,47.946487713,1,#66c2a5,bicycle
9,1,73,137,2018,6,16,4,3,2,6,0,0,1,0,0,0,1,1,679194.2335,5308249.1786,11.397769055,47.9025236,2,#fc8d62,car
9,1,62,0,2018,6,18,7,3,4,2,0,0,1,0,0,0,0,1,692152643.0,5342381.7831,11.586315653,48.205556952,2,#fc8d62,car
9,1,90,139,2018,6,12,2,3,2,6,0,0,1,0,0,0,0,0,656123.7814,5296538.0632,11.085067337,47.803253576,2,#fc8d62,car
9,1,78,124,2018,6,19,6,3,0,6,0,0,0,0,1,0,0,1,703265.9752,5360768.4988,11.74457032,48.367327343,4,#e78ac3,marker
9,1,78,124,2018,6,20,3,3,3,1,0,0,1,0,0,0,0,1,700607.0521,5357278.1226,11.707047371,48.336811357,2,#fc8d62,car
9,1,74,115,2018,6,12,7,3,0,3,0,0,1,0,1,0,0,0,683339.5705,5347779.1061,11.470146635,48.256677033,2,#fc8d62,car
9,1,87,150,2018,6,10,3,3,5,7,0,1,1,0,0,0,0,0,729368.3059,5303361.9268,12.065660549,47.84264405,1,#66c2a5,bicycle
9,1,62,0,2018,6,18,6,3,2,6,2,0,1,0,0,0,0,0,679270.3124,5337444272.0,11.411005007,48.164942863,2,#fc8d62,car
9,1,78,156,2018,6,18,1,3,8,7,0,0,1,0,0,0,0,0,698590.0143,5375240.5376,11.688363831,48.498870299,2,#fc8d62,car
9,1,84,138,2018,6,19,6,3,0,1,0,1,0,0,0,0,0,0,680414.1785,5330560.0648,11.423459209,48.102737758,1,#66c2a5,bicycle
9,1,86,152,2018,6,6,3,3,5,3,0,0,1,0,0,0,0,0,691231.6526,5375633.0853,11.589039524,48.504680681,2,#fc8d62,car
9,1,87,165,2018,6,15,2,3,2,6,0,0,1,0,0,0,0,0,731647.1363,5299366.2884,12.09393692,47.80592905,2,#fc8d62,car
9,1,81,130,2018,6,18,3,3,0,6,0,0,0,0,1,0,0,0,638536.0792,5317894.1679,10.857173371,47.999326511,4,#e78ac3,marker
9,1,62,0,2018,6,16,5,3,1,6,0,1,1,0,0,0,0,0,686221854.0,5331783.4842,11.501930383,48.11206338,1,#66c2a5,bicycle
9,1,62,0,2018,6,19,5,3,3,2,0,0,1,0,1,0,0,0,692013712.0,5331522065.0,11.579547018,48.107994073,2,#fc8d62,car
9,1,75,135,2018,6,9,6,3,6,7,0,1,0,1,0,0,0,0,708990.8006,5339437.5973,11.811231657,48.17378124,1,#66c2a5,bicycle
9,1,84,145,2018,6,17,7,2,4,2,0,0,1,0,0,0,0,0,696463.3353,5322864836.0,11.635281185,48.028830157,2,#fc8d62,car
9,1,79,123,2018,6,17,2,3,2,6,0,0,1,0,0,0,0,0,677998071.0,5332204.0386,11.391719761,48.118195326,2,#fc8d62,car
9,7,72,184,2018,6,1,6,3,5,3,2,0,1,0,0,0,0,0,635178.0553,5362378434.0,10.826348528,48.400062616,2,#fc8d62,car
9,1,79,134,2018,6,22,2,2,8,1,2,0,0,0,1,0,0,0,668957.7678,5342687.6986,11.274514445,48.214904794,4,#e78ac3,marker
9,7,77,121,2018,6,14,2,3,1,7,0,0,1,0,0,0,0,0,628120.1558,5321538.8702,10.718697585,48.034275955,2,#fc8d62,car
9,1,74,143,2018,6,21,7,2,0,1,1,1,0,0,0,0,0,0,675902.4438,5352112.4794,11.371840055,48.29773802,1,#66c2a5,bicycle
9,2,74,134,2018,6,15,2,2,9,1,0,0,0,0,1,0,0,0,738140.4571,5372537.5528,12.221420523,48.460852174,4,#e78ac3,marker
9,1,87,177,2018,6,14,3,3,0,1,0,1,0,0,0,0,0,0,735141.2066,5305160.6746,12.143678073,47.856718726,1,#66c2a5,bicycle
9,1,62,0,2018,6,20,1,3,5,3,2,0,1,0,0,0,0,1,690149435.0,5339045.1205,11.557887245,48.176170511,2,#fc8d62,car
9,1,75,132,2018,6,10,2,3,0,7,0,1,0,0,0,0,0,0,706257.2259,5332012.3801,11.770909997,48.10794811,1,#66c2a5,bicycle
9,1,62,0,2018,6,18,5,2,5,2,0,0,1,0,1,0,0,0,682684.4326,5335997.6183,11.456256943,48.15096748,2,#fc8d62,car
9,1,87,122,2018,6,14,6,3,1,3,0,0,1,0,1,0,0,0,717913.7042,5308228.9001,11.915225622,47.890361688,2,#fc8d62,car
9,2,74,126,2018,6,12,5,3,2,6,0,0,1,0,0,0,0,0,733292.1114,5383709.5244,12.162184472,48.563022615,2,#fc8d62,car
9,1,86,152,2018,6,22,1,3,3,6,2,0,1,0,0,0,0,0,691278.8946,5380693.9343,11.59200005,48.550148909,2,#fc8d62,car
9,1,84,119,2018,6,10,7,3,2,6,0,0,1,0,0,0,0,0,695943.0924,5346457.5712,11.639162026,48.241028681,2,#fc8d62,car
9,1,85,158,2018,6,6,3,3,0,1,0,1,0,0,0,0,0,0,667194.0626,5380632.7774,11.265889563,48.556482386,1,#66c2a5,bicycle
9,1,62,0,2018,6,5,5,2,0,7,1,0,0,0,1,0,0,0,688842.9939,5340150.2529,11.540822148,48.186493057,4,#e78ac3,marker
9,1,84,134,2018,6,18,5,3,8,1,0,0,0,0,1,0,0,0,692446.0523,5320096.3507,11.580209511,48.005169899,4,#e78ac3,marker
9,7,72,200,2018,6,3,1,3,8,1,2,0,1,0,0,0,0,0,632339.5486,5336633.4295,10.779953227,48.169156169,2,#fc8d62,car
9,1,73,147,2018,6,17,5,2,4,2,0,0,1,0,0,0,0,0,680556.3924,5307919.6854,11.415841294,47.899179773,2,#fc8d62,car
9,1,73,147,2018,6,15,7,2,5,3,0,1,1,0,0,0,0,0,681013925.0,5309452.7352,11.422600788,47.912831885,1,#66c2a5,bicycle