ULAND,UREGBEZ,UKREIS,UGEMEINDE,UJAHR,UMONAT,USTUNDE,UWOCHENTAG,UKATEGORIE,UART,UTYP1,ULICHTVERH,IstRad,IstPKW,IstFuss,IstKrad,IstGkfz,IstSonstig,STRZUSTAND,LINREFX,LINREFY,XGCSWGS84,YGCSWGS84,Teilnehmer,color,symbol
9,1,79,134,2018,6,19,6,3,6,7,0,0,0,1,0,0,1,0,667681.87,5342713.28,11.257362277,48.215473185,3,#8da0cb,toilet
9,1,75,128,2018,6,14,6,2,4,2,0,1,1,0,0,0,0,0,713602.9528,5324452.6815,11.865691,48.037597663,1,#66c2a5,bicycle
9,1,79,147,2018,6,8,1,1,9,1,0,0,1,0,0,0,0,0,664477.7538,5334517.9178,11.211089563,48.142633916,2,#fc8d62,car
9,1,84,147,2018,6,16,6,3,4,6,0,1,0,0,0,0,0,0,696771.6078,5341900.0145,11.648194032,48.199812382,1,#66c2a5,bicycle
9,1,83,123,2018,6,16,5,3,0,6,0,0,1,0,0,0,1,0,738686.1117,5339972.5225,12.210367099,48.168130914,2,#fc8d62,car
9,1,75,132,2018,6,20,3,3,9,3,0,0,1,0,0,0,0,0,707171.9103,5336589.3509,11.785408005,48.14878157,2,#fc8d62,car
9,1,62,0,2018,6,17,5,2,5,3,0,1,1,0,0,0,0,0,688698.6284,5337163.7058,11.537556081,48.159692643,1,#66c2a5,bicycle
9,2,61,0,2018,6,5,6,3,5,3,0,0,1,0,0,0,0,0,723940.7862,5378187.7138,12.032652534,48.516825863,2,#fc8d62,car
9,1,83,114,2018,6,10,5,2,5,3,0,0,1,0,0,0,0,0,741477.0858,5357610.1327,12.257900807,48.325503073,2,#fc8d62,car
9,1,90,157,2018,6,10,3,3,2,6,0,0,1,0,1,0,0,0,660426.8537,5300519.9866,11.143969067,47.837997776,2,#fc8d62,car
9,1,84,141,2018,6,13,7,2,2,6,0,0,1,0,1,0,1,0,698192.1693,5312387.6262,11.653611674,47.934131782,2,#fc8d62,car
9,1,62,0,2018,6,18,2,3,2,6,0,0,1,0,0,0,0,0,686966.0923,5333202.6986,11.512541749,48.12460173,2,#fc8d62,car
9,1,87,165,2018,6,16,5,2,8,7,0,0,1,0,0,1,1,0,731714.9392,5299564.8348,12.094947218,47.807688462,2,#fc8d62,car
9,1,75,123,2018,6,20,1,2,4,6,1,0,1,0,0,0,0,0,721009308.0,5337975.1126,11.971918682,48.156575985,2,#fc8d62,car
9,1,87,169,2018,6,18,5,3,5,3,0,0,1,0,0,0,0,0,736296846.0,5301052749.0,12.156862227,47.819390274,2,#fc8d62,car
9,1,78,113,2018,6,16,3,3,2,6,0,0,0,0,0,1,0,0,691631.5611,5365341007.0,11.589735802,48.412061351,5,#a6d854,bus
9,1,82,125,2018,6,8,5,3,5,3,0,0,1,0,0,0,0,0,712507859.0,5296448565.0,11.837217677,47.786311629,2,#fc8d62,car
9,1,87,165,2018,6,18,5,3,3,6,0,0,1,0,0,1,0,0,733595.0186,5299731.5838,12.120110367,47.808507157,2,#fc8d62,car
9,1,86,162,2018,6,16,5,3,2,6,0,0,1,0,0,0,0,0,690514.5103,5384313.9443,11.583310506,48.582915105,2,#fc8d62,car
9,1,78,143,2018,6,15,6,3,2,6,0,0,1,0,0,0,0,0,721550.7518,5374211.8078,11.998223515,48.48195374,2,#fc8d62,car
9,1,75,111,2018,6,11,2,3,2,6,0,0,1,0,0,1,0,0,711653.3745,5338122.4905,11.846347089,48.161082893,2,#fc8d62,car
9,7,72,147,2018,6,5,2,3,8,1,0,0,1,0,0,0,0,0,632551.4312,5364542.9876,10.791563051,48.420084301,2,#fc8d62,car
9,1,81,122,2018,6,16,5,2,5,2,0,0,1,0,1,0,0,0,648695744.0,5331756193.0,10.998107573,48.121686646,2,#fc8d62,car
9,1,87,182,2018,6,19,6,3,2,6,0,0,1,0,0,0,0,0,738189.6134,5328284419.0,12.197172719,48.06332342,2,#fc8d62,car
9,1,81,120,2018,6,20,5,3,8,1,0,0,1,0,0,0,0,0,652376.8559,5317725.4854,11.042542241,47.994661121,2,#fc8d62,car
9,1,74,141,2018,6,8,5,3,5,3,0,0,1,0,0,0,1,0,679681.9027,5356710.5787,11.42471369,48.338006742,2,#fc8d62,car
9,1,62,0,2018,6,10,5,3,2,6,0,0,1,0,0,0,0,0,695955.8941,5346500.2334,11.639354,48.241408141,2,#fc8d62,car
9,1,75,133,2018,6,6,5,3,8,7,1,0,1,0,0,0,0,0,708777.2994,5340228.5316,11.808751834,48.180958811,2,#fc8d62,car
9,1,82,123,2018,6,13,1,3,2,6,0,0,1,0,0,0,0,0,720790.6414,5301304203.0,11.950125399,47.827157069,2,#fc8d62,car
9,1,78,123,2018,6,14,5,3,2,1,0,0,0,0,1,1,0,0,690445.0932,5357669.3139,11.570243168,48.343471486,4,#e78ac3,marker
9,1,78,120,2018,6,15,5,1,3,6,0,0,1,0,0,0,0,0,694512.8362,5353058.7661,11.622955391,48.300796194,2,#fc8d62,car
9,1,62,0,2018,6,12,1,3,5,3,0,0,1,0,0,0,0,0,690858.9451,5339110203.0,11.567450864,48.176542774,2,#fc8d62,car
9,1,78,143,2018,6,20,5,2,8,1,1,0,0,0,1,0,0,0,719135259.0,5373365.2962,11.965137078,48.475194791,4,#e78ac3,marker
9,1,62,0,2018,6,14,5,3,5,2,0,1,0,0,0,0,1,0,696010.5568,5333823.6972,11.634241127,48.1274627,1,#66c2a5,bicycle
9,1,75,137,2018,6,15,5,3,1,6,0,0,1,0,1,0,0,0,725918.5185,5330228.2475,12.033733267,48.085250566,2,#fc8d62,car
9,1,75,121,2018,6,20,5,2,1,7,0,0,1,0,1,0,0,0,714327.1721,5318968.7479,11.87265393,47.988077298,2,#fc8d62,car
9,1,88,120,2018,6,0,1,1,8,1,2,0,0,0,1,0,0,0,676203.1279,5323083.5506,11.363862152,48.036706962,4,#e78ac3,marker
9,1,78,155,2018,6,11,7,3,0,6,0,0,1,0,0,0,0,0,719071.4419,5375263.9272,11.965269818,48.492275025,2,#fc8d62,car
9,1,84,135,2018,6,15,4,2,4,7,0,0,1,0,0,0,0,0,688376.8049,5347415681.0,11.537783665,48.251933268,2,#fc8d62,car
9,1,81,118,2018,6,16,3,2,0,7,0,1,0,0,0,0,0,0,650883.7692,5328658.1237,11.026394581,48.093315922,1,#66c2a5,bicycle
9,1,82,120,2018,6,19,1,2,2,6,0,0,1,0,0,0,1,0,698942.3614,5301648.1845,11.658697217,47.837377,2,#fc8d62,car
9,1,74,115,2018,6,12,7,2,3,6,0,0,1,0,1,0,0,0,682929.3775,5350305.8825,11.465718346,48.279507324,2,#fc8d62,car
9,2,61,0,2018,6,7,2,2,2,6,0,0,1,0,0,0,0,0,734155.7186,5381582.5771,12.172675717,48.543595412,2,#fc8d62,car
9,2,61,0,2018,6,16,7,3,5,3,0,1,1,0,0,0,0,0,736719.2107,5381627.1373,12.207378489,48.543033852,1,#66c2a5,bicycle
9,1,74,115,2018,6,1,1,3,8,1,2,0,1,0,0,0,0,0,680113698.0,5348302.2395,11.426947783,48.262304423,2,#fc8d62,car
9,1,62,0,2018,6,13,6,3,2,6,0,0,1,0,0,0,1,0,692232072.0,5343213.0143,11.587760222,48.21300374,2,#fc8d62,car
9,7,62,0,2018,6,19,5,3,2,6,0,0,1,0,0,0,0,0,622394.2238,5306933.7432,10.637759835,47.904047307,2,#fc8d62,car
9,1,62,0,2018,6,9,3,3,2,6,0,0,1,0,0,0,0,0,697656.0417,5335211.4579,11.656974531,48.139426138,2,#fc8d62,car
9,7,62,0,2018,6,14,5,3,4,2,0,1,1,0,0,0,0,0,621505.1385,5303928524.0,10.625021948,47.877188195,1,#66c2a5,bicycle
9,7,62,0,2018,6,14,4,3,2,6,0,0,1,0,0,0,1,1,620859.7538,5304819.7475,10.616643496,47.885325483,2,#fc8d62,car
9,7,72,126,2018,6,22,4,3,9,1,2,0,0,0,0,0,1,0,629511.1323,5367267.0266,10.751332474,48.445212012,6,#ffd92f,circle
9,7,61,0,2018,6,20,1,3,5,3,0,0,1,0,0,0,0,0,637625.3992,5352695.0892,10.856229146,48.312461541,2,#fc8d62,car
9,7,72,202,2018,6,18,4,3,5,3,0,1,1,0,0,0,0,0,636745.0124,5359139.7716,10.846453772,48.370602964,1,#66c2a5,bicycle
9,1,90,157,2018,6,11,7,3,0,7,0,0,0,0,1,0,0,0,658534656.0,5301479.9756,11.119051085,47.847098633,4,#e78ac3,marker
9,1,62,0,2018,6,17,6,3,9,1,0,0,1,0,0,0,0,0,695234.9947,5344026.7668,11.628515277,48.219400634,2,#fc8d62,car
9,7,61,0,2018,6,17,4,3,3,2,0,1,1,0,0,0,0,0,640194.7295,5360559099.0,10.893482177,48.382608222,1,#66c2a5,bicycle
9,2,61,0,2018,6,11,3,3,3,2,0,1,0,0,0,1,0,0,732652.5677,5381779.1752,12.152450888,48.545920517,1,#66c2a5,bicycle
9,1,62,0,2018,6,8,7,3,0,1,0,1,0,0,0,0,0,0,694552.5539,5331953.0776,11.613814286,48.111097539,1,#66c2a5,bicycle
9,1,84,148,2018,6,9,2,3,2,6,0,0,1,0,0,0,0,0,693340.9929,5328874032.0,11.59615979,48.083792663,2,#fc8d62,car
9,1,86,152,2018,6,9,7,3,2,6,0,0,0,0,0,0,1,0,691577.0654,5379222.0768,11.595359368,48.536830196,6,#ffd92f,circle
9,1,83,139,2018,6,18,7,3,0,1,0,1,0,0,0,0,0,0,734623.4564,5334098.7333,12.152574476,48.116877094,1,#66c2a5,bicycle
9,7,72,149,2018,6,7,6,3,5,3,0,0,1,0,0,0,0,0,637746454.0,5340314161.0,10.85383041,48.20110516,2,#fc8d62,car
9,1,81,146,2018,6,8,2,3,9,1,0,0,1,0,0,0,0,0,652816.7542,5326509652.0,11.051569124,48.07353782,2,#fc8d62,car
9,7,77,140,2018,6,17,2,3,0,3,0,0,1,0,1,0,0,0,628387158.0,5318074417.0,10.721239993,48.003066186,2,#fc8d62,car
9,1,87,177,2018,6,16,3,3,5,6,0,1,1,0,0,0,0,0,735684.7865,5305410.1607,12.151069958,47.858760956,1,#66c2a5,bicycle
9,7,61,0,2018,6,20,7,3,0,7,0,1,0,0,0,0,0,0,641007.3719,5360551.3139,10.904448896,48.382357104,1,#66c2a5,bicycle
9,7,72,156,2018,6,18,5,3,5,2,0,0,1,0,0,0,1,0,626046.2745,5370199521.0,10.705383635,48.472285771,2,#fc8d62,car
9,1,84,132,2018,6,14,1,3,3,6,0,1,0,0,1,0,0,0,682017.6049,5324055.0746,11.442207306,48.043809115,1,#66c2a5,bicycle
9,7,72,171,2018,6,18,5,3,5,3,0,1,1,0,0,0,0,0,638307399.0,5368720.6795,10.870697568,48.456411579,1,#66c2a5,bicycle
9,1,86,152,2018,6,6,2,3,2,6,0,0,1,0,0,0,0,0,691334.1223,5373349.8434,11.58937954,48.484129511,2,#fc8d62,car
9,1,87,117,2018,6,22,1,3,0,7,2,0,1,0,0,0,0,1,723480.4227,5305869.7661,11.988372737,47.867250789,2,#fc8d62,car
9,1,78,140,2018,6,14,7,3,2,6,0,0,1,0,0,1,0,0,708401.7882,5363637.9166,11.815252456,48.391436684,2,#fc8d62,car
9,7,71,130,2018,6,6,5,3,5,3,0,0,1,0,0,0,0,0,645413979.0,5357703097.0,10.962944004,48.355747559,2,#fc8d62,car
9,1,73,126,2018,6,15,2,3,2,6,0,0,1,0,0,0,1,0,683640.8093,5306303.3118,11.456384193,47.88377473,2,#fc8d62,car
9,7,72,202,2018,6,16,5,3,5,3,0,0,1,0,1,0,0,0,636378418.0,5357774259.0,10.841063626,48.358403651,2,#fc8d62,car
9,7,72,159,2018,6,11,1,2,9,1,0,1,1,0,0,0,0,0,628891.3009,5360572.1277,10.740897596,48.38513622,1,#66c2a5,bicycle
9,1,62,0,2018,6,7,5,3,0,7,0,1,0,0,0,0,0,0,685090.0691,5335361.5466,11.488293582,48.14455469,1,#66c2a5,bicycle
9,1,79,137,2018,6,15,6,3,5,2,0,0,1,0,0,0,0,0,656029.9132,5345256.8792,11.101551707,48.241314216,2,#fc8d62,car
9,1,75,123,2018,6,18,1,3,2,6,0,0,1,0,0,0,0,0,723992422.0,5337282528.0,12.01161112,48.149309854,2,#fc8d62,car
9,1,79,123,2018,6,16,1,3,5,2,0,0,1,0,0,0,0,0,676729.3327,5333746.4009,11.375326802,48.132413405,2,#fc8d62,car
9,1,84,123,2018,6,7,6,2,4,2,0,1,1,0,0,0,0,0,703004.3265,5331894.9908,11.727205637,48.10793807,1,#66c2a5,bicycle
9,1,87,177,2018,6,16,2,3,4,2,0,1,1,0,0,0,0,0,735043.5329,5305105.2891,12.142344178,47.856256877,1,#66c2a5,bicycle
9,1,81,139,2018,6,19,3,3,0,1,0,0,1,0,0,0,0,0,655742.5621,5323236972.0,11.089629741,48.043405001,2,#fc8d62,car
9,2,74,113,2018,6,17,6,3,0,1,0,0,0,0,1,0,0,0,726632.9198,5381345.3166,12.070772099,48.544226297,4,#e78ac3,marker
9,1,62,0,2018,6,11,7,2,0,7,0,1,0,0,0,1,0,0,701040.6494,5332422.3612,11.701104242,48.113300295,1,#66c2a5,bicycle
9,2,74,134,2018,6,7,4,3,4,6,0,0,1,0,0,0,0,1,739592.2141,5375276.7053,12.242595365,48.484904294,2,#fc8d62,car
9,7,71,111,2018,6,23,2,3,2,6,2,0,1,0,0,0,0,0,658313.1156,5357380.9455,11.136827564,48.34974928,2,#fc8d62,car
9,1,62,0,2018,6,12,4,3,3,6,0,0,1,0,0,1,0,1,686996.4103,5331342.1086,11.512132879,48.107869203,2,#fc8d62,car
9,1,90,157,2018,6,10,4,3,4,6,0,0,1,0,0,0,0,1,665200.0709,5298709.8677,11.207020417,47.820514786,2,#fc8d62,car
9,1,62,0,2018,6,15,3,3,3,6,0,0,1,0,0,1,0,0,694281.8933,5340805.9994,11.614222792,48.190746571,2,#fc8d62,car
9,1,74,147,2018,6,22,2,3,9,7,2,0,1,0,0,0,0,0,673894.2476,5366336.8909,11.350664717,48.426157117,2,#fc8d62,car
9,7,73,182,2018,6,16,2,3,1,6,0,0,1,0,1,0,0,0,624580442.0,5379171674.0,10.688239184,48.553259749,2,#fc8d62,car
9,1,62,0,2018,6,12,4,3,3,1,0,0,1,0,0,0,0,1,694564.4217,5331193.9181,11.613627354,48.104270858,2,#fc8d62,car
9,1,87,117,2018,6,9,6,3,2,6,0,0,1,0,0,0,1,0,725535.1003,5301110.4238,12.013328621,47.823770269,2,#fc8d62,car
9,1,87,164,2018,6,18,4,3,0,6,0,1,0,0,0,0,0,1,733016.1763,5323518.9811,12.125245776,48.022422329,1,#66c2a5,bicycle
9,1,74,136,2018,6,15,7,3,0,1,0,0,0,0,1,0,0,0,684428.7571,5362975.8542,11.491454708,48.392952145,4,#e78ac3,marker
9,1,82,137,2018,6,13,1,3,5,3,0,0,1,0,0,0,0,0,709053.5026,5305067.7325,11.79531422,47.864900201,2,#fc8d62,car
9,1,78,113,2018,6,22,2,2,5,6,2,0,1,0,0,1,0,0,693745864.0,5367150.5901,11.619113793,48.427677928,2,#fc8d62,car
9,1,86,152,2018,6,16,6,3,1,6,0,0,1,0,0,1,0,0,691553.4489,5379320.2388,11.595084889,48.537719597,2,#fc8d62,car
9,1,78,132,2018,6,12,7,2,8,1,0,0,0,0,1,0,0,0,711937.1291,5384689.3874,11.873623587,48.579409179,4,#e78ac3,marker
9,7,72,145,2018,6,9,1,2,5,3,0,0,1,0,0,0,0,0,634292.9079,5366555.6542,10.815733439,48.437813382,2,#fc8d62,car
9,1,81,135,2018,6,6,4,3,4,6,0,0,1,0,0,0,0,1,642635381.0,5309084824.0,10.909174336,47.919209365,2,#fc8d62,car
9,1,81,137,2018,6,12,4,3,5,3,0,0,1,0,0,0,0,1,647517649.0,5307108.2176,10.973807803,47.90033102,2,#fc8d62,car
9,2,74,121,2018,6,14,7,3,4,3,0,0,1,0,0,0,0,0,729068.4562,5370076.9652,12.097544387,48.442115756,2,#fc8d62,car
9,1,86,143,2018,6,18,6,3,2,6,0,0,1,0,0,0,0,0,688393.2207,5383521.8582,11.554217609,48.57643782,2,#fc8d62,car
9,1,79,123,2018,6,18,4,3,8,1,0,0,1,0,0,0,0,1,675423414.0,5333207.94,11.357568415,48.127934282,2,#fc8d62,car
9,1,79,119,2018,6,9,1,2,0,2,0,1,1,0,0,0,0,0,670788695.0,5339000.6783,11.297658628,48.181269744,1,#66c2a5,bicycle
9,1,84,135,2018,6,9,6,3,2,6,0,0,1,0,0,1,0,0,693123.3287,5347235.4594,11.601578277,48.248885083,2,#fc8d62,car
9,1,75,127,2018,6,10,4,3,2,2,0,0,1,0,0,1,0,1,712938.4088,5341501.4499,11.865298722,48.191016034,2,#fc8d62,car
9,1,84,130,2018,6,17,3,3,2,6,0,0,1,0,0,0,1,0,697525.3777,5342355.1725,11.658538923,48.20366894,2,#fc8d62,car
9,1,75,135,2018,6,21,4,3,5,3,2,0,1,0,0,0,0,0,708972435.0,5339467796.0,11.810999766,48.174058646,2,#fc8d62,car
9,1,77,138,2018,6,10,4,1,5,3,0,1,1,0,0,0,0,1,730092.1565,5360262.4997,12.105989222,48.353576192,1,#66c2a5,bicycle
9,1,77,115,2018,6,19,4,3,8,1,0,0,1,0,0,0,0,0,739075891.0,5350092564.0,12.221303953,48.258889176,2,#fc8d62,car
9,1,84,137,2018,6,19,3,3,3,2,0,0,1,0,0,0,0,1,705381.6658,5314290758.0,11.750667555,47.948971558,2,#fc8d62,car
9,1,62,0,2018,6,11,3,2,6,7,0,0,1,1,0,0,0,0,701946.7536,5332187.1558,11.713152828,48.110899873,2,#fc8d62,car
9,7,78,203,2018,6,16,3,3,3,6,0,0,1,0,0,0,0,0,621099.3827,5322133.5162,10.624724338,48.04099402,2,#fc8d62,car
9,1,90,158,2018,6,11,7,2,4,6,0,0,1,0,1,0,0,0,652227.6595,5302559.4105,11.035184723,47.858329302,2,#fc8d62,car
9,1,81,130,2018,6,16,6,3,0,1,0,1,0,0,0,0,0,0,639910.7372,5323429.3283,10.877398635,48.048801091,1,#66c2a5,bicycle
9,1,62,0,2018,6,14,7,3,0,7,0,1,0,0,0,0,0,0,691033.0876,5339206.4365,11.569834252,48.177355382,1,#66c2a5,bicycle
9,1,85,158,2018,6,18,2,3,4,2,0,1,1,0,0,0,0,0,667430.3014,5380491.4562,11.269031724,48.555148982,1,#66c2a5,bicycle
9,1,78,145,2018,6,19,3,3,0,1,0,1,0,0,0,0,0,0,700070.2779,5354627.0722,11.698554367,48.313157374,1,#66c2a5,bicycle
9,1,87,165,2018,6,17,7,3,8,6,0,0,1,0,0,0,0,0,727387.3215,5300018.8762,12.037467342,47.813311023,2,#fc8d62,car
9,1,77,134,2018,6,0,6,3,7,7,2,0,0,0,1,0,0,0,713588.5736,5345247.6237,11.875921492,48.224459079,4,#e78ac3,marker
9,1,78,113,2018,6,14,2,3,2,6,0,0,1,0,0,0,0,0,691590.5479,5365957.9055,11.589463847,48.417618094,2,#fc8d62,car
9,7,72,151,2018,6,16,2,3,2,6,0,0,1,0,0,0,0,0,632798.0071,5343112.5085,10.788143347,48.227323617,2,#fc8d62,car
9,7,78,116,2018,6,16,3,3,3,6,0,0,1,0,0,0,0,0,620625.6147,5313034.4472,10.615812598,47.959250338,2,#fc8d62,car
9,7,77,130,2018,6,11,3,2,4,2,0,0,1,0,0,0,0,0,624559.1921,5308715.2155,10.667231437,47.919652256,2,#fc8d62,car
9,1,81,123,2018,6,17,2,3,2,7,0,0,1,0,0,0,0,0,655170.2656,5326541.7626,11.083155256,48.073258215,2,#fc8d62,car
9,7,72,147,2018,6,22,3,3,8,1,2,0,1,0,0,0,0,1,630367.3438,5364262.0438,10.761970273,48.418013716,2,#fc8d62,car
9,7,72,147,2018,6,16,3,3,3,6,1,0,1,0,0,1,0,1,638288.5746,5364073.7786,10.868909453,48.414632147,2,#fc8d62,car
9,1,82,123,2018,6,14,1,3,2,6,0,0,1,0,0,0,0,0,717545163.0,5301726587.0,11.907030729,47.832058216,2,#fc8d62,car
9,7,72,177,2018,6,7,3,3,2,6,0,0,1,0,0,1,0,0,636084978.0,5379037283.0,10.844017224,48.549660372,2,#fc8d62,car
9,1,87,129,2018,6,17,3,3,2,7,0,0,1,0,0,0,0,0,725266.3023,5300750521.0,12.009555306,47.820630691,2,#fc8d62,car
9,7,72,151,2018,6,22,7,3,8,1,2,0,0,0,1,0,0,0,632865.4235,5343988.2431,10.789325269,48.235184482,4,#e78ac3,marker
9,7,61,0,2018,6,17,3,3,5,3,0,1,1,0,0,0,0,0,637988.6871,5353411.3447,10.861360662,48.318822901,1,#66c2a5,bicycle
9,1,62,0,2018,6,22,1,3,4,2,2,0,1,0,0,0,0,1,694996.9622,5333004913.0,11.6202594,48.120415106,2,#fc8d62,car
9,1,81,130,2018,6,4,1,2,9,1,2,0,1,0,0,0,0,0,638483.5173,5317416.4763,10.856314978,47.995042274,2,#fc8d62,car
9,1,78,113,2018,6,21,7,3,5,3,2,0,1,0,1,0,0,0,691709127.0,5367299458.0,11.591678121,48.429638978,2,#fc8d62,car
9,7,78,209,2018,6,7,4,3,5,3,0,0,1,0,0,0,1,0,618778.7994,5323587.2798,10.594006436,48.054504616,2,#fc8d62,car
9,7,78,204,2018,6,12,4,3,2,6,0,0,1,0,0,0,0,0,616129793.0,5328747.2715,10.559873216,48.101399797,2,#fc8d62,car
9,7,62,0,2018,6,20,4,3,5,3,0,1,1,0,0,0,0,0,621701.5091,5303543.7928,10.627538743,47.873690827,1,#66c2a5,bicycle
9,7,77,121,2018,6,12,4,2,5,2,0,1,1,0,0,0,0,0,626843.1649,5322566.5675,10.701879418,48.043773137,1,#66c2a5,bicycle
9,7,72,130,2018,6,17,4,3,2,6,0,0,1,0,1,0,0,0,630864.5422,5359350.2107,10.767156046,48.373742081,2,#fc8d62,car
9,7,72,209,2018,6,16,4,2,8,1,0,0,0,0,1,0,0,0,636818589.0,5337300782.0,10.840378931,48.174208769,4,#e78ac3,marker
9,7,71,145,2018,6,12,4,3,5,3,0,0,1,0,0,0,0,0,646723323.0,5346844.46,10.976832357,48.257811056,2,#fc8d62,car
9,7,61,0,2018,6,8,4,3,5,3,0,1,1,0,0,0,0,0,643249.19,5357861894.0,10.933792998,48.357670196,1,#66c2a5,bicycle
9,1,84,122,2018,6,2,5,3,6,7,2,0,1,1,0,0,0,0,688676783.0,5323635.1548,11.531282527,48.038101527,2,#fc8d62,car
9,7,61,0,2018,6,19,4,3,2,1,0,0,1,0,0,0,0,0,640449.6867,5355591.2687,10.895265358,48.337882329,2,#fc8d62,car
9,7,61,0,2018,6,7,4,3,1,2,0,0,1,0,0,0,0,0,641014.6094,5357008.6742,10.903358848,48.350501354,2,#fc8d62,car
9,1,84,147,2018,6,20,5,2,4,6,0,0,1,0,0,0,0,0,697655.9505,5340011.6482,11.659203598,48.182566633,2,#fc8d62,car
9,1,87,164,2018,6,13,5,3,2,6,0,0,0,0,1,0,0,0,736417.0763,5322144.8511,12.170029783,48.008828845,4,#e78ac3,marker
9,7,62,0,2018,6,10,5,2,3,2,0,1,0,0,0,0,1,0,621511916.0,5304376.7321,10.625238655,47.881217985,1,#66c2a5,bicycle
9,1,63,0,2018,6,7,5,3,7,7,0,0,1,0,0,0,1,0,729576583.0,5300761955.0,12.067062192,47.819210166,2,#fc8d62,car
9,1,84,114,2018,6,21,5,3,9,1,1,0,1,0,0,0,0,0,698536.9075,5321911.1749,11.662622538,48.019618103,2,#fc8d62,car
9,1,62,0,2018,6,7,5,3,5,2,0,1,1,0,0,0,0,0,689218.3429,5330140228.0,11.541419435,48.09641038,1,#66c2a5,bicycle
9,1,62,0,2018,6,7,5,3,2,7,0,0,1,0,0,0,0,0,694557448.0,5336408.89,11.615914504,48.151143105,2,#fc8d62,car
9,1,85,158,2018,6,6,5,2,5,3,0,1,1,0,0,0,0,0,666815.2695,5381902.1142,11.261268986,48.567993704,1,#66c2a5,bicycle
9,1,84,123,2018,6,16,5,3,2,6,0,0,1,0,0,0,0,0,702469614.0,5332054.6282,11.720106355,48.109542882,2,#fc8d62,car
9,7,61,0,2018,6,13,5,3,2,6,0,0,1,0,0,0,1,0,641368.5524,5355576.0911,10.907652561,48.337540937,2,#fc8d62,car
9,1,62,0,2018,6,18,5,3,4,2,0,0,1,0,0,0,1,0,696043.6631,5333815.0564,11.63468159,48.127374846,2,#fc8d62,car
9,1,73,123,2018,6,15,4,2,5,3,0,0,1,0,1,0,0,0,679734.1691,5298449.7528,11.400914392,47.814280746,2,#fc8d62,car
9,1,62,0,2018,6,2,5,3,9,6,2,0,1,0,0,0,0,0,687442104.0,5333089567.0,11.518882475,48.123444899,2,#fc8d62,car
9,1,90,148,2018,6,10,4,3,4,6,0,0,1,0,0,1,0,0,640931.1644,5298067.0714,10.882782993,47.8205089,2,#fc8d62,car
9,1,62,0,2018,6,6,5,3,1,6,0,0,1,0,1,0,0,0,688552.7788,5335305525.0,11.53477355,48.143034335,2,#fc8d62,car
9,2,74,121,2018,6,10,5,2,5,3,0,0,1,0,0,0,0,0,721859914.0,5371575373.0,12.001003152,48.458158773,2,#fc8d62,car
9,1,74,126,2018,6,18,5,3,5,3,0,1,1,0,0,0,0,0,683155238.0,5344406.6148,11.466207055,48.226416839,1,#66c2a5,bicycle
9,1,82,127,2018,6,5,4,3,2,6,0,0,1,0,0,0,0,0,702602288.0,5311247.5766,11.712055293,47.922507005,2,#fc8d62,car
9,1,87,170,2018,6,17,4,3,2,3,0,0,0,0,1,0,1,0,735337.6844,5320960.6991,12.154929987,47.998589233,4,#e78ac3,marker
9,1,87,182,2018,6,17,4,3,0,6,0,0,0,0,1,0,0,0,740835753.0,5327968098.0,12.232454994,48.059488789,4,#e78ac3,marker
9,1,87,126,2018,6,19,4,1,5,3,0,1,1,0,0,0,0,0,741047.4717,5325738.7379,12.234036589,48.039383061,1,#66c2a5,bicycle
9,1,86,152,2018,6,11,5,3,2,6,0,0,1,0,0,0,0,0,691521.5757,5373812.3963,11.59212568,48.488229494,2,#fc8d62,car
9,1,87,177,2018,6,17,4,3,2,6,0,0,1,0,0,0,0,0,736202.1023,5305712.5958,12.158140714,47.861288029,2,#fc8d62,car
9,1,77,113,2018,6,7,5,3,2,6,0,0,1,0,0,0,0,0,720930.9775,5353014.0751,11.978703485,48.291723692,2,#fc8d62,car
9,1,87,129,2018,6,16,4,2,4,1,0,0,1,0,1,0,0,0,726156974.0,5299087.6107,12.02057022,47.805377101,2,#fc8d62,car
9,1,85,158,2018,6,22,4,3,9,1,2,1,0,0,0,0,0,0,667062.5715,5382134.1252,11.264711744,48.570013448,1,#66c2a5,bicycle
9,1,75,124,2018,6,9,5,3,6,4,0,0,1,1,0,0,0,0,712625.4815,5329405.4278,11.855055927,48.082428834,2,#fc8d62,car
9,1,75,115,2018,6,10,5,2,0,1,0,1,0,0,0,0,0,0,720842.9817,5330368.4746,11.965744955,48.088288786,1,#66c2a5,bicycle
9,1,79,142,2018,6,14,4,3,3,6,0,0,1,0,0,1,0,0,677080.9104,5342666.8368,11.383763721,48.21250266,2,#fc8d62,car
9,1,62,0,2018,6,0,4,3,9,1,2,0,1,0,0,0,0,0,693068.2479,5337690.2597,11.596494356,48.163113437,2,#fc8d62,car
9,1,88,126,2018,6,16,4,3,2,6,0,0,1,0,0,0,0,0,660184.6236,5328252.3443,11.151065788,48.087397796,2,#fc8d62,car