ULAND,UREGBEZ,UKREIS,UGEMEINDE,UJAHR,UMONAT,USTUNDE,UWOCHENTAG,UKATEGORIE,UART,UTYP1,ULICHTVERH,IstRad,IstPKW,IstFuss,IstKrad,IstGkfz,IstSonstig,STRZUSTAND,LINREFX,LINREFY,XGCSWGS84,YGCSWGS84,Teilnehmer,color,symbol
9,1,74,143,2018,6,17,4,3,5,3,0,0,1,0,0,0,0,0,674203.1833,5353058.6476,11.349338089,48.306713348,2,#fc8d62,car
9,1,62,0,2018,6,17,4,2,5,2,0,0,1,0,1,0,0,0,684284.8055,5335411.6895,11.477500092,48.145239172,2,#fc8d62,car
9,1,74,118,2018,6,16,4,2,5,6,0,1,0,0,0,0,0,0,670672.0984,5355883.0588,11.302900665,48.333065716,1,#66c2a5,bicycle
9,1,62,0,2018,6,11,4,3,3,6,0,0,1,0,0,1,1,0,687722.3839,5333467.0953,11.522811419,48.126755642,2,#fc8d62,car
9,1,62,0,2018,6,17,5,3,6,7,0,1,0,1,0,0,0,0,690138.1113,5339102.5512,11.557760768,48.176690082,1,#66c2a5,bicycle
9,1,84,147,2018,6,19,4,3,0,7,0,0,0,0,1,0,0,0,700847.8064,5341079.9726,11.702601782,48.191166592,4,#e78ac3,marker
9,1,84,147,2018,6,10,4,2,2,6,0,0,1,0,0,1,0,0,697871.4984,5342152.8803,11.663097914,48.201743136,2,#fc8d62,car
9,1,84,135,2018,6,18,4,2,2,6,0,0,1,0,0,0,0,0,688617.0573,5345502.7499,11.540165016,48.234668489,2,#fc8d62,car
9,1,62,0,2018,6,16,4,3,4,2,0,0,1,0,1,0,0,0,687106.1666,5331939.0664,11.513867733,48.113202637,2,#fc8d62,car
9,1,84,119,2018,6,18,4,3,2,6,0,0,1,0,0,1,0,0,696282.9284,5349456.2234,11.645124873,48.267873042,2,#fc8d62,car
9,1,62,0,2018,6,16,4,3,2,1,0,0,1,0,1,0,0,0,688730.7675,5337788.3894,11.538265005,48.165297819,2,#fc8d62,car
9,1,84,119,2018,6,16,4,3,2,1,0,0,1,0,1,0,0,0,697795685.0,5349848.0496,11.665671338,48.270923863,2,#fc8d62,car
9,1,84,114,2018,6,8,5,3,8,1,0,0,1,0,0,0,0,0,701925.3396,5320311.7817,11.707260416,48.004182428,2,#fc8d62,car
9,1,78,137,2018,6,17,4,3,5,3,0,0,1,0,0,0,0,0,691740.3747,5363398.9468,11.590317761,48.394574292,2,#fc8d62,car
9,1,84,135,2018,6,0,4,3,8,7,2,0,1,0,0,0,0,0,691884.7116,5345596.4292,11.584167886,48.234530218,2,#fc8d62,car
9,1,75,122,2018,6,17,4,3,5,2,0,0,1,0,0,0,1,0,719567.5304,5324636.1738,11.945697585,48.037223636,2,#fc8d62,car
9,1,62,0,2018,6,17,5,3,1,6,0,0,1,0,1,0,0,0,688674.6725,5337930.7754,11.537574513,48.166594248,2,#fc8d62,car
9,1,62,0,2018,6,18,3,3,4,2,0,0,1,0,0,0,0,0,686256541.0,5331794818.0,11.502400899,48.11215511,2,#fc8d62,car
9,1,62,0,2018,6,8,3,3,5,2,0,1,0,0,0,1,0,0,688066.9865,5334992.8983,11.528111429,48.140368169,1,#66c2a5,bicycle
9,1,62,0,2018,6,6,3,3,2,6,0,0,1,0,0,0,0,0,684659.3354,5342460.1013,11.485592624,48.208484821,2,#fc8d62,car
9,1,62,0,2018,6,22,4,3,5,2,2,0,1,0,0,0,1,0,692103.5741,5340040.2363,11.584596535,48.184526653,2,#fc8d62,car
9,1,62,0,2018,6,18,4,2,0,7,0,0,0,0,0,0,1,0,687827.7939,5343387.9397,11.528609487,48.215894697,6,#ffd92f,circle
9,7,72,171,2018,6,6,5,3,5,3,0,0,1,0,0,1,0,0,637512298.0,5371901102.0,10.860995011,48.485183245,2,#fc8d62,car
9,7,72,149,2018,6,7,3,3,2,2,0,0,1,0,0,1,0,0,637747.6673,5340317.7647,10.8538479,48.201137302,2,#fc8d62,car
9,1,62,0,2018,6,18,4,3,3,6,0,1,0,0,0,0,0,0,688649.3144,5340173.7055,11.538229322,48.186761395,1,#66c2a5,bicycle
9,1,84,135,2018,6,17,4,3,5,2,0,1,1,0,0,0,0,0,690238.4452,5347474.0825,11.562863717,48.251902142,1,#66c2a5,bicycle
9,1,62,0,2018,6,18,5,3,3,2,0,1,1,0,0,0,0,0,698717.1908,5333052.8532,11.67021631,48.119695834,1,#66c2a5,bicycle
9,1,84,135,2018,6,8,5,3,4,2,0,0,0,0,1,1,0,0,689760111.0,5348783332.0,11.557013461,48.263812823,4,#e78ac3,marker
9,7,71,156,2018,6,12,5,3,0,3,0,0,1,0,0,0,0,0,653564061.0,5383507.3395,11.082363673,48.585811936,2,#fc8d62,car
9,1,86,125,2018,6,4,1,1,9,1,1,0,1,0,0,0,0,0,673813.5952,5373626.4407,11.352602879,48.491704283,2,#fc8d62,car
9,1,79,145,2018,6,11,3,3,0,2,0,1,1,0,0,0,0,0,675901898.0,5338373474.0,11.366128109,48.174236647,1,#66c2a5,bicycle
9,1,88,118,2018,6,8,1,3,5,3,0,0,1,0,0,0,0,0,671832.0172,5313531.8489,11.301447361,47.952029174,2,#fc8d62,car
9,1,87,122,2018,6,17,2,3,0,7,0,1,0,0,0,0,1,0,717503.8172,5306963.0079,11.909111984,47.879125704,1,#66c2a5,bicycle
9,1,62,0,2018,6,11,7,3,2,6,0,0,1,0,0,0,0,0,687435617.0,5331724229.0,11.518195231,48.11117474,2,#fc8d62,car
9,1,62,0,2018,6,19,7,3,0,6,0,1,0,0,0,0,0,0,687322.4499,5332163.6799,11.516869362,48.115157958,1,#66c2a5,bicycle
9,1,62,0,2018,6,13,7,3,4,2,0,1,1,0,0,0,0,0,688506.9363,5334952.8407,11.534001781,48.139877938,1,#66c2a5,bicycle
9,1,62,0,2018,6,12,7,3,2,6,0,0,1,0,0,0,0,0,682649.1781,5337218.7328,11.456307565,48.161953795,2,#fc8d62,car
9,1,62,0,2018,6,11,7,3,3,5,0,0,1,0,1,0,0,0,686181.0241,5335221.3565,11.50288427,48.142976279,2,#fc8d62,car
9,1,84,148,2018,6,14,7,3,5,3,0,1,1,0,0,0,0,0,695139.5156,5325863.5425,11.618909974,48.05618746,1,#66c2a5,bicycle
9,1,62,0,2018,6,7,7,2,4,2,0,0,1,0,0,0,0,0,695145387.0,5337787.6327,11.624443364,48.163354437,2,#fc8d62,car
9,1,62,0,2018,6,23,7,3,5,7,2,0,1,0,0,0,0,0,689486.3757,5331870.2839,11.545783983,48.111880715,2,#fc8d62,car
9,7,61,0,2018,6,5,2,3,1,6,0,0,1,0,0,0,0,1,642049.3544,5364840.8753,10.919965246,48.420692946,2,#fc8d62,car
9,1,62,0,2018,6,20,1,3,3,2,0,1,1,0,0,0,0,0,697391.9759,5331306.7753,11.651620854,48.104415386,1,#66c2a5,bicycle
9,7,77,158,2018,6,20,7,3,0,1,0,0,0,0,1,0,0,0,619807.0598,5308077.4671,10.603472903,47.914822177,4,#e78ac3,marker
9,7,61,0,2018,6,6,7,3,4,7,0,0,1,0,0,1,0,0,641505.1611,5363871.3383,10.912287021,48.412097805,2,#fc8d62,car
9,1,81,130,2018,6,15,2,3,4,6,0,0,1,0,0,0,0,0,642401.7302,5321728.5926,10.910239373,48.032956968,2,#fc8d62,car
9,7,72,134,2018,6,13,7,3,0,7,0,1,0,0,0,0,0,0,633962.2993,5384588.1136,10.817057361,48.600029092,1,#66c2a5,bicycle
9,1,62,0,2018,6,8,3,3,2,6,0,0,1,0,0,0,1,0,692898.0345,5329636077.0,11.59056227,48.09077598,2,#fc8d62,car
9,7,71,129,2018,6,11,7,3,0,7,0,1,0,0,0,0,0,0,652673456.0,5356448853.0,11.060420556,48.342757469,1,#66c2a5,bicycle
9,2,61,0,2018,6,13,2,3,5,3,0,1,1,0,0,0,0,0,733723.3497,5381377.1258,12.166711455,48.541911124,1,#66c2a5,bicycle
9,1,79,142,2018,6,15,3,3,0,6,0,0,1,0,1,0,0,0,677673.9249,5342176.1275,11.391533832,48.207925935,2,#fc8d62,car
9,1,84,131,2018,6,7,3,3,2,6,0,0,1,0,0,0,0,0,703955.1974,5338264.7627,11.743014444,48.164877338,2,#fc8d62,car
9,1,87,177,2018,6,6,2,3,5,3,0,0,1,0,0,0,0,1,736087.1818,5304331.1439,12.155852671,47.848919643,2,#fc8d62,car
9,7,71,130,2018,6,16,2,3,4,6,0,0,1,0,0,0,0,0,648363038.0,5355800.7242,11.002058026,48.337957055,2,#fc8d62,car
9,2,74,146,2018,6,11,7,3,2,6,0,0,1,0,0,0,0,0,736910373.0,5377867773.0,12.207828887,48.509194211,2,#fc8d62,car
9,1,79,113,2018,6,17,2,3,0,1,0,0,0,0,1,0,0,0,671249.2097,5335860.4991,11.302584244,48.152916685,4,#e78ac3,marker
9,1,90,152,2018,6,16,7,3,1,5,0,1,1,0,0,0,0,0,672676.7472,5299279.9959,11.307051768,47.823677203,1,#66c2a5,bicycle
9,1,82,120,2018,6,8,3,3,0,1,0,1,0,0,0,0,0,0,701843.6609,5306427.2892,11.699656993,47.879424735,1,#66c2a5,bicycle
9,7,71,140,2018,6,14,1,2,0,1,0,0,0,0,1,0,0,0,654297.2236,5372839.2557,11.088348304,48.48972199,4,#e78ac3,marker
9,1,90,157,2018,6,12,2,3,9,7,0,0,1,0,0,0,0,0,660562.9121,5299891.7321,11.14555307,47.832315096,2,#fc8d62,car
9,1,87,181,2018,6,13,7,3,5,2,0,0,1,0,0,0,0,0,737478679.0,5314659.56,12.180105854,47.941192514,2,#fc8d62,car
9,1,87,165,2018,6,12,7,3,5,3,0,1,1,0,0,0,0,0,733593.0225,5299445.2402,12.119929528,47.805935331,1,#66c2a5,bicycle
9,1,87,169,2018,6,18,7,2,5,2,0,0,1,0,0,0,0,0,740629.8542,5298592.62,12.213291921,47.795684652,2,#fc8d62,car
9,1,87,130,2018,6,10,7,3,0,3,0,0,1,0,1,0,0,0,715903.9636,5306368.7094,11.887445188,47.874325256,2,#fc8d62,car
9,1,85,158,2018,6,3,7,2,8,7,2,0,1,0,0,0,0,0,661853.4116,5380572.5624,11.193543417,48.557342328,2,#fc8d62,car
9,1,62,0,2018,6,18,2,2,5,3,0,1,1,0,0,0,0,0,687749.1224,5335030.3395,11.523859316,48.140798571,1,#66c2a5,bicycle
9,1,79,123,2018,6,23,7,2,6,4,2,0,1,1,0,0,0,0,673681.6309,5331483.2791,11.33347768,48.112908038,2,#fc8d62,car
9,1,79,119,2018,6,0,7,2,0,1,2,1,0,0,0,0,0,0,669676.2483,5338817.4979,11.282631853,48.179921063,1,#66c2a5,bicycle
9,1,88,124,2018,6,15,3,2,1,5,0,1,1,0,0,0,0,0,662303.79,5318232.2641,11.175703587,47.996775038,1,#66c2a5,bicycle
9,1,84,131,2018,6,11,7,3,2,6,0,0,1,0,0,0,0,0,704064.6925,5338097.7971,11.744405199,48.163341751,2,#fc8d62,car
9,1,78,157,2018,6,0,7,3,8,1,2,0,1,0,0,0,0,0,706433.2307,5373621.6039,11.793610668,48.481795561,2,#fc8d62,car
9,1,87,179,2018,6,18,2,3,2,6,0,1,1,0,0,0,0,0,723388.6743,5309445.4199,11.988996933,47.899410382,1,#66c2a5,bicycle
9,1,75,121,2018,6,13,7,2,8,1,0,0,1,0,0,0,0,0,712653.8418,5320157.1072,11.850843556,47.999314382,2,#fc8d62,car
9,1,77,124,2018,6,16,7,3,8,1,0,0,0,0,1,0,0,0,728117713.0,5365528.7431,12.082233882,48.401602022,4,#e78ac3,marker
9,1,62,0,2018,6,16,6,3,2,6,0,0,1,0,0,0,1,0,680546.1837,5335077.1571,11.427143975,48.143304135,2,#fc8d62,car
9,1,62,0,2018,6,22,6,3,5,2,2,1,1,0,0,0,0,0,690888.6526,5339124.8208,11.56785664,48.176665234,1,#66c2a5,bicycle
9,1,84,122,2018,6,9,6,3,4,2,0,1,0,0,0,0,0,0,689610.84,5326967909.0,11.545277813,48.067780392,1,#66c2a5,bicycle
9,1,81,127,2018,6,14,2,3,2,6,0,0,1,0,0,0,0,0,633256.0161,5322393.9647,10.787825801,48.040914499,2,#fc8d62,car
9,1,84,136,2018,6,10,6,3,0,7,0,0,0,0,1,0,0,0,699396.3148,5327436.9146,11.676708836,48.069011975,4,#e78ac3,marker
9,1,82,123,2018,6,15,3,2,2,6,0,0,1,0,0,1,0,0,715732402.0,5301763169.0,11.882857065,47.832997489,2,#fc8d62,car
9,1,86,132,2018,6,12,2,3,4,6,0,0,1,0,0,0,0,0,679508.0833,5367177.7051,11.426841658,48.432140087,2,#fc8d62,car
9,1,62,0,2018,6,14,6,3,2,6,0,0,1,0,0,0,0,0,688261.9066,5331619.2036,11.529238878,48.109987054,2,#fc8d62,car
9,7,71,142,2018,6,11,2,3,0,1,0,1,0,0,0,0,0,0,646201.3066,5349645.1109,10.970771865,48.283113595,1,#66c2a5,bicycle
9,1,75,124,2018,6,9,2,3,5,3,0,0,1,0,0,0,0,0,715152279.0,5328622072.0,11.888546004,48.074542313,2,#fc8d62,car
9,7,77,112,2018,6,15,6,2,0,7,0,1,0,0,0,0,1,0,624609695.0,5297555.3364,10.664688996,47.819275143,1,#66c2a5,bicycle
9,7,62,0,2018,6,16,6,3,2,6,0,0,1,0,0,0,0,0,621415.9773,5304147.8122,10.623891636,47.879177288,2,#fc8d62,car
9,2,61,0,2018,6,20,1,3,0,1,0,1,0,0,0,0,0,0,731591.3564,5381556.1684,12.137969991,48.544309886,1,#66c2a5,bicycle
9,2,74,113,2018,6,8,2,3,5,3,0,0,1,0,0,0,0,0,726620.8864,5385081.3304,12.072643313,48.577792614,2,#fc8d62,car
9,7,72,149,2018,6,19,6,3,5,3,0,0,1,0,0,0,0,0,637748.4351,5340313.4884,10.85385684,48.201098682,2,#fc8d62,car
9,7,71,114,2018,6,10,6,3,8,1,0,0,0,0,0,0,1,0,647831.0909,5371371.1334,11.000369338,48.47807639,6,#ffd92f,circle
9,1,73,137,2018,6,16,1,3,0,1,0,1,0,0,0,0,0,0,674478292.0,5308300204.0,11.334741375,47.904282206,1,#66c2a5,bicycle
9,1,62,0,2018,6,12,3,3,8,1,0,0,0,0,1,0,0,0,695755.6955,5343881.6184,11.635450958,48.21793572,4,#e78ac3,marker
9,1,90,140,2018,6,14,1,2,2,2,0,0,1,0,1,0,0,0,644669.1896,5298238.5021,10.932749738,47.821220765,2,#fc8d62,car
9,7,72,200,2018,6,18,1,3,0,6,0,0,1,0,0,0,0,0,629880.7689,5337274539.0,10.747094889,48.175428724,2,#fc8d62,car
9,7,71,158,2018,6,14,2,3,0,7,0,1,0,0,0,0,0,0,639120.9765,5372369.5705,10.882909549,48.489041532,1,#66c2a5,bicycle
9,1,62,0,2018,6,12,1,3,5,3,0,1,1,0,0,0,0,0,692217.7774,5343191.1716,11.587558099,48.212811755,1,#66c2a5,bicycle
9,1,87,116,2018,6,22,1,3,3,6,2,0,1,0,0,0,0,0,741212.5054,5328875.8394,12.238015234,48.06750048,2,#fc8d62,car
9,1,81,128,2018,6,8,2,3,2,6,0,0,1,0,1,0,0,1,638510551.0,5327213494.0,10.859846418,48.083135002,2,#fc8d62,car
9,1,87,174,2018,6,17,1,2,5,3,0,0,1,0,1,0,0,0,740437589.0,5313790.2369,12.219179344,47.932280014,2,#fc8d62,car
9,2,74,182,2018,6,7,2,3,4,6,0,0,1,0,0,0,0,0,728722.6848,5374430.9073,12.095255275,48.481354339,2,#fc8d62,car
9,1,79,142,2018,6,14,3,2,9,1,0,0,1,0,0,0,0,0,675617.8278,5343879.8983,11.364588381,48.223813619,2,#fc8d62,car
9,1,83,144,2018,6,6,2,3,5,3,0,0,1,0,0,0,0,0,739772.3954,5350799.7861,12.231073916,48.264978648,2,#fc8d62,car
9,1,78,124,2018,6,13,3,3,8,1,0,0,1,0,0,0,0,0,696498.6767,5361068.3626,11.65343956,48.372164972,2,#fc8d62,car
9,2,74,126,2018,6,21,6,3,5,3,2,1,1,0,0,0,0,1,733297495.0,5383713011.0,12.162259283,48.563051931,1,#66c2a5,bicycle
9,1,73,147,2018,6,12,6,2,0,1,0,1,0,0,0,0,1,0,680906.7426,5309451.8204,11.421167254,47.912853904,1,#66c2a5,bicycle
9,1,84,146,2018,6,16,6,3,5,3,0,0,1,0,1,0,0,0,694908.7129,5329063.8626,11.617274884,48.085021457,2,#fc8d62,car
9,7,71,130,2018,6,6,2,3,4,2,0,0,1,0,1,0,0,0,647003.1469,5357681.4657,10.984375328,48.355185108,2,#fc8d62,car
9,1,87,169,2018,6,17,6,3,9,7,0,0,1,0,0,0,0,0,737341.8904,5299233.3902,12.169805921,47.802661149,2,#fc8d62,car
9,1,63,0,2018,6,8,6,3,3,6,0,0,1,0,1,0,0,0,733318478.0,5303172033.0,12.118274745,47.839516888,2,#fc8d62,car
9,1,82,133,2018,6,16,6,3,3,6,0,1,1,0,0,0,0,0,707486.3296,5305531.2563,11.77460709,47.869573848,1,#66c2a5,bicycle
9,1,78,123,2018,6,16,2,3,1,7,0,0,1,0,0,1,0,0,689538.8625,5358630.5784,11.558458091,48.352383526,2,#fc8d62,car
9,1,85,158,2018,6,15,6,3,5,3,0,0,1,0,1,0,0,0,666696187.0,5381227128.0,11.259385645,48.561957734,2,#fc8d62,car
9,1,79,123,2018,6,8,6,3,5,3,0,1,1,0,0,0,0,0,673678.0476,5331479.2513,11.333427938,48.112872807,1,#66c2a5,bicycle
9,1,88,120,2018,6,17,6,3,8,7,0,0,1,0,0,0,0,0,676395179.0,5323132.5088,11.366456513,48.037094047,2,#fc8d62,car
9,1,88,120,2018,6,11,6,3,5,3,0,1,1,0,0,0,0,0,678192.6105,5327266.0986,11.392270199,48.073752894,1,#66c2a5,bicycle
9,1,78,144,2018,6,19,6,3,8,7,0,0,1,0,0,0,0,0,707549.0517,5376902.1544,11.810322008,48.510905893,2,#fc8d62,car
9,1,78,115,2018,6,13,6,3,8,1,0,0,1,0,0,0,0,0,705987.6368,5374248.2011,11.787896804,48.487572148,2,#fc8d62,car
9,1,77,117,2018,6,15,6,3,9,1,0,0,1,0,0,0,0,0,716883.0076,5350380.4348,11.9228498,48.2694603,2,#fc8d62,car
9,1,77,112,2018,6,23,6,3,5,3,2,0,1,0,0,0,0,0,716050.5101,5365812.9824,11.91955935,48.408406101,2,#fc8d62,car
9,1,77,124,2018,6,7,6,3,5,3,0,0,1,0,0,0,0,0,724702042.0,5365199.6,12.035974503,48.399871423,2,#fc8d62,car
9,1,62,0,2018,6,11,5,3,2,6,0,0,1,0,0,0,0,0,695751.0479,5333907.0079,11.630795596,48.128291306,2,#fc8d62,car
9,1,84,141,2018,6,8,2,3,1,6,0,0,1,0,0,0,0,0,698058.3236,5316408812.0,11.653672592,47.970314,2,#fc8d62,car
9,1,62,0,2018,6,17,5,3,1,6,0,1,1,0,0,0,0,1,689640.1744,5340150.4999,11.551537053,48.186257804,1,#66c2a5,bicycle
9,1,84,135,2018,6,12,4,3,5,2,0,0,1,0,0,0,0,0,692026601.0,5345068543.0,11.585837518,48.229742817,2,#fc8d62,car
9,1,62,0,2018,6,12,4,3,6,4,0,0,1,1,0,0,0,0,694851.0671,5334120.2637,11.618810951,48.130484075,2,#fc8d62,car
9,7,78,116,2018,6,11,4,3,9,1,0,1,0,0,0,0,0,0,617409.3322,5322277.6477,10.575276167,48.042979628,1,#66c2a5,bicycle
9,1,87,159,2018,6,10,6,3,8,1,0,0,1,0,0,0,1,1,729113.1591,5330241.8906,12.076575962,48.084233207,2,#fc8d62,car
9,7,72,147,2018,6,9,4,3,3,6,0,0,1,0,0,1,0,0,638654.9457,5363573.3259,10.873692652,48.410051707,2,#fc8d62,car
9,7,72,160,2018,6,22,4,3,8,6,2,0,1,0,1,0,0,0,635817889.0,5340258.1203,10.827871115,48.201016746,2,#fc8d62,car
9,7,72,147,2018,6,7,4,2,8,1,0,0,0,0,1,0,0,0,635187.7211,5364498.2081,10.827161999,48.419121478,4,#e78ac3,marker
9,7,61,0,2018,6,18,4,3,5,3,0,1,0,0,0,0,0,0,640448537.0,5360313942.0,10.89682624,48.3803474,1,#66c2a5,bicycle
9,1,81,127,2018,6,22,6,2,0,6,2,0,0,1,1,0,0,0,636575662.0,5326617999.0,10.833689265,48.078197525,3,#8da0cb,toilet
9,7,71,113,2018,6,10,4,3,0,7,0,1,0,0,0,0,0,0,657501.5553,5369825.5341,11.130551407,48.461833203,1,#66c2a5,bicycle
9,7,72,215,2018,6,19,5,3,5,3,0,0,1,0,0,0,0,1,633817351.0,5345466.4915,10.802605635,48.248277233,2,#fc8d62,car
9,1,62,0,2018,6,16,6,3,2,6,0,0,1,0,0,0,0,0,694532.4883,5341662.4641,11.617983471,48.198367332,2,#fc8d62,car
9,1,62,0,2018,6,13,5,2,2,7,0,0,1,0,0,0,0,1,689201.4434,5331808.8498,11.541932525,48.11141324,2,#fc8d62,car
9,1,87,165,2018,6,15,6,3,2,6,0,0,1,0,0,0,0,0,733594.5965,5299473.1133,12.11996553,47.806185176,2,#fc8d62,car
9,7,61,0,2018,6,9,5,3,3,2,0,1,1,0,0,0,0,0,642861.6865,5360057.9732,10.929310948,48.377504047,1,#66c2a5,bicycle
9,1,78,124,2018,6,12,6,3,1,2,0,1,1,0,0,0,0,0,702641.1221,5362952.3807,11.737195968,48.387153286,1,#66c2a5,bicycle
9,1,74,115,2018,6,16,6,3,0,2,0,0,1,0,1,0,0,0,681067.5143,5348891.5953,11.440040224,48.267330039,2,#fc8d62,car
9,2,61,0,2018,6,19,6,3,0,1,0,1,0,0,0,0,0,1,732037.6211,5380850469.0,12.143614272,48.537805875,1,#66c2a5,bicycle
9,1,84,134,2018,6,5,5,3,8,1,1,0,1,0,0,0,0,0,692586.0215,5323450.1448,11.583590887,48.035271662,2,#fc8d62,car
9,1,82,133,2018,6,10,5,3,2,6,0,0,1,0,0,0,0,1,706808.5954,5306365.2725,11.765954187,47.877287615,2,#fc8d62,car
9,2,74,126,2018,6,7,5,3,8,1,0,0,1,0,0,0,0,1,734356283.0,5383864.3509,12.176673037,48.564016526,2,#fc8d62,car
9,2,61,0,2018,6,5,4,3,5,3,1,0,0,0,1,0,1,0,732362.0024,5382047.1338,12.148669381,48.54843519,4,#e78ac3,marker
9,1,85,158,2018,6,12,5,3,5,3,0,1,1,0,0,0,0,1,666445.4416,5381226.4181,11.255989527,48.562017972,1,#66c2a5,bicycle
9,1,90,157,2018,6,13,4,2,0,6,0,0,1,0,1,0,0,0,661610.9119,5300170731.0,11.159651051,47.834561086,2,#fc8d62,car
9,7,72,223,2018,6,1,5,2,9,1,2,0,1,0,0,0,0,0,624359.8929,5364353.2575,10.68084129,48.420048384,2,#fc8d62,car
9,1,82,123,2018,6,16,6,3,2,6,0,0,1,0,0,0,0,0,719588.4962,5300727.3174,11.933792229,47.822384822,2,#fc8d62,car
9,1,73,134,2018,6,9,4,3,5,3,0,0,1,0,0,0,0,0,685945.2037,5299908.0027,11.484428723,47.825624402,2,#fc8d62,car
9,1,81,115,2018,6,13,6,3,2,1,0,0,1,0,0,0,0,0,658432.9724,5327215.6569,11.127175855,48.078514892,2,#fc8d62,car
9,7,71,156,2018,6,5,5,3,8,1,0,0,1,0,0,0,0,0,651712023.0,5379026779.0,11.055632713,48.545980769,2,#fc8d62,car
9,1,82,120,2018,6,10,4,3,4,6,0,0,1,0,0,0,0,0,703235.7223,5305939.8891,11.718024928,47.874605275,2,#fc8d62,car
9,1,86,152,2018,6,19,4,3,8,1,0,0,0,0,1,0,0,0,695071.4701,5377606.0379,11.641891188,48.521230742,4,#e78ac3,marker
9,1,77,112,2018,6,20,6,3,8,1,0,0,1,0,0,0,0,1,715398.8602,5366353.6776,11.911042756,48.413487193,2,#fc8d62,car
9,1,81,130,2018,6,15,4,3,3,6,0,0,1,0,0,0,0,0,636451.11,5323029367.0,10.830872823,48.045953465,2,#fc8d62,car
9,1,90,158,2018,6,12,6,2,9,1,0,0,1,0,0,0,0,1,651834939.0,5299146.6731,11.028740377,47.827735631,2,#fc8d62,car
9,1,79,123,2018,6,17,5,3,2,6,0,0,1,0,0,0,0,1,678092.0824,5332239.9247,11.392996818,48.118491625,2,#fc8d62,car
9,1,88,113,2018,6,20,4,3,5,3,1,0,1,0,0,0,1,0,678797915.0,5311313.54,11.39374176,47.93018113,2,#fc8d62,car
9,1,88,139,2018,6,14,4,3,0,1,0,0,0,0,1,0,0,0,674347209.0,5319798.1151,11.337649125,48.007681465,4,#e78ac3,marker
9,1,88,141,2018,6,7,5,3,5,3,0,0,1,0,1,0,0,0,670403504.0,5308815858.0,11.280464481,47.910013365,2,#fc8d62,car
9,1,79,138,2018,6,16,4,2,9,6,0,0,1,0,0,0,0,0,654793.7193,5332738.9841,11.080351516,48.129069543,2,#fc8d62,car
9,1,62,0,2018,6,7,5,3,3,6,0,1,0,0,0,0,0,1,695023.6049,5333243.1329,11.620725996,48.122547965,1,#66c2a5,bicycle
9,1,84,121,2018,6,8,4,3,2,6,0,0,1,0,0,0,0,0,704115.4187,5329422.0859,11.740932286,48.085359719,2,#fc8d62,car
9,1,75,127,2018,6,7,4,3,0,3,0,0,1,0,0,0,0,0,713246.1664,5341109.2094,11.869237611,48.187388278,2,#fc8d62,car
9,1,75,139,2018,6,14,4,2,5,3,0,0,1,0,1,0,0,1,709692592.0,5329402664.0,11.81572246,48.083375287,2,#fc8d62,car
9,1,88,126,2018,6,11,5,2,4,1,0,0,1,0,0,0,0,1,660778654.0,5324316839.0,11.157556811,48.051865343,2,#fc8d62,car
9,1,78,144,2018,6,23,4,3,5,3,2,1,0,0,0,0,1,0,707040.7396,5379129.5937,11.804553362,48.531088481,1,#66c2a5,bicycle
9,1,79,121,2018,6,13,5,3,5,3,0,0,1,0,0,0,0,1,664923117.0,5336439304.0,11.217816536,48.159792272,2,#fc8d62,car
9,1,78,124,2018,6,11,4,3,5,2,0,0,1,0,1,0,0,0,702641.1648,5362952.6321,11.737196665,48.387155532,2,#fc8d62,car
9,1,78,124,2018,6,21,4,3,5,3,2,0,1,0,0,0,1,0,703785.5971,5364936.6649,11.753599358,48.40461574,2,#fc8d62,car
9,1,78,157,2018,6,19,4,3,5,3,0,0,1,0,0,0,0,0,706393686.0,5370532432.0,11.791552126,48.454049997,2,#fc8d62,car
9,1,74,115,2018,6,16,5,3,6,2,0,0,1,1,0,0,0,1,680893047.0,5348433298.0,11.437495339,48.263260425,2,#fc8d62,car
9,1,75,137,2018,6,9,4,2,2,2,0,0,1,0,0,0,0,0,726456.3907,5330109.0172,12.040882319,48.083988547,2,#fc8d62,car
9,1,77,137,2018,6,11,4,3,5,3,0,0,1,0,0,1,0,0,732511.1479,5342021.2736,12.128563667,48.188824169,2,#fc8d62,car
9,1,74,137,2018,6,17,5,3,5,3,0,0,1,0,0,0,0,1,660990.9868,5351707984.0,11.170779041,48.298071299,2,#fc8d62,car
9,1,62,0,2018,6,16,3,2,5,2,0,1,0,0,0,0,1,0,688439.2406,5340188.9566,11.53541247,48.186960823,1,#66c2a5,bicycle
9,1,82,125,2018,6,12,6,3,0,1,0,0,0,0,1,0,0,1,712726.1803,5297364.3463,11.840577595,47.794469199,4,#e78ac3,marker
9,1,74,118,2018,6,17,5,2,4,1,0,0,1,0,0,0,0,1,672289.0138,5355976.7014,11.324737619,48.333468774,2,#fc8d62,car
9,1,62,0,2018,6,12,3,3,1,5,0,0,1,0,0,1,0,0,699576.7093,5332987.7374,11.681722322,48.11884182,2,#fc8d62,car
9,7,62,0,2018,6,16,5,3,5,3,0,0,1,0,1,0,0,1,622718.8419,5304713.3829,10.641470311,47.884016128,2,#fc8d62,car