ULAND,UREGBEZ,UKREIS,UGEMEINDE,UJAHR,UMONAT,USTUNDE,UWOCHENTAG,UKATEGORIE,UART,UTYP1,ULICHTVERH,IstRad,IstPKW,IstFuss,IstKrad,IstGkfz,IstSonstig,STRZUSTAND,LINREFX,LINREFY,XGCSWGS84,YGCSWGS84,Teilnehmer,color,symbol
9,1,84,148,2018,6,12,3,3,5,3,0,0,1,0,0,0,1,0,694102.0167,5327619.6003,11.605798004,48.072286912,2,#fc8d62,car
9,1,62,0,2018,6,18,3,2,1,6,0,0,1,0,0,0,0,0,692182.4773,5339370.9846,11.585354308,48.178487736,2,#fc8d62,car
9,1,74,113,2018,6,17,5,3,5,3,0,0,1,0,0,0,0,1,678981.1079,5342767.0961,11.409362062,48.212870862,2,#fc8d62,car
9,1,84,122,2018,6,18,3,3,5,3,0,1,0,0,0,0,0,0,687981.6077,5323739.0659,11.522011066,48.039240548,1,#66c2a5,bicycle
9,1,74,118,2018,6,19,6,3,2,6,1,0,1,0,0,0,0,0,670739.9258,5355798.9149,11.303781008,48.332290994,2,#fc8d62,car
9,1,78,124,2018,6,20,5,3,3,1,1,0,1,0,0,0,0,1,703495.3908,5361488.4478,11.748012613,48.373723073,2,#fc8d62,car
9,1,62,0,2018,6,16,3,3,1,6,0,0,1,0,0,0,0,0,692144.5359,5342440.0611,11.586233037,48.206083191,2,#fc8d62,car
9,1,62,0,2018,6,15,3,3,2,6,0,0,1,0,0,0,0,0,689151.5852,5339028.2991,11.544470471,48.176317108,2,#fc8d62,car
9,1,86,152,2018,6,15,5,3,2,6,0,0,1,0,0,0,0,1,691663.9581,5374239064.0,11.594246404,48.492020639,2,#fc8d62,car
9,1,84,132,2018,6,22,3,3,5,2,2,0,1,0,1,0,0,0,682806.4693,5324869233.0,11.453129521,48.050902074,2,#fc8d62,car
9,7,72,186,2018,6,13,5,3,5,3,0,0,1,0,0,0,0,1,638755.3146,5343004.9058,10.868280752,48.225080818,2,#fc8d62,car
9,1,77,133,2018,6,6,5,3,3,7,0,0,1,0,0,1,0,1,709268.0396,5360134.7998,11.825196185,48.359672142,2,#fc8d62,car
9,7,77,121,2018,6,15,3,3,5,2,0,0,1,0,1,0,0,0,630007.5369,5321775.1305,10.744075955,48.036019159,2,#fc8d62,car
9,1,77,116,2018,6,18,6,3,4,7,0,0,1,0,0,0,0,0,711694.3746,5363547435.0,11.859628493,48.389527277,2,#fc8d62,car
9,7,61,0,2018,6,19,3,3,4,2,0,0,1,0,0,0,0,0,636726.8413,5360461.9006,10.846638576,48.382495377,2,#fc8d62,car
9,7,61,0,2018,6,6,3,3,5,2,0,1,1,0,0,0,0,0,641447347.0,5354480561.0,10.908347472,48.327672661,1,#66c2a5,bicycle
9,1,78,133,2018,6,17,5,3,4,6,0,0,1,0,0,1,0,1,686543.6666,5368883436.0,11.522623843,48.445426376,2,#fc8d62,car
9,1,62,0,2018,6,10,5,3,3,6,0,0,1,0,1,0,0,1,681935.8793,5335412.7349,11.445951933,48.145924673,2,#fc8d62,car
9,1,87,176,2018,6,13,5,3,2,2,0,0,1,0,0,0,0,1,737778.3963,5331934.8277,12.193692993,48.096268692,2,#fc8d62,car
9,1,77,117,2018,6,12,5,2,2,2,0,0,1,0,0,0,0,1,716727.91,5350690849.0,11.920921515,48.27230247,2,#fc8d62,car
9,1,62,0,2018,6,18,4,3,5,2,0,1,1,0,0,0,0,0,682605.8462,5342132677.0,11.457837434,48.206135805,1,#66c2a5,bicycle
9,7,71,130,2018,6,16,5,3,8,1,0,0,1,0,0,0,0,1,648564569.0,5362726.0194,11.007222285,48.400175628,2,#fc8d62,car
9,7,78,116,2018,6,14,5,3,2,6,0,0,1,0,0,0,0,0,618359.8072,5322260.2613,10.588018788,48.042647734,2,#fc8d62,car
9,7,61,0,2018,6,21,5,3,2,6,1,0,1,0,0,0,0,1,640864.5455,5360464.0263,10.902491727,48.381604155,2,#fc8d62,car
9,1,62,0,2018,6,9,6,3,8,1,0,0,1,0,0,0,0,1,698884.7779,5335130.6375,11.673435381,48.13831694,2,#fc8d62,car
9,2,61,0,2018,6,7,3,3,3,2,0,1,1,0,0,0,0,0,732908.6863,5381263.3752,12.155627495,48.541192234,1,#66c2a5,bicycle
9,7,78,216,2018,6,19,5,3,9,7,0,0,1,0,0,0,0,1,624989635.0,5320800.3651,10.676505854,48.028254822,2,#fc8d62,car
9,1,63,0,2018,6,14,5,3,0,1,0,0,0,0,1,0,0,1,734128714.0,5304658.7379,12.129891015,47.85257897,4,#e78ac3,marker
9,1,73,137,2018,6,13,3,3,5,2,0,0,1,0,0,0,1,0,679039401.0,5308236969.0,11.395694073,47.902457069,2,#fc8d62,car
9,1,84,135,2018,6,10,4,3,2,6,0,0,1,0,0,1,0,0,689888.3522,5347323052.0,11.558084454,48.250649691,2,#fc8d62,car
9,7,72,223,2018,6,22,7,2,0,1,2,0,1,0,0,0,0,0,622146.2198,5363434.0105,10.650666751,48.412214868,2,#fc8d62,car
9,7,72,216,2018,6,18,7,2,5,3,0,1,1,0,0,0,0,0,622670.36,5368415692.0,10.659205244,48.456911976,1,#66c2a5,bicycle
9,7,71,130,2018,6,10,7,3,8,1,0,0,1,0,0,0,0,0,645316.9013,5365021479.0,10.964165898,48.421571602,2,#fc8d62,car
9,7,61,0,2018,6,21,7,3,9,1,2,0,1,0,0,0,0,0,640555652.0,5360226.87,10.898242936,48.379540625,2,#fc8d62,car
9,1,84,129,2018,7,14,2,1,8,7,0,0,1,0,0,0,0,0,701602.8343,5325983666.0,11.705610256,48.055258037,2,#fc8d62,car
9,2,74,126,2018,7,12,2,3,5,3,0,1,1,0,0,0,0,0,733397701.0,5382639.57,12.163013594,48.553372367,1,#66c2a5,bicycle
9,1,81,114,2018,7,13,2,3,0,6,0,0,1,0,0,0,0,0,657046.1728,5312729.6485,11.103263666,47.948613105,2,#fc8d62,car
9,7,72,159,2018,7,9,2,2,5,2,0,1,1,0,0,0,0,0,625945.4865,5360801.1069,10.70119643,48.387790407,1,#66c2a5,bicycle
9,1,74,146,2018,7,19,2,2,2,6,1,0,1,0,0,1,0,0,666773.1708,5350968.0492,11.248391652,48.289921903,2,#fc8d62,car
9,7,72,171,2018,7,17,2,3,2,2,0,0,1,0,1,0,0,0,637333203.0,5372385.3738,10.858731768,48.489576816,2,#fc8d62,car
9,1,62,0,2018,6,0,7,3,0,1,2,1,0,0,0,0,0,0,694825206.0,5332059.8629,11.617522181,48.111973946,1,#66c2a5,bicycle
9,1,88,145,2018,7,14,3,2,8,1,0,0,0,0,1,0,0,0,663715957.0,5328698.6463,11.198622182,48.090513037,4,#e78ac3,marker
9,1,73,120,2018,7,18,1,2,3,6,0,0,1,0,1,0,0,0,692665558.0,5313972.2074,11.580403336,47.95005951,2,#fc8d62,car
9,1,62,0,2018,7,16,2,3,2,6,0,0,1,0,0,0,0,0,684652.8567,5342479417.0,11.48551391,48.208660323,2,#fc8d62,car
9,1,77,137,2018,7,18,3,3,2,6,0,0,1,0,1,0,0,0,735245.8075,5344582.4106,12.166721113,48.210824485,2,#fc8d62,car
9,1,82,137,2018,7,12,2,3,2,6,0,0,1,0,0,0,0,0,713316.7749,5304573.0678,11.852003321,47.859053701,2,#fc8d62,car
9,1,62,0,2018,7,23,2,3,2,6,2,0,1,0,1,0,0,0,692203.6379,5342909.1335,11.587240179,48.210281171,2,#fc8d62,car
9,1,79,126,2018,7,15,2,3,6,7,0,0,1,1,0,0,0,0,676108794.0,5340498.3145,11.369789464,48.193279956,2,#fc8d62,car
9,1,84,148,2018,6,2,7,3,4,6,2,0,1,0,0,0,0,0,696633856.0,5326469905.0,11.639221831,48.061178486,2,#fc8d62,car
9,2,74,113,2018,7,12,2,3,0,2,0,0,1,0,0,0,0,0,728396358.0,5383928.99,12.096046908,48.566796475,2,#fc8d62,car
9,1,74,115,2018,7,18,2,3,5,2,0,0,1,0,1,0,0,0,680966308.0,5348617405.0,11.438560351,48.26489437,2,#fc8d62,car
9,7,71,130,2018,7,22,2,3,7,7,2,0,1,0,0,0,0,0,650826.0468,5353852.6456,11.034575912,48.319858773,2,#fc8d62,car
9,1,62,0,2018,6,14,7,3,5,3,0,1,1,0,0,0,0,0,694904.2029,5332748.2167,11.618896962,48.118136425,1,#66c2a5,bicycle
9,1,77,130,2018,7,13,3,3,4,6,0,0,1,0,0,0,0,0,705883.6268,5350725.4159,11.774968709,48.276230956,2,#fc8d62,car
9,1,90,157,2018,7,9,1,2,0,7,0,1,0,0,0,0,0,0,660300.6316,5300929.8091,11.142435206,47.841714028,1,#66c2a5,bicycle
9,1,77,123,2018,7,15,2,3,5,3,0,0,1,0,1,0,0,0,727103.6098,5344473.1451,12.057222693,48.21280804,2,#fc8d62,car
9,7,77,158,2018,6,10,7,3,5,3,0,0,1,0,0,0,0,0,621727.3073,5310209.4576,10.62976479,47.933634917,2,#fc8d62,car
9,1,62,0,2018,7,9,2,3,3,2,0,1,1,0,0,0,0,0,688497074.0,5340184.9145,11.536188023,48.186907334,1,#66c2a5,bicycle
9,2,74,113,2018,6,23,7,3,8,1,2,0,1,0,0,0,0,0,728802457.0,5383777887.0,12.101460342,48.565291035,2,#fc8d62,car
9,1,73,147,2018,6,20,7,2,8,1,0,1,0,0,0,0,0,0,681056394.0,5309132.6406,11.423034243,47.90994248,1,#66c2a5,bicycle
9,1,73,147,2018,6,14,7,3,0,1,0,0,0,0,1,0,0,0,680725.3038,5309711031.0,11.418849862,47.915235178,4,#e78ac3,marker
9,1,73,147,2018,6,14,7,3,5,3,0,0,1,0,0,0,0,0,681429.8573,5308019.0189,11.427559182,47.899826326,2,#fc8d62,car
9,1,62,0,2018,7,8,2,3,2,6,0,0,1,0,1,0,0,0,688686.3147,5336082.5582,11.536911273,48.14997882,2,#fc8d62,car
9,1,90,157,2018,6,17,7,3,2,6,0,0,1,0,0,0,0,0,660454.4326,5300050.1703,11.144163251,47.833766711,2,#fc8d62,car
9,7,77,177,2018,7,1,1,2,2,7,2,0,0,0,1,0,0,0,633303343.0,5313683.3663,10.785754034,47.962571928,4,#e78ac3,marker
9,1,73,118,2018,6,19,7,3,2,1,0,0,1,0,0,0,0,0,688182.0912,5303408623.0,11.515808221,47.856440191,2,#fc8d62,car
9,1,79,121,2018,7,17,2,3,0,1,0,1,0,0,0,0,0,0,665803.5958,5339529.1599,11.230852773,48.187341361,1,#66c2a5,bicycle
9,7,61,0,2018,7,9,2,3,0,3,0,1,1,0,0,0,0,0,641934.4467,5358837.7011,10.916384202,48.366741157,1,#66c2a5,bicycle
9,1,78,120,2018,7,4,2,3,1,6,1,0,1,0,0,0,0,0,696047.6508,5350338.3978,11.642366771,48.275874161,2,#fc8d62,car
9,7,71,113,2018,7,8,2,3,5,3,0,0,1,0,0,1,0,0,657321.3865,5372189578.0,11.129005342,48.483131577,2,#fc8d62,car
9,1,77,115,2018,7,7,3,3,4,6,0,0,1,0,1,0,0,0,731608.4003,5354092.0356,12.123035976,48.297591046,2,#fc8d62,car
9,1,82,136,2018,6,15,7,3,2,6,0,0,1,0,0,0,0,0,703778.0836,5300876.1316,11.722884737,47.828924215,2,#fc8d62,car
9,1,84,127,2018,7,6,2,3,4,2,0,1,1,0,0,0,0,0,702476.2297,5322014.9481,11.715441812,48.019314654,1,#66c2a5,bicycle
9,1,84,135,2018,6,15,7,3,5,3,0,0,1,0,0,0,0,0,686622.4828,5347511.1918,11.514215558,48.25331071,2,#fc8d62,car
9,1,79,118,2018,7,8,3,2,5,6,0,1,0,0,0,0,0,0,673277.6148,5338780.9182,11.331024462,48.178620309,1,#66c2a5,bicycle
9,1,87,179,2018,6,14,7,3,5,3,0,0,1,0,1,0,0,0,723318.2717,5308889.6483,11.987768687,47.894441221,2,#fc8d62,car
9,1,84,148,2018,7,17,1,3,5,3,0,0,1,0,1,0,0,0,695630049.0,5326298315.0,11.625684943,48.059944855,2,#fc8d62,car
9,1,62,0,2018,7,17,2,3,2,6,0,0,1,0,1,0,0,0,694352.3959,5331807.6314,11.611061793,48.109851424,2,#fc8d62,car
9,1,88,139,2018,6,12,7,3,2,6,0,0,1,0,0,0,1,0,674395.3137,5318555.8541,11.337788646,47.996500809,2,#fc8d62,car
9,1,81,127,2018,6,11,7,3,9,1,0,0,1,0,0,0,0,0,636825.4171,5328436.4912,10.837623345,48.094496622,2,#fc8d62,car
9,1,81,132,2018,6,10,7,2,0,1,0,1,0,0,0,0,0,0,642038.6067,5329931.0252,10.908096626,48.106794843,1,#66c2a5,bicycle
9,1,79,121,2018,6,22,7,2,4,6,2,1,0,0,0,0,0,0,666605.0988,5339452.7812,11.241598326,48.186445001,1,#66c2a5,bicycle
9,1,74,143,2018,6,22,7,3,5,3,1,0,1,0,0,0,0,0,675958.6806,5352040.6159,11.37256772,48.297076403,2,#fc8d62,car
9,1,74,126,2018,6,16,7,3,4,2,0,0,1,0,0,0,0,0,683682.7196,5343947.0042,11.473103653,48.222133143,2,#fc8d62,car
9,1,74,151,2018,6,17,7,3,9,1,0,0,0,0,1,0,0,0,679156.7313,5360293.1282,11.419158183,48.370357986,4,#e78ac3,marker
9,1,62,0,2018,7,18,2,3,1,6,0,0,1,0,0,0,0,0,694643.7277,5332055013.0,11.615084399,48.111985842,2,#fc8d62,car
9,7,77,130,2018,7,21,2,3,0,1,1,1,0,0,0,0,0,0,624581.7543,5308947.8449,10.667600555,47.921740023,1,#66c2a5,bicycle
9,1,74,126,2018,6,18,7,3,0,3,0,1,1,0,0,0,0,0,683682.7196,5343947.0042,11.473103653,48.222133143,1,#66c2a5,bicycle
9,1,87,132,2018,7,20,1,3,2,6,0,0,1,0,0,0,1,0,742647846.0,5298952.7511,12.240396534,47.798162694,2,#fc8d62,car
9,1,74,115,2018,6,12,7,3,1,5,0,1,1,0,0,0,0,0,680966.9934,5347577.5057,11.438124786,48.255546913,1,#66c2a5,bicycle
9,2,61,0,2018,7,18,2,3,2,6,0,0,1,0,0,0,1,0,727754.9618,5380484.0567,12.085481635,48.53608309,2,#fc8d62,car
9,1,74,131,2018,6,10,7,3,8,1,0,1,0,0,0,0,0,0,673817.3164,5363408.9551,11.348412703,48.399859228,1,#66c2a5,bicycle
9,1,74,143,2018,6,9,7,3,3,6,0,1,1,0,0,0,0,0,674798.4126,5352664281.0,11.357195088,48.303004156,1,#66c2a5,bicycle
9,1,75,135,2018,6,22,7,3,0,7,2,1,0,0,0,0,0,0,708977.8583,5339467.9658,11.81107271,48.174058389,1,#66c2a5,bicycle
9,1,75,135,2018,6,10,7,3,5,3,0,0,1,0,0,0,0,0,708987.7463,5339468.2753,11.811205704,48.174057919,2,#fc8d62,car
9,1,78,145,2018,6,7,7,3,4,5,0,0,1,0,0,0,0,0,696825223.0,5354192.7201,11.654631566,48.310272024,2,#fc8d62,car
9,1,74,135,2018,7,22,2,3,2,1,2,0,1,0,0,1,1,0,662619.3822,5353835696.0,11.193539413,48.316783248,2,#fc8d62,car
9,1,62,0,2018,6,12,6,3,2,6,0,0,1,0,0,0,0,0,692997.0481,5338899.2367,11.596086555,48.17400095,2,#fc8d62,car
9,1,84,135,2018,6,7,6,2,1,6,0,0,1,0,0,0,1,1,686957.8067,5347490.8402,11.51871959,48.253028961,2,#fc8d62,car
9,1,90,148,2018,7,19,2,3,4,6,1,1,0,0,0,0,0,0,642962.7579,5296842.2171,10.909504773,47.809046182,1,#66c2a5,bicycle
9,1,62,0,2018,6,12,6,3,5,3,0,1,1,0,0,0,0,0,692054.9655,5340584.6677,11.584189378,48.189434553,1,#66c2a5,bicycle
9,1,62,0,2018,6,23,6,3,5,7,2,0,1,0,0,0,1,0,690159565.0,5339068847.0,11.558033988,48.176380732,2,#fc8d62,car
9,1,77,116,2018,7,9,2,2,0,7,0,0,0,0,0,0,1,0,712280512.0,5361439.7718,11.866471587,48.370392292,6,#ffd92f,circle
9,1,62,0,2018,6,7,6,3,2,6,0,1,1,0,0,0,1,1,685487.2086,5335314.5993,11.49360691,48.144017042,1,#66c2a5,bicycle
9,1,88,113,2018,7,14,1,3,2,6,0,0,1,0,0,0,1,0,676142.2082,5314763365.0,11.359630554,47.961929143,2,#fc8d62,car
9,1,74,135,2018,7,4,2,3,5,3,1,0,1,0,0,0,0,0,663043707.0,5352962.1939,11.198921068,48.308821144,2,#fc8d62,car
9,1,62,0,2018,6,12,6,3,2,6,0,0,1,0,0,1,0,0,692465.0858,5339229.2371,11.589087912,48.177128217,2,#fc8d62,car
9,1,81,141,2018,7,16,1,3,8,1,0,0,0,0,1,0,0,0,643797.5583,5317840.2702,10.927648543,47.997680153,4,#e78ac3,marker
9,7,72,121,2018,7,13,2,3,5,3,0,0,1,0,0,0,0,0,632349011.0,5376053975.0,10.792471696,48.523634188,2,#fc8d62,car
9,1,62,0,2018,6,23,6,2,0,1,2,1,0,0,0,0,0,0,682707.4822,5337703.4533,11.45729913,48.166294024,1,#66c2a5,bicycle
9,1,62,0,2018,6,10,7,3,2,6,0,0,1,0,0,0,0,0,693977.9193,5331675.8811,11.605976315,48.108781441,2,#fc8d62,car
9,1,74,113,2018,7,19,3,3,0,1,0,1,1,0,0,0,0,0,678110.4507,5346979.6986,11.399423038,48.250982587,1,#66c2a5,bicycle
9,1,88,132,2018,7,16,1,3,5,3,0,0,1,0,1,0,0,0,664118953.0,5321951.4365,11.201441064,48.029749036,2,#fc8d62,car
9,7,73,139,2018,6,14,7,3,1,6,0,0,1,0,0,0,0,0,617221.9172,5384584.0647,10.590088258,48.603351128,2,#fc8d62,car
9,7,62,0,2018,6,10,6,3,0,1,0,1,0,0,0,0,0,0,622269.9322,5304077198.0,10.635288167,47.878380136,1,#66c2a5,bicycle
9,1,62,0,2018,7,8,2,3,2,6,0,0,1,0,1,1,0,0,688462.0915,5334171.8161,11.533054015,48.132871241,2,#fc8d62,car
9,1,82,123,2018,7,13,2,3,2,6,0,0,1,0,0,0,0,0,716167.6692,5301462.8297,11.888516062,47.830152501,2,#fc8d62,car
9,7,62,0,2018,6,19,6,3,6,4,0,0,1,1,0,0,0,0,620565.7696,5304053.9368,10.612498907,47.87849322,2,#fc8d62,car
9,1,88,121,2018,7,18,1,3,1,6,0,0,1,0,1,0,0,0,670616.2176,5331796.3443,11.292452449,48.11655104,2,#fc8d62,car
9,2,74,134,2018,7,17,1,2,8,1,0,0,1,0,0,0,0,0,738242.2488,5372569.5368,12.222813438,48.461100934,2,#fc8d62,car
9,7,72,147,2018,6,9,6,3,5,3,0,0,1,0,0,0,0,1,638495.8186,5365288.8228,10.87210998,48.425511969,2,#fc8d62,car
9,7,72,215,2018,6,23,6,3,0,1,2,1,0,0,0,0,0,0,632749.7655,5347091.5237,10.788741689,48.26311467,1,#66c2a5,bicycle
9,1,84,112,2018,7,13,1,3,2,6,0,0,1,0,0,0,0,0,701863.5188,5340599642.0,11.716025011,48.186527991,2,#fc8d62,car
9,1,84,136,2018,7,19,2,3,1,3,0,0,1,0,1,0,0,0,699097.2359,5327350.7521,11.672658389,48.068331026,2,#fc8d62,car
9,7,72,209,2018,6,6,6,3,5,3,0,0,1,0,1,0,0,1,634814107.0,5335758099.0,10.812941147,48.160764753,2,#fc8d62,car
9,1,78,124,2018,7,7,1,3,4,6,0,0,1,0,0,0,0,0,703209.3606,5360637.4426,11.743743492,48.366167861,2,#fc8d62,car
9,1,62,0,2018,7,22,2,3,2,7,2,0,1,0,1,0,0,0,692077.4918,5340449.5602,11.584431063,48.188213433,2,#fc8d62,car
9,1,82,120,2018,7,10,2,3,0,1,0,1,0,0,0,0,0,0,702004082.0,5306434.0053,11.701803298,47.879434649,1,#66c2a5,bicycle
9,7,61,0,2018,6,22,6,3,4,1,2,1,0,0,0,0,0,0,637441.3072,5351983.3769,10.853515701,48.30610187,1,#66c2a5,bicycle
9,7,61,0,2018,6,17,6,3,5,2,0,1,1,0,0,0,0,0,641570294.0,5353325.31,10.909617349,48.317257493,1,#66c2a5,bicycle
9,1,79,138,2018,7,16,2,3,9,1,0,0,1,0,0,0,0,0,654720.3825,5339056.5465,11.081664107,48.185888583,2,#fc8d62,car
9,1,62,0,2018,6,19,7,3,1,7,0,0,1,0,1,0,0,0,688627.8934,5331724.7296,11.534197475,48.110827267,2,#fc8d62,car
9,1,88,139,2018,7,16,3,3,5,3,0,1,0,0,1,0,0,0,676209.0171,5319000.6157,11.362262866,48.000001807,1,#66c2a5,bicycle
9,2,74,126,2018,7,14,2,3,2,6,0,0,1,0,0,0,1,0,734776.2324,5384418.5867,12.182668948,48.568837802,2,#fc8d62,car
9,1,62,0,2018,7,11,2,3,2,6,0,0,1,0,0,0,0,0,701415.3734,5335647369.0,11.707657203,48.142164837,2,#fc8d62,car
9,7,61,0,2018,7,19,2,3,4,1,0,1,1,0,0,0,0,0,640740.5156,5352362415.0,10.89810975,48.308784624,1,#66c2a5,bicycle
9,1,77,119,2018,7,17,3,3,4,6,0,0,1,0,0,0,0,0,721334.6867,5340188.8468,11.977439963,48.176352723,2,#fc8d62,car
9,1,84,121,2018,7,16,1,2,5,3,0,0,1,0,1,0,0,0,705953.3936,5325479.3247,11.763684559,48.049336631,2,#fc8d62,car
9,1,62,0,2018,7,18,2,3,4,3,0,1,1,0,0,0,0,0,688702.5881,5342026503.0,11.539768789,48.203398579,1,#66c2a5,bicycle
9,1,63,0,2018,7,10,2,3,0,1,0,0,0,0,1,0,0,1,734969.5577,5303688.6995,12.140587513,47.843557442,4,#e78ac3,marker
9,2,74,134,2018,7,14,6,2,8,1,0,0,1,0,0,0,1,0,738170.4042,5372537.5079,12.221824937,48.460840437,2,#fc8d62,car
9,1,74,135,2018,7,10,6,3,3,1,0,0,1,0,0,1,0,1,662658.3887,5353803646.0,11.194052803,48.316485083,2,#fc8d62,car
9,1,79,145,2018,7,15,5,3,1,7,0,0,1,0,0,0,1,0,676187.6392,5338886181.0,11.370180857,48.178766321,2,#fc8d62,car
9,1,73,147,2018,7,14,6,3,5,3,0,0,1,0,0,0,0,0,680814742.0,5309383.35,11.419908386,47.912264348,2,#fc8d62,car
9,1,73,120,2018,7,17,5,3,4,6,0,0,1,0,0,0,0,1,691374.6212,5312300.3095,11.562388298,47.935419048,2,#fc8d62,car
9,7,72,223,2018,7,14,4,3,3,1,0,0,1,0,0,0,0,1,619550.9877,5363153.6363,10.615529922,48.410191168,2,#fc8d62,car
9,1,79,142,2018,7,22,6,3,2,6,2,0,1,0,0,0,0,0,670860.7178,5341473.8619,11.299621864,48.203483391,2,#fc8d62,car
9,1,78,145,2018,7,17,5,3,5,2,0,0,1,0,1,0,0,0,695963.3605,5356492.2576,11.64408885,48.331205782,2,#fc8d62,car
9,7,71,160,2018,7,19,5,2,4,6,0,0,1,0,0,0,0,0,656331.2589,5351301.9069,11.107842433,48.295588867,2,#fc8d62,car
9,2,74,126,2018,7,10,4,3,0,2,0,1,0,0,0,1,0,0,733259.3378,5382696772.0,12.161173507,48.553937657,1,#66c2a5,bicycle
9,2,61,0,2018,7,8,4,3,1,6,0,0,1,0,1,0,0,0,736103.8234,5383033.9569,12.199851426,48.555902148,2,#fc8d62,car
9,1,77,113,2018,7,8,6,3,2,7,0,0,0,0,1,0,1,1,720768429.0,5353070996.0,11.976544747,48.292291814,4,#e78ac3,marker
9,1,74,113,2018,7,14,6,3,5,3,0,0,1,0,0,0,0,1,678979.6024,5342756951.0,11.409337534,48.212780093,2,#fc8d62,car
9,1,84,135,2018,7,21,4,3,5,3,2,0,1,0,1,0,0,0,686622.9841,5347511.1619,11.514222291,48.253310294,2,#fc8d62,car
9,1,62,0,2018,7,17,5,3,6,4,0,0,1,1,0,0,0,0,686090986.0,5328989209.0,11.498955593,48.086985402,2,#fc8d62,car
9,1,87,134,2018,7,12,4,3,2,6,0,0,1,0,0,0,0,0,737046.8218,5317723.1922,12.176019862,47.968874322,2,#fc8d62,car
9,1,82,120,2018,7,11,4,3,0,6,0,1,0,0,0,0,1,0,701746.7646,5305869.5832,11.698102063,47.874442863,1,#66c2a5,bicycle
9,7,61,0,2018,7,7,4,3,5,3,0,1,1,0,0,0,0,0,636839066.0,5360335.2154,10.848112217,48.381331903,1,#66c2a5,bicycle
9,1,74,126,2018,7,14,4,3,5,3,0,1,1,0,0,0,0,1,683480.4691,5344121.9661,11.470458902,48.223764302,1,#66c2a5,bicycle
9,1,62,0,2018,7,17,4,3,2,6,0,0,1,0,0,0,0,0,695135.2478,5343687.2534,11.627017596,48.216379981,2,#fc8d62,car
9,7,61,0,2018,7,13,4,3,0,2,0,1,1,0,0,0,0,0,642764.4939,5359810.2306,10.927915023,48.375298469,1,#66c2a5,bicycle
9,1,62,0,2018,7,6,6,3,0,1,0,0,0,0,1,0,0,1,678083003.0,5335118778.0,11.394078196,48.144372524,4,#e78ac3,marker
9,1,62,0,2018,7,18,4,3,2,6,0,0,1,0,0,0,0,0,694679.0748,5342151.4612,11.62017833,48.202717248,2,#fc8d62,car
9,1,75,132,2018,7,12,5,3,3,6,0,0,1,0,0,1,0,0,706476.9916,5336076.7818,11.7758277,48.144401362,2,#fc8d62,car
9,1,78,113,2018,7,14,4,3,2,6,0,0,1,0,0,0,0,0,691510.4571,5367812.2627,11.589229497,48.434308147,2,#fc8d62,car
9,1,62,0,2018,7,9,4,3,2,6,0,0,1,0,0,0,0,0,689275.0978,5344620.2468,11.548623814,48.22654058,2,#fc8d62,car
9,1,73,118,2018,7,17,6,2,4,1,0,0,1,0,0,0,0,1,685541137.0,5306853.78,11.482015014,47.888176456,2,#fc8d62,car
9,1,82,125,2018,7,14,6,2,5,3,0,0,1,0,1,0,0,1,712669.1242,5297466.6106,11.839866794,47.795407034,2,#fc8d62,car
9,1,77,112,2018,7,20,4,3,9,6,0,0,1,0,1,0,0,0,717157.1303,5360948.2328,11.931979268,48.364317193,2,#fc8d62,car
9,1,77,117,2018,7,17,4,3,2,6,0,0,1,0,0,0,0,0,715380.2803,5355177.1942,11.905070963,48.313072658,2,#fc8d62,car
9,1,62,0,2018,7,10,3,3,3,6,0,0,1,0,0,1,0,0,690329.5319,5339034.4338,11.560302612,48.176020547,2,#fc8d62,car
9,1,62,0,2018,7,17,3,3,5,7,0,1,1,0,0,0,0,0,684467.5005,5335409.2358,11.47995277,48.145164168,1,#66c2a5,bicycle
9,1,84,119,2018,7,23,3,2,0,7,2,1,0,0,0,0,0,0,696820.82,5347372389.0,11.651396241,48.248978451,1,#66c2a5,bicycle
9,7,71,130,2018,7,17,4,3,1,6,0,0,1,0,0,0,1,0,644696.3424,5363210.3812,10.955158588,48.405430329,2,#fc8d62,car
9,1,81,143,2018,7,20,6,3,5,3,1,0,1,0,0,0,0,1,638313.6765,5315906.4591,10.853553127,47.981500219,2,#fc8d62,car
9,1,84,138,2018,7,8,3,3,0,3,0,1,0,0,0,0,1,0,680782235.0,5330503845.0,11.428374806,48.102128071,1,#66c2a5,bicycle
9,1,62,0,2018,7,12,4,3,0,1,0,1,0,0,0,0,0,0,695024.6144,5333295.1188,11.62076333,48.123014883,1,#66c2a5,bicycle
9,7,71,130,2018,7,19,5,3,0,1,0,1,0,0,0,0,0,0,645433.7601,5357705092.0,10.963211556,48.355760941,1,#66c2a5,bicycle
9,1,62,0,2018,7,17,6,3,2,6,0,0,1,0,0,0,0,0,689772922.0,5344667615.0,11.555341402,48.226817593,2,#fc8d62,car
9,1,62,0,2018,7,16,4,3,2,6,0,1,0,0,0,0,0,0,685378.9794,5331866.5812,11.490653419,48.113056182,1,#66c2a5,bicycle