ULAND,UREGBEZ,UKREIS,UGEMEINDE,UJAHR,UMONAT,USTUNDE,UWOCHENTAG,UKATEGORIE,UART,UTYP1,ULICHTVERH,IstRad,IstPKW,IstFuss,IstKrad,IstGkfz,IstSonstig,STRZUSTAND,LINREFX,LINREFY,XGCSWGS84,YGCSWGS84,Teilnehmer,color,symbol
9,1,84,148,2018,7,16,5,3,1,5,0,1,1,0,0,0,0,0,695140.6819,5326091.8428,11.619029744,48.058238995,1,#66c2a5,bicycle
9,7,71,122,2018,7,10,3,3,2,6,0,0,1,0,0,0,0,0,654182.8926,5360985.3086,11.082440001,48.383176671,2,#fc8d62,car
9,7,72,178,2018,7,17,3,2,8,1,0,0,0,0,1,0,0,0,622597.5167,5343099.7073,10.650850303,48.229262259,4,#e78ac3,marker
9,7,72,147,2018,7,14,3,3,0,7,0,1,0,0,0,0,0,1,639324815.0,5365117.1502,10.883252567,48.423785534,1,#66c2a5,bicycle
9,1,84,114,2018,7,11,6,3,2,6,0,0,1,0,0,0,0,1,698396037.0,5322396.4854,11.660960027,48.024023555,2,#fc8d62,car
9,7,61,0,2018,7,10,3,3,6,7,0,0,1,1,0,0,0,0,641563.7816,5359882.9905,10.911734337,48.376223211,2,#fc8d62,car
9,7,71,156,2018,7,17,3,3,4,6,0,0,1,0,0,0,0,0,653325.9345,5382233.7708,11.078667122,48.574420443,2,#fc8d62,car
9,7,62,0,2018,7,7,5,3,1,1,0,1,1,0,0,0,0,0,622152.4956,5307513.0151,10.634690708,47.909303164,1,#66c2a5,bicycle
9,2,61,0,2018,7,12,6,3,4,2,0,0,0,0,1,0,1,1,735943622.0,5382835234.0,12.197571182,48.554177444,4,#e78ac3,marker
9,1,81,130,2018,7,12,5,2,4,2,0,0,1,0,0,0,0,0,641988.3766,5322092.0873,10.904818155,48.036317609,2,#fc8d62,car
9,1,84,132,2018,7,9,6,3,9,1,0,0,1,0,0,0,0,1,684159.2374,5325955.2357,11.471732703,48.060274971,2,#fc8d62,car
9,1,79,121,2018,7,17,6,3,0,7,0,0,0,1,0,0,1,1,666799.1748,5338343.4497,11.243771972,48.176421187,3,#8da0cb,toilet
9,1,84,141,2018,7,14,4,2,2,2,0,0,1,0,0,0,1,0,698292437.0,5312127038.0,11.654832708,47.931758699,2,#fc8d62,car
9,1,88,137,2018,7,13,6,3,8,1,0,0,1,0,0,0,0,1,673840.0306,5316554.9842,11.32954138,47.978664669,2,#fc8d62,car
9,1,78,113,2018,7,11,5,3,2,6,0,0,1,0,0,0,0,0,691499.8586,5368058.0668,11.58919868,48.436520487,2,#fc8d62,car
9,7,72,184,2018,7,7,5,3,0,7,0,1,0,0,0,0,0,0,636263.2824,5361027.3519,10.840564476,48.387680177,1,#66c2a5,bicycle
9,1,83,139,2018,7,13,6,3,9,1,0,0,1,0,0,0,0,1,734088.2677,5335473.4611,12.146149349,48.129423776,2,#fc8d62,car
9,1,78,145,2018,7,11,6,2,2,6,0,0,1,0,0,0,0,1,693166.1144,5357545.9585,11.606870208,48.341536802,2,#fc8d62,car
9,1,62,0,2018,7,7,5,3,5,2,0,1,1,0,0,0,0,0,689064176.0,5329590.7077,11.539107566,48.091516942,1,#66c2a5,bicycle
9,1,87,186,2018,7,14,6,3,8,1,0,0,1,0,0,0,0,0,733101.0732,5332254.6381,12.131142917,48.100869549,2,#fc8d62,car
9,1,81,130,2018,7,11,6,3,9,1,0,0,1,0,0,0,0,1,639768.3476,5325110.6482,10.876038383,48.063951173,2,#fc8d62,car
9,1,74,136,2018,7,7,5,3,0,4,0,0,1,1,1,0,0,0,682590.3621,5364518.1502,11.467314535,48.407349535,2,#fc8d62,car
9,7,77,152,2018,7,12,5,2,0,1,0,0,0,0,1,0,0,0,624832.6959,5303324.0333,10.669331088,47.871113328,4,#e78ac3,marker
9,1,81,130,2018,7,19,6,3,0,7,0,1,0,0,0,0,0,1,639921.8992,5323476.5421,10.877563767,48.049223204,1,#66c2a5,bicycle
9,1,78,113,2018,7,15,5,3,5,3,0,0,1,0,0,0,1,0,691664.73,5367278812.0,11.591069126,48.429466937,2,#fc8d62,car
9,7,71,142,2018,7,20,5,3,0,7,0,1,0,0,0,0,0,0,645183.6308,5354274.0424,10.958654472,48.324968611,1,#66c2a5,bicycle
9,1,75,128,2018,7,14,6,2,8,6,0,0,1,0,0,0,0,1,713037.4782,5325058897.0,11.858415983,48.04323395,2,#fc8d62,car
9,1,84,135,2018,7,18,6,3,2,6,0,0,1,0,0,0,0,0,693163128.0,5344979.2295,11.601085002,48.228595031,2,#fc8d62,car
9,1,62,0,2018,7,18,4,3,0,7,0,0,0,0,0,0,1,0,682722.3744,5335985.7281,11.456761493,48.150849705,6,#ffd92f,circle
9,1,87,126,2018,7,12,5,2,0,7,0,1,0,0,0,0,0,0,741405.7484,5324628.1679,12.238209711,48.029271768,1,#66c2a5,bicycle
9,2,74,114,2018,7,22,3,3,4,6,2,0,1,0,0,0,1,0,737051.4432,5371358.5951,12.206045541,48.450673496,2,#fc8d62,car
9,2,74,146,2018,7,17,3,3,4,2,0,1,1,0,0,0,0,0,733118.5917,5377858.8146,12.156563969,48.510532197,1,#66c2a5,bicycle
9,2,61,0,2018,7,22,6,2,4,1,2,0,1,0,0,0,0,0,732101.1311,5383662.7355,12.146040527,48.563044286,2,#fc8d62,car
9,1,88,113,2018,7,18,6,2,9,1,0,0,1,0,0,0,0,1,678100.8077,5310648.4191,11.384142328,47.924396109,2,#fc8d62,car
9,1,88,139,2018,7,18,3,3,0,7,0,0,1,0,0,0,1,0,676990991.0,5319249948.0,11.372839581,48.002027188,2,#fc8d62,car
9,1,90,138,2018,7,9,3,3,4,6,0,0,0,0,0,1,0,0,661231.5438,5309767543.0,11.158167184,47.920941248,5,#a6d854,bus
9,1,81,115,2018,7,8,5,3,0,6,0,0,1,0,0,0,0,0,657585.9354,5327082.9196,11.115762348,48.077531371,2,#fc8d62,car
9,2,61,0,2018,7,13,5,3,2,6,0,0,1,0,1,0,0,0,731802905.0,5381218.0906,12.140643827,48.541194885,2,#fc8d62,car
9,1,88,126,2018,7,17,6,3,5,2,0,0,1,0,0,0,0,1,660110.9874,5326754.2123,11.149516222,48.073947012,2,#fc8d62,car
9,1,62,0,2018,7,8,4,3,2,2,0,0,1,0,0,0,0,0,689193.5128,5330622.5064,11.541300041,48.100752554,2,#fc8d62,car
9,1,78,113,2018,7,12,5,3,2,6,0,0,1,0,0,0,0,0,691702.8765,5364234.6451,11.590193229,48.402096412,2,#fc8d62,car
9,1,83,139,2018,7,14,3,3,5,3,0,0,1,0,0,0,0,0,734838.93,5334468494.0,12.155668808,48.120119369,2,#fc8d62,car
9,7,72,145,2018,7,11,5,3,1,6,0,0,1,0,0,0,0,0,632481.4957,5366858.3988,10.791350172,48.440919442,2,#fc8d62,car
9,1,63,0,2018,7,10,3,3,5,3,0,1,1,0,0,0,0,0,734563011.0,5304279.0971,12.135482026,47.849009973,1,#66c2a5,bicycle
9,1,78,137,2018,7,17,6,3,2,6,0,0,1,0,0,0,0,0,691859.3666,5363762.5406,11.592089675,48.397805849,2,#fc8d62,car
9,1,87,167,2018,7,19,3,3,8,1,0,0,1,0,0,0,0,0,739158.8184,5303853.2492,12.196582506,47.843491225,2,#fc8d62,car
9,1,87,177,2018,7,17,3,3,2,6,0,0,1,0,0,0,0,0,736043.6353,5304275.5994,12.155241187,47.848436634,2,#fc8d62,car
9,1,87,150,2018,7,11,3,2,2,2,0,1,1,0,0,0,0,0,728952.5358,5304335.4639,12.060626737,47.851539044,1,#66c2a5,bicycle
9,1,62,0,2018,7,13,5,3,5,2,0,0,1,0,0,0,0,0,691310292.0,5331122828.0,11.569928011,48.10461739,2,#fc8d62,car
9,1,87,169,2018,7,11,6,3,2,6,0,0,1,0,0,0,0,1,737882.4152,5299222.7428,12.177007576,47.802366043,2,#fc8d62,car
9,1,62,0,2018,7,14,3,3,3,6,0,0,1,0,0,1,0,0,683333.0298,5342540.1487,11.467791831,48.209588777,2,#fc8d62,car
9,7,62,0,2018,7,17,5,3,4,6,0,1,1,0,0,0,0,0,620947735.0,5304446.2204,10.617715237,47.881949491,1,#66c2a5,bicycle
9,1,79,142,2018,7,7,3,2,2,6,0,0,1,0,0,0,0,0,676695927.0,5342986.9266,11.378719276,48.215487275,2,#fc8d62,car
9,7,71,142,2018,7,13,7,2,0,3,0,0,0,0,1,0,1,0,647478.7093,5351182.8928,10.988517284,48.296643968,4,#e78ac3,marker
9,7,71,142,2018,7,17,4,3,2,6,0,0,1,0,0,0,0,0,645400.3715,5353032123.0,10.961148494,48.313752191,2,#fc8d62,car
9,1,77,116,2018,7,8,2,3,2,6,0,0,1,0,0,1,0,0,711576.7118,5364393.5042,11.858467271,48.397168989,2,#fc8d62,car
9,1,79,142,2018,7,18,3,3,0,7,0,1,0,0,0,0,0,0,672917.4891,5341691.4776,11.327369145,48.204882765,1,#66c2a5,bicycle
9,1,62,0,2018,7,17,3,3,1,6,0,0,1,0,0,0,1,1,684269.6204,5342566.7384,11.480398318,48.209556572,2,#fc8d62,car
9,7,61,0,2018,7,22,2,2,5,3,2,1,0,0,1,0,0,0,643623.2235,5357589.1422,10.938746177,48.355132788,1,#66c2a5,bicycle
9,1,81,138,2018,7,17,1,3,2,6,0,0,1,0,0,0,0,0,639970006.0,5334743.9819,10.881904468,48.150531508,2,#fc8d62,car
9,1,84,122,2018,7,18,4,3,1,5,0,0,1,0,0,0,0,0,689393.2675,5326051.9245,11.541954513,48.059611955,2,#fc8d62,car
9,1,62,0,2018,7,14,1,3,5,3,0,1,1,0,0,0,0,0,688016.1152,5343904.4015,11.531371151,48.220480918,1,#66c2a5,bicycle
9,1,84,118,2018,7,17,2,3,2,6,0,0,1,0,0,0,0,0,702614.8698,5337110.75,11.724459862,48.154935078,2,#fc8d62,car
9,1,77,133,2018,7,12,4,3,2,6,0,0,1,0,0,0,1,0,713198.2138,5356950.7078,11.876574351,48.329747534,2,#fc8d62,car
9,1,77,144,2018,7,15,1,2,5,3,0,1,1,0,0,0,0,0,716338.2065,5347181.0526,11.913882306,48.240899716,1,#66c2a5,bicycle
9,7,61,0,2018,7,10,3,2,0,7,0,1,0,0,0,0,0,0,642818.2839,5360308.0236,10.928810116,48.379762198,1,#66c2a5,bicycle
9,1,87,129,2018,7,7,3,3,5,2,0,0,1,0,0,0,0,0,725643.6382,5300602.2323,12.014512101,47.819166115,2,#fc8d62,car
9,7,72,148,2018,7,7,4,3,0,7,0,1,0,0,0,0,0,0,628787.7853,5354633.1543,10.73768234,48.331751285,1,#66c2a5,bicycle
9,7,62,0,2018,7,10,4,3,5,3,0,1,1,0,0,0,0,0,622421.6155,5306882561.0,10.638111682,47.903581764,1,#66c2a5,bicycle
9,1,84,114,2018,7,10,1,3,2,6,0,0,1,0,0,0,0,0,699315.3603,5320189.2873,11.672250583,48.003900524,2,#fc8d62,car
9,1,86,126,2018,7,16,3,3,4,6,0,0,1,0,0,1,0,0,685288689.0,5376684177.0,11.509127442,48.515908547,2,#fc8d62,car
9,7,61,0,2018,7,15,4,3,4,2,0,1,1,0,0,0,0,0,640309584.0,5360466952.0,10.895001764,48.381754132,1,#66c2a5,bicycle
9,7,72,130,2018,7,6,2,3,5,3,0,1,1,0,0,0,0,0,630490.6364,5359518.5304,10.762161665,48.375333099,1,#66c2a5,bicycle
9,1,90,148,2018,7,16,7,3,5,2,0,0,1,0,1,0,0,0,642297.2571,5300289.5427,10.90175337,47.840193754,2,#fc8d62,car
9,7,71,122,2018,7,18,3,3,3,6,0,0,1,0,1,0,0,0,653381593.0,5362548.5848,11.072195604,48.397426924,2,#fc8d62,car
9,1,87,177,2018,7,8,2,3,2,6,0,0,1,0,0,0,0,0,736051.5175,5304254.6671,12.155334967,47.848245689,2,#fc8d62,car
9,1,81,130,2018,7,6,2,3,4,2,0,0,1,0,0,0,0,0,642249.4664,5324559.8916,10.909138972,48.058450275,2,#fc8d62,car
9,1,79,113,2018,7,16,3,3,2,6,0,0,1,0,1,1,0,1,671285.2896,5335853.1234,11.303065993,48.152840664,2,#fc8d62,car
9,1,87,167,2018,7,17,4,2,5,3,0,0,1,0,0,0,0,0,739601338.0,5303265.3034,12.202162273,47.838044754,2,#fc8d62,car
9,1,74,136,2018,7,14,1,2,5,3,0,1,1,0,0,0,0,0,683944.1809,5362939.9532,11.484899241,48.392770978,1,#66c2a5,bicycle
9,1,62,0,2018,7,16,4,3,2,6,0,0,1,0,0,0,1,0,693134.8943,5338811.5548,11.597898971,48.173171021,2,#fc8d62,car
9,1,62,0,2018,7,17,1,2,5,3,0,0,1,0,0,0,0,0,687572372.0,5331571866.0,11.519963693,48.109764997,2,#fc8d62,car
9,1,62,0,2018,7,15,2,3,6,4,0,0,1,1,0,0,0,0,688301.9945,5340200.1247,11.533572676,48.1871019,2,#fc8d62,car
9,1,62,0,2018,7,19,4,2,8,6,0,0,1,0,1,0,0,0,680894697.0,5335160.9397,11.431860379,48.143958246,2,#fc8d62,car
9,1,75,122,2018,7,16,2,3,3,6,0,1,1,0,0,0,0,0,721004.9878,5326072.5819,11.965697115,48.049634033,1,#66c2a5,bicycle
9,1,78,143,2018,7,5,3,3,5,2,0,0,1,0,0,0,0,0,718331.6548,5372270.3265,11.953707008,48.465636532,2,#fc8d62,car
9,1,73,118,2018,7,19,7,2,8,7,0,0,0,0,1,0,0,0,693596.3812,5306061.32,11.589304677,47.878674919,4,#e78ac3,marker
9,1,88,120,2018,7,15,4,3,0,7,0,1,0,0,0,0,0,0,677286.7597,5326466.5126,11.379788277,48.066817632,1,#66c2a5,bicycle
9,1,62,0,2018,7,11,7,3,2,6,0,0,1,0,0,0,0,0,684387813.0,5335410.4569,11.478883033,48.145198246,2,#fc8d62,car
9,7,71,113,2018,7,12,3,3,5,3,0,1,0,0,1,0,0,0,657563.0071,5369827.8745,11.131382959,48.461838857,1,#66c2a5,bicycle
9,1,84,135,2018,7,8,3,3,6,4,0,0,0,1,1,0,0,0,689785.6159,5348347.32,11.55716119,48.259886393,3,#8da0cb,toilet
9,1,82,137,2018,7,12,3,2,2,6,0,0,1,0,0,0,0,0,711053.1637,5305192.6242,11.822079851,47.865368767,2,#fc8d62,car
9,1,63,0,2018,7,12,1,3,2,6,0,0,1,0,1,0,0,0,733607.5339,5303205.1996,12.122149914,47.839709924,2,#fc8d62,car
9,1,63,0,2018,7,17,7,2,4,7,0,0,1,0,0,0,0,0,730167.6324,5301839.9554,12.075519261,47.82868433,2,#fc8d62,car
9,1,81,130,2018,7,13,2,3,2,6,0,0,1,0,1,0,0,0,639811506.0,5323315.6964,10.876030714,48.047801026,2,#fc8d62,car
9,1,87,124,2018,7,9,7,3,5,3,0,1,1,0,0,0,0,0,736305.8939,5327725.1875,12.171619313,48.059000053,1,#66c2a5,bicycle
9,7,72,197,2018,7,20,7,2,8,1,0,1,0,0,0,0,0,0,622187.5247,5336647.9734,10.643474445,48.171319892,1,#66c2a5,bicycle
9,7,72,171,2018,7,22,4,3,5,3,2,0,1,0,0,0,0,0,637404.3547,5372221559.0,10.859640364,48.488088296,2,#fc8d62,car
9,1,87,174,2018,7,18,7,3,4,6,0,1,0,0,0,0,0,0,740462.8817,5313808.8227,12.219527805,47.932437484,1,#66c2a5,bicycle
9,1,87,177,2018,7,11,7,3,2,6,0,0,1,0,0,0,0,0,736051.5175,5304254.6671,12.155334967,47.848245689,2,#fc8d62,car
9,1,74,131,2018,7,15,2,2,9,1,0,0,1,0,0,0,0,0,676969.7002,5355748.9181,11.387743353,48.330127943,2,#fc8d62,car
9,1,88,141,2018,7,7,3,3,4,6,0,0,1,0,0,0,0,0,667903.8799,5306761.4987,11.24623996,47.892203057,2,#fc8d62,car
9,1,85,113,2018,7,16,4,3,2,6,0,0,1,0,0,1,0,0,670708.4763,5373891.9605,11.310718877,48.494942132,2,#fc8d62,car
9,7,72,171,2018,7,7,2,3,0,7,0,1,0,0,0,0,0,0,637059.5064,5372773.3971,10.855156766,48.493125549,1,#66c2a5,bicycle
9,1,82,123,2018,7,11,7,3,3,6,0,0,1,0,1,0,0,0,716202.0113,5299765.0932,11.888127309,47.814885067,2,#fc8d62,car
9,1,62,0,2018,7,7,4,3,5,3,0,0,1,0,0,0,0,0,694645.8088,5332073.4572,11.615120746,48.112150975,2,#fc8d62,car
9,1,84,136,2018,7,11,1,3,2,6,0,0,1,0,1,0,0,0,700193.2786,5327768184.0,11.687550278,48.071739534,2,#fc8d62,car
9,1,84,118,2018,7,16,2,3,2,6,0,0,1,0,0,1,0,0,704228951.0,5336142037.0,11.745673068,48.14571338,2,#fc8d62,car
9,2,74,113,2018,7,17,1,3,5,3,0,0,1,0,1,0,0,0,730494.7828,5383365.9168,12.12413658,48.560970514,2,#fc8d62,car
9,1,74,115,2018,7,11,4,3,0,1,0,1,0,0,0,0,0,0,679884.5785,5347901483.0,11.423692984,48.258767229,1,#66c2a5,bicycle
9,7,62,0,2018,7,10,4,2,0,1,0,1,0,0,0,0,0,0,622368453.0,5304664.3422,10.63677164,47.883641964,1,#66c2a5,bicycle
9,7,62,0,2018,7,16,1,3,2,6,0,0,1,0,1,0,0,0,622686942.0,5306457.3787,10.641539556,47.899707134,2,#fc8d62,car
9,1,78,125,2018,7,17,1,3,8,1,0,0,0,0,1,0,0,0,717208.2185,5384350.5893,11.944819342,48.574560496,4,#e78ac3,marker
9,2,61,0,2018,7,13,3,3,5,2,0,0,1,0,0,0,0,0,726842.7379,5380158.9346,12.072965024,48.533492752,2,#fc8d62,car
9,1,84,136,2018,7,10,1,3,0,7,0,1,0,0,0,0,0,0,698558.4465,5326363.0341,11.664975279,48.059622001,1,#66c2a5,bicycle
9,1,84,145,2018,7,15,2,3,5,2,0,0,1,0,0,0,0,0,696587.4084,5321746.1182,11.636430499,48.018737384,2,#fc8d62,car
9,1,84,147,2018,7,8,3,3,0,1,0,0,0,0,1,0,0,0,695880.0986,5339665.5155,11.635178609,48.180005779,4,#e78ac3,marker
9,1,88,113,2018,7,14,7,2,2,6,0,1,0,0,0,0,0,0,675857.68,5315253.4441,11.356022751,47.966412988,1,#66c2a5,bicycle
9,7,61,0,2018,7,16,3,3,2,7,0,0,1,0,1,0,0,1,642057.0643,5364552877.0,10.919971841,48.41810168,2,#fc8d62,car
9,1,87,177,2018,7,18,2,3,8,1,0,1,0,0,0,0,0,0,737988.0992,5304997.3225,12.181588914,47.854203417,1,#66c2a5,bicycle
9,7,71,122,2018,7,13,4,3,4,7,0,0,1,0,0,0,1,0,652965.0794,5362304.7771,11.066483478,48.395336101,2,#fc8d62,car
9,7,62,0,2018,7,7,2,3,5,3,0,1,1,0,0,0,0,0,622756683.0,5303672.2493,10.641680332,47.874645272,1,#66c2a5,bicycle
9,1,79,111,2018,7,15,7,1,9,1,0,0,0,0,1,0,0,0,655506927.0,5342060.6963,11.093339839,48.212706423,4,#e78ac3,marker
9,1,74,131,2018,7,12,7,3,5,3,0,0,1,0,0,0,0,0,676347296.0,5358574555.0,11.380536272,48.355701205,2,#fc8d62,car
9,1,78,124,2018,7,19,7,3,2,6,0,0,1,0,0,0,0,0,702644.9255,5362974.7733,11.737258081,48.387353291,2,#fc8d62,car
9,7,61,0,2018,7,16,7,2,0,1,0,1,0,0,0,0,0,0,639950.1515,5360649.0398,10.890210711,48.383471246,1,#66c2a5,bicycle
9,1,85,113,2018,7,7,3,3,0,7,0,1,0,0,0,0,0,0,669086.85,5378744.8951,11.290753755,48.539004458,1,#66c2a5,bicycle
9,7,71,130,2018,7,15,4,3,2,6,0,0,1,0,0,0,0,0,647066737.0,5357430265.0,10.985145412,48.3529117,2,#fc8d62,car
9,1,77,117,2018,7,13,7,2,4,2,0,0,1,0,1,0,0,0,716506.5684,5354197.9345,11.919739628,48.303889492,2,#fc8d62,car
9,7,71,111,2018,7,6,2,3,3,6,0,0,1,0,0,1,0,0,657635904.0,5358416.4654,11.128081316,48.359228419,2,#fc8d62,car
9,1,77,139,2018,7,15,7,3,4,6,0,1,1,0,0,0,0,0,735421.4718,5357316.8902,12.1761696,48.325152667,1,#66c2a5,bicycle
9,1,62,0,2018,7,13,6,3,1,7,0,0,1,0,0,1,0,1,680296.2252,5335017.8749,11.423761716,48.142842139,2,#fc8d62,car
9,1,78,155,2018,7,18,5,2,4,6,0,0,1,0,1,0,0,0,713055.1321,5373808.8614,11.88320239,48.48126932,2,#fc8d62,car
9,1,86,152,2018,7,6,2,3,2,6,0,0,1,0,0,0,0,0,691504.1618,5373769.1703,11.591870435,48.487846318,2,#fc8d62,car
9,1,75,132,2018,7,15,3,3,2,7,0,0,1,0,0,1,0,0,705308.9972,5334323547.0,11.759299406,48.129023855,2,#fc8d62,car
9,1,62,0,2018,7,12,6,3,1,6,0,0,1,0,0,0,1,1,688698.5948,5337945.3327,11.537902387,48.16671799,2,#fc8d62,car
9,1,87,170,2018,7,14,2,3,5,3,0,0,1,0,0,0,0,0,733426.1536,5320115.8549,12.128884447,47.991699905,2,#fc8d62,car
9,1,81,122,2018,7,15,2,3,0,1,0,0,0,0,1,0,0,0,646391.5339,5336292.3223,10.968723325,48.163007951,4,#e78ac3,marker
9,1,88,121,2018,7,14,3,1,8,1,0,0,1,0,0,0,0,0,669955537.0,5329183528.0,11.282541911,48.093238836,2,#fc8d62,car
9,1,62,0,2018,7,15,6,3,2,6,0,0,1,0,0,0,0,0,695691564.0,5333917.98,11.630002074,48.128408206,2,#fc8d62,car
9,7,71,112,2018,7,7,2,3,4,6,0,1,0,0,0,0,0,0,642482.5735,5366442.1528,10.92636155,48.434992886,1,#66c2a5,bicycle
9,1,81,139,2018,7,16,1,2,0,6,0,1,1,0,0,0,0,0,655674.4093,5324494642.0,11.089173443,48.05472949,1,#66c2a5,bicycle
9,1,62,0,2018,7,15,4,3,6,2,0,0,1,1,0,0,0,0,688144.1449,5328011.4975,11.526068598,48.077594777,2,#fc8d62,car
9,1,84,132,2018,7,12,1,3,2,6,0,0,0,0,1,0,0,0,683772.7158,5329117133.0,11.467909464,48.088807818,4,#e78ac3,marker
9,1,62,0,2018,7,17,2,3,1,3,0,0,1,0,1,0,0,0,692079095.0,5340433021.0,11.584445133,48.188064298,2,#fc8d62,car
9,1,77,137,2018,7,10,4,3,3,6,0,1,0,0,0,1,0,0,732884.2829,5345911.9446,12.135711496,48.223638891,1,#66c2a5,bicycle
9,1,79,123,2018,7,8,4,3,5,2,0,0,1,0,0,0,0,0,676728.9362,5333747.8377,11.375322074,48.132426431,2,#fc8d62,car
9,1,84,146,2018,7,23,7,3,4,1,2,1,0,0,0,0,0,0,695287.4624,5328682.8823,11.622181141,48.081481444,1,#66c2a5,bicycle
9,7,71,165,2018,7,18,3,2,5,3,0,0,1,0,0,1,0,0,659928.4693,5360694.9352,11.159874654,48.379135815,2,#fc8d62,car
9,7,71,122,2018,7,19,7,3,2,6,0,0,1,0,0,0,0,0,653143.4324,5361966.7953,11.068768065,48.39225412,2,#fc8d62,car
9,1,62,0,2018,7,15,3,3,2,6,0,0,1,0,0,0,0,0,694653.9014,5332043.4508,11.615215661,48.111878816,2,#fc8d62,car
9,7,78,116,2018,7,15,2,3,0,7,0,0,0,0,0,0,1,0,619003.7822,5319641.3884,10.59592788,48.0189748,6,#ffd92f,circle
9,7,62,0,2018,7,12,6,3,6,4,0,0,1,1,0,0,0,1,622153.3548,5307954.1457,10.634827184,47.913270379,2,#fc8d62,car
9,1,87,169,2018,7,17,1,3,2,6,0,0,1,0,0,0,0,0,741346.4594,5298773.2807,12.222946079,47.797039459,2,#fc8d62,car
9,7,77,155,2018,7,14,6,3,9,1,0,0,1,0,0,0,0,1,631100371.0,5311856.9387,10.755700444,47.946601767,2,#fc8d62,car
9,1,62,0,2018,7,17,2,3,3,6,0,0,1,0,1,0,0,0,685386.58,5333095016.0,11.491289554,48.124095741,2,#fc8d62,car
9,7,72,200,2018,7,16,2,3,5,3,0,0,1,0,0,0,0,0,625299.2913,5341641.0308,10.686783989,48.21561646,2,#fc8d62,car
9,2,61,0,2018,7,5,4,3,5,3,1,1,1,0,0,0,0,0,730016821.0,5381677648.0,12.116735735,48.54598031,1,#66c2a5,bicycle
9,7,72,209,2018,7,16,4,3,3,6,0,1,1,0,0,0,0,0,634971715.0,5335748431.0,10.815056443,48.160644373,1,#66c2a5,bicycle
9,7,61,0,2018,7,15,3,3,1,6,0,0,1,0,0,0,0,0,637416.4195,5359482.7542,10.855626874,48.373541189,2,#fc8d62,car
9,1,88,120,2018,7,17,2,3,5,2,0,0,1,0,0,1,0,0,671708.8912,5324522.6611,11.304197879,48.050868658,2,#fc8d62,car
9,1,88,139,2018,7,7,3,3,0,1,0,0,0,0,1,0,0,0,674163.6519,5317490066.0,11.334253499,47.986982806,4,#e78ac3,marker
9,1,74,131,2018,7,14,1,3,2,6,0,0,1,0,1,0,0,0,677003.3818,5355132.7544,11.387938662,48.32457991,2,#fc8d62,car
9,2,74,126,2018,7,19,3,3,5,3,0,0,1,0,0,0,0,0,733301.0792,5383715.9456,12.162309434,48.563076957,2,#fc8d62,car
9,7,72,171,2018,7,15,6,3,2,6,0,0,1,0,0,0,0,0,637732.6069,5372043.2616,10.864021733,48.486413261,2,#fc8d62,car
9,1,62,0,2018,7,10,4,3,9,1,0,1,0,0,0,0,0,0,688997.2933,5341662.9503,11.543569325,48.20004331,1,#66c2a5,bicycle
9,1,62,0,2018,7,9,1,3,5,2,0,1,1,0,0,0,0,0,699334125.0,5329125522.0,11.676662539,48.084207332,1,#66c2a5,bicycle
9,1,77,133,2018,7,14,3,3,2,6,0,0,1,0,0,0,0,0,713669546.0,5355886352.0,11.882386073,48.320024866,2,#fc8d62,car
9,7,61,0,2018,7,17,6,3,2,6,0,0,1,0,0,0,0,0,639292.6538,5360879.4241,10.881411706,48.385688323,2,#fc8d62,car
9,1,74,136,2018,7,5,4,3,4,6,1,0,1,0,1,0,0,0,681188.4615,5365756.0766,11.448923532,48.418880913,2,#fc8d62,car
9,1,62,0,2018,7,22,1,3,2,7,2,0,1,0,0,0,0,0,694991.5048,5337541.1875,11.622263135,48.161186724,2,#fc8d62,car
9,1,84,135,2018,7,11,2,3,2,6,0,1,0,0,0,0,0,0,689486.9544,5347485304.0,11.552755226,48.252228112,1,#66c2a5,bicycle
9,1,62,0,2018,7,19,3,3,5,3,0,0,0,0,0,1,1,1,686345.4721,5331798.0115,11.503595922,48.112157802,5,#a6d854,bus
9,7,62,0,2018,7,18,7,2,6,1,0,1,0,1,0,0,0,0,621229.1723,5304486.4163,10.621489279,47.882257916,1,#66c2a5,bicycle
9,1,87,177,2018,7,13,2,3,2,6,0,0,1,0,0,0,0,0,736412.0828,5305819.4271,12.161002246,47.862170554,2,#fc8d62,car
9,1,87,170,2018,7,12,3,2,4,6,0,0,1,0,1,0,0,1,734652.7807,5319138.5678,12.144766871,47.982471541,2,#fc8d62,car
9,7,61,0,2018,7,9,4,2,2,1,0,0,1,0,0,1,0,0,641853.1804,5363682.4369,10.916923519,48.410321058,2,#fc8d62,car
9,7,71,113,2018,7,19,1,3,5,3,0,0,1,0,0,1,0,0,657733735.0,5369787872.0,11.13367568,48.461436444,2,#fc8d62,car
9,7,77,145,2018,7,10,3,3,5,3,0,0,1,0,0,0,0,0,629572077.0,5327674.42,10.740024512,48.089159624,2,#fc8d62,car
9,1,81,145,2018,7,5,2,3,8,7,1,0,0,0,1,0,0,0,642351.0614,5330378241.0,10.912440856,48.110746454,4,#e78ac3,marker