ULAND,UREGBEZ,UKREIS,UGEMEINDE,UJAHR,UMONAT,USTUNDE,UWOCHENTAG,UKATEGORIE,UART,UTYP1,ULICHTVERH,IstRad,IstPKW,IstFuss,IstKrad,IstGkfz,IstSonstig,STRZUSTAND,LINREFX,LINREFY,XGCSWGS84,YGCSWGS84,Teilnehmer,color,symbol
9,1,90,115,2018,7,19,2,2,5,3,0,1,1,0,0,0,0,0,670266.75,5305084.6,11.277163896,47.876504794,1,#66c2a5,bicycle
9,1,62,0,2018,7,17,6,2,6,4,0,0,0,1,0,0,1,0,694476.3454,5336570.7726,11.614899189,48.152622838,3,#8da0cb,toilet
9,1,87,129,2018,7,14,1,3,2,6,0,0,1,0,0,0,0,0,723583828.0,5300824745.0,11.987147453,47.821884391,2,#fc8d62,car
9,1,81,130,2018,7,8,1,3,9,1,0,0,1,0,0,0,0,0,635929.7494,5321867.7435,10.823512183,48.035618736,2,#fc8d62,car
9,7,61,0,2018,7,8,2,3,5,1,0,0,1,0,0,0,0,0,641423.4468,5352715.2813,10.907433158,48.311805159,2,#fc8d62,car
9,7,72,125,2018,7,12,6,2,5,3,0,0,1,0,0,0,0,0,633168.5679,5347855.6072,10.794622595,48.269897675,2,#fc8d62,car
9,1,79,142,2018,7,16,2,3,2,6,0,0,1,0,0,0,0,0,670506.1809,5341709.5676,11.294948818,48.205697619,2,#fc8d62,car
9,1,62,0,2018,7,10,3,3,0,6,0,0,1,0,0,1,0,0,680892.8448,5339361.6539,11.433622006,48.181718202,2,#fc8d62,car
9,1,62,0,2018,7,20,7,3,5,2,0,1,1,0,0,0,0,0,688673.7728,5337839.1765,11.537521787,48.165771215,1,#66c2a5,bicycle
9,1,75,123,2018,7,5,2,3,5,2,1,0,1,0,0,0,1,0,722273015.0,5337495.9919,11.988637649,48.151830845,2,#fc8d62,car
9,1,62,0,2018,7,7,2,3,1,6,0,0,1,0,0,0,0,1,693168.3222,5339762.8897,11.59878051,48.181711121,2,#fc8d62,car
9,1,75,132,2018,7,16,3,2,5,2,0,1,1,0,0,0,0,0,707236.1569,5336762.0142,11.786354792,48.150312248,1,#66c2a5,bicycle
9,1,63,0,2018,7,21,7,3,5,2,2,1,1,0,0,0,0,0,734138.2385,5304651.8064,12.130014394,47.852513229,1,#66c2a5,bicycle
9,2,74,183,2018,7,14,1,3,5,3,0,0,1,0,0,0,0,0,741880205.0,5363276.9635,12.266585447,48.376248545,2,#fc8d62,car
9,1,62,0,2018,7,13,6,3,8,1,0,0,0,0,1,0,1,1,681701.3876,5335366.1661,11.442782518,48.145573097,4,#e78ac3,marker
9,2,74,111,2018,7,0,6,3,8,1,2,0,1,0,0,0,0,1,741184.1252,5384808.7868,12.269616246,48.569910202,2,#fc8d62,car
9,1,87,122,2018,7,11,7,3,2,6,0,0,0,0,1,0,0,0,717664.9862,5308292342.0,11.911934732,47.891016143,4,#e78ac3,marker
9,2,74,126,2018,7,15,6,3,1,6,0,0,1,0,1,0,0,0,733124.5223,5383486.9239,12.159791794,48.561085409,2,#fc8d62,car
9,1,75,135,2018,7,17,7,3,5,7,0,1,1,0,0,0,0,0,706947.8992,5338563.0718,11.783359833,48.166590962,1,#66c2a5,bicycle
9,1,90,133,2018,7,7,1,3,0,1,0,1,0,0,0,0,0,0,633370.3229,5298191.3321,10.7818634,47.823238304,1,#66c2a5,bicycle
9,1,83,123,2018,7,9,3,3,3,7,0,0,1,0,0,0,0,0,735232.7912,5339620.5183,12.163798703,48.166255897,2,#fc8d62,car
9,1,88,139,2018,7,6,6,3,7,7,0,0,1,0,0,0,1,0,680463.5732,5321632.7156,11.420355049,48.022475477,2,#fc8d62,car
9,2,61,0,2018,7,19,7,3,0,6,0,0,1,0,1,0,0,0,731512.9351,5381758.5901,12.137021559,48.546157146,2,#fc8d62,car
9,7,72,147,2018,7,17,2,3,3,6,0,0,1,0,0,0,0,0,638987.2162,5364063.0455,10.878342466,48.414381931,2,#fc8d62,car
9,1,88,144,2018,7,15,7,2,5,3,0,1,1,0,0,0,0,0,667891.9094,5327204.2695,11.254071334,48.075992136,1,#66c2a5,bicycle
9,1,83,140,2018,7,6,6,3,0,6,0,0,1,0,0,0,0,0,740320.1889,5340290.3704,12.232489148,48.170370454,2,#fc8d62,car
9,1,87,164,2018,7,16,2,3,2,6,0,0,1,0,0,0,0,0,736357.0092,5322094.2923,12.169197787,48.008396865,2,#fc8d62,car
9,1,90,129,2018,7,14,7,2,4,7,0,0,1,0,0,0,0,0,642047.2267,5300788.2666,10.898577393,47.844733816,2,#fc8d62,car
9,7,72,177,2018,7,14,1,3,2,6,0,0,1,0,0,0,0,1,635563.5813,5375922681.0,10.835942609,48.521767666,2,#fc8d62,car
9,1,88,137,2018,7,17,1,2,6,4,0,0,1,1,0,0,0,1,672937443.0,5314804806.0,11.316752317,47.963175384,2,#fc8d62,car
9,1,79,123,2018,7,15,2,3,4,6,0,1,0,0,0,0,0,0,675395533.0,5333192572.0,11.357187718,48.127803817,1,#66c2a5,bicycle
9,1,88,132,2018,7,20,3,2,5,3,1,0,1,0,1,0,0,1,664759.56,5323319284.0,11.210553573,48.041881643,2,#fc8d62,car
9,1,87,169,2018,7,18,6,3,2,6,0,0,1,0,0,0,0,0,736084.0912,5299421.3808,12.153136118,47.804812407,2,#fc8d62,car
9,1,82,123,2018,7,11,6,3,4,2,0,0,1,0,0,0,0,0,717268.5548,5301398.3118,11.90317469,47.829201863,2,#fc8d62,car
9,1,87,130,2018,7,14,6,3,9,1,0,0,0,0,1,0,0,1,715921.4169,5311565.0642,11.890278104,47.921013302,4,#e78ac3,marker
9,1,74,115,2018,7,3,1,3,5,3,2,0,1,0,0,0,0,0,683263.9383,5348447.0836,11.469417947,48.262702968,2,#fc8d62,car
9,1,78,124,2018,7,7,2,3,4,6,0,1,0,0,0,0,0,0,702846.0558,5363978.5945,11.740456359,48.396309261,1,#66c2a5,bicycle
9,1,85,113,2018,7,21,6,2,0,7,1,0,0,0,1,0,0,0,672311.9213,5378484.1034,11.334301091,48.535782878,4,#e78ac3,marker
9,1,62,0,2018,7,16,2,3,0,4,0,0,0,1,0,0,1,0,682873.7786,5340040.9519,11.460539321,48.187257062,3,#8da0cb,toilet
9,1,62,0,2018,7,22,7,1,5,3,2,0,1,0,0,0,0,0,684622.2438,5342657273.0,11.485179643,48.210267866,2,#fc8d62,car
9,1,62,0,2018,7,14,6,3,2,6,0,0,1,0,0,0,0,0,687289.3011,5333166.1818,11.516864799,48.124178505,2,#fc8d62,car
9,1,62,0,2018,7,12,1,3,0,7,0,1,0,0,0,0,0,0,688139259.0,5328003.9439,11.525999739,48.077528325,1,#66c2a5,bicycle
9,1,62,0,2018,7,13,6,3,2,6,0,0,1,0,0,0,0,0,679410.3149,5337587.3644,11.412946534,48.166189616,2,#fc8d62,car
9,1,85,131,2018,7,7,7,1,8,1,0,0,1,0,0,0,0,0,666599.8743,5371785.5584,11.254310242,48.47710941,2,#fc8d62,car
9,1,81,138,2018,7,10,6,3,2,6,0,0,1,0,0,0,0,0,639025.6498,5334679.5025,10.869193517,48.150158838,2,#fc8d62,car
9,1,62,0,2018,7,13,6,3,3,6,0,0,1,0,1,0,0,0,694746844.0,5332238.2084,11.616551939,48.113600812,2,#fc8d62,car
9,1,81,121,2018,7,6,6,3,8,1,0,0,1,0,0,0,0,0,636629.2416,5313482.0597,10.830221119,47.960060446,2,#fc8d62,car
9,1,81,146,2018,7,15,6,3,5,3,0,0,1,0,0,0,0,0,649376823.0,5325499069.0,11.005064469,48.065266161,2,#fc8d62,car
9,1,81,130,2018,7,19,6,3,5,3,0,0,1,0,0,0,0,0,638925.6812,5325450.2677,10.864844287,48.067189215,2,#fc8d62,car
9,2,61,0,2018,7,18,7,3,1,6,0,0,1,0,0,0,0,0,734387.6715,5382050.3393,12.176076682,48.547710485,2,#fc8d62,car
9,7,72,147,2018,7,15,1,3,9,1,0,0,1,0,0,0,0,1,634435.6585,5364462254.0,10.816991125,48.4189591,2,#fc8d62,car
9,1,81,130,2018,7,10,6,3,0,1,0,1,0,0,0,0,0,0,638568.2697,5323240.7899,10.859333504,48.047398561,1,#66c2a5,bicycle
9,1,88,121,2018,7,23,6,3,0,7,2,1,0,0,0,0,0,0,670506.1518,5331918.9488,11.291023824,48.117682711,1,#66c2a5,bicycle
9,7,72,215,2018,7,15,2,3,1,1,0,0,1,0,0,1,0,1,633432.5451,5344834.8568,10.797225639,48.242678469,2,#fc8d62,car
9,1,74,143,2018,7,16,6,3,0,1,0,1,0,0,0,0,0,0,674811.5935,5352664.2925,11.357372684,48.303000618,1,#66c2a5,bicycle
9,1,84,119,2018,7,14,6,3,2,6,0,0,1,0,0,0,0,0,695817.1193,5345979.8003,11.637246301,48.236773742,2,#fc8d62,car
9,1,84,135,2018,7,7,6,3,1,3,0,0,1,0,0,0,0,0,692081217.0,5344852053.0,11.586474088,48.227780544,2,#fc8d62,car
9,1,77,121,2018,7,23,6,3,0,7,2,0,1,0,0,0,0,0,731407248.0,5365947054.0,12.126842929,48.40416124,2,#fc8d62,car
9,1,84,147,2018,7,12,6,3,2,6,0,0,1,0,1,0,0,0,695677.5176,5339947.8413,11.632586278,48.182605569,2,#fc8d62,car
9,1,75,132,2018,7,18,6,3,5,2,0,0,1,0,0,0,0,0,707241797.0,5330274.2497,11.783276911,48.092009042,2,#fc8d62,car
9,1,84,141,2018,7,18,1,3,3,7,0,0,1,0,0,0,1,0,700487.3714,5316575.6395,11.686259048,47.97105714,2,#fc8d62,car
9,1,75,121,2018,7,7,6,2,4,2,0,0,1,0,0,0,0,0,713760077.0,5316166262.0,11.863668946,47.963083987,2,#fc8d62,car
9,1,73,141,2018,7,16,7,3,5,6,0,0,1,0,0,0,0,0,698031.7618,5298317.6562,11.645019134,47.807723735,2,#fc8d62,car
9,1,77,139,2018,7,13,6,3,5,3,0,0,1,0,0,0,0,0,731419.5209,5356704428.0,12.121925536,48.32112814,2,#fc8d62,car
9,1,62,0,2018,7,10,5,3,3,2,0,0,1,0,0,0,1,0,684680.6738,5342408.0143,11.485856896,48.208010436,2,#fc8d62,car
9,7,78,209,2018,7,18,6,2,5,3,0,0,1,0,1,0,0,0,618778.7994,5323587.2798,10.594006436,48.054504616,2,#fc8d62,car
9,1,62,0,2018,7,18,5,3,4,2,0,0,1,0,0,0,0,0,697389.5563,5331333.0677,11.651600549,48.104652436,2,#fc8d62,car
9,1,81,132,2018,7,13,1,2,3,6,0,1,0,0,0,0,0,0,646570.2878,5328314.3328,10.968381737,48.091231361,1,#66c2a5,bicycle
9,1,62,0,2018,7,13,5,3,4,7,0,0,1,0,0,0,0,0,692042.5057,5341273.4633,11.584333386,48.195629024,2,#fc8d62,car
9,1,74,115,2018,7,8,2,3,5,3,0,0,1,0,0,0,0,0,682414.5124,5350682.7817,11.458947775,48.283043599,2,#fc8d62,car
9,1,62,0,2018,7,16,5,2,5,2,0,0,1,0,0,0,1,0,689111.1307,5329693.1135,11.539782873,48.092423456,2,#fc8d62,car
9,1,81,130,2018,7,5,2,3,8,1,0,0,1,0,0,0,0,1,642283.7438,5324455.2243,10.909563929,48.057501454,2,#fc8d62,car
9,1,88,145,2018,7,22,3,3,3,6,2,0,1,0,0,0,0,0,662966.0806,5328025.4592,11.188302473,48.084652942,2,#fc8d62,car
9,7,62,0,2018,7,16,5,3,2,6,0,0,1,0,0,0,0,0,623280.4413,5306066.4959,10.649365437,47.896077911,2,#fc8d62,car
9,1,75,124,2018,7,16,1,3,2,6,0,0,1,0,0,0,0,0,712911864.0,5329360.6393,11.858874087,48.081930809,2,#fc8d62,car
9,1,77,117,2018,7,10,2,3,2,6,0,0,1,0,0,0,0,0,716023102.0,5352243742.0,11.912228944,48.286496155,2,#fc8d62,car
9,7,72,117,2018,7,7,5,3,2,6,0,0,1,0,0,0,0,0,631593.7612,5362836.8553,10.77809055,48.40494318,2,#fc8d62,car
9,7,61,0,2018,7,17,5,2,5,3,0,0,1,0,1,0,0,0,643354.7893,5361328.0823,10.936399519,48.38881232,2,#fc8d62,car
9,1,79,123,2018,7,12,7,3,1,6,0,0,1,0,0,0,0,0,677380.4335,5332213.4295,11.383432072,48.118452096,2,#fc8d62,car
9,1,74,115,2018,7,7,3,3,5,6,0,0,1,0,1,0,0,0,677772.4895,5351627.3656,11.396828418,48.29285481,2,#fc8d62,car
9,1,85,158,2018,7,17,7,3,0,7,0,1,0,0,0,0,0,0,667123.5003,5380702.2605,11.264961945,48.557125798,1,#66c2a5,bicycle
9,1,62,0,2018,7,10,6,2,5,3,0,0,1,0,0,0,0,0,685232768.0,5328901646.0,11.487404171,48.086448292,2,#fc8d62,car
9,1,87,169,2018,7,7,2,3,9,7,0,0,0,0,0,1,0,0,740152.6939,5298645.5691,12.206959702,47.796338402,5,#a6d854,bus
9,1,81,146,2018,7,17,7,2,8,1,0,0,1,0,0,0,0,0,649739.7103,5325573.4097,11.009958387,48.065849517,2,#fc8d62,car
9,1,87,163,2018,7,17,1,3,8,7,0,1,0,0,0,0,0,0,737378.6479,5307212.5297,12.174670427,47.874329267,1,#66c2a5,bicycle
9,7,73,125,2018,7,16,6,3,5,6,0,0,1,0,0,0,1,0,616867.2235,5380264.8373,10.584064264,48.564575397,2,#fc8d62,car
9,2,74,113,2018,7,12,7,3,4,2,0,1,1,0,0,0,0,0,729342.1688,5381923.4112,12.107743511,48.548434988,1,#66c2a5,bicycle
9,7,72,171,2018,7,14,1,3,8,1,0,0,1,0,0,0,0,1,638636.1183,5370673.4964,10.875788401,48.473898247,2,#fc8d62,car
9,7,61,0,2018,7,17,2,3,4,2,0,1,1,0,0,0,0,0,640200.6339,5360556.8878,10.89356114,48.382587027,1,#66c2a5,bicycle
9,1,74,135,2018,7,15,1,3,8,1,0,0,1,0,0,0,0,1,661635.4196,5354486.7505,11.180526513,48.322888616,2,#fc8d62,car
9,1,79,145,2018,7,12,2,2,2,6,0,0,1,0,1,0,0,0,673186.7351,5335617.6976,11.328514845,48.150209358,2,#fc8d62,car
9,1,79,126,2018,7,19,3,3,0,7,0,1,0,0,0,0,0,1,677208.2182,5339702.8069,11.384238583,48.185823252,1,#66c2a5,bicycle
9,1,84,145,2018,7,18,7,3,4,1,0,0,1,0,0,0,0,0,697052.3523,5324285.9128,11.643827084,48.041420721,2,#fc8d62,car
9,1,74,131,2018,7,12,1,3,5,3,0,0,1,0,1,0,0,0,676347.0017,5358576.6275,11.380533171,48.355719916,2,#fc8d62,car
9,1,78,124,2018,7,15,2,2,4,2,0,0,1,0,0,0,0,0,703742.8305,5364622309.0,11.752869623,48.40180471,2,#fc8d62,car
9,1,62,0,2018,7,6,2,2,3,6,0,0,1,0,0,1,0,1,688869.16,5339026693.0,11.540674447,48.176386672,2,#fc8d62,car
9,7,78,203,2018,7,2,7,3,9,1,2,1,0,0,0,0,0,0,620900725.0,5322512632.0,10.622167237,48.044441255,1,#66c2a5,bicycle
9,1,73,123,2018,7,16,3,3,3,2,0,0,0,0,1,0,1,0,680033.7448,5298916.6506,11.40510646,47.818394206,4,#e78ac3,marker
9,1,77,115,2018,7,7,2,3,9,1,0,0,1,0,0,0,0,1,730500.6247,5349161.2307,12.105433331,48.253699517,2,#fc8d62,car
9,1,86,152,2018,7,20,7,3,2,1,0,0,1,0,0,1,0,0,691073.8297,5375917215.0,11.587035116,48.507282234,2,#fc8d62,car
9,1,62,0,2018,7,13,6,3,2,6,0,0,1,0,1,0,0,0,685989.8142,5335266.6794,11.500336118,48.143439585,2,#fc8d62,car
9,2,74,126,2018,7,14,5,3,5,3,0,0,1,0,0,1,0,0,732958576.0,5385584.2192,12.158720464,48.579986262,2,#fc8d62,car
9,2,74,146,2018,7,13,5,2,5,3,0,0,1,0,1,0,0,0,733345.4717,5373544.4516,12.157221919,48.4716932,2,#fc8d62,car
9,1,83,140,2018,7,12,3,2,5,6,0,0,0,0,1,0,1,0,740772.1502,5340984.7974,12.238951538,48.176437153,4,#e78ac3,marker
9,2,74,146,2018,7,14,7,3,2,6,0,1,0,0,0,0,0,0,737249.7221,5375880.0153,12.211287104,48.491211615,1,#66c2a5,bicycle
9,1,62,0,2018,7,9,5,1,8,1,0,0,0,0,1,0,0,0,686019.7498,5330548.8694,11.498679465,48.101025164,4,#e78ac3,marker
9,7,72,159,2018,7,8,2,3,4,6,0,0,1,0,0,0,0,0,625921.8583,5360581772.0,10.700811679,48.385822731,2,#fc8d62,car
9,1,88,121,2018,7,17,7,3,2,6,0,0,1,0,0,0,0,1,669891.7938,5329133.4401,11.281666598,48.092805546,2,#fc8d62,car
9,1,73,126,2018,7,9,5,3,4,2,0,0,1,0,0,0,0,0,685636.3831,5303800.9517,11.481976282,47.860707263,2,#fc8d62,car
9,1,87,122,2018,7,12,1,3,2,6,0,0,1,0,0,0,0,0,716499.4222,5308566.3693,11.896499842,47.893872688,2,#fc8d62,car
9,1,84,130,2018,7,18,6,3,5,3,0,1,0,0,0,0,0,0,698861.4467,5346021.8352,11.678220588,48.236204199,1,#66c2a5,bicycle
9,1,82,120,2018,7,8,2,3,9,7,0,0,1,0,0,0,0,1,698904.2913,5305034.4881,11.659745975,47.867823922,2,#fc8d62,car
9,1,63,0,2018,7,18,3,3,2,6,0,0,1,0,0,0,0,0,732710206.0,5305593.1329,12.111459741,47.861488801,2,#fc8d62,car
9,7,71,130,2018,7,11,1,3,0,6,0,0,1,0,1,0,1,0,648303.1617,5353740.7068,11.000525697,48.319449129,2,#fc8d62,car
9,1,81,130,2018,7,16,1,2,5,3,0,1,1,0,0,0,0,1,641886.1513,5324138.8466,10.904126035,48.054745085,1,#66c2a5,bicycle
9,1,88,120,2018,7,16,2,3,5,3,0,1,1,0,0,0,0,1,678004.0653,5326795.2818,11.389545167,48.069573262,1,#66c2a5,bicycle
9,1,63,0,2018,7,13,5,3,0,1,0,1,0,0,0,0,0,0,733241.6892,5303181.7082,12.117255254,47.839631666,1,#66c2a5,bicycle
9,1,88,121,2018,7,16,3,3,4,6,0,0,1,0,0,0,0,0,672902.0064,5330859.7251,11.322759325,48.107514666,2,#fc8d62,car
9,1,82,137,2018,7,20,7,2,3,6,0,0,1,0,0,1,0,0,708558.7066,5305395708.0,11.788864506,47.868008438,2,#fc8d62,car
9,1,62,0,2018,7,10,2,3,2,6,0,0,1,0,0,0,0,0,684288.8277,5342563.9342,11.480655392,48.20952579,2,#fc8d62,car
9,1,85,158,2018,7,12,5,3,3,3,0,1,1,0,0,0,0,0,667363.7377,5380521.0387,11.268142276,48.555432675,1,#66c2a5,bicycle
9,1,74,150,2018,7,17,1,3,9,1,0,0,1,0,0,0,0,1,683721.9928,5360980.3933,11.481043955,48.37522295,2,#fc8d62,car
9,1,86,125,2018,7,17,5,3,5,3,0,0,1,0,0,0,1,0,673369.5023,5377990.9114,11.348410447,48.531058397,2,#fc8d62,car
9,1,78,133,2018,7,11,2,2,8,1,0,0,1,0,0,0,0,0,688198.8879,5366827.4638,11.544061139,48.426455442,2,#fc8d62,car
9,1,62,0,2018,7,11,2,2,5,3,0,1,1,0,0,0,0,0,681133016.0,5335219963.0,11.435086334,48.144420989,1,#66c2a5,bicycle
9,1,87,165,2018,7,1,7,3,0,1,2,0,0,0,1,0,0,0,733625892.0,5299503234.0,12.120399106,47.806444429,4,#e78ac3,marker
9,1,74,135,2018,7,16,5,3,0,6,0,0,1,0,1,0,1,0,662180.5941,5354132901.0,11.187739474,48.319567848,2,#fc8d62,car
9,1,62,0,2018,7,17,7,2,5,7,0,1,1,0,0,0,0,0,688697.4668,5337834.0979,11.537837876,48.165718536,1,#66c2a5,bicycle
9,1,74,113,2018,7,15,5,3,2,6,0,0,1,0,0,0,1,0,670555.7107,5347813596.0,11.298071996,48.260556984,2,#fc8d62,car
9,1,62,0,2018,7,21,1,3,0,7,2,0,0,0,1,0,0,0,688508.9586,5328582.4354,11.531213616,48.082618783,4,#e78ac3,marker
9,1,74,146,2018,7,16,5,3,2,6,0,0,1,0,0,0,0,0,666145.1416,5351230.0598,11.240034533,48.292442506,2,#fc8d62,car
9,1,88,120,2018,7,15,5,2,5,2,0,1,0,0,1,0,0,0,676543.0234,5326632.9903,11.369882431,48.06852043,1,#66c2a5,bicycle
9,7,78,204,2018,7,6,2,3,5,3,0,0,1,0,1,0,0,1,616053.9282,5328953.5848,10.558910695,48.10326914,2,#fc8d62,car
9,1,74,147,2018,7,19,5,3,0,1,0,1,0,0,0,0,0,0,670564.8758,5365335.7752,11.305290083,48.418068137,1,#66c2a5,bicycle
9,1,62,0,2018,7,13,6,3,2,6,0,0,1,0,0,0,0,0,687326762.0,5335084.8659,11.518211322,48.141413156,2,#fc8d62,car
9,1,78,145,2018,7,7,5,3,9,1,0,0,1,0,0,0,0,0,698153.0094,5356712.4381,11.67370355,48.332501877,2,#fc8d62,car
9,1,75,127,2018,7,15,5,2,5,3,0,1,1,0,0,0,0,0,712863.6294,5341697.6401,11.864392125,48.19280399,1,#66c2a5,bicycle
9,1,78,120,2018,7,22,5,1,8,1,2,0,0,0,1,0,0,0,694000227.0,5354160915.0,11.616557096,48.310858928,4,#e78ac3,marker
9,2,61,0,2018,7,15,7,3,2,6,0,0,1,0,0,0,0,0,732698.5443,5382970.0912,12.153738284,48.556601085,2,#fc8d62,car
9,7,61,0,2018,7,15,1,3,2,6,0,0,1,0,0,0,0,1,640973.4846,5363878.2109,10.905108446,48.412278758,2,#fc8d62,car
9,2,61,0,2018,7,21,5,3,5,3,0,1,1,0,0,0,0,0,731866308.0,5379839596.0,12.140734753,48.528788703,1,#66c2a5,bicycle
9,7,61,0,2018,7,18,7,3,1,1,0,0,1,0,0,0,0,0,641447.2812,5354482.6865,10.908347298,48.327691788,2,#fc8d62,car
9,1,79,142,2018,7,23,6,3,9,1,2,0,1,0,0,0,0,1,677543.6588,5342285.3589,11.389827711,48.208944267,2,#fc8d62,car
9,1,62,0,2018,7,15,5,3,1,6,0,0,1,0,0,0,0,0,687086.0913,5331389.0143,11.513357032,48.108264476,2,#fc8d62,car
9,7,61,0,2018,7,11,5,3,0,1,0,1,0,0,0,0,0,0,639435.9865,5360888.8155,10.883349715,48.3857411,1,#66c2a5,bicycle
9,1,81,130,2018,7,22,1,3,5,3,2,1,0,0,0,0,1,1,639499615.0,5323156758.0,10.871796183,48.046440047,1,#66c2a5,bicycle
9,1,73,118,2018,7,6,6,3,4,2,0,0,1,0,1,0,0,0,694188432.0,5306816.81,11.597554482,47.885286582,2,#fc8d62,car
9,1,82,120,2018,7,17,5,3,2,6,0,0,1,0,0,0,0,0,703317.6042,5306342.3238,11.719308101,47.878196135,2,#fc8d62,car
9,1,75,115,2018,7,12,6,2,5,3,0,0,1,0,1,0,0,0,720979443.0,5329456041.0,11.967103027,48.080043306,2,#fc8d62,car
9,1,87,129,2018,7,18,5,3,5,3,0,0,1,0,1,0,0,0,723459.5351,5298223789.0,11.984148878,47.798557293,2,#fc8d62,car
9,1,86,152,2018,7,10,6,3,2,6,0,0,1,0,0,0,0,0,691522.7514,5373815.3148,11.592142913,48.488255365,2,#fc8d62,car
9,1,86,152,2018,7,17,5,3,8,7,0,0,1,0,0,0,0,0,694380.2647,5376187.1344,11.631879363,48.508693597,2,#fc8d62,car
9,7,72,147,2018,7,23,6,3,5,3,2,1,1,0,0,0,0,0,639147633.0,5365189.1381,10.880882834,48.424471987,1,#66c2a5,bicycle
9,1,74,113,2018,7,19,7,3,8,1,0,0,1,0,0,0,0,1,670792.9669,5347491.6872,11.301136173,48.257599269,2,#fc8d62,car
9,1,78,120,2018,7,12,1,3,8,1,0,0,1,0,0,0,0,1,694289.2129,5354886.3113,11.620784607,48.317289562,2,#fc8d62,car
9,1,62,0,2018,7,11,5,3,2,6,0,0,1,0,0,0,0,0,678385.2171,5334291.6558,11.397790887,48.13685279,2,#fc8d62,car
9,1,79,123,2018,7,18,5,3,2,6,0,0,1,0,1,0,0,0,675559.8284,5331586.1436,11.358732254,48.113317758,2,#fc8d62,car
9,1,79,121,2018,7,9,2,2,5,2,0,0,1,0,1,0,0,0,668060.0828,5338418.9218,11.260749821,48.176767449,2,#fc8d62,car
9,1,88,139,2018,7,11,5,3,5,3,0,1,1,0,0,0,0,0,675294.7721,5319451.0461,11.350201198,48.004302303,1,#66c2a5,bicycle
9,1,62,0,2018,7,19,5,3,4,2,0,1,1,0,0,0,0,0,684467.4445,5335409.2368,11.479952019,48.145164194,1,#66c2a5,bicycle
9,1,81,130,2018,7,12,5,3,0,4,0,0,1,1,0,0,0,0,639847.6253,5323463.4967,10.876563402,48.049122175,2,#fc8d62,car
9,1,62,0,2018,7,4,6,2,4,2,1,1,1,0,0,0,0,0,694998831.0,5333014.1804,11.620288723,48.120497825,1,#66c2a5,bicycle
9,1,88,124,2018,7,14,5,3,1,7,0,0,1,0,0,0,0,0,662294.2493,5318214.4872,11.175569066,47.996617633,2,#fc8d62,car
9,1,90,157,2018,7,14,2,3,0,6,0,0,1,0,0,0,1,0,656442.0036,5302397.6156,11.091430937,47.855862254,2,#fc8d62,car
9,7,61,0,2018,7,23,6,3,4,2,2,0,1,0,0,0,0,1,640990.3507,5360401.8613,10.904168999,48.381017088,2,#fc8d62,car
9,1,84,130,2018,7,15,7,3,2,6,0,0,1,0,0,0,0,0,697276.8748,5342517.0193,11.655273228,48.205200752,2,#fc8d62,car
9,1,88,121,2018,7,12,5,3,1,5,0,1,1,0,0,0,0,0,670989.4927,5331185.7383,11.297218897,48.110961712,1,#66c2a5,bicycle
9,1,79,130,2018,7,9,5,2,8,1,0,0,0,0,1,0,0,0,658027.0077,5336182.9003,11.125052938,48.159238455,4,#e78ac3,marker
9,1,74,141,2018,7,7,5,3,5,3,0,0,1,0,0,0,0,0,683067.3825,5355706702.0,11.469919159,48.328011887,2,#fc8d62,car
9,1,87,182,2018,7,8,6,3,5,3,0,0,1,0,1,0,0,0,737665.2593,5327676.25,12.189807863,48.05805567,2,#fc8d62,car
9,1,84,135,2018,7,17,5,3,2,6,0,0,1,0,0,1,0,0,692690.9674,5344982.6844,11.594735357,48.228769684,2,#fc8d62,car
9,1,62,0,2018,7,14,5,3,2,6,0,0,1,0,0,0,0,0,689385.4566,5339032.6158,11.547615211,48.176286253,2,#fc8d62,car
9,1,84,119,2018,7,16,5,3,2,6,0,0,1,0,0,0,0,0,695793.8169,5345950.3254,11.63691919,48.236516038,2,#fc8d62,car
9,1,78,145,2018,7,15,5,2,2,3,0,0,1,0,0,0,0,0,699393.6695,5354787.2798,11.689514438,48.314810789,2,#fc8d62,car
9,1,78,115,2018,7,22,5,3,4,6,2,0,1,0,0,0,0,0,703586.2602,5376530.5458,11.756547801,48.508863529,2,#fc8d62,car
9,7,72,217,2018,7,14,7,2,8,1,0,0,0,0,1,0,0,1,636356.5852,5379973.0258,10.848002135,48.558015235,4,#e78ac3,marker
9,1,77,117,2018,7,9,5,3,5,3,0,1,1,0,0,0,0,0,716422777.0,5354286.2822,11.918656463,48.304711964,1,#66c2a5,bicycle
9,1,77,117,2018,7,19,5,3,0,1,0,1,0,0,0,0,0,0,717886.9045,5351425.5829,11.936899098,48.278506389,1,#66c2a5,bicycle
9,1,77,133,2018,7,16,5,2,4,6,0,0,1,0,0,0,0,0,713090.3349,5357052.1367,11.875171976,48.33069528,2,#fc8d62,car
9,1,75,137,2018,7,11,5,3,2,6,0,0,1,0,0,0,1,0,727885.6734,5330086.6534,12.060034678,48.08327841,2,#fc8d62,car
9,7,72,159,2018,7,5,1,3,8,1,1,0,1,0,0,0,0,1,628231.1243,5363219.5545,10.732793549,48.409077613,2,#fc8d62,car