ULAND,UREGBEZ,UKREIS,UGEMEINDE,UJAHR,UMONAT,USTUNDE,UWOCHENTAG,UKATEGORIE,UART,UTYP1,ULICHTVERH,IstRad,IstPKW,IstFuss,IstKrad,IstGkfz,IstSonstig,STRZUSTAND,LINREFX,LINREFY,XGCSWGS84,YGCSWGS84,Teilnehmer,color,symbol
9,1,62,0,2018,7,10,4,2,2,6,0,0,1,0,1,0,0,0,692650.3144,5339128.8246,11.591531497,48.176169614,2,#fc8d62,car
9,7,77,155,2018,7,10,2,3,5,3,0,0,1,0,0,0,0,0,630780848.0,5311746501.0,10.751389891,47.945673915,2,#fc8d62,car
9,1,62,0,2018,7,16,4,2,0,7,0,1,0,0,0,0,0,0,685654138.0,5331790.8576,11.494313713,48.112295393,1,#66c2a5,bicycle
9,1,88,121,2018,7,17,6,3,2,6,0,0,1,0,0,0,0,0,670816.1663,5331354.6461,11.294959866,48.112526666,2,#fc8d62,car
9,1,86,128,2018,7,17,7,3,8,1,0,0,1,0,0,0,0,0,678166.3644,5385719.0556,11.416637055,48.599177974,2,#fc8d62,car
9,1,62,0,2018,7,5,1,2,0,6,1,0,1,0,0,0,0,1,694864.4669,5342776.9575,11.622958018,48.208281979,2,#fc8d62,car
9,1,81,146,2018,7,9,1,3,2,6,0,0,1,0,0,0,1,0,650985703.0,5325936.4952,11.026800793,48.068820472,2,#fc8d62,car
9,2,61,0,2018,7,9,6,3,2,6,0,0,1,0,0,0,0,0,736711913.0,5381632826.0,12.207283003,48.543087702,2,#fc8d62,car
9,1,87,122,2018,7,17,2,3,0,6,0,0,1,0,0,0,0,0,716938.4344,5306116.8668,11.901135218,47.871713667,2,#fc8d62,car
9,1,78,150,2018,7,10,6,3,2,6,0,0,1,0,1,0,0,0,691407.1552,5370943.4452,11.589265486,48.462480397,2,#fc8d62,car
9,7,71,122,2018,7,19,6,3,0,1,0,1,0,0,0,0,0,0,655041.9665,5361263703.0,11.09413759,48.385469052,1,#66c2a5,bicycle
9,1,79,113,2018,7,16,7,3,1,6,0,0,1,0,0,0,0,1,670378.2972,5336406.2094,11.291102369,48.158056394,2,#fc8d62,car
9,1,62,0,2018,7,16,7,3,4,6,0,0,1,0,0,0,0,1,688047.3257,5340308.6963,11.530197683,48.188153192,2,#fc8d62,car
9,7,72,147,2018,7,17,4,3,1,7,0,0,1,0,0,0,0,0,638134.8123,5364058.13,10.866827419,48.414525164,2,#fc8d62,car
9,1,77,130,2018,7,11,2,3,2,6,0,0,1,0,0,0,0,0,707657.3786,5350952.0362,11.798957745,48.277688264,2,#fc8d62,car
9,7,72,147,2018,7,18,4,3,2,6,0,0,1,0,0,0,0,0,633290561.0,5364550.8461,10.801550491,48.419999023,2,#fc8d62,car
9,7,72,209,2018,7,20,4,3,0,1,0,1,0,0,0,0,0,0,635034.2133,5335737.0954,10.815892863,48.160529167,1,#66c2a5,bicycle
9,1,73,126,2018,7,15,6,3,2,6,0,0,1,0,0,0,0,0,685609.8821,5303804.3456,11.481623762,47.860745427,2,#fc8d62,car
9,7,71,122,2018,7,10,4,3,4,6,0,0,1,0,0,0,1,0,653668.6058,5362676.1517,11.076117207,48.398503951,2,#fc8d62,car
9,1,84,130,2018,7,14,5,3,3,6,0,0,1,0,0,0,0,0,699525.6099,5346098.9559,11.687191509,48.236688668,2,#fc8d62,car
9,7,71,130,2018,7,18,4,3,3,6,0,0,1,0,1,0,0,0,644993.0318,5360908.81,10.958370412,48.384668033,2,#fc8d62,car
9,1,78,145,2018,7,6,7,3,2,6,1,0,1,0,0,1,0,0,693990.7399,5355535.7253,11.617061573,48.323217664,2,#fc8d62,car
9,7,61,0,2018,7,13,4,3,6,4,0,1,0,1,0,0,0,0,639214.3766,5360875.0953,10.880353582,48.38566668,1,#66c2a5,bicycle
9,1,62,0,2018,7,14,5,3,3,6,0,0,0,0,0,0,1,0,687337.2698,5332063.1219,11.51702411,48.114249751,6,#ffd92f,circle
9,2,74,146,2018,7,2,1,1,4,6,2,0,1,0,0,0,0,1,733461.7796,5373329.0913,12.158672915,48.469715516,2,#fc8d62,car
9,1,90,111,2018,7,18,2,3,4,6,0,0,1,0,0,0,0,0,637566.7383,5296148.6752,10.837250998,47.803985281,2,#fc8d62,car
9,7,71,130,2018,7,7,2,3,2,6,0,0,1,0,0,0,0,1,645028.5722,5362990.9049,10.959569164,48.403380606,2,#fc8d62,car
9,7,62,0,2018,7,14,5,3,0,7,0,0,0,0,1,0,1,0,620638.9779,5305149.8279,10.613783806,47.888335691,4,#e78ac3,marker
9,2,61,0,2018,7,14,7,3,0,2,0,0,1,0,1,0,0,0,732331.8134,5382627.1451,12.148584494,48.553656452,2,#fc8d62,car
9,1,87,177,2018,7,10,1,3,5,3,0,0,1,0,0,0,0,1,736052.6083,5304256.8309,12.155350706,47.848264728,2,#fc8d62,car
9,7,61,0,2018,7,14,7,3,5,3,0,0,1,0,0,0,0,1,642847057.0,5360049501.0,10.929110618,48.377431182,2,#fc8d62,car
9,7,72,115,2018,7,12,5,3,0,7,0,1,0,0,0,0,0,0,618734.3645,5370889.9576,10.606692627,48.479917906,1,#66c2a5,bicycle
9,1,88,139,2018,7,13,1,3,0,1,0,0,0,0,1,0,0,1,674414.0606,5319492.8922,11.338420601,48.004919373,4,#e78ac3,marker
9,1,75,137,2018,7,18,6,3,2,6,0,0,1,0,0,0,1,0,725707.5486,5330383.7607,12.030986547,48.086722484,2,#fc8d62,car
9,7,61,0,2018,7,8,6,3,2,1,0,0,1,0,0,0,0,0,644399078.0,5357610119.0,10.949220222,48.355144458,2,#fc8d62,car
9,1,74,113,2018,7,14,7,3,5,6,0,0,1,0,0,0,0,1,674450.9353,5344984.0347,11.349345128,48.23406093,2,#fc8d62,car
9,1,81,114,2018,7,13,6,3,0,7,0,0,0,0,0,0,1,0,656174.2795,5316590.9296,11.09299754,47.983543976,6,#ffd92f,circle
9,7,72,162,2018,7,22,6,3,6,4,2,0,1,1,0,0,0,0,635959.0557,5335583.4202,10.828274154,48.158950157,2,#fc8d62,car
9,1,78,124,2018,7,10,1,3,8,1,0,0,1,0,0,0,0,1,705466.7943,5362995.4288,11.775338825,48.386626163,2,#fc8d62,car
9,1,84,142,2018,7,8,5,3,2,2,0,0,1,0,1,0,0,0,683486.7522,5318365.4618,11.459465609,47.992245481,2,#fc8d62,car
9,1,84,137,2018,7,14,6,3,2,2,0,0,1,0,0,0,0,0,706310.6818,5316867.5709,11.764330948,47.971830256,2,#fc8d62,car
9,1,73,123,2018,7,16,2,3,8,1,0,0,1,0,0,0,0,0,679952.9548,5296946.0253,11.403210284,47.800701751,2,#fc8d62,car
9,1,87,129,2018,7,14,6,3,2,6,0,0,1,0,0,0,0,0,725078.7451,5300762.0115,12.007059079,47.820799564,2,#fc8d62,car
9,1,62,0,2018,7,10,5,3,2,6,0,0,1,0,0,0,0,0,689043.7695,5339050.8981,11.543031666,48.17655231,2,#fc8d62,car
9,7,72,159,2018,7,12,7,3,8,1,0,0,1,0,0,0,1,1,626779.7775,5361038.4855,10.712531958,48.389757899,2,#fc8d62,car
9,2,61,0,2018,7,13,7,3,2,6,0,0,1,0,0,0,0,0,732242.3983,5381570.3089,12.146785388,48.54419628,2,#fc8d62,car
9,7,78,137,2018,7,18,5,2,5,3,0,1,1,0,0,0,0,0,622802.7537,5329184.5463,10.649593831,48.104080971,1,#66c2a5,bicycle
9,1,74,135,2018,7,12,6,2,8,7,0,0,0,0,0,0,1,0,662330.3879,5354032.6257,11.189719989,48.318627923,6,#ffd92f,circle
9,2,74,126,2018,7,18,4,2,4,2,0,0,1,0,0,0,0,0,731900795.0,5383988756.0,12.143510973,48.566046966,2,#fc8d62,car
9,2,61,0,2018,7,11,4,2,5,3,0,0,1,0,0,0,0,0,726676951.0,5380086678.0,12.070683235,48.532903533,2,#fc8d62,car
9,1,79,121,2018,7,16,1,2,0,3,0,0,1,0,0,0,0,1,667366119.0,5339228.51,11.251740971,48.184228764,2,#fc8d62,car
9,1,73,120,2018,7,18,4,2,4,6,0,0,1,0,0,0,0,0,686503.8938,5315326.7863,11.498548974,47.964059199,2,#fc8d62,car
9,1,73,118,2018,7,15,6,3,8,7,0,0,1,0,0,0,0,0,685593493.0,5306862.63,11.482718513,47.888240872,2,#fc8d62,car
9,1,87,122,2018,7,17,2,3,1,6,0,0,1,0,0,0,0,0,716934028.0,5306114726.0,11.901075294,47.871695918,2,#fc8d62,car
9,1,82,133,2018,7,18,4,3,3,7,0,0,1,0,0,0,0,0,703697.5647,5308179.2285,11.725250518,47.894584315,2,#fc8d62,car
9,1,78,120,2018,7,15,6,3,2,6,0,0,1,0,0,0,0,0,695785.4841,5351304.4184,11.639284631,48.284637077,2,#fc8d62,car
9,1,87,177,2018,7,19,4,2,3,6,0,0,1,0,1,0,0,0,735038.2603,5305109.2285,12.142275938,47.856294196,2,#fc8d62,car
9,7,71,163,2018,7,15,6,2,0,6,0,0,1,0,1,0,0,0,648767.7768,5354649.8897,11.007109923,48.32751458,2,#fc8d62,car
9,1,79,126,2018,7,18,7,3,3,7,0,1,1,0,0,0,0,1,676296.0746,5340428.7518,11.372278465,48.192602686,1,#66c2a5,bicycle
9,1,82,127,2018,7,14,4,2,2,6,0,0,1,0,0,0,0,0,700083.9596,5308320.5675,11.677025039,47.896991366,2,#fc8d62,car
9,1,77,116,2018,7,15,1,3,0,3,0,0,1,0,1,0,0,1,713613.8805,5366395.8938,11.886972843,48.414473982,2,#fc8d62,car
9,1,86,152,2018,7,8,4,3,2,6,0,0,1,0,0,0,0,0,691027.8677,5381249.3658,11.588856848,48.555217141,2,#fc8d62,car
9,1,78,132,2018,7,17,2,2,0,1,0,1,0,0,0,0,0,0,712696.16,5383252915.0,11.88316709,48.56624548,1,#66c2a5,bicycle
9,1,62,0,2018,7,13,5,3,2,3,0,0,1,0,1,0,0,0,697391.0407,5331303.3461,11.651606719,48.104384857,2,#fc8d62,car
9,1,84,130,2018,7,15,5,3,2,6,0,0,1,0,0,0,1,0,698502598.0,5346207645.0,11.673480226,48.237986496,2,#fc8d62,car
9,1,84,119,2018,7,8,7,3,1,6,0,0,1,0,0,0,0,1,696279.1599,5347587.6543,11.644207361,48.251081035,2,#fc8d62,car
9,1,85,158,2018,7,16,4,3,5,3,0,0,1,0,0,0,0,0,666815.2695,5381902.1142,11.261268986,48.567993704,2,#fc8d62,car
9,1,62,0,2018,7,17,4,3,2,6,0,0,1,0,0,0,0,0,678066.8652,5335300.9628,11.39393764,48.146014718,2,#fc8d62,car
9,1,88,113,2018,7,16,4,3,1,5,0,0,1,0,0,0,0,0,676153967.0,5318134.9815,11.361170248,47.99223532,2,#fc8d62,car
9,1,87,167,2018,7,5,6,3,5,6,0,1,1,0,0,0,0,0,740198.5542,5303398.1409,12.21020455,47.839015307,1,#66c2a5,bicycle
9,1,88,139,2018,7,8,4,3,5,3,0,1,1,1,0,0,0,0,675533.9825,5319039.7727,11.353237271,48.000539489,1,#66c2a5,bicycle
9,1,62,0,2018,7,17,5,3,5,2,0,1,0,0,1,0,0,0,695261.9332,5334023.9551,11.624282885,48.129492592,1,#66c2a5,bicycle
9,1,79,117,2018,7,18,4,3,5,3,0,0,1,0,1,0,0,0,660609.2601,5350066.1094,11.165011372,48.283407366,2,#fc8d62,car
9,1,81,146,2018,7,8,4,3,5,2,0,0,1,0,0,0,0,0,649376.2807,5325498.0086,11.005056824,48.065256753,2,#fc8d62,car
9,1,79,145,2018,7,15,4,2,8,7,0,1,1,0,0,0,0,0,673865.0919,5336668321.0,11.338056843,48.159468811,1,#66c2a5,bicycle
9,7,61,0,2018,7,18,7,2,0,6,0,1,0,0,0,0,0,1,642082.0851,5362162.8862,10.919500646,48.39660646,1,#66c2a5,bicycle
9,1,79,123,2018,7,8,4,3,1,6,0,0,1,0,1,0,0,0,676230.8695,5334875.2687,11.369100247,48.142699325,2,#fc8d62,car
9,1,62,0,2018,7,17,6,3,5,3,0,0,1,0,0,0,0,0,694984884.0,5332997.2736,11.620093782,48.120350145,2,#fc8d62,car
9,1,79,121,2018,7,11,4,2,9,1,0,1,0,0,0,0,0,0,665774.5538,5338590.3017,11.230095993,48.178908535,1,#66c2a5,bicycle
9,1,90,159,2018,7,14,2,2,5,3,0,0,1,0,0,0,0,1,661970051.0,5303949217.0,11.165861547,47.868443055,2,#fc8d62,car
9,1,74,126,2018,7,6,4,3,4,1,0,0,1,0,0,0,0,0,683842.4598,5343804.1432,11.475190367,48.22080278,2,#fc8d62,car
9,1,87,129,2018,7,9,6,2,0,7,0,1,0,0,0,0,0,0,722803.6558,5301143.9867,11.976902828,47.825023488,1,#66c2a5,bicycle
9,1,78,113,2018,7,14,4,3,5,3,0,0,1,0,0,0,0,0,691668406.0,5367280.5215,11.59111955,48.429481182,2,#fc8d62,car
9,7,73,182,2018,7,18,2,3,2,6,0,0,1,0,0,1,0,0,624830177.0,5379632.6758,10.691760155,48.557355592,2,#fc8d62,car
9,1,62,0,2018,7,17,3,3,5,3,0,0,1,0,1,0,0,1,689822.5759,5339779.2432,11.553822791,48.182866492,2,#fc8d62,car
9,1,82,137,2018,7,16,1,3,2,6,0,0,1,0,0,0,0,1,711053.0355,5305192.6414,11.822078147,47.865368964,2,#fc8d62,car
9,1,62,0,2018,7,21,3,2,5,2,2,0,1,0,0,0,0,1,678168.4428,5334370.2082,11.394912584,48.137619636,2,#fc8d62,car
9,1,84,139,2018,7,8,3,3,5,2,0,1,1,0,0,0,0,0,687462.0828,5326610375.0,11.516305803,48.065201822,1,#66c2a5,bicycle
9,1,63,0,2018,7,19,2,3,4,2,0,0,1,0,0,0,0,0,734560988.0,5304277.5987,12.135454214,47.848997249,2,#fc8d62,car
9,1,62,0,2018,7,8,3,3,5,5,0,1,1,0,0,0,0,0,684603.7299,5332077.7767,11.480339138,48.115179708,1,#66c2a5,bicycle
9,1,81,114,2018,7,22,6,3,8,1,2,0,1,0,0,0,0,1,650600.4586,5315622.5282,11.018008341,47.976172958,2,#fc8d62,car
9,1,84,141,2018,7,8,3,2,4,6,0,0,1,0,0,0,0,0,696533.7558,5316194.4356,11.633170168,47.968857167,2,#fc8d62,car
9,7,72,130,2018,7,16,6,3,8,1,0,0,0,0,1,0,0,0,630548.0921,5356056.8517,10.761863084,48.344192553,4,#e78ac3,marker
9,1,62,0,2018,7,18,3,3,0,7,0,1,0,0,0,0,1,1,686219602.0,5335256157.0,11.50341759,48.143277788,1,#66c2a5,bicycle
9,7,73,139,2018,7,16,5,2,5,3,0,0,1,0,1,0,0,0,616442.7906,5385078.7928,10.579662566,48.607945542,2,#fc8d62,car
9,1,84,132,2018,7,22,3,3,2,7,2,0,1,0,0,0,1,1,680241.3311,5327258.5522,11.419746207,48.073109347,2,#fc8d62,car
9,1,62,0,2018,7,19,1,3,2,6,0,0,1,0,0,0,0,1,686686.9614,5333269.0836,11.50882346,48.125280335,2,#fc8d62,car
9,1,62,0,2018,7,14,3,3,2,3,0,0,1,0,0,0,1,0,693687.8982,5337048.2508,11.60452656,48.157154833,2,#fc8d62,car
9,1,62,0,2018,7,13,3,3,5,7,0,0,1,0,0,0,1,0,685472.5763,5335316.2763,11.493411124,48.144036381,2,#fc8d62,car
9,2,74,126,2018,7,17,6,3,5,3,0,1,1,0,0,0,0,0,734335.4006,5384365.5175,12.176672646,48.568526038,1,#66c2a5,bicycle
9,1,87,179,2018,7,6,2,3,5,3,0,1,0,0,0,0,0,0,725351.2637,5315731.3694,12.018506831,47.955202309,1,#66c2a5,bicycle
9,1,62,0,2018,7,17,3,3,2,6,0,0,1,0,1,0,0,1,684597.2597,5342855.3823,11.484929867,48.212055815,2,#fc8d62,car
9,1,77,118,2018,7,13,6,3,5,3,0,1,1,0,0,0,0,0,708312.7216,5344906.3228,11.804805143,48.223146317,1,#66c2a5,bicycle
9,1,62,0,2018,7,13,3,3,5,3,0,1,1,0,0,0,0,0,694806.1398,5332350.8813,11.61739922,48.114595338,1,#66c2a5,bicycle
9,7,61,0,2018,7,15,6,3,1,2,0,0,1,0,0,1,0,0,644299.3537,5357607.6079,10.947874007,48.355144676,2,#fc8d62,car
9,1,88,120,2018,7,12,7,3,5,2,0,0,1,0,0,0,0,1,676553.2935,5325345.1055,11.369488493,48.056940297,2,#fc8d62,car
9,1,62,0,2018,7,10,1,3,2,6,0,0,1,0,0,0,0,0,692833.4097,5339063.4602,11.593962224,48.175526609,2,#fc8d62,car
9,7,73,122,2018,7,7,3,3,2,6,0,0,1,0,0,0,0,0,625887.3043,5381308.4248,10.706587324,48.572213081,2,#fc8d62,car
9,1,86,143,2018,7,18,2,3,5,3,0,0,1,0,1,0,0,1,684672391.0,5377295953.0,11.501060832,48.521588598,2,#fc8d62,car
9,1,84,147,2018,7,13,5,3,4,6,0,1,0,0,0,0,0,0,695708.2598,5340013.6679,11.633029741,48.18318771,1,#66c2a5,bicycle
9,7,72,147,2018,7,18,3,3,8,1,0,0,1,0,0,0,0,1,638140.1723,5364057.6903,10.866899672,48.414520035,2,#fc8d62,car
9,1,77,117,2018,7,15,7,2,8,1,0,0,1,0,0,0,0,0,717707705.0,5357768827.0,11.937758935,48.335561295,2,#fc8d62,car
9,7,72,147,2018,7,18,3,3,8,1,0,0,1,0,0,0,0,1,638368749.0,5368227.9296,10.871364021,48.451967448,2,#fc8d62,car
9,1,88,113,2018,7,13,2,2,3,1,0,0,1,0,0,1,0,1,680015.1601,5314585769.0,11.411391869,47.959255469,2,#fc8d62,car
9,7,71,145,2018,7,7,3,3,4,6,0,0,1,0,0,0,0,0,643744887.0,5347711.7,10.937022066,48.266291668,2,#fc8d62,car
9,7,72,125,2018,7,16,3,3,2,6,0,0,1,0,0,0,0,0,636588.3808,5348965.5928,10.841043357,48.279150487,2,#fc8d62,car
9,1,82,125,2018,7,7,6,3,5,3,0,1,1,0,0,0,0,0,712572.5799,5296546.7103,11.838128731,47.787172257,1,#66c2a5,bicycle
9,7,61,0,2018,7,16,3,3,8,1,0,0,1,0,0,0,0,0,636904.0726,5359569.6708,10.848740363,48.374434096,2,#fc8d62,car
9,1,82,123,2018,7,12,6,3,2,6,0,0,1,0,0,0,0,0,719947.3915,5300967.0398,11.938702383,47.824416296,2,#fc8d62,car
9,1,62,0,2018,7,18,1,3,2,6,0,0,1,0,0,0,0,1,690313465.0,5331950.2965,11.55692033,48.112353275,2,#fc8d62,car
9,7,61,0,2018,7,8,3,3,2,6,0,0,1,0,0,1,0,0,638125.5957,5362076989.0,10.86605092,48.396713219,2,#fc8d62,car
9,1,62,0,2018,7,8,5,3,6,7,0,0,1,1,0,0,0,0,687693128.0,5333447.7014,11.522410102,48.126589951,2,#fc8d62,car
9,7,61,0,2018,7,17,3,3,2,6,0,0,1,0,0,0,0,0,643315166.0,5360612385.0,10.935620495,48.382386175,2,#fc8d62,car
9,1,90,142,2018,7,20,1,2,9,1,1,0,1,0,0,0,0,1,658019.0314,5296576.6981,11.110375255,47.803138534,2,#fc8d62,car
9,7,61,0,2018,7,19,3,3,0,7,0,1,0,0,0,1,0,1,640206.3145,5360554.7604,10.893637109,48.382566636,1,#66c2a5,bicycle
9,7,71,122,2018,7,16,7,2,4,1,0,0,1,0,0,0,0,0,652891.9001,5362242.1664,11.065472735,48.394790934,2,#fc8d62,car
9,1,86,143,2018,7,11,6,3,2,1,0,0,1,0,0,0,0,0,686856.0732,5381237.3084,11.532372431,48.556365661,2,#fc8d62,car
9,7,71,130,2018,7,17,2,3,2,6,0,0,1,0,0,0,0,0,644490.9053,5362723.1641,10.952216657,48.401096726,2,#fc8d62,car
9,2,74,121,2018,7,12,7,3,8,1,0,0,1,0,0,0,0,1,724801.1354,5370813.5372,12.040320817,48.450270887,2,#fc8d62,car
9,7,72,163,2018,7,10,6,3,8,1,0,0,1,0,0,0,0,0,638638.4019,5348245.0974,10.868423651,48.272226241,2,#fc8d62,car
9,1,62,0,2018,7,14,4,3,5,3,0,0,1,0,0,0,1,0,688647.5291,5335881.9127,11.536301405,48.148186897,2,#fc8d62,car
9,1,79,123,2018,7,8,6,3,5,3,0,0,1,0,0,0,0,0,676494346.0,5334392.7756,11.37243909,48.138289039,2,#fc8d62,car
9,1,88,141,2018,7,15,7,3,1,5,0,1,1,0,0,0,0,0,670234.9535,5308396.3964,11.278045085,47.906287075,1,#66c2a5,bicycle
9,1,73,137,2018,7,5,4,3,3,2,0,0,1,0,0,0,0,0,675756.9299,5305931.6994,11.350871855,47.882640866,2,#fc8d62,car
9,1,85,113,2018,7,7,5,2,0,6,0,0,1,0,0,0,0,0,670835.7407,5379560041.0,11.314761593,48.545858072,2,#fc8d62,car
9,1,73,120,2018,7,17,4,3,2,6,0,0,1,0,0,0,0,0,692401321.0,5313310.2437,11.57657214,47.944189099,2,#fc8d62,car
9,7,71,130,2018,7,15,7,3,4,6,0,0,1,0,0,0,0,0,647639.6296,5358939.6286,10.993403225,48.366348973,2,#fc8d62,car
9,1,87,150,2018,7,17,5,3,1,6,0,0,1,0,0,0,0,0,728971248.0,5304128039.0,12.060766748,47.849668756,2,#fc8d62,car
9,1,83,126,2018,7,10,4,3,8,1,0,0,1,0,0,0,1,0,728937.5056,5335017.9366,12.076783041,48.127204512,2,#fc8d62,car
9,1,75,111,2018,7,22,6,3,2,2,2,0,1,0,0,0,0,0,712320.9618,5338108.2325,11.855306242,48.160732217,2,#fc8d62,car
9,1,84,122,2018,7,11,6,3,0,2,0,1,0,0,0,0,0,0,688403.0141,5324341.4075,11.527924116,48.04453041,1,#66c2a5,bicycle
9,1,79,126,2018,7,19,5,3,3,2,0,0,1,0,1,0,0,0,676430.3898,5340345.7296,11.374049737,48.191819089,2,#fc8d62,car
9,7,72,223,2018,7,18,5,3,5,3,0,0,1,0,0,0,0,0,618210.5679,5365447.1949,10.598070335,48.431070045,2,#fc8d62,car
9,1,84,112,2018,7,17,5,3,3,7,0,0,1,0,0,0,0,0,700431.5156,5341626.1701,11.697264432,48.196206712,2,#fc8d62,car
9,1,84,140,2018,7,13,6,3,5,3,0,0,1,0,1,0,0,0,702268.2303,5328563.9718,11.715750378,48.078236627,2,#fc8d62,car
9,1,79,136,2018,7,19,5,3,8,1,0,0,0,0,1,0,0,0,661319.2001,5343725.1105,11.172157064,48.226219337,4,#e78ac3,marker
9,7,61,0,2018,7,18,4,3,5,3,0,1,1,0,0,0,0,0,642069.56,5364045371.0,10.91996874,48.413535634,1,#66c2a5,bicycle
9,1,87,186,2018,7,18,4,3,4,6,0,0,1,0,1,0,0,0,731877575.0,5333104.1569,12.115195038,48.108947746,2,#fc8d62,car
9,2,61,0,2018,7,9,7,3,4,2,0,0,1,0,1,0,0,0,731661.3709,5379737.4218,12.137906363,48.527946542,2,#fc8d62,car
9,7,78,137,2018,7,12,5,2,6,4,0,0,1,1,0,0,0,0,623064.8433,5329199.8844,10.653117353,48.104168329,2,#fc8d62,car
9,1,62,0,2018,7,14,7,3,3,6,0,0,1,0,1,0,0,0,692061.9533,5340507.1452,11.584248249,48.188735689,2,#fc8d62,car
9,1,78,123,2018,7,12,5,2,8,1,0,0,0,0,1,0,0,0,690991.4837,5357988.8332,11.577754397,48.34617824,4,#e78ac3,marker
9,1,87,150,2018,7,13,4,3,3,6,0,1,0,0,0,1,0,0,728774.8104,5303479.2303,12.057801775,47.843909406,1,#66c2a5,bicycle
9,1,90,148,2018,7,10,1,2,0,1,0,1,0,0,0,0,0,0,639922.2055,5296465.9709,10.868794304,47.806330937,1,#66c2a5,bicycle
9,7,71,113,2018,7,17,6,3,2,6,0,0,1,0,0,0,0,0,657380355.0,5371087247.0,11.129387796,48.473206626,2,#fc8d62,car
9,1,84,138,2018,7,8,4,3,1,6,0,0,1,0,1,0,0,0,681299705.0,5330695.0527,11.435400506,48.103699775,2,#fc8d62,car
9,1,79,142,2018,7,11,4,2,3,7,0,0,1,0,0,0,0,0,675309.9272,5344135.3264,11.360551977,48.226194868,2,#fc8d62,car
9,1,84,145,2018,7,9,4,3,0,6,0,0,1,0,1,0,0,0,696011.2305,5324441.2133,11.629944864,48.043136963,2,#fc8d62,car
9,1,88,137,2018,7,17,4,2,5,3,0,0,1,0,1,0,0,0,672930.3383,5317294.4486,11.317659117,47.985558844,2,#fc8d62,car
9,1,79,142,2018,7,16,4,2,5,3,0,0,1,0,1,0,0,0,672676.3129,5341192.8827,11.323922968,48.200466314,2,#fc8d62,car
9,1,74,126,2018,7,11,4,3,5,3,0,1,1,0,0,0,0,0,683381.2027,5344208.3319,11.469160986,48.224569299,1,#66c2a5,bicycle
9,1,81,130,2018,7,11,6,3,5,2,0,1,1,0,0,0,0,0,639364.5815,5322922.0276,10.869908886,48.044358774,1,#66c2a5,bicycle
9,1,74,126,2018,7,17,4,3,1,3,0,1,1,0,0,0,0,1,683456348.0,5344141452.0,11.470142871,48.223946426,1,#66c2a5,bicycle
9,1,78,145,2018,7,8,4,3,0,1,0,0,1,0,1,0,0,0,698693.6212,5354764898.0,11.680072074,48.314829967,2,#fc8d62,car
9,7,71,130,2018,7,20,7,2,0,7,1,0,0,1,0,1,0,0,647138.4717,5362767.9431,10.987981423,48.400887002,3,#8da0cb,toilet
9,1,77,135,2018,7,10,4,3,4,6,0,0,0,0,0,1,0,0,720200.4145,5343780.3892,11.96406486,48.209016156,5,#a6d854,bus
9,1,84,135,2018,7,7,3,3,2,7,0,0,1,0,0,0,0,0,692113.9174,5344700.5063,11.586845263,48.226408593,2,#fc8d62,car
9,1,84,129,2018,7,19,3,3,4,2,0,0,1,0,1,0,0,0,701607.2087,5325230.3883,11.705314025,48.048486901,2,#fc8d62,car
9,1,62,0,2018,7,12,5,3,5,3,0,1,0,0,1,0,0,0,692104.2955,5340023.3082,11.584598576,48.18437429,1,#66c2a5,bicycle
9,1,84,142,2018,7,16,6,3,2,6,0,0,1,0,1,0,0,0,683483.6019,5318359.8043,11.459421005,47.99219553,2,#fc8d62,car
9,1,62,0,2018,7,19,3,3,0,7,0,0,0,0,1,0,0,0,681759.0883,5335368.2312,11.443558392,48.145575176,4,#e78ac3,marker
9,1,62,0,2018,7,17,3,3,8,1,0,1,0,0,0,0,0,0,697705.8188,5330117366.0,11.655281195,48.093628427,1,#66c2a5,bicycle
9,1,74,115,2018,7,10,6,2,0,1,0,0,0,0,1,0,0,0,683291.4451,5348091.4742,11.469634171,48.259498648,4,#e78ac3,marker
9,1,81,132,2018,7,15,7,3,4,2,0,0,1,0,0,0,0,0,646606.1475,5328363.1653,10.968879791,48.091662202,2,#fc8d62,car
9,1,86,130,2018,7,14,5,3,2,6,0,0,0,0,1,0,0,0,683434.6275,5374103.9502,11.482911228,48.493261949,4,#e78ac3,marker
9,7,77,152,2018,7,7,4,3,2,6,0,0,1,0,0,0,0,0,624300.6722,5305297.6318,10.662787713,47.888966249,2,#fc8d62,car
9,1,88,139,2018,7,19,1,3,5,2,0,0,1,0,1,0,0,0,673459.3209,5317861.9584,11.324971899,47.990517421,2,#fc8d62,car
9,1,78,120,2018,7,11,5,3,2,6,0,0,1,0,0,1,0,0,691718.3852,5352772.3378,11.58518302,48.299074792,2,#fc8d62,car
9,7,71,113,2018,7,7,4,2,0,2,0,0,1,0,1,0,0,0,656878.6916,5370853.8069,11.122517474,48.471233281,2,#fc8d62,car
9,1,88,120,2018,7,11,5,3,5,3,0,0,1,0,1,0,1,0,678002.9505,5326793.1853,11.389529342,48.069554727,2,#fc8d62,car