ULAND,UREGBEZ,UKREIS,UGEMEINDE,UJAHR,UMONAT,USTUNDE,UWOCHENTAG,UKATEGORIE,UART,UTYP1,ULICHTVERH,IstRad,IstPKW,IstFuss,IstKrad,IstGkfz,IstSonstig,STRZUSTAND,LINREFX,LINREFY,XGCSWGS84,YGCSWGS84,Teilnehmer,color,symbol
9,7,71,130,2018,7,18,5,3,2,6,0,0,1,0,0,0,0,0,646905.7251,5358130.5124,10.983217824,48.359245262,2,#fc8d62,car
9,1,73,130,2018,7,15,6,2,4,2,0,0,1,0,1,0,0,0,681869769.0,5313763554.0,11.43586453,47.951340399,2,#fc8d62,car
9,7,62,0,2018,7,18,5,3,5,3,0,0,1,0,0,0,0,0,622540.1798,5304879.9079,10.639128826,47.885547934,2,#fc8d62,car
9,1,62,0,2018,7,15,7,3,2,6,0,0,1,0,0,0,0,0,694803278.0,5332374.2681,11.617371493,48.114806405,2,#fc8d62,car
9,1,78,157,2018,7,22,5,3,0,7,2,0,0,0,1,0,0,0,701585.6222,5370857.1112,11.726755174,48.458526017,4,#e78ac3,marker
9,1,79,123,2018,7,15,6,3,2,6,0,0,1,0,0,0,0,0,674931976.0,5331278.3783,11.350177894,48.110723889,2,#fc8d62,car
9,1,87,134,2018,7,20,7,2,5,2,0,0,1,0,1,0,0,0,737095.5814,5318797.3463,12.177264627,47.978505804,2,#fc8d62,car
9,1,87,165,2018,7,12,5,3,2,6,0,0,1,0,0,0,0,0,733167867.0,5297703075.0,12.113323588,47.790437474,2,#fc8d62,car
9,7,61,0,2018,7,17,3,3,2,6,0,0,1,0,0,0,0,0,637765.8987,5357024.6191,10.859538562,48.351361756,2,#fc8d62,car
9,7,61,0,2018,7,13,3,3,2,6,0,0,1,0,0,0,1,0,640976.0662,5363891977.0,10.905147939,48.412401959,2,#fc8d62,car
9,1,62,0,2018,7,19,4,3,4,6,0,0,1,0,0,0,0,0,687950.67,5342936.0706,11.530061795,48.211796887,2,#fc8d62,car
9,7,72,131,2018,7,1,3,2,5,3,2,0,1,0,0,0,0,0,616792727.0,5354162828.0,10.575774334,48.329852303,2,#fc8d62,car
9,7,72,162,2018,7,18,3,3,5,6,0,1,1,0,0,0,0,0,635888.9449,5335584.0839,10.827332067,48.158971114,1,#66c2a5,bicycle
9,7,72,160,2018,7,17,3,3,0,1,0,1,0,0,0,0,0,0,638557.6683,5342684.4251,10.865516239,48.222242239,1,#66c2a5,bicycle
9,1,88,126,2018,7,13,6,3,5,2,0,1,1,0,0,0,0,0,660238.7226,5326937691.0,11.15129863,48.075564535,1,#66c2a5,bicycle
9,1,74,146,2018,7,8,7,3,0,7,0,0,1,0,0,0,0,0,668090.4391,5350214.3897,11.26583648,48.282798279,2,#fc8d62,car
9,7,71,146,2018,7,10,3,3,3,6,0,1,0,0,0,0,0,0,646783.0102,5348703.3889,10.978281223,48.274511607,1,#66c2a5,bicycle
9,7,72,141,2018,7,15,7,3,2,6,0,0,1,0,0,0,0,0,623131.5974,5350120.6388,10.660082546,48.292298035,2,#fc8d62,car
9,1,62,0,2018,7,11,4,3,5,3,0,1,1,0,0,0,0,0,688445674.0,5328527.47,11.530340473,48.082143447,1,#66c2a5,bicycle
9,1,77,117,2018,7,13,6,3,5,7,0,1,1,0,0,0,0,0,715713.2258,5355119641.0,11.909526328,48.312442079,1,#66c2a5,bicycle
9,1,62,0,2018,7,12,6,3,0,1,0,1,0,0,0,0,0,0,695296.0427,5342147.7876,11.628471332,48.202494759,1,#66c2a5,bicycle
9,1,81,113,2018,7,15,5,3,4,6,0,0,1,0,0,1,0,0,639635.7091,5309729.1541,10.869254879,47.925663852,2,#fc8d62,car
9,7,72,111,2018,7,15,5,3,5,3,0,0,1,0,1,0,0,0,627175.7126,5364318.0865,10.718871461,48.419169996,2,#fc8d62,car
9,2,61,0,2018,7,13,6,2,4,2,0,0,1,0,0,0,0,0,733059.6461,5381065.7894,12.15755908,48.539361342,2,#fc8d62,car
9,2,61,0,2018,7,21,7,3,0,7,1,1,0,0,0,0,0,0,731415.2715,5381104.2494,12.135336851,48.540315332,1,#66c2a5,bicycle
9,1,62,0,2018,7,16,5,3,2,6,0,0,1,0,0,0,0,0,693268.1903,5338485.2497,11.599541717,48.170197786,2,#fc8d62,car
9,1,84,142,2018,7,16,6,3,5,3,0,0,1,0,1,0,0,0,683217234.0,5316849741.0,11.455209791,47.978698026,2,#fc8d62,car
9,1,79,125,2018,7,6,5,2,0,1,0,1,0,0,0,0,0,0,662338.4064,5332879.8516,11.1817276,48.128456481,1,#66c2a5,bicycle
9,7,72,184,2018,7,12,4,3,0,1,0,1,0,0,0,0,0,0,635749.2797,5361683.7477,10.833837471,48.393693297,1,#66c2a5,bicycle
9,1,82,134,2018,7,14,6,3,2,6,0,0,1,0,0,0,0,0,703950.1655,5296243.7192,11.723002775,47.787236761,2,#fc8d62,car
9,1,90,159,2018,7,5,5,1,4,6,0,0,1,0,0,1,0,0,662099378.0,5304160.8625,11.167669012,47.870313323,2,#fc8d62,car
9,1,84,121,2018,7,10,4,3,5,3,0,0,1,0,0,0,0,0,703182907.0,5330558587.0,11.72896568,48.095871133,2,#fc8d62,car
9,1,62,0,2018,7,16,1,3,2,6,0,0,1,0,0,0,0,0,694523.1963,5341676.3624,11.617864925,48.198495089,2,#fc8d62,car
9,1,75,111,2018,7,8,5,3,2,6,0,0,1,0,0,0,0,0,710717.1854,5338303908.0,11.833862949,48.163024021,2,#fc8d62,car
9,1,85,158,2018,7,14,6,3,2,6,0,0,1,0,0,0,0,0,668413.2214,5383007.6561,11.283359897,48.577504277,2,#fc8d62,car
9,7,71,142,2018,7,14,6,3,1,6,0,0,1,0,0,0,0,0,645358.8438,5353271.5481,10.960671223,48.315914509,2,#fc8d62,car
9,7,78,116,2018,7,15,7,1,5,3,0,0,1,0,0,1,0,0,620245.4419,5320690.8728,10.612867141,48.028180934,2,#fc8d62,car
9,1,84,112,2018,7,13,4,3,3,7,0,1,0,0,0,0,0,0,702442.8613,5337531.5205,11.722349847,48.158771223,1,#66c2a5,bicycle
9,1,79,131,2018,7,15,6,3,2,2,0,1,1,0,0,0,0,0,659484.8832,5332286.3711,11.143183995,48.123842079,1,#66c2a5,bicycle
9,1,81,130,2018,7,19,7,3,3,2,0,1,1,0,0,0,0,0,638966.4777,5322675.1029,10.864490147,48.042225132,1,#66c2a5,bicycle
9,1,88,141,2018,7,19,6,3,3,6,0,0,1,0,1,0,0,0,669519.1465,5307049.5239,11.267944903,47.894367872,2,#fc8d62,car
9,1,62,0,2018,7,12,5,3,1,2,0,0,1,0,0,0,0,0,682673.2883,5335962.0377,11.456091976,48.150650859,2,#fc8d62,car
9,1,73,137,2018,7,22,6,3,0,6,2,0,1,0,0,0,0,0,679318.0419,5305279.6774,11.398190812,47.875794775,2,#fc8d62,car
9,1,79,123,2018,7,1,5,2,5,3,2,0,1,0,0,0,0,0,676849.5986,5333336.6405,11.376771719,48.128696567,2,#fc8d62,car
9,7,72,223,2018,7,9,5,2,3,2,0,0,0,0,1,0,1,0,618285.9363,5363927.5115,10.59866006,48.417389361,4,#e78ac3,marker
9,1,85,143,2018,7,17,5,3,2,6,0,0,0,0,1,0,1,0,663743.5179,5385450.0658,11.221060427,48.600698004,4,#e78ac3,marker
9,7,61,0,2018,7,19,7,3,2,1,0,0,1,0,0,0,0,0,641475.9358,5357673.8326,10.909805635,48.356379037,2,#fc8d62,car
9,1,90,138,2018,7,23,3,3,9,7,2,1,0,0,0,0,0,0,660588.3374,5312950.1449,11.150750697,47.949717282,1,#66c2a5,bicycle
9,1,90,140,2018,7,17,3,3,8,1,0,0,0,0,1,0,0,0,647052.9704,5301600.5631,10.965719325,47.850912449,4,#e78ac3,marker
9,1,84,120,2018,7,13,1,3,9,1,0,0,1,0,0,0,0,0,682969.7115,5333056.1604,11.458825374,48.124445679,2,#fc8d62,car
9,1,78,113,2018,7,19,5,3,2,6,0,0,1,0,0,1,1,0,691508.0792,5369211.5113,11.589836992,48.446884331,2,#fc8d62,car
9,1,73,126,2018,7,5,3,3,3,3,1,0,1,0,0,1,0,0,683736.8852,5306187.6247,11.457618865,47.88270732,2,#fc8d62,car
9,7,61,0,2018,7,20,4,3,3,1,2,1,1,0,0,0,0,0,644638.9547,5357642.0534,10.952467301,48.355376694,1,#66c2a5,bicycle
9,1,62,0,2018,7,1,7,3,2,7,2,0,1,0,0,0,0,0,692150.3163,5342359.9935,11.586274504,48.205361818,2,#fc8d62,car
9,1,78,143,2018,7,20,5,2,2,6,0,0,1,0,1,0,0,0,719604.3318,5373349.17,11.971466796,48.474886305,2,#fc8d62,car
9,1,82,133,2018,7,10,3,2,2,6,0,0,0,0,0,1,1,0,705063.1679,5307336.7091,11.743099018,47.886577691,5,#a6d854,bus
9,1,84,114,2018,7,15,3,3,9,1,0,0,0,0,1,0,0,0,698016.4971,5322605.4774,11.655971733,48.02601961,4,#e78ac3,marker
9,1,87,159,2018,7,4,3,3,5,3,2,0,1,0,0,0,0,0,730894.4003,5323537317.0,12.09684135,48.023357259,2,#fc8d62,car
9,7,71,149,2018,7,14,6,3,5,3,0,1,1,0,0,0,0,0,653034525.0,5364304307.0,11.068150032,48.413296396,1,#66c2a5,bicycle
9,1,87,181,2018,7,15,3,2,2,6,0,0,0,0,1,0,1,0,737042.3927,5312011.9795,12.172816188,47.917569553,4,#e78ac3,marker
9,1,62,0,2018,7,22,4,3,3,6,2,1,0,0,0,0,0,0,685124.9634,5328930.2228,11.485970313,48.086736472,1,#66c2a5,bicycle
9,1,90,152,2018,7,17,5,2,3,2,0,0,1,0,0,0,1,0,671448685.0,5299562.26,11.290769526,47.82654329,2,#fc8d62,car
9,7,77,121,2018,7,12,5,3,0,1,0,1,0,0,0,0,0,0,628097.8256,5321526.6421,10.718394514,48.034170467,1,#66c2a5,bicycle
9,1,62,0,2018,7,15,4,2,6,4,0,0,1,1,0,0,0,0,701817613.0,5332201.1724,11.711426472,48.111066769,2,#fc8d62,car
9,1,87,169,2018,7,9,3,3,1,6,0,0,1,0,0,0,0,0,741401.8583,5298583305.0,12.223578997,47.795312098,2,#fc8d62,car
9,1,87,130,2018,7,14,3,3,3,6,0,1,1,0,0,0,0,0,711884.4917,5309657.4374,11.835372443,47.905217497,1,#66c2a5,bicycle
9,1,81,130,2018,7,9,6,2,0,1,0,1,0,0,0,0,0,0,640063.9419,5323243.2852,10.879392386,48.04709454,1,#66c2a5,bicycle
9,7,72,131,2018,7,15,7,3,0,5,0,0,1,0,1,0,0,0,617762.8317,5355925.9667,10.589350738,48.345528524,2,#fc8d62,car
9,1,85,143,2018,7,18,3,1,8,1,0,0,1,0,0,0,0,0,664227.5628,5384367.2381,11.227192856,48.590837205,2,#fc8d62,car
9,1,74,126,2018,7,13,6,3,1,6,0,0,1,0,0,0,0,0,683306.1836,5344275.1183,11.468180734,48.225191288,2,#fc8d62,car
9,1,78,142,2018,7,15,7,3,0,6,0,1,1,0,0,0,0,0,710633.5226,5377616.0927,11.852394196,48.516294088,1,#66c2a5,bicycle
9,7,62,0,2018,7,17,4,3,0,1,0,0,0,0,1,0,0,1,622675.4524,5306464.7018,10.641387974,47.899775192,4,#e78ac3,marker
9,1,74,141,2018,7,12,3,3,0,1,0,1,0,0,0,0,0,0,685025.6661,5357693.8422,11.49718674,48.345302358,1,#66c2a5,bicycle
9,1,84,131,2018,7,8,3,3,2,6,0,0,1,0,0,0,0,0,704092.2473,5338055.7703,11.74475517,48.162955228,2,#fc8d62,car
9,1,79,123,2018,7,0,1,3,5,3,2,0,1,0,0,0,0,0,675955.9509,5333557.4488,11.364863351,48.130929142,2,#fc8d62,car
9,1,75,111,2018,7,8,5,3,7,7,0,0,1,0,0,0,0,0,710717.0058,5338305.8975,11.833861522,48.163041958,2,#fc8d62,car
9,1,62,0,2018,7,20,5,2,0,7,0,1,0,0,0,0,0,0,694543.0989,5334677544.0,11.614930776,48.135586887,1,#66c2a5,bicycle
9,1,84,142,2018,7,10,6,2,2,6,0,1,1,0,0,0,0,0,683919.5595,5317331879.0,11.464818752,47.982830426,1,#66c2a5,bicycle
9,1,75,111,2018,7,14,3,3,5,3,0,0,1,0,1,0,0,0,712311.8893,5338114729.0,11.855187634,48.160793622,2,#fc8d62,car
9,1,86,146,2018,7,7,1,3,8,1,0,0,1,0,0,0,0,0,684687.3537,5370718.8718,11.498355666,48.462470436,2,#fc8d62,car
9,1,79,121,2018,7,18,5,3,0,1,0,1,0,0,0,0,0,0,667373523.0,5338371.9583,11.251503116,48.176526458,1,#66c2a5,bicycle
9,1,75,133,2018,7,17,3,3,5,3,0,1,0,0,0,0,1,0,706534.8122,5340982.3946,11.778986375,48.188466099,1,#66c2a5,bicycle
9,7,72,141,2018,7,15,4,3,2,6,0,1,1,0,0,0,0,0,622803.9596,5349910.8174,10.655606178,48.290474784,1,#66c2a5,bicycle
9,1,90,159,2018,7,12,6,3,5,3,0,0,1,0,0,0,1,0,662441.0975,5304527.7483,11.172373176,47.873525625,2,#fc8d62,car
9,1,78,145,2018,7,20,3,3,5,3,0,1,1,0,0,0,0,0,700219.8048,5354615.6311,11.700563434,48.31300724,1,#66c2a5,bicycle
9,1,87,129,2018,7,9,6,3,4,6,0,0,0,0,0,0,1,0,726156.8635,5299086.4887,12.020568162,47.805367059,6,#ffd92f,circle
9,1,62,0,2018,7,18,7,3,2,6,0,0,1,0,0,0,0,0,685338.0374,5329966.2898,11.489278494,48.095987293,2,#fc8d62,car
9,1,62,0,2018,7,17,2,3,2,6,0,0,1,0,1,0,0,0,693790.2618,5336982.3627,11.605871561,48.156531469,2,#fc8d62,car
9,1,84,127,2018,7,8,2,3,5,2,0,0,1,0,0,0,0,0,701995121.0,5321629.2847,11.708815366,48.016000925,2,#fc8d62,car
9,1,84,142,2018,7,18,4,3,2,6,0,1,0,0,0,0,0,0,683572.0468,5318622.3989,11.460717682,47.994530585,1,#66c2a5,bicycle
9,1,62,0,2018,7,18,6,3,2,6,0,0,1,0,0,0,0,0,685724.7529,5333208.8676,11.495879181,48.125020526,2,#fc8d62,car
9,7,62,0,2018,7,15,2,3,3,2,0,1,1,0,0,0,0,0,620750357.0,5304445202.0,10.615076043,47.881977489,1,#66c2a5,bicycle
9,7,77,121,2018,7,16,2,3,0,1,0,0,0,0,1,0,0,0,628163.6993,5321562.7147,10.719288573,48.034481652,4,#e78ac3,marker
9,7,72,151,2018,7,14,2,3,0,1,0,0,0,0,1,0,0,0,631961.7384,5342000.6354,10.776542392,48.217499631,4,#e78ac3,marker
9,7,71,130,2018,7,21,2,3,8,1,2,0,0,0,1,0,0,0,645045.2374,5358518.0284,10.958250308,48.36315971,4,#e78ac3,marker
9,7,62,0,2018,7,9,3,2,8,3,0,0,0,0,1,0,0,0,622061.0959,5304356.5455,10.632575229,47.880932247,4,#e78ac3,marker
9,1,84,112,2018,8,6,4,3,2,6,0,0,1,0,0,0,0,0,702556.3339,5340031.9737,11.725065122,48.181206003,2,#fc8d62,car
9,1,62,0,2018,7,10,3,3,3,2,0,1,0,0,0,0,0,0,693730.0593,5339776.6751,11.606335995,48.181663992,1,#66c2a5,bicycle
9,1,84,114,2018,7,12,3,2,2,6,0,0,1,0,0,0,0,0,700542.5195,5316331394.0,11.686883169,47.968844749,2,#fc8d62,car
9,1,86,152,2018,7,0,3,3,8,1,2,0,1,0,0,0,0,0,694387862.0,5376193.0928,11.631984891,48.508744793,2,#fc8d62,car
9,1,87,150,2018,7,17,3,3,4,6,0,0,1,0,0,0,0,0,725366.0171,5303101.7812,12.012108952,47.841721875,2,#fc8d62,car
9,1,79,123,2018,8,6,4,3,2,6,0,0,0,0,0,1,1,0,677263.1266,5332049.4505,11.38178908,48.11701072,5,#a6d854,bus
9,7,72,215,2018,7,18,3,3,0,1,0,0,0,0,1,0,0,0,633412.68,5345244.8,10.797087381,48.246369012,4,#e78ac3,marker
9,1,75,135,2018,8,9,4,3,2,6,0,0,1,0,0,0,0,0,708529.8575,5339101.7342,11.804874285,48.170914531,2,#fc8d62,car
9,1,84,114,2018,7,16,3,3,4,2,0,0,1,0,0,0,0,0,700964.7297,5322845.3386,11.695583507,48.027254676,2,#fc8d62,car
9,2,74,134,2018,7,12,2,3,2,6,0,0,1,0,0,0,0,0,739513.6866,5374629.2014,12.241163407,48.479118319,2,#fc8d62,car
9,1,62,0,2018,7,16,3,3,2,6,0,0,1,0,0,0,0,0,685951.9855,5333287.6277,11.498964218,48.125662124,2,#fc8d62,car
9,1,86,152,2018,7,9,3,3,9,1,0,0,1,0,0,0,0,0,691140.3894,5375658.0485,11.587816675,48.504932803,2,#fc8d62,car
9,2,61,0,2018,7,13,2,3,5,3,0,0,1,0,0,0,0,0,730197.0627,5380891.6503,12.118740019,48.538853597,2,#fc8d62,car
9,1,74,126,2018,7,7,3,3,2,6,0,0,1,0,0,0,0,0,680357.7035,5341888.7669,11.427502594,48.204586057,2,#fc8d62,car
9,1,73,118,2018,7,18,2,3,5,3,0,0,1,0,0,0,0,0,688182071.0,5303410.65,11.515808833,47.856458417,2,#fc8d62,car
9,1,73,147,2018,7,9,2,3,3,6,0,1,1,0,0,0,0,0,680826.1011,5309360.6051,11.42005073,47.912056685,1,#66c2a5,bicycle
9,1,90,139,2018,7,14,2,2,8,1,0,0,0,0,1,0,0,0,652662252.0,5297198.86,11.039101088,47.810025524,4,#e78ac3,marker
9,1,90,140,2018,7,19,2,2,4,1,0,0,1,0,1,0,0,0,646769.6143,5300552412.0,10.961578347,47.841552093,2,#fc8d62,car
9,1,73,134,2018,7,16,2,2,4,6,0,0,1,0,0,0,0,0,685114295.0,5301816.0989,11.47415332,47.843016014,2,#fc8d62,car
9,1,88,139,2018,7,7,3,3,0,7,0,1,0,0,0,0,0,0,679399551.0,5320391631.0,11.405578262,48.011618757,1,#66c2a5,bicycle
9,1,81,130,2018,7,17,3,2,8,1,0,0,1,0,0,0,0,0,638536.5348,5317898.3306,10.85718082,47.999363845,2,#fc8d62,car
9,7,77,177,2018,7,8,3,3,0,7,0,1,0,0,0,0,0,0,633406.2836,5313906.9738,10.787201734,47.964561355,1,#66c2a5,bicycle
9,1,81,128,2018,7,16,3,3,8,1,0,1,0,0,0,0,0,0,638605.6946,5327632.2981,10.861259169,48.086880335,1,#66c2a5,bicycle
9,1,88,126,2018,7,10,3,3,5,3,0,0,1,0,0,0,0,0,659856.4055,5327767.2195,11.146479901,48.083118567,2,#fc8d62,car
9,1,87,174,2018,7,10,2,3,4,6,0,0,1,0,0,0,0,0,741234.6,5313747324.0,12.229808848,47.931595096,2,#fc8d62,car
9,1,75,128,2018,8,11,4,2,5,2,0,0,0,0,1,0,1,0,714311339.0,5323873404.0,11.8748925,48.032155068,4,#e78ac3,marker
9,1,87,150,2018,7,15,2,3,4,6,0,0,1,0,1,0,0,0,725537.2235,5303937.7019,12.014829518,47.849172565,2,#fc8d62,car
9,1,79,132,2018,8,18,4,2,5,3,0,0,1,0,1,0,0,0,661446.8759,5337533.3656,11.171520062,48.170520599,2,#fc8d62,car
9,1,86,162,2018,7,9,2,3,2,6,0,0,1,0,0,0,0,0,690154.3469,5384484.7099,11.578510092,48.584559215,2,#fc8d62,car
9,1,75,132,2018,7,20,3,3,5,3,0,1,1,0,0,0,0,0,709850.8834,5336648305.0,11.821410611,48.148433249,1,#66c2a5,bicycle
9,1,86,125,2018,7,15,2,3,5,3,0,0,1,0,1,0,0,0,674365.3255,5373909.2744,11.360182132,48.494093788,2,#fc8d62,car
9,1,86,143,2018,7,12,2,2,0,6,0,0,1,0,1,0,0,0,685392.6832,5379845.5076,11.511940123,48.544290956,2,#fc8d62,car
9,1,62,0,2018,7,14,3,3,3,6,0,0,1,0,1,0,0,0,692109.6296,5339959.5711,11.584641447,48.183799825,2,#fc8d62,car
9,1,78,143,2018,7,19,3,3,0,1,0,1,0,0,0,0,0,0,720111693.0,5371985.3983,11.977604724,48.462456441,1,#66c2a5,bicycle
9,1,81,130,2018,7,13,2,3,3,2,0,0,0,0,1,0,1,0,638896.4571,5322693.0055,10.863557016,48.042401357,4,#e78ac3,marker
9,1,88,145,2018,7,20,2,3,2,6,0,1,1,0,0,0,0,0,664050.1819,5326090.2154,11.202105728,48.066976241,1,#66c2a5,bicycle
9,1,78,116,2018,7,8,3,3,4,6,0,0,1,0,0,0,0,0,703546.9883,5378673.0328,11.757062029,48.528128533,2,#fc8d62,car
9,1,79,123,2018,7,10,2,3,3,6,0,1,1,0,0,0,0,0,675932.3283,5333550.9064,11.36454344,48.130876861,1,#66c2a5,bicycle
9,1,81,114,2018,7,10,2,3,0,7,0,1,0,0,1,0,0,0,656463.3924,5316445.0956,11.096816328,47.98216211,1,#66c2a5,bicycle
9,1,75,132,2018,7,18,2,3,2,6,0,0,1,0,0,0,0,0,705177214.0,5335868.1825,11.758274357,48.142947271,2,#fc8d62,car
9,1,62,0,2018,7,19,2,3,8,7,0,0,0,0,0,1,0,0,690681602.0,5344720.4581,11.567588059,48.227020055,5,#a6d854,bus
9,1,78,138,2018,7,16,3,3,0,7,0,1,0,0,0,0,0,0,710986.0096,5368417.8264,11.852520727,48.433526949,1,#66c2a5,bicycle
9,1,62,0,2018,7,10,2,3,0,7,0,0,0,0,0,0,1,0,685851.4629,5343150.2096,11.501925668,48.214339786,6,#ffd92f,circle
9,1,77,122,2018,7,6,3,2,9,1,0,0,0,0,0,1,0,0,729566.9982,5358887.4345,12.09816141,48.341414414,5,#a6d854,bus
9,1,78,138,2018,7,10,2,3,2,6,0,0,1,0,0,0,0,0,709285.0033,5367635.5654,11.82916197,48.427065424,2,#fc8d62,car
9,1,77,143,2018,7,15,2,3,2,6,0,0,1,0,0,0,0,0,720775.5569,5365050.2175,11.982920237,48.3999162,2,#fc8d62,car
9,1,75,137,2018,7,7,2,2,5,3,0,0,1,0,1,0,0,0,727932612.0,5330077877.0,12.060659353,48.083182784,2,#fc8d62,car
9,1,62,0,2018,7,10,2,3,4,2,0,1,1,0,0,0,0,0,681817374.0,5335382921.0,11.444347516,48.145690564,1,#66c2a5,bicycle
9,2,74,134,2018,7,13,3,3,3,6,0,0,0,0,1,0,1,0,740895.81,5372299153.0,12.258493698,48.457662231,4,#e78ac3,marker
9,1,77,139,2018,7,9,2,3,5,3,0,0,1,0,0,0,0,0,731338.6981,5359321.3932,12.122273248,48.344666688,2,#fc8d62,car
9,1,62,0,2018,7,13,1,3,8,1,0,0,1,0,0,0,0,0,692471.0162,5330582.1854,11.585260129,48.099408566,2,#fc8d62,car
9,1,62,0,2018,7,20,1,3,5,3,0,0,1,0,0,0,0,0,685240.2774,5328844.5384,11.487480146,48.085932795,2,#fc8d62,car
9,1,84,135,2018,7,18,2,3,3,6,0,0,1,0,1,0,0,0,689200532.0,5346273.3882,11.548358988,48.241421114,2,#fc8d62,car
9,1,62,0,2018,7,11,1,3,2,6,0,0,1,0,0,0,0,0,690515.1368,5331975.7973,11.559638442,48.112522184,2,#fc8d62,car
9,1,84,142,2018,7,19,2,3,4,2,0,1,1,0,0,0,0,0,683341.0361,5318142.6288,11.457419128,47.990284242,1,#66c2a5,bicycle
9,1,62,0,2018,7,4,1,3,8,5,2,0,1,0,0,0,1,0,687984.1127,5343780.7859,11.530885917,48.219379336,2,#fc8d62,car
9,1,90,152,2018,7,10,3,2,5,3,0,0,1,0,1,0,0,0,671150.8208,5299593.8594,11.286805451,47.826906699,2,#fc8d62,car
9,1,62,0,2018,7,23,1,2,3,6,2,0,1,0,1,0,0,0,688627.1597,5340175.5245,11.537932347,48.186784323,2,#fc8d62,car
9,1,62,0,2018,7,16,1,2,5,3,0,0,1,0,1,0,0,0,678116441.0,5335320757.0,11.394611817,48.146178771,2,#fc8d62,car
9,1,84,135,2018,7,20,2,3,5,3,0,0,1,0,0,0,0,0,689441.4873,5347334.0456,11.552075635,48.250882214,2,#fc8d62,car
9,1,62,0,2018,7,14,1,3,0,7,0,1,0,0,0,0,0,0,678556.9612,5334566.9885,11.400212738,48.139279607,1,#66c2a5,bicycle
9,1,62,0,2018,7,15,2,3,2,6,0,0,1,0,1,0,0,0,691736.4354,5331917272.0,11.576003571,48.111629677,2,#fc8d62,car
9,7,72,209,2018,7,17,3,3,5,3,0,1,1,0,0,0,0,0,636842.3003,5337308.4944,10.84070019,48.174273015,1,#66c2a5,bicycle
9,1,62,0,2018,7,18,2,2,6,7,0,1,0,1,0,0,0,0,693564532.0,5339545.7415,11.60400628,48.179638902,1,#66c2a5,bicycle
9,1,62,0,2018,8,14,4,3,3,6,0,0,1,0,0,1,0,0,696212.8236,5343451.7753,11.64139962,48.213931423,2,#fc8d62,car
9,1,62,0,2018,7,10,2,3,2,6,0,0,1,0,0,0,0,0,690525.3181,5331978.1209,11.559776127,48.112540023,2,#fc8d62,car
9,7,77,172,2018,7,19,1,3,4,6,0,0,1,0,1,0,0,0,627321.8951,5306230.6559,10.703460039,47.896765034,2,#fc8d62,car
9,7,62,0,2018,7,15,1,3,2,6,0,0,1,0,1,0,0,0,621274.5888,5304468.0221,10.622091325,47.882083904,2,#fc8d62,car
9,1,84,141,2018,7,13,3,3,5,3,0,0,1,0,0,0,0,0,698277199.0,5312163.1284,11.654645534,47.93208778,2,#fc8d62,car
9,1,86,152,2018,7,14,3,3,9,6,0,0,1,0,0,0,0,0,694451.3369,5376270.2532,11.632879334,48.509418579,2,#fc8d62,car
9,7,71,122,2018,7,13,1,3,1,1,0,0,1,0,0,0,0,0,653788192.0,5361367.3275,11.077252525,48.386707616,2,#fc8d62,car
9,7,72,200,2018,7,1,1,2,0,1,2,1,0,0,0,0,0,0,625559.6443,5338350.1877,10.689313703,48.185970595,1,#66c2a5,bicycle
9,7,72,117,2018,7,0,1,3,2,6,2,0,1,0,0,0,0,0,631126.1427,5362738.7178,10.771744593,48.404158152,2,#fc8d62,car
9,7,72,171,2018,7,15,1,2,8,1,0,0,1,0,0,0,0,0,637088.3535,5373941.7817,10.855930591,48.503624997,2,#fc8d62,car
9,7,71,113,2018,7,13,3,3,0,1,0,1,0,0,0,0,0,0,657790.3365,5369860.0875,11.134468012,48.462071484,1,#66c2a5,bicycle
9,1,77,117,2018,8,23,4,3,8,1,2,0,1,0,0,0,0,0,714523437.0,5356272.8872,11.894086382,48.323208863,2,#fc8d62,car
9,1,88,139,2018,8,22,4,3,3,6,2,0,1,0,1,0,0,1,674758.3882,5319036.4389,11.342847192,48.000721982,2,#fc8d62,car
9,1,62,0,2018,7,10,3,3,6,4,0,0,0,1,1,0,0,0,694772.0282,5333699.9536,11.617557713,48.126730693,3,#8da0cb,toilet
9,1,79,121,2018,8,12,6,2,2,6,0,0,1,0,0,0,0,0,668508.3491,5337859.7865,11.266553367,48.171622185,2,#fc8d62,car
9,1,62,0,2018,8,17,5,3,5,3,0,0,1,0,0,0,0,0,695720.3669,5333907.1689,11.630383783,48.128302186,2,#fc8d62,car
9,2,74,114,2018,8,6,5,2,8,1,0,0,1,0,0,0,0,0,735198.2997,5369444.2796,12.179948074,48.434173014,2,#fc8d62,car
9,7,61,0,2018,8,7,5,3,5,3,0,1,1,0,0,0,0,0,638546.7144,5361265.12,10.87146918,48.389320695,1,#66c2a5,bicycle
9,2,74,182,2018,8,17,5,3,8,6,0,0,1,0,1,0,0,1,729579.6803,5372426.2824,12.105734846,48.463034087,2,#fc8d62,car
9,1,78,115,2018,8,15,6,2,4,6,0,0,1,0,0,0,0,0,702406759.0,5376216.4807,11.74044421,48.506422468,2,#fc8d62,car