ULAND,UREGBEZ,UKREIS,UGEMEINDE,UJAHR,UMONAT,USTUNDE,UWOCHENTAG,UKATEGORIE,UART,UTYP1,ULICHTVERH,IstRad,IstPKW,IstFuss,IstKrad,IstGkfz,IstSonstig,STRZUSTAND,LINREFX,LINREFY,XGCSWGS84,YGCSWGS84,Teilnehmer,color,symbol
9,1,88,141,2018,8,18,6,2,5,3,0,1,1,0,0,0,0,0,669746.7303,5307626.2457,11.271214066,47.8994926,1,#66c2a5,bicycle
9,1,62,0,2018,8,16,5,2,3,6,0,0,1,0,1,0,0,0,688540.3848,5335270.2987,11.534591505,48.142721389,2,#fc8d62,car
9,1,87,179,2018,8,6,5,3,5,3,0,0,1,0,0,0,0,0,727361.8118,5314522.8033,12.044759813,47.943633352,2,#fc8d62,car
9,7,72,163,2018,8,18,6,2,5,3,0,1,1,0,0,0,0,0,639260.9333,5345056.8115,10.875759414,48.243420738,1,#66c2a5,bicycle
9,1,88,139,2018,8,16,5,2,4,1,0,0,1,0,1,0,0,0,675809436.0,5322800.8953,11.358469174,48.034274544,2,#fc8d62,car
9,1,81,113,2018,8,6,5,2,5,2,0,0,1,0,0,0,1,0,640109.7173,5308298.9687,10.875131798,47.91269949,2,#fc8d62,car
9,1,78,124,2018,8,12,5,3,2,6,0,0,1,0,0,0,0,0,701488.2034,5358342.9898,11.719433324,48.346100475,2,#fc8d62,car
9,1,62,0,2018,8,7,4,2,3,6,0,0,1,0,1,0,0,0,684277.1007,5335411.8227,11.477396668,48.145242601,2,#fc8d62,car
9,1,84,148,2018,8,17,4,3,3,6,0,1,1,0,0,0,0,0,695042.6802,5326371.8555,11.617843537,48.060785624,1,#66c2a5,bicycle
9,1,62,0,2018,8,18,4,3,5,2,0,1,0,0,0,0,0,0,695154.7436,5334044.4955,11.62285325,48.129710072,1,#66c2a5,bicycle
9,1,62,0,2018,8,17,4,3,2,6,0,0,1,0,0,0,0,0,692919.2806,5338954.83,11.595066814,48.174524215,2,#fc8d62,car
9,1,84,135,2018,8,7,4,2,3,2,0,0,1,0,0,0,1,0,693183.7074,5350215.6789,11.603751642,48.275651345,2,#fc8d62,car
9,1,87,142,2018,8,14,6,3,5,3,0,1,1,0,0,0,0,0,733466991.0,5314538757.0,12.126402831,47.941581372,1,#66c2a5,bicycle
9,1,62,0,2018,8,17,4,3,5,2,0,1,1,0,0,0,0,0,692141615.0,5339731.03,11.584967976,48.181736087,1,#66c2a5,bicycle
9,7,77,121,2018,8,15,5,2,0,1,0,1,0,0,0,0,0,0,628008.1239,5321929.62,10.71731221,48.037812469,1,#66c2a5,bicycle
9,1,84,136,2018,8,10,4,3,5,2,0,1,1,0,0,0,0,0,698233.9626,5326970.3465,11.660906534,48.065181033,1,#66c2a5,bicycle
9,7,62,0,2018,8,12,4,3,2,6,0,0,1,0,0,0,0,0,623073.1777,5306082.7148,10.646598275,47.896263568,2,#fc8d62,car
9,7,62,0,2018,8,13,4,3,4,6,0,0,1,0,1,0,0,0,618951.3157,5303478.5602,10.590756723,47.873619489,2,#fc8d62,car
9,7,73,182,2018,8,17,4,3,8,1,0,0,1,0,0,0,0,0,624520.1231,5377844.2306,10.687025229,48.541334799,2,#fc8d62,car
9,1,79,123,2018,8,14,6,3,5,2,0,0,1,0,1,0,0,0,676719.1464,5333780263.0,11.375204061,48.132720628,2,#fc8d62,car
9,7,72,125,2018,8,11,4,3,0,1,0,1,0,0,0,0,0,0,632849.0268,5348073.2236,10.790386922,48.27192167,1,#66c2a5,bicycle
9,1,84,135,2018,8,7,5,3,5,2,0,1,1,0,0,0,0,0,689452.4131,5347384.5696,11.552245283,48.251333051,1,#66c2a5,bicycle
9,1,82,125,2018,8,8,6,3,5,3,0,1,1,0,0,0,0,0,712495.9031,5298326.0539,11.83797755,47.803187559,1,#66c2a5,bicycle
9,7,72,147,2018,8,12,5,3,2,6,0,0,1,0,0,0,0,0,638156575.0,5365123117.0,10.867472206,48.424096484,2,#fc8d62,car
9,1,78,129,2018,8,22,6,2,4,6,2,0,1,0,0,0,0,0,710937.3495,5371419.2353,11.853375294,48.460511872,2,#fc8d62,car
9,1,62,0,2018,8,15,5,2,3,6,0,0,1,0,1,0,0,0,693285374.0,5338687795.0,11.599864678,48.172012967,2,#fc8d62,car
9,1,82,123,2018,8,14,6,3,4,2,0,0,1,0,0,0,0,0,717202.72,5301372163.0,11.902283051,47.828989124,2,#fc8d62,car
9,1,79,142,2018,8,7,4,3,2,6,0,0,1,0,0,1,0,0,677432.0803,5342348.5314,11.388353582,48.209543326,2,#fc8d62,car
9,2,61,0,2018,8,19,6,2,3,6,0,0,1,0,0,0,0,0,734237.0249,5382233.8092,12.174141777,48.549414765,2,#fc8d62,car
9,1,81,143,2018,8,10,6,2,5,3,0,0,1,0,0,1,0,0,638172.2412,5315921.4799,10.851663599,47.981665857,2,#fc8d62,car
9,1,62,0,2018,8,11,5,3,4,2,0,1,1,0,0,0,0,0,687276.7139,5335092.6599,11.517542633,48.141497944,1,#66c2a5,bicycle
9,7,71,112,2018,8,20,6,3,5,2,0,0,1,0,0,0,0,0,644912.68,5367292946.0,10.959491001,48.442088022,2,#fc8d62,car
9,1,75,115,2018,8,14,6,2,4,6,0,0,1,0,0,0,0,0,722910362.0,5329818658.0,11.993182239,48.082629309,2,#fc8d62,car
9,1,83,144,2018,8,6,4,3,5,2,0,1,1,0,0,0,0,0,741688.1263,5351684.1177,12.257351653,48.2721941,1,#66c2a5,bicycle
9,1,87,165,2018,8,4,4,3,8,7,2,0,0,0,0,1,0,0,727359.3292,5300466.9771,12.037328966,47.817347018,5,#a6d854,bus
9,7,72,147,2018,8,10,5,3,9,7,0,0,1,0,0,0,0,0,638194.8848,5364796.8377,10.867882221,48.421154263,2,#fc8d62,car
9,1,87,129,2018,8,11,4,2,4,7,0,0,1,0,0,0,0,0,725984.1574,5298581.4548,12.018001706,47.800889971,2,#fc8d62,car
9,1,87,117,2018,8,10,4,3,2,6,0,0,1,0,0,0,0,0,725439057.0,5306397.9217,12.014801658,47.871311932,2,#fc8d62,car
9,1,74,113,2018,8,6,4,3,7,6,0,0,1,0,0,1,0,0,670375913.0,5348054.5253,11.29574845,48.262771203,2,#fc8d62,car
9,1,87,165,2018,8,12,2,3,2,6,0,0,1,0,0,0,0,0,732997.6698,5299677.5747,12.112114789,47.808238395,2,#fc8d62,car
9,1,82,127,2018,8,9,3,3,6,2,0,0,1,1,0,0,0,0,699924.5585,5309626.2582,11.675499798,47.908775969,2,#fc8d62,car
9,1,74,122,2018,8,16,2,3,2,6,0,0,1,0,0,0,0,0,684716.5485,5354394.5537,11.491572907,48.31573833,2,#fc8d62,car
9,1,75,122,2018,8,17,3,3,5,3,0,0,1,0,1,0,0,1,721006.0702,5326072.6423,11.96571165,48.049634201,2,#fc8d62,car
9,1,86,146,2018,8,8,2,3,2,2,0,0,1,0,1,0,0,0,685403311.0,5371363.0081,11.508316572,48.468049251,2,#fc8d62,car
9,1,84,118,2018,8,21,3,3,9,6,2,0,1,0,0,0,0,0,701747.3925,5335628.0027,11.712106229,48.141885606,2,#fc8d62,car
9,1,75,122,2018,8,9,2,2,1,6,0,0,1,0,1,0,0,0,719766.0923,5327273.8922,11.949712078,48.060855712,2,#fc8d62,car
9,2,61,0,2018,8,17,1,3,2,6,0,0,1,0,1,0,0,0,731332.1234,5382074.5195,12.134750812,48.549061783,2,#fc8d62,car
9,7,78,204,2018,8,10,6,3,2,6,0,0,1,0,0,0,0,0,616916.3196,5328617.5334,10.570398314,48.100089113,2,#fc8d62,car
9,2,61,0,2018,8,17,1,3,5,3,0,0,1,0,1,0,0,0,732794.6645,5383061.3457,12.155089956,48.557385125,2,#fc8d62,car
9,1,90,138,2018,8,13,1,3,5,3,0,0,1,0,1,0,0,0,661004.6513,5310525.1006,11.155415413,47.927809417,2,#fc8d62,car
9,1,90,140,2018,8,10,1,2,9,1,0,0,0,0,1,0,0,0,645110.4164,5303941.7025,10.940553686,47.872406091,4,#e78ac3,marker
9,1,84,142,2018,8,17,1,3,5,3,0,0,1,0,0,0,0,0,680627144.0,5318519.3064,11.421235732,47.994442425,2,#fc8d62,car
9,1,90,152,2018,8,10,1,3,8,1,0,0,0,0,1,0,0,0,671749.0414,5297091.7697,11.293800424,47.804252826,4,#e78ac3,marker
9,1,87,179,2018,8,16,3,3,2,6,0,0,1,0,0,0,1,0,725620.46,5314476.4738,12.02144957,47.943832628,2,#fc8d62,car
9,1,84,114,2018,8,10,1,3,2,6,0,0,1,0,0,0,0,0,699563.0138,5319696.0358,11.675337775,47.99939024,2,#fc8d62,car
9,1,87,177,2018,8,13,1,3,2,6,0,0,1,0,0,0,0,0,737589.4571,5305198.7967,12.176378718,47.856160849,2,#fc8d62,car
9,1,82,137,2018,8,0,1,3,8,1,2,1,0,0,0,0,0,0,709305128.0,5306706.8008,11.799468466,47.879547991,1,#66c2a5,bicycle
9,1,87,179,2018,8,13,1,3,5,2,0,0,1,0,0,0,0,0,726396343.0,5315231184.0,12.032221916,47.950339768,2,#fc8d62,car
9,1,78,124,2018,8,15,3,3,2,6,0,0,1,0,0,0,0,0,702502.1589,5359901.8357,11.733852103,48.359784668,2,#fc8d62,car
9,1,86,143,2018,8,16,1,3,8,1,0,0,0,0,1,0,0,0,680999.5748,5380750.1886,11.452867305,48.553705139,4,#e78ac3,marker
9,1,88,141,2018,8,15,1,3,0,1,0,1,0,0,0,0,0,0,669362.6567,5306632.7929,11.265689452,47.890662648,1,#66c2a5,bicycle
9,1,88,132,2018,8,21,1,2,5,3,1,0,1,0,1,0,0,0,664119.0597,5321952556.0,11.201442923,48.029759074,2,#fc8d62,car
9,1,62,0,2018,8,15,1,3,3,6,0,0,1,0,0,0,0,0,687422.1969,5332845.4427,11.518507897,48.121256499,2,#fc8d62,car
9,1,79,121,2018,8,9,1,3,2,2,0,1,0,0,0,0,0,0,663060036.0,5338240.1818,11.193472381,48.176463283,1,#66c2a5,bicycle
9,1,78,140,2018,8,7,2,3,8,1,0,0,1,0,0,0,0,0,706605.2261,5363393.8357,11.790893151,48.389834412,2,#fc8d62,car
9,1,81,144,2018,8,17,1,3,8,1,0,0,1,0,0,0,0,0,653835.8172,5322864.9531,11.063930186,48.040522409,2,#fc8d62,car
9,1,84,119,2018,8,7,2,3,5,3,0,0,1,0,0,1,0,0,696635.6409,5349043.4007,11.649680867,48.264053562,2,#fc8d62,car
9,1,74,115,2018,8,12,1,3,5,3,0,1,1,0,0,0,0,0,681032.44,5347482542.0,11.438965081,48.254674627,1,#66c2a5,bicycle
9,1,78,129,2018,8,13,1,3,0,1,0,1,0,0,0,0,0,0,709258.8109,5371093064.0,11.830535381,48.458141504,1,#66c2a5,bicycle
9,1,75,123,2018,8,12,1,3,2,2,0,0,1,0,0,0,0,0,721424.7713,5337922.3327,11.977470148,48.155957261,2,#fc8d62,car
9,2,74,134,2018,8,7,2,3,5,3,0,0,1,0,0,0,0,0,738706.1917,5376074.3289,12.231079575,48.492405613,2,#fc8d62,car
9,1,77,115,2018,8,15,1,3,2,6,0,0,1,0,0,0,0,0,728655.3724,5353150.1223,12.08276736,48.290202982,2,#fc8d62,car
9,1,62,0,2018,8,16,7,3,2,6,0,0,1,0,0,0,0,0,694440.4045,5331865.7814,11.612269392,48.110347197,2,#fc8d62,car
9,7,77,164,2018,8,15,1,3,8,1,0,0,0,0,1,0,0,0,623415.3411,5310657.2688,10.652483984,47.937339436,4,#e78ac3,marker
9,7,73,122,2018,8,12,7,3,5,3,0,0,1,0,1,0,0,0,626673.4933,5384324.4799,10.718159649,48.599175683,2,#fc8d62,car
9,7,61,0,2018,8,10,2,3,5,2,0,0,1,0,0,0,0,0,639519.1478,5360891.2888,10.884473157,48.38574495,2,#fc8d62,car
9,7,72,147,2018,8,8,7,3,2,6,0,0,1,0,0,0,0,0,634974.8915,5364395.1959,10.824253816,48.418240827,2,#fc8d62,car
9,7,72,147,2018,8,10,7,3,2,6,0,0,1,0,0,0,0,0,634683.4086,5364431.5429,10.82032802,48.418630034,2,#fc8d62,car
9,7,72,134,2018,8,2,7,3,0,1,2,1,0,0,0,0,0,0,633898.1771,5384617.2816,10.816197472,48.60030508,1,#66c2a5,bicycle
9,7,71,130,2018,8,19,1,3,3,3,0,0,1,0,0,1,0,0,644244.5161,5363165.4275,10.949041675,48.405129689,2,#fc8d62,car
9,1,85,131,2018,8,8,2,3,0,6,0,0,1,0,0,1,0,0,665659.0014,5378423683.0,11.24422377,48.53703133,2,#fc8d62,car
9,7,71,130,2018,8,7,7,3,2,6,0,0,1,0,0,0,0,0,646572.0397,5358091.6354,10.978702347,48.358973262,2,#fc8d62,car
9,7,72,163,2018,8,18,7,3,5,3,0,0,1,0,0,0,0,0,640436.0703,5345905.5386,10.891860411,48.250793154,2,#fc8d62,car
9,7,72,186,2018,8,8,7,2,5,1,0,0,1,0,0,0,0,0,637618844.0,5343895.5698,10.853276257,48.23333735,2,#fc8d62,car
9,7,61,0,2018,8,22,7,3,6,4,2,1,0,1,0,0,0,0,643840.0607,5357570381.0,10.941665069,48.354914741,1,#66c2a5,bicycle
9,7,71,113,2018,8,13,7,3,2,2,0,0,1,0,0,0,1,0,659459375.0,5371944642.0,11.157823734,48.48039094,2,#fc8d62,car
9,7,72,115,2018,8,15,1,2,8,7,0,0,0,0,1,0,0,0,617364.2088,5367499.6477,10.587208188,48.449686135,4,#e78ac3,marker
9,1,88,139,2018,8,10,2,3,5,4,0,0,1,1,0,0,0,0,675547.0715,5319040.9699,11.353413081,48.000546658,2,#fc8d62,car
9,1,77,117,2018,8,9,3,3,2,6,0,0,1,0,0,1,0,0,712770.2636,5352155.3673,11.868390131,48.286803638,2,#fc8d62,car
9,7,72,200,2018,8,16,1,3,8,7,0,0,1,0,0,0,0,0,631461.5064,5337219.1547,10.768330648,48.174605603,2,#fc8d62,car
9,1,75,118,2018,8,16,2,3,4,6,0,1,0,0,0,0,0,0,714833.4629,5339340.3835,11.889672575,48.170959813,1,#66c2a5,bicycle
9,7,72,215,2018,8,12,1,3,8,1,0,0,0,0,1,0,0,0,632635.2757,5346869.4636,10.787130142,48.261141801,4,#e78ac3,marker
9,1,90,139,2018,8,9,3,3,9,6,0,0,1,0,0,0,1,0,654490.3863,5296936.2457,11.063409534,47.807227959,2,#fc8d62,car
9,7,61,0,2018,8,12,1,3,5,3,0,1,1,0,0,0,0,0,641330.2052,5365088.2958,10.91033412,48.423079368,1,#66c2a5,bicycle
9,1,73,118,2018,8,9,2,3,4,2,0,1,1,0,0,0,0,0,690596.3315,5304058.1882,11.548337716,47.861567308,1,#66c2a5,bicycle
9,1,83,144,2018,8,12,3,3,8,1,0,0,1,0,0,0,0,0,741895976.0,5351691.4785,12.260152449,48.272180883,2,#fc8d62,car
9,1,84,144,2018,8,8,1,3,4,2,0,0,1,0,0,0,0,0,687566.2984,5319240.5792,11.514476516,47.998928139,2,#fc8d62,car
9,1,74,111,2018,8,18,2,3,8,1,0,0,1,0,0,0,0,0,663495.6091,5360183623.0,11.207814137,48.373624941,2,#fc8d62,car
9,1,62,0,2018,8,14,3,3,3,6,0,0,1,0,0,1,0,0,696005.3509,5343672.9079,11.638711904,48.215982915,2,#fc8d62,car
9,1,62,0,2018,8,1,1,3,5,3,2,1,1,0,0,0,0,0,694780.9552,5332285.8671,11.617031515,48.114018718,1,#66c2a5,bicycle
9,2,74,185,2018,8,14,7,3,2,6,0,0,1,0,0,1,0,0,731552358.0,5367858957.0,12.129855592,48.421282796,2,#fc8d62,car
9,2,74,132,2018,8,15,7,2,2,6,0,0,1,0,0,0,0,0,726118.8832,5385513.2357,12.066081928,48.581853906,2,#fc8d62,car
9,1,75,121,2018,8,16,3,2,5,2,0,0,0,0,1,1,0,0,715470134.0,5319930554.0,11.888435761,47.996335913,4,#e78ac3,marker
9,1,90,138,2018,8,10,7,2,5,3,0,0,1,0,0,0,0,0,663528817.0,5307182255.0,11.187913962,47.897115714,2,#fc8d62,car
9,1,73,118,2018,8,15,7,2,0,6,0,0,1,0,0,0,0,0,693421.3439,5305403.0373,11.586671365,47.872810889,2,#fc8d62,car
9,1,73,112,2018,8,12,7,2,9,1,0,0,1,0,0,0,0,0,691042.6211,5296783.4262,11.551090096,47.796045447,2,#fc8d62,car
9,1,87,164,2018,8,13,7,2,8,1,0,1,0,0,0,0,0,0,734613.8588,5323573.2689,12.146670469,48.02232544,1,#66c2a5,bicycle
9,7,72,209,2018,8,13,2,3,5,2,0,0,1,0,0,0,0,0,636074.9985,5337124.1315,10.830325479,48.172779939,2,#fc8d62,car
9,1,87,167,2018,8,14,7,3,0,6,0,0,0,0,1,0,0,0,741428.0946,5302623.0915,12.226178175,47.831592523,4,#e78ac3,marker
9,1,63,0,2018,8,11,7,3,0,7,0,1,0,0,0,0,0,0,733754.5881,5304985019.0,12.125073601,47.855646445,1,#66c2a5,bicycle
9,1,82,127,2018,8,4,7,3,8,1,2,1,0,0,0,0,0,0,700015.9106,5308878.9773,11.676374444,47.902031298,1,#66c2a5,bicycle
9,1,87,124,2018,8,9,3,2,5,3,0,0,1,0,0,0,0,0,732997974.0,5329597511.0,12.128310734,48.077036643,2,#fc8d62,car
9,1,87,117,2018,8,9,7,3,8,1,0,1,0,0,0,0,0,0,722607.6336,5304875.0245,11.976206031,47.858615802,1,#66c2a5,bicycle
9,1,74,121,2018,8,20,7,3,0,1,0,1,0,0,0,0,0,0,688638.4297,5353872.7006,11.544186728,48.309890345,1,#66c2a5,bicycle
9,1,81,127,2018,8,7,2,3,2,6,0,0,1,0,0,0,0,0,633897225.0,5322567086.0,10.796478338,48.042337164,2,#fc8d62,car
9,1,88,118,2018,8,16,7,3,5,3,0,1,1,0,0,0,0,0,671476028.0,5311761753.0,11.29597817,47.936211353,1,#66c2a5,bicycle
9,1,78,123,2018,8,18,3,3,5,2,0,0,1,0,0,0,0,0,688098546.0,5361886275.0,11.54049204,48.382075538,2,#fc8d62,car
9,1,81,135,2018,8,6,7,3,8,1,0,0,1,0,0,0,0,0,644003.5528,5309379.2599,10.927575027,47.921551157,2,#fc8d62,car
9,1,79,125,2018,8,13,7,3,0,1,0,0,0,0,1,0,0,0,660500.6625,5332008.6107,11.156719619,48.121089557,4,#e78ac3,marker
9,1,86,152,2018,8,18,7,3,0,1,0,0,1,0,0,0,0,0,691310.6389,5373252.7698,11.589017638,48.483264234,2,#fc8d62,car
9,1,78,145,2018,8,15,7,3,0,6,0,0,1,0,0,0,0,0,698004.4694,5356691.5841,11.67169175,48.332361015,2,#fc8d62,car
9,1,78,140,2018,8,19,7,1,4,2,0,0,1,0,1,0,0,0,706624993.0,5361610605.0,11.790283231,48.373804,2,#fc8d62,car
9,1,62,0,2018,8,15,6,3,2,6,0,0,1,0,0,0,0,0,694914.8707,5332785.2043,11.619057056,48.118465589,2,#fc8d62,car
9,1,77,112,2018,8,16,2,3,2,6,0,0,1,0,0,0,0,0,716747.8876,5363408.1758,11.927729351,48.386560016,2,#fc8d62,car
9,1,84,145,2018,8,18,6,3,5,2,0,0,1,0,0,0,0,0,696497.7169,5322538.3433,11.635592146,48.025885191,2,#fc8d62,car
9,1,62,0,2018,8,11,6,3,0,1,0,1,0,0,0,0,0,0,685853.9438,5331778.2471,11.496990021,48.112123771,1,#66c2a5,bicycle
9,1,62,0,2018,8,14,6,3,3,2,0,0,1,0,1,0,0,0,685311.5577,5331884.8631,11.489756408,48.11324013,2,#fc8d62,car
9,1,73,123,2018,8,11,6,3,9,1,0,0,1,0,0,0,0,1,678518.8663,5302900.9398,11.386529944,47.854633584,2,#fc8d62,car
9,1,84,132,2018,8,19,5,3,8,1,0,0,1,0,0,0,1,1,682670.1826,5324636.3311,11.451202979,48.04884757,2,#fc8d62,car
9,1,62,0,2018,8,9,5,3,3,6,0,0,1,0,0,1,0,0,695219.4073,5334991.7394,11.624155428,48.138203627,2,#fc8d62,car
9,1,73,147,2018,8,19,5,3,0,7,0,1,0,0,0,0,1,1,680639.1666,5309383.7565,11.417560933,47.912317478,1,#66c2a5,bicycle
9,7,71,130,2018,8,15,6,3,4,6,0,0,1,0,0,0,1,0,644294.3419,5361759.9288,10.949231487,48.39248096,2,#fc8d62,car
9,1,73,147,2018,8,19,5,3,0,7,0,1,0,0,0,0,1,1,680635581.0,5309277581.0,11.417468511,47.911364043,1,#66c2a5,bicycle
9,7,73,182,2018,8,0,7,3,4,6,2,0,1,0,0,0,1,0,626707.1595,5378581.0199,10.716866067,48.547522311,2,#fc8d62,car
9,1,73,137,2018,8,19,5,2,3,6,0,1,0,0,0,0,0,0,674439.9073,5308150.4953,11.33416764,47.902946783,1,#66c2a5,bicycle
9,1,90,157,2018,8,15,5,2,4,2,0,0,1,0,1,0,0,0,661307596.0,5300386206.0,11.155681006,47.836574594,2,#fc8d62,car
9,7,77,121,2018,8,6,5,3,5,3,0,0,1,0,1,0,0,0,627232.7743,5321324.3802,10.706735373,48.032524447,2,#fc8d62,car
9,1,82,125,2018,8,12,6,3,3,6,0,0,1,0,1,0,0,0,712691063.0,5296714269.0,11.83979072,47.78863891,2,#fc8d62,car
9,1,79,125,2018,8,16,7,3,1,6,0,0,1,0,0,0,0,0,660266109.0,5332917342.0,11.15391185,48.129318707,2,#fc8d62,car
9,1,86,151,2018,8,19,5,3,9,1,0,0,1,0,0,0,0,0,677848199.0,5376451.53,11.408365894,48.515968745,2,#fc8d62,car
9,1,74,115,2018,8,22,5,2,5,3,2,0,1,0,0,0,0,1,683370.7292,5347707.0439,11.470534807,48.256020293,2,#fc8d62,car
9,1,78,113,2018,8,16,6,3,1,6,0,0,1,0,0,0,0,0,691522.2747,5367863.7529,11.589412633,48.434767312,2,#fc8d62,car
9,1,62,0,2018,8,17,5,3,2,6,0,0,1,0,0,0,1,0,678350.6812,5334416.8026,11.397379492,48.137987426,2,#fc8d62,car
9,1,88,120,2018,8,19,5,3,4,6,0,1,0,0,0,0,0,0,675627.1994,5326790.8665,11.357664244,48.070192469,1,#66c2a5,bicycle
9,1,62,0,2018,8,11,6,3,3,1,0,0,1,0,0,0,0,1,678105.2353,5335064196.0,11.394353976,48.143875658,2,#fc8d62,car
9,1,74,126,2018,8,16,5,3,1,6,0,0,1,0,0,0,1,0,683842.4598,5343804.1432,11.475190367,48.22080278,2,#fc8d62,car
9,1,84,135,2018,8,5,6,3,5,3,1,0,1,0,1,0,0,1,692028.3907,5345061.6738,11.58585848,48.229680537,2,#fc8d62,car
9,1,74,126,2018,8,14,5,3,0,1,0,1,0,0,0,0,0,0,683231.8092,5344341548.0,11.467208976,48.225809875,1,#66c2a5,bicycle
9,1,84,119,2018,8,19,5,3,3,6,0,0,1,0,0,1,0,1,695816.1354,5345976.4599,11.637231521,48.236744024,2,#fc8d62,car
9,2,74,126,2018,8,15,6,3,4,2,0,0,1,0,0,0,0,0,732470.6357,5384441.1179,12.151475968,48.569899366,2,#fc8d62,car
9,1,77,115,2018,8,13,5,3,5,3,0,0,1,0,0,0,0,0,731945.8621,5353077.3413,12.127022142,48.288352149,2,#fc8d62,car
9,1,84,145,2018,8,14,4,3,5,3,0,0,1,0,1,0,0,0,696028.4135,5324304.7203,11.63011267,48.041904939,2,#fc8d62,car
9,1,77,133,2018,8,22,6,2,4,6,2,0,1,0,0,0,0,0,713542.7809,5354913.3566,11.88018574,48.311325021,2,#fc8d62,car
9,1,84,135,2018,8,19,4,3,5,3,0,1,1,0,0,0,0,0,689472.7634,5347455635.0,11.552550963,48.251965693,1,#66c2a5,bicycle
9,7,72,160,2018,8,12,6,3,2,6,0,0,1,0,1,0,0,0,637923.0533,5340778.2975,10.856356689,48.205240398,2,#fc8d62,car
9,1,73,120,2018,8,14,6,2,8,1,0,0,0,0,0,0,1,1,685521.1588,5310726305.0,11.483413595,47.922991893,6,#ffd92f,circle
9,7,61,0,2018,8,13,6,3,1,1,0,0,1,0,0,0,0,0,642429.4604,5359300215.0,10.923220559,48.370788362,2,#fc8d62,car
9,7,71,145,2018,8,12,7,3,5,3,0,0,1,0,0,0,0,0,647505.4817,5346299.4626,10.987173998,48.252729181,2,#fc8d62,car
9,7,78,116,2018,8,16,4,2,2,6,0,0,1,0,0,0,0,0,618459.8926,5322257.3412,10.589360278,48.042602906,2,#fc8d62,car
9,7,62,0,2018,8,11,4,2,4,6,0,1,0,0,0,0,0,0,620435998.0,5306326852.0,10.61139814,47.898959724,1,#66c2a5,bicycle
9,1,62,0,2018,8,5,7,3,3,6,0,0,1,0,0,0,0,0,686765.3999,5333255.6372,11.509870628,48.125136468,2,#fc8d62,car
9,7,72,200,2018,8,10,4,3,8,1,0,0,1,0,0,0,0,1,627820.1046,5339701.0729,10.720119106,48.197668013,2,#fc8d62,car
9,7,72,215,2018,8,10,4,3,5,3,0,1,1,0,0,0,0,1,632771.5114,5346127.1574,10.788731913,48.254438155,1,#66c2a5,bicycle
9,7,71,122,2018,8,23,5,3,9,7,2,0,0,0,0,0,1,0,653127.7974,5361979.2179,11.068561528,48.392369605,6,#ffd92f,circle
9,1,84,119,2018,8,12,7,3,3,6,0,0,1,0,0,0,0,0,696461.8337,5348763.2093,11.64721128,48.261589357,2,#fc8d62,car
9,1,81,130,2018,8,6,6,2,9,1,1,1,0,0,0,0,0,1,638546911.0,5323274736.0,10.859058055,48.047708453,1,#66c2a5,bicycle
9,1,84,141,2018,8,12,6,3,0,1,0,0,0,0,1,0,0,1,697020.6591,5319419.1221,11.641165645,47.99768984,4,#e78ac3,marker
9,7,72,147,2018,8,18,5,3,2,1,0,0,1,0,0,1,0,0,633789.9376,5364526.6451,10.808288835,48.419675558,2,#fc8d62,car
9,2,74,183,2018,8,10,6,2,5,3,0,0,1,0,0,0,0,1,741625.9157,5362081.3109,12.262470239,48.365606588,2,#fc8d62,car
9,1,78,143,2018,8,2,6,3,5,3,2,1,1,0,0,0,0,1,716981.8147,5372442.0464,11.935559734,48.467646346,1,#66c2a5,bicycle
9,7,72,147,2018,8,14,5,3,5,6,0,0,1,0,0,0,0,0,639290.5732,5364061.8001,10.882439471,48.414303751,2,#fc8d62,car
9,1,82,120,2018,8,21,7,3,5,3,2,0,1,0,0,0,0,0,703261.7862,5306059.9691,11.718429583,47.875676215,2,#fc8d62,car
9,7,72,131,2018,8,7,5,3,8,1,0,0,0,0,0,0,1,0,621995.5102,5357518.2105,10.646913202,48.359044127,6,#ffd92f,circle
9,1,84,123,2018,8,7,5,3,0,7,0,1,0,0,0,0,1,0,702973758.0,5331917494.0,11.726806161,48.108150043,1,#66c2a5,bicycle
9,7,71,145,2018,8,20,6,2,0,1,0,1,0,0,0,0,0,0,649454.5675,5344479.2236,11.012772614,48.235906311,1,#66c2a5,bicycle
9,1,87,177,2018,8,20,6,3,5,3,1,0,1,0,0,0,0,0,736736.7166,5303614.6447,12.164129647,47.842243981,2,#fc8d62,car
9,1,88,120,2018,8,11,7,3,0,7,0,0,0,0,1,0,0,0,677555829.0,5326408.8066,11.383372899,48.066224059,4,#e78ac3,marker
9,1,84,112,2018,8,13,6,3,2,6,0,0,1,0,0,0,0,1,702486.2145,5340097.8732,11.724154288,48.181820572,2,#fc8d62,car
9,1,62,0,2018,8,12,6,3,1,6,0,0,1,0,0,0,1,0,678403243.0,5334492.1685,11.398116952,48.138650162,2,#fc8d62,car
9,2,61,0,2018,8,14,6,3,3,6,0,1,1,0,0,0,0,0,732650.7589,5382077.9895,12.152593302,48.548605345,1,#66c2a5,bicycle
9,1,78,124,2018,8,10,6,3,2,6,0,0,1,0,0,1,0,0,700973.8065,5364577.3497,11.715478468,48.402289362,2,#fc8d62,car