ULAND,UREGBEZ,UKREIS,UGEMEINDE,UJAHR,UMONAT,USTUNDE,UWOCHENTAG,UKATEGORIE,UART,UTYP1,ULICHTVERH,IstRad,IstPKW,IstFuss,IstKrad,IstGkfz,IstSonstig,STRZUSTAND,LINREFX,LINREFY,XGCSWGS84,YGCSWGS84,Teilnehmer,color,symbol
9,7,71,122,2018,8,17,6,3,2,6,0,0,1,0,0,0,0,0,653539.9428,5361587.4139,11.073982086,48.388746817,2,#fc8d62,car
9,1,88,113,2018,8,8,6,3,8,1,0,0,1,0,0,0,0,1,679426.7681,5311713.1255,11.402319641,47.933597424,2,#fc8d62,car
9,1,62,0,2018,8,12,5,3,3,6,0,0,1,0,1,0,0,0,687576.4167,5333210.1618,11.520738652,48.124489281,2,#fc8d62,car
9,7,71,122,2018,8,19,6,3,5,3,0,0,1,0,0,0,0,0,649635.1478,5360691.0044,11.020952361,48.381625697,2,#fc8d62,car
9,7,71,142,2018,8,10,7,3,5,2,0,0,1,0,1,0,0,0,645428495.0,5352869.9863,10.961471693,48.312287886,2,#fc8d62,car
9,1,81,130,2018,8,4,7,3,0,1,2,0,1,0,0,0,0,0,636498.7145,5323045.1235,10.831516258,48.046084977,2,#fc8d62,car
9,1,87,177,2018,8,17,4,3,4,2,0,0,1,0,1,0,0,0,735899292.0,5305938.4244,12.15422153,47.863428049,2,#fc8d62,car
9,1,87,129,2018,8,16,6,3,5,3,0,0,1,0,1,0,0,0,725951.5436,5299578751.0,12.018086287,47.809862121,2,#fc8d62,car
9,1,75,132,2018,8,18,7,3,2,6,0,0,1,0,0,0,0,0,707221.7446,5336614.6258,11.786089504,48.148992466,2,#fc8d62,car
9,1,82,125,2018,8,14,4,2,0,7,0,1,0,0,0,0,0,0,715293.0772,5296219.4961,11.87424185,47.783328447,1,#66c2a5,bicycle
9,1,87,179,2018,8,17,4,1,5,3,0,1,1,0,0,0,0,0,720825397.0,5317605.5137,11.958931261,47.973618389,1,#66c2a5,bicycle
9,1,88,118,2018,8,17,4,3,5,3,0,0,1,0,1,0,0,0,671174.62,5310451805.0,11.29142525,47.924515386,2,#fc8d62,car
9,1,88,139,2018,8,10,4,3,4,6,0,0,1,0,0,1,0,0,675805665.0,5322766.4362,11.358404487,48.033965812,2,#fc8d62,car
9,1,79,117,2018,8,9,4,2,8,1,0,0,0,0,1,0,0,0,662482.4075,5348757986.0,11.189739471,48.271169132,4,#e78ac3,marker
9,1,81,122,2018,8,11,4,3,0,1,0,0,0,0,1,0,0,1,651585.5157,5330137.6738,11.036338523,48.106452528,4,#e78ac3,marker
9,1,74,115,2018,8,18,4,3,2,6,0,0,1,0,0,0,0,0,681185.9247,5347234.0265,11.440924575,48.252396955,2,#fc8d62,car
9,1,79,142,2018,8,11,6,2,0,1,0,0,0,0,1,0,0,1,673600.2007,5341158.4248,11.336332098,48.199904625,4,#e78ac3,marker
9,1,74,141,2018,8,7,4,3,5,3,0,0,1,0,1,0,0,0,684745.6429,5354367224.0,11.491952995,48.315484187,2,#fc8d62,car
9,1,84,127,2018,8,15,6,3,5,3,0,1,1,0,0,0,0,0,701750.4191,5323399.4975,11.706370908,48.031987308,1,#66c2a5,bicycle
9,1,78,124,2018,8,17,4,3,0,6,0,0,0,0,1,1,0,0,704432.97,5365172806.0,11.762451257,48.406528146,4,#e78ac3,marker
9,1,77,112,2018,8,22,4,2,0,1,2,1,0,0,0,0,0,0,716566.5048,5363659.6856,11.925412264,48.388882079,1,#66c2a5,bicycle
9,2,61,0,2018,8,16,6,3,6,7,0,0,1,1,0,0,0,0,734072.7541,5381539.9032,12.171529417,48.543243045,2,#fc8d62,car
9,1,77,134,2018,8,4,4,3,9,1,1,0,1,0,0,0,0,0,712463.1644,5344881.8654,11.860604493,48.221550377,2,#fc8d62,car
9,1,77,115,2018,8,0,4,3,8,1,2,0,1,0,0,0,0,0,731911.4109,5353055.8294,12.126546593,48.288171521,2,#fc8d62,car
9,1,62,0,2018,8,19,5,3,2,6,0,0,1,0,0,0,0,0,684515536.0,5333074.2436,11.479586564,48.124162075,2,#fc8d62,car
9,1,62,0,2018,8,15,3,3,6,7,0,1,0,1,0,0,0,0,691702.4275,5331754.7615,11.575474115,48.110179284,1,#66c2a5,bicycle
9,7,72,114,2018,8,13,6,3,5,3,0,0,1,0,0,0,1,0,633427.0423,5385030.37,10.80994307,48.604120052,2,#fc8d62,car
9,1,73,126,2018,8,16,7,3,2,6,0,0,0,0,1,0,0,0,684618028.0,5303932884.0,11.468430212,47.862186626,4,#e78ac3,marker
9,1,78,145,2018,8,23,6,3,4,1,2,0,1,0,0,0,1,0,697313986.0,5354414.8917,11.661320151,48.312116402,2,#fc8d62,car
9,1,84,119,2018,8,16,3,3,5,2,0,0,1,0,1,0,0,0,696317.5263,5346426.9237,11.644185508,48.240637427,2,#fc8d62,car
9,1,62,0,2018,8,19,3,3,1,6,0,0,1,0,1,0,0,0,692228.4368,5331143.4928,11.582258075,48.104526755,2,#fc8d62,car
9,1,84,119,2018,8,19,3,3,0,7,0,1,0,0,0,0,0,0,696055.9185,5344847.8995,11.639935214,48.226527274,1,#66c2a5,bicycle
9,1,90,148,2018,8,19,6,3,0,1,0,1,0,0,0,0,0,0,643425.5419,5297112.8006,10.915771973,47.811376427,1,#66c2a5,bicycle
9,7,62,0,2018,8,19,3,3,0,1,0,1,0,0,0,0,0,0,622474.4149,5303779.3698,10.637937401,47.875662583,1,#66c2a5,bicycle
9,7,77,121,2018,8,21,3,3,0,1,2,1,0,0,0,0,0,0,628047709.0,5321923.78,10.717841277,48.037752012,1,#66c2a5,bicycle
9,7,72,147,2018,8,18,3,3,4,2,0,0,1,0,0,0,0,0,636042792.0,5364150664.0,10.838600014,48.415812346,2,#fc8d62,car
9,7,72,147,2018,8,13,3,3,1,6,0,0,1,0,0,0,0,0,638217.3473,5365152.5356,10.868302913,48.424347677,2,#fc8d62,car
9,1,78,124,2018,8,20,7,3,0,1,1,1,0,0,0,0,0,0,702427.9151,5366214.7115,11.735892348,48.416537996,1,#66c2a5,bicycle
9,7,71,142,2018,8,14,3,3,0,1,0,0,0,0,1,0,0,0,645306.8544,5353569.6369,10.960073096,48.318606699,4,#e78ac3,marker
9,1,87,182,2018,8,19,6,2,5,3,0,0,1,0,0,0,0,1,738458.0524,5328296.2508,12.200776696,48.063329448,2,#fc8d62,car
9,7,71,141,2018,8,14,3,3,4,3,0,0,1,0,0,0,1,0,655756.3087,5377886.4923,11.109966534,48.534738173,2,#fc8d62,car
9,1,79,117,2018,8,9,7,3,8,7,0,0,1,0,0,0,0,0,660718.2722,5347720.1247,11.165587938,48.262288544,2,#fc8d62,car
9,1,79,121,2018,8,11,6,3,2,6,0,0,1,0,0,0,0,1,667485.7644,5338439399.0,11.253038349,48.177103172,2,#fc8d62,car
9,2,74,134,2018,8,15,6,3,9,1,0,0,1,0,0,0,0,0,738259.5208,5372579.9287,12.223052616,48.461187737,2,#fc8d62,car
9,1,78,124,2018,8,21,6,3,5,2,2,0,1,0,0,0,0,0,702782.0857,5358695.5586,11.737045642,48.348854808,2,#fc8d62,car
9,1,87,165,2018,8,12,7,3,2,6,0,0,1,0,0,0,0,0,733593.2322,5299372.5195,12.119893162,47.805281922,2,#fc8d62,car
9,1,84,119,2018,8,8,5,2,5,3,0,0,1,0,1,0,0,0,697263.8935,5348887015.0,11.658064251,48.262452814,2,#fc8d62,car
9,1,62,0,2018,8,17,3,3,3,6,0,0,1,0,0,0,0,0,684606.2894,5342793.8603,11.485024528,48.211500205,2,#fc8d62,car
9,1,87,165,2018,8,10,5,3,2,6,0,0,1,0,0,0,0,0,729672.3582,5300210.5545,12.068047678,47.814221901,2,#fc8d62,car
9,1,87,165,2018,8,13,6,3,2,6,0,0,1,0,0,0,0,0,730035.0226,5300129.5848,12.072842127,47.813364918,2,#fc8d62,car
9,2,61,0,2018,8,8,5,3,2,6,0,0,1,0,0,0,0,0,731876.8136,5379806.6779,12.140858528,48.528489125,2,#fc8d62,car
9,1,87,150,2018,8,8,6,3,5,3,0,0,0,0,0,0,1,0,727974959.0,5303250304.0,12.04700606,47.842136664,6,#ffd92f,circle
9,1,82,136,2018,8,16,4,3,5,6,0,1,1,0,0,0,0,0,704190.3717,5301888.9098,11.728864811,47.837895552,1,#66c2a5,bicycle
9,1,79,121,2018,8,14,5,3,1,6,0,0,1,0,0,0,0,0,667373.9129,5338372.1709,11.25150844,48.176528266,2,#fc8d62,car
9,1,84,119,2018,8,14,6,3,3,6,0,0,1,0,0,0,0,0,696028468.0,5346695.2635,11.640420699,48.243138491,2,#fc8d62,car
9,2,74,183,2018,8,22,3,3,8,1,2,0,1,0,0,0,0,0,741144.6521,5358258.4272,12.253794086,48.331453019,2,#fc8d62,car
9,1,75,122,2018,8,11,5,3,0,3,0,1,1,0,0,0,0,0,721009859.0,5326071.2373,11.965761697,48.049620265,1,#66c2a5,bicycle
9,2,74,146,2018,8,7,2,3,5,3,0,0,1,0,0,0,0,0,733311.3794,5377659.7595,12.159059043,48.508672577,2,#fc8d62,car
9,1,75,114,2018,8,12,6,3,9,1,0,0,0,0,1,0,0,0,714713.4696,5322030.0841,11.879356465,48.015456368,4,#e78ac3,marker
9,2,61,0,2018,8,10,2,2,0,7,0,1,0,0,0,0,0,0,734439.7811,5381962.2697,12.176732101,48.546899931,1,#66c2a5,bicycle
9,1,62,0,2018,8,7,3,3,5,3,0,1,0,0,0,0,1,1,692125.0776,5342084.7662,11.585810565,48.202895798,1,#66c2a5,bicycle
9,1,88,132,2018,8,19,4,3,5,2,0,0,1,0,0,0,0,0,666182.79,5321158397.0,11.228795618,48.022085706,2,#fc8d62,car
9,1,84,142,2018,8,12,4,3,3,6,0,1,1,0,0,0,0,0,683369.1301,5318218.2081,11.457827606,47.990955564,1,#66c2a5,bicycle
9,1,73,134,2018,8,9,2,3,0,7,0,0,0,0,1,0,0,0,685897.2929,5299393.9235,11.483568638,47.82101719,4,#e78ac3,marker
9,1,83,123,2018,8,12,2,3,2,6,0,0,1,0,0,0,0,0,737443.2321,5339870.8243,12.193620403,48.167682758,2,#fc8d62,car
9,1,62,0,2018,8,14,5,3,5,2,0,0,1,0,0,0,0,0,694643346.0,5332070352.0,11.615086276,48.11212382,2,#fc8d62,car
9,1,84,118,2018,8,6,3,3,1,6,0,0,1,0,0,0,1,0,704223513.0,5336051607.0,11.745556672,48.144902466,2,#fc8d62,car
9,1,82,136,2018,8,13,6,2,8,7,0,0,1,0,0,0,0,0,703071.9306,5299455.7837,11.712794421,47.81638234,2,#fc8d62,car
9,7,72,207,2018,8,19,4,3,4,1,0,0,1,0,0,0,0,0,640549.6078,5381480.3736,10.905305922,48.570642396,2,#fc8d62,car
9,1,81,130,2018,8,14,3,3,5,3,0,0,1,0,0,0,0,0,639594.0886,5323210.4267,10.873080626,48.046901998,2,#fc8d62,car
9,1,87,165,2018,8,14,2,2,0,7,0,0,0,0,1,0,0,0,733116.4964,5299685.2001,12.113703615,47.808263887,4,#e78ac3,marker
9,1,87,117,2018,8,17,2,3,2,6,0,0,1,0,0,0,0,1,723525.5248,5306395.6303,11.989246933,47.87196006,2,#fc8d62,car
9,1,87,150,2018,8,19,2,3,4,1,0,0,1,0,0,0,0,1,725710.34,5303993967.0,12.017169655,47.849617345,2,#fc8d62,car
9,1,74,135,2018,8,8,2,3,8,1,0,0,1,0,0,0,0,0,662948.6683,5353558.3018,11.197870529,48.314204688,2,#fc8d62,car
9,1,81,114,2018,8,17,2,3,0,1,0,1,0,0,0,0,0,1,657176.01,5312113.5692,11.104776315,47.943041968,1,#66c2a5,bicycle
9,1,73,137,2018,8,15,5,2,2,7,0,0,1,0,0,1,0,0,679326.0311,5305308.4244,11.398309495,47.876050965,2,#fc8d62,car
9,1,74,113,2018,8,8,2,2,5,3,0,1,1,0,0,0,0,0,674665.9253,5347659.6153,11.353341616,48.258053099,1,#66c2a5,bicycle
9,2,61,0,2018,8,10,3,3,4,2,0,0,1,0,0,0,0,0,726681226.0,5380088446.0,12.070742021,48.532917871,2,#fc8d62,car
9,1,77,116,2018,8,6,2,3,2,6,0,0,1,0,0,0,1,0,713237.2548,5365138.2151,11.881250511,48.403301078,2,#fc8d62,car
9,1,78,120,2018,8,14,2,3,3,6,0,0,1,0,0,0,1,0,693780.4592,5354389.5997,11.61370124,48.312981558,2,#fc8d62,car
9,1,88,118,2018,8,15,6,3,2,6,0,0,1,0,0,0,0,0,671162.0661,5310458.2496,11.291259897,47.924576675,2,#fc8d62,car
9,1,84,119,2018,8,20,2,3,3,6,2,0,1,0,0,1,0,0,696445.6344,5348864.5235,11.647040289,48.262504907,2,#fc8d62,car
9,1,78,124,2018,8,4,2,2,0,6,2,0,1,0,1,0,0,0,702872.6663,5359129.0097,11.738475657,48.352720867,2,#fc8d62,car
9,1,77,133,2018,8,12,3,3,4,2,0,0,1,0,0,0,0,0,709907.9823,5360115.0558,11.83381483,48.359282335,2,#fc8d62,car
9,1,84,136,2018,8,18,4,3,4,5,0,0,1,0,0,0,0,0,698070.0649,5326884.9352,11.658669421,48.064464314,2,#fc8d62,car
9,1,77,117,2018,8,6,2,3,1,6,0,0,1,0,0,0,0,0,716502136.0,5354200552.0,11.919681277,48.303914527,2,#fc8d62,car
9,1,62,0,2018,8,15,1,3,5,3,0,1,1,0,0,0,0,0,685630.5785,5328692.9367,11.492650246,48.084456587,1,#66c2a5,bicycle
9,1,74,141,2018,8,14,5,3,0,6,0,0,1,0,1,0,0,0,684281.9983,5354634.0306,11.485821789,48.318017577,2,#fc8d62,car
9,1,84,112,2018,8,13,1,2,3,6,0,0,1,0,1,0,0,0,700986608.0,5340957.4149,11.704409337,48.190021279,2,#fc8d62,car
9,1,75,111,2018,8,15,6,3,4,1,0,0,1,0,1,0,0,0,711431.3973,5337819.2929,11.843215047,48.158432253,2,#fc8d62,car
9,1,81,114,2018,8,18,4,3,5,3,0,0,1,0,1,0,0,0,656990376.0,5313606.8555,11.102837026,47.956513923,2,#fc8d62,car
9,1,77,123,2018,8,19,3,2,8,1,0,0,1,0,0,0,0,0,727590.0656,5340507.0003,12.061636007,48.177001916,2,#fc8d62,car
9,1,62,0,2018,8,18,2,3,5,3,0,1,0,0,1,0,0,1,694722.8341,5332192.2462,11.616208715,48.113195062,1,#66c2a5,bicycle
9,1,62,0,2018,8,5,5,3,5,3,0,1,1,0,0,0,0,0,692156.7149,5339378.3408,11.585011428,48.178561643,1,#66c2a5,bicycle
9,7,62,0,2018,8,10,1,3,0,1,0,1,0,0,0,0,0,0,620530.2993,5305409.2643,10.612403054,47.890689428,1,#66c2a5,bicycle
9,1,62,0,2018,8,17,3,2,5,2,0,0,1,0,1,0,0,0,690114.6037,5328636.5938,11.55277551,48.082628812,2,#fc8d62,car
9,1,87,165,2018,8,10,5,3,2,6,0,0,1,0,0,0,0,0,729473005.0,5300237158.0,12.065402666,47.814532026,2,#fc8d62,car
9,1,62,0,2018,8,17,2,3,2,6,0,0,1,0,0,0,0,1,694125.7199,5340374.4609,11.611926393,48.186915855,2,#fc8d62,car
9,7,71,140,2018,8,20,4,3,4,6,0,1,0,0,0,0,0,0,650649.3646,5370020.7387,11.037993326,48.465266411,1,#66c2a5,bicycle
9,1,82,137,2018,8,12,6,3,2,6,0,0,1,0,0,0,1,0,710262.0816,5305139.0043,11.811489078,47.865146298,2,#fc8d62,car
9,7,61,0,2018,8,17,1,3,3,1,0,0,1,0,1,0,0,0,643348.3976,5357586.0596,10.9350375,48.355167519,2,#fc8d62,car
9,1,83,123,2018,8,14,4,2,4,3,0,0,1,0,0,0,0,0,738686.1117,5339972.5225,12.210367099,48.168130914,2,#fc8d62,car
9,7,61,0,2018,8,20,1,3,3,1,0,1,1,0,0,0,0,0,642188.9417,5357571.9825,10.9193906,48.35530309,1,#66c2a5,bicycle
9,7,71,145,2018,8,14,3,3,4,2,0,0,1,0,0,0,0,0,647505.3091,5346303.9772,10.987173248,48.252769813,2,#fc8d62,car
9,1,81,130,2018,8,5,5,2,9,1,1,0,1,0,0,0,0,0,636880.3346,5323402068.0,10.836748211,48.049213072,2,#fc8d62,car
9,1,73,137,2018,8,13,3,3,9,1,0,0,1,0,0,0,0,1,676749.5194,5299400.5594,11.361468101,47.823654995,2,#fc8d62,car
9,1,74,143,2018,8,21,6,3,8,1,2,1,0,0,0,0,0,0,674798642.0,5352664.2812,11.357198179,48.303004095,1,#66c2a5,bicycle
9,1,88,141,2018,8,14,4,3,0,6,0,0,0,0,1,0,0,0,670895.8018,5309848.7317,11.287456782,47.919168066,4,#e78ac3,marker
9,1,77,113,2018,8,19,5,2,5,3,0,0,1,0,0,0,0,0,720144521.0,5356475747.0,11.969920508,48.32309947,2,#fc8d62,car
9,1,77,144,2018,8,14,6,3,5,3,0,0,1,0,0,0,0,0,714060129.0,5347481335.0,11.883390961,48.244370991,2,#fc8d62,car
9,1,62,0,2018,8,15,3,3,0,7,0,1,0,0,0,0,0,0,694205902.0,5340497.79,11.613060448,48.187999771,1,#66c2a5,bicycle
9,7,72,147,2018,8,10,4,2,7,1,0,1,0,0,0,0,0,0,636825.5489,5364736.0486,10.849364127,48.420906545,1,#66c2a5,bicycle
9,1,62,0,2018,8,19,4,3,5,3,0,1,0,0,1,0,0,0,688540.2534,5340174.6799,11.536763859,48.186802531,1,#66c2a5,bicycle
9,1,62,0,2018,8,17,5,3,2,7,0,0,1,0,0,0,0,0,688370.0349,5334091854.0,11.531782614,48.132179779,2,#fc8d62,car
9,1,62,0,2018,8,15,3,3,4,2,0,1,1,0,0,0,0,0,689200.2035,5329877.1182,11.541059448,48.094050888,1,#66c2a5,bicycle
9,1,87,177,2018,8,10,5,3,5,3,0,1,1,0,0,0,0,0,737056839.0,5305458.3109,12.169411547,47.858688893,1,#66c2a5,bicycle
9,7,72,171,2018,8,16,2,3,9,1,0,0,1,0,0,0,0,1,637617.5525,5372111.9075,10.862488096,48.487055703,2,#fc8d62,car
9,1,87,150,2018,8,9,5,3,2,6,0,0,1,0,0,0,1,0,729779.6891,5303378.2632,12.071159473,47.84264395,2,#fc8d62,car
9,1,79,121,2018,8,12,5,3,0,1,0,1,0,0,0,0,0,0,668160955.0,5338391.7586,11.262094912,48.176496568,1,#66c2a5,bicycle
9,2,61,0,2018,8,8,5,2,4,2,0,0,1,0,1,0,0,0,734239.7371,5382230.99,12.174176886,48.549388429,2,#fc8d62,car
9,1,88,113,2018,8,15,1,3,9,6,0,0,1,0,0,0,0,0,679439.2936,5311593.2334,11.40243724,47.932516162,2,#fc8d62,car
9,1,62,0,2018,8,17,1,3,2,6,0,0,1,0,0,0,0,0,686855.7151,5331202.5208,11.510183509,48.106655822,2,#fc8d62,car
9,1,90,157,2018,8,8,1,2,0,6,0,0,0,0,1,0,0,0,660416.8803,5300169.8255,11.143706131,47.834851917,4,#e78ac3,marker
9,1,81,132,2018,8,17,6,3,2,6,0,0,1,0,0,0,0,0,645465.2959,5324535.8884,10.952264979,48.057509377,2,#fc8d62,car
9,1,62,0,2018,8,0,4,2,0,7,2,0,0,0,1,0,0,0,698881.6992,5333043.6622,11.672420074,48.119561873,4,#e78ac3,marker
9,1,62,0,2018,8,6,5,3,3,6,0,0,1,0,0,1,0,0,692227008.0,5331142895.0,11.582238633,48.104521813,2,#fc8d62,car
9,1,62,0,2018,8,17,3,3,2,6,2,0,1,0,0,0,0,0,688521.1658,5334410.7367,11.533952933,48.135001204,2,#fc8d62,car
9,1,62,0,2018,8,15,6,3,1,6,0,0,1,0,0,0,0,0,686391.1225,5343622.4572,11.50939087,48.218426181,2,#fc8d62,car
9,1,88,120,2018,8,10,4,2,3,6,0,1,0,0,0,0,1,0,671750.8375,5324696.8899,11.304830223,48.052423656,1,#66c2a5,bicycle
9,1,82,123,2018,8,17,1,2,5,3,0,0,1,0,1,0,0,0,715412.1227,5298861.7732,11.877140622,47.807032577,2,#fc8d62,car
9,1,87,129,2018,8,12,1,2,5,3,0,0,1,0,0,0,0,0,725581.2287,5296645.0725,12.011621978,47.783632724,2,#fc8d62,car
9,1,62,0,2018,8,6,5,3,2,6,2,0,1,0,1,0,0,0,689420.5665,5331860.4168,11.544896347,48.111811603,2,#fc8d62,car
9,1,87,122,2018,8,3,1,3,8,1,2,0,1,0,0,0,0,0,720455.9644,5307519.4695,11.948827204,47.883119106,2,#fc8d62,car
9,1,82,123,2018,8,0,5,3,2,7,2,0,1,0,0,0,1,0,716908.0843,5301283.9149,11.898307124,47.828295547,2,#fc8d62,car
9,7,71,130,2018,8,17,4,3,3,6,0,0,1,0,0,0,0,0,644778.0109,5357674.6346,10.95435448,48.355637777,2,#fc8d62,car
9,1,73,123,2018,8,10,4,2,0,7,0,1,0,0,0,0,0,0,680259.9982,5305959.9109,11.411060847,47.881645949,1,#66c2a5,bicycle
9,7,72,185,2018,8,20,5,3,5,6,2,1,0,0,0,0,0,0,634697.8787,5384812.1845,10.827102133,48.601886036,1,#66c2a5,bicycle
9,7,72,209,2018,8,10,3,3,0,1,0,1,0,0,0,0,0,0,634188.5955,5336018.3307,10.804615892,48.163237214,1,#66c2a5,bicycle
9,1,85,158,2018,8,9,5,3,2,6,0,0,1,0,0,0,0,0,666677.6765,5381163.0813,11.259109307,48.56138692,2,#fc8d62,car
9,1,87,169,2018,8,16,6,3,2,6,0,0,1,0,0,0,0,0,736191.8333,5301355.5898,12.155626522,47.822149487,2,#fc8d62,car
9,1,74,113,2018,8,23,1,3,5,3,2,0,1,0,0,0,0,0,677729226.0,5347681.5261,11.394586739,48.257398274,2,#fc8d62,car
9,1,90,157,2018,8,9,5,3,1,6,0,0,1,0,0,0,0,0,660867.8686,5301552567.0,11.150242382,47.847171615,2,#fc8d62,car
9,1,62,0,2018,8,13,5,3,3,6,0,0,1,0,1,0,0,0,684946.0925,5333029.4952,11.485347483,48.123634921,2,#fc8d62,car
9,1,74,147,2018,8,18,1,3,5,3,0,0,1,0,0,0,0,0,674187.6194,5366719.8786,11.354786102,48.429518706,2,#fc8d62,car
9,1,74,115,2018,8,13,1,3,0,1,0,0,0,0,1,0,0,0,679620169.0,5347791.7738,11.420087168,48.257856088,4,#e78ac3,marker
9,1,78,113,2018,8,6,1,3,9,1,1,0,1,0,0,0,0,0,691580.8027,5364164.3191,11.588513489,48.40150147,2,#fc8d62,car
9,1,79,128,2018,8,17,6,3,8,1,0,0,1,0,0,0,0,0,655881768.0,5342599876.0,11.098580389,48.217462124,2,#fc8d62,car
9,1,77,117,2018,8,0,1,1,4,6,2,0,1,0,0,0,0,0,713925.0793,5349839479.0,11.882766099,48.265605416,2,#fc8d62,car
9,1,74,113,2018,8,19,4,3,9,1,0,0,1,0,0,0,0,0,669282.7001,5349416.7847,11.281575337,48.275310453,2,#fc8d62,car
9,1,77,137,2018,8,15,1,2,8,7,0,0,1,0,0,0,0,0,733622.1673,5347285.4587,12.146388372,48.235706271,2,#fc8d62,car
9,1,62,0,2018,8,16,4,3,5,3,0,0,1,0,0,0,0,0,679875216.0,5334915651.0,11.41806405,48.142042424,2,#fc8d62,car
9,1,62,0,2018,8,8,7,3,2,6,0,0,1,0,0,0,0,0,685207815.0,5335347.3914,11.489868814,48.144393189,2,#fc8d62,car
9,1,78,150,2018,8,9,5,3,2,6,0,0,1,0,0,0,0,0,691406.9474,5370944.1284,11.58926299,48.4624866,2,#fc8d62,car
9,1,84,134,2018,8,17,7,2,2,6,0,0,1,0,0,0,0,0,693641.5446,5322191.0334,11.597166917,48.023635741,2,#fc8d62,car
9,1,84,137,2018,8,16,7,3,0,2,0,0,1,0,0,0,0,0,706310.4248,5316871.0142,11.764329162,47.971861283,2,#fc8d62,car
9,1,78,136,2018,8,20,6,3,0,1,1,0,0,0,1,0,1,1,695870.4996,5370571.7257,11.649403097,48.457766204,4,#e78ac3,marker
9,1,77,133,2018,8,15,4,3,5,3,0,0,1,0,0,0,0,0,711143228.0,5354118306.0,11.847465464,48.304986553,2,#fc8d62,car
9,1,62,0,2018,8,12,2,3,0,6,0,0,0,0,1,0,0,0,689164.6107,5341297.3733,11.54565592,48.196707686,4,#e78ac3,marker
9,1,85,158,2018,8,12,4,3,5,3,0,0,1,0,0,0,1,0,667917.2166,5381751.1963,11.276133303,48.566342848,2,#fc8d62,car
9,1,84,135,2018,8,6,3,2,3,6,0,0,1,0,0,0,0,0,692204.0642,5344017.3321,11.587748099,48.220241158,2,#fc8d62,car
9,1,62,0,2018,8,14,7,3,2,6,0,0,1,0,0,0,0,0,692910.8702,5329641.5717,11.590736949,48.090821481,2,#fc8d62,car
9,1,87,167,2018,8,19,7,3,0,1,0,1,0,0,0,0,0,0,741559.47,5305093733.0,12.229309463,47.853737309,1,#66c2a5,bicycle
9,7,61,0,2018,8,17,1,2,8,7,0,1,0,0,0,0,0,0,639264.5303,5354359.2463,10.878874342,48.327066541,1,#66c2a5,bicycle
9,7,77,182,2018,8,13,2,1,3,6,0,0,0,0,1,0,1,0,627496.6731,5307509.0539,10.706175212,47.908227405,4,#e78ac3,marker
9,1,87,117,2018,8,18,7,3,5,3,0,0,1,0,1,0,0,0,722598.0325,5304871.1927,11.976075874,47.858584698,2,#fc8d62,car
9,1,84,113,2018,8,14,7,2,0,1,0,1,0,0,0,0,0,0,683767.4994,5317518.4794,11.462862688,47.984551451,1,#66c2a5,bicycle
9,1,78,120,2018,8,16,2,3,3,6,0,0,1,0,0,1,0,0,695113.2015,5355252.2832,11.632056606,48.320324927,2,#fc8d62,car
9,1,85,166,2018,8,3,7,3,0,1,2,1,0,0,0,0,0,0,672457889.0,5384359245.0,11.338711529,48.588553301,1,#66c2a5,bicycle
9,1,78,124,2018,8,17,1,3,0,3,0,0,1,0,0,0,0,0,702856.8368,5359047.7276,11.73822307,48.351995522,2,#fc8d62,car
9,1,85,113,2018,8,23,7,2,9,7,2,0,1,0,0,0,1,0,670131398.0,5374022441.0,11.302967246,48.496271533,2,#fc8d62,car
9,1,84,145,2018,8,4,3,3,2,6,2,0,1,0,0,0,0,0,693412.3281,5325274.8405,11.595488557,48.051422094,2,#fc8d62,car
9,7,61,0,2018,8,14,2,1,4,1,0,0,1,0,1,0,0,0,641068.5471,5360583.5738,10.905285484,48.382633496,2,#fc8d62,car
9,1,81,114,2018,8,12,7,2,4,2,0,0,1,0,1,0,0,0,656650.9514,5315327013.0,11.098920454,47.972063332,2,#fc8d62,car
9,1,74,150,2018,8,11,7,3,5,3,0,0,1,0,1,0,0,0,680678.9041,5358916263.0,11.43910151,48.357548211,2,#fc8d62,car
9,1,88,145,2018,8,18,3,2,5,3,0,1,0,0,0,0,0,0,664049.1522,5326950.0424,11.202421898,48.074706713,1,#66c2a5,bicycle
9,1,75,118,2018,8,13,7,3,4,6,0,0,1,0,0,0,0,0,717970.14,5339219064.0,11.931744171,48.168801938,2,#fc8d62,car
9,1,78,136,2018,8,20,7,2,8,1,1,0,0,0,1,0,0,0,697173.0809,5369154.9672,11.666335261,48.444627408,4,#e78ac3,marker
9,1,75,121,2018,8,11,7,3,5,3,0,1,1,0,0,0,0,0,713933.3885,5318847.9751,11.867322688,47.98712385,1,#66c2a5,bicycle
9,1,78,157,2018,8,12,3,3,4,6,0,0,1,0,0,0,1,0,702387.8967,5370780.3706,11.737557195,48.457578902,2,#fc8d62,car
9,1,87,134,2018,8,7,4,3,2,6,0,0,1,0,0,0,1,0,736436.2739,5319816.3132,12.169004203,47.987903541,2,#fc8d62,car