ULAND,UREGBEZ,UKREIS,UGEMEINDE,UJAHR,UMONAT,USTUNDE,UWOCHENTAG,UKATEGORIE,UART,UTYP1,ULICHTVERH,IstRad,IstPKW,IstFuss,IstKrad,IstGkfz,IstSonstig,STRZUSTAND,LINREFX,LINREFY,XGCSWGS84,YGCSWGS84,Teilnehmer,color,symbol
9,1,75,137,2018,8,16,4,3,2,6,0,0,1,0,0,0,0,0,727932612.0,5330077877.0,12.060659353,48.083182784,2,#fc8d62,car
9,1,75,115,2018,8,9,7,3,9,7,0,0,0,0,1,0,0,0,722116.4788,5329265.9618,11.982249892,48.077940448,4,#e78ac3,marker
9,1,77,139,2018,8,19,7,2,9,1,0,0,0,0,1,0,0,0,738154.9562,5360497.9019,12.214786142,48.352702433,4,#e78ac3,marker
9,2,61,0,2018,8,13,3,3,5,3,0,0,1,0,0,1,0,0,731595973.0,5381547.2917,12.138027512,48.544228445,2,#fc8d62,car
9,1,84,146,2018,8,17,6,3,5,3,0,1,1,0,0,0,0,0,697496.0165,5328372.2411,11.65165972,48.078009333,1,#66c2a5,bicycle
9,1,84,122,2018,8,11,2,3,1,5,0,0,1,0,0,0,0,0,689316.2838,5325898.2938,11.540854332,48.058253931,2,#fc8d62,car
9,1,88,113,2018,8,13,4,2,4,6,0,1,0,0,0,0,0,0,676277.0504,5317178.2534,11.362425859,47.983600854,1,#66c2a5,bicycle
9,1,62,0,2018,8,10,3,3,2,6,0,0,1,0,0,0,0,0,687735.3781,5331593.5424,11.522160958,48.109911808,2,#fc8d62,car
9,1,84,149,2018,8,15,6,3,4,6,0,1,0,0,0,0,0,0,690374.3233,5350586.3524,11.566093131,48.279833619,1,#66c2a5,bicycle
9,1,81,141,2018,8,21,1,1,4,6,2,0,0,0,1,0,0,0,642000.6978,5316994803.0,10.903295246,47.990479113,4,#e78ac3,marker
9,1,85,158,2018,8,16,2,3,0,1,0,1,0,0,0,0,0,0,666811.9981,5381893.1783,11.261221093,48.567914248,1,#66c2a5,bicycle
9,1,84,119,2018,8,16,6,3,5,3,0,0,1,0,1,0,0,0,697064781.0,5348419032.0,11.655166306,48.258308961,2,#fc8d62,car
9,1,83,139,2018,8,10,6,3,2,6,0,0,1,0,1,0,0,0,737170.9217,5334344.4881,12.186886164,48.118141227,2,#fc8d62,car
9,1,73,147,2018,8,12,7,2,0,1,0,1,0,0,0,0,0,0,679920.9269,5308256.3508,11.40748695,47.902384693,1,#66c2a5,bicycle
9,1,62,0,2018,8,7,6,3,4,2,0,1,1,0,0,0,0,0,681992.1269,5335425.5419,11.446712887,48.146023703,1,#66c2a5,bicycle
9,7,72,223,2018,8,2,3,2,0,7,2,0,0,0,1,0,0,0,615805.1269,5363542.6706,10.565038285,48.414389285,4,#e78ac3,marker
9,7,72,130,2018,8,10,1,3,7,7,0,1,0,0,0,0,0,0,630494.8997,5359504.6863,10.762214911,48.375207727,1,#66c2a5,bicycle
9,1,74,113,2018,8,18,4,3,5,3,0,1,0,0,0,0,0,0,672600.1499,5349226.3628,11.326171938,48.272703204,1,#66c2a5,bicycle
9,1,77,135,2018,8,17,1,3,5,2,0,0,1,0,0,0,0,0,719011.0927,5344513.3458,11.948456124,48.21601314,2,#fc8d62,car
9,1,84,120,2018,8,17,2,2,3,6,0,0,1,0,0,0,0,0,682174.6117,5333277.3244,11.448245152,48.126661689,2,#fc8d62,car
9,1,87,169,2018,8,23,3,1,9,1,2,0,1,0,0,0,0,0,742274.5116,5298088.0561,12.234936467,47.790535555,2,#fc8d62,car
9,7,71,144,2018,8,7,2,3,8,7,0,0,0,0,0,1,0,0,660479.3883,5372456264.0,11.171812831,48.484730877,5,#a6d854,bus
9,7,61,0,2018,8,13,7,3,5,3,0,0,1,0,0,0,0,0,643354.9352,5361327.8441,10.936401407,48.388810145,2,#fc8d62,car
9,1,88,120,2018,8,17,1,2,6,4,0,1,0,1,0,0,0,0,679343.9524,5329277.7034,11.408557566,48.091512682,1,#66c2a5,bicycle
9,7,71,111,2018,8,11,6,3,2,6,0,0,1,0,0,0,0,0,657317.5482,5358798.7304,11.123929524,48.362744548,2,#fc8d62,car
9,7,61,0,2018,8,15,6,3,8,1,0,0,1,0,0,0,0,0,637293.9527,5351204.9681,10.851276367,48.299134412,2,#fc8d62,car
9,1,84,132,2018,8,16,2,3,4,2,0,1,1,0,0,0,0,0,684123.5427,5329252.2525,11.47267448,48.08992112,1,#66c2a5,bicycle
9,1,62,0,2018,8,17,3,3,1,5,0,1,1,0,0,0,0,0,686471.7302,5335205.3259,11.506781418,48.142747054,1,#66c2a5,bicycle
9,1,79,121,2018,8,13,3,3,5,3,0,0,1,0,0,0,0,0,666106.6402,5339503.1595,11.234916788,48.187028442,2,#fc8d62,car
9,1,79,145,2018,8,17,4,3,0,7,0,0,0,0,0,0,1,0,675906.9179,5338585.1896,11.366283192,48.176138418,6,#ffd92f,circle
9,1,62,0,2018,8,7,3,3,1,6,0,0,1,0,0,0,1,0,693845.9005,5331647.4471,11.604191702,48.108566072,2,#fc8d62,car
9,1,88,124,2018,8,19,1,3,0,2,0,0,1,0,1,0,0,0,662262.4769,5318156.0,11.175121361,47.996099855,2,#fc8d62,car
9,1,87,182,2018,8,14,2,2,4,6,0,1,0,0,0,0,0,0,738651.0021,5328244.8723,12.203333765,48.062795781,1,#66c2a5,bicycle
9,7,61,0,2018,8,16,1,3,4,2,0,0,1,0,1,0,0,0,639224.2727,5360874.7654,10.880487063,48.385661529,2,#fc8d62,car
9,7,77,158,2018,8,15,2,3,1,6,0,0,1,0,0,0,1,0,619407.7348,5308984552.0,10.598381904,47.923054815,2,#fc8d62,car
9,7,77,112,2018,8,11,3,2,4,3,0,0,1,0,1,0,0,0,623035.3561,5296566.7777,10.643385413,47.81068728,2,#fc8d62,car
9,1,62,0,2018,8,12,7,3,5,2,0,1,1,0,0,0,0,0,684231.0542,5335412.6188,11.476778569,48.145263093,1,#66c2a5,bicycle
9,1,74,150,2018,8,12,2,3,0,7,0,0,0,0,1,0,0,0,680478.5652,5359840.1305,11.436795837,48.36590966,4,#e78ac3,marker
9,1,85,143,2018,8,7,3,3,8,1,0,0,1,0,1,0,0,0,664268.2159,5384322.2263,11.227725948,48.590421913,2,#fc8d62,car
9,7,71,142,2018,8,13,2,3,5,3,0,0,1,0,1,0,0,0,645428163.0,5352871.9413,10.961467892,48.31230554,2,#fc8d62,car
9,7,61,0,2018,8,20,3,2,5,3,2,0,1,0,1,0,0,0,641416.0535,5365105.9947,10.911499813,48.423219243,2,#fc8d62,car
9,7,62,0,2018,8,15,7,3,2,6,0,0,1,0,0,0,0,0,620532.0249,5304031926.0,10.612041633,47.878301595,2,#fc8d62,car
9,1,88,132,2018,8,10,3,3,5,2,0,1,1,0,0,0,0,0,664413.9214,5322215.8076,11.205496109,48.032049994,1,#66c2a5,bicycle
9,1,90,149,2018,8,10,2,2,0,7,0,1,0,0,0,0,1,0,637284506.0,5298546321.0,10.834243136,47.825607238,1,#66c2a5,bicycle
9,2,74,126,2018,8,11,2,3,2,6,0,0,0,0,1,1,0,0,732915.5056,5383177.9934,12.156790397,48.558388065,4,#e78ac3,marker
9,1,78,124,2018,8,19,3,3,5,2,0,0,1,0,0,0,0,0,703877.2509,5364794.7854,11.754767415,48.403311159,2,#fc8d62,car
9,1,87,182,2018,8,9,4,3,2,6,0,0,1,0,0,0,0,0,736498.6176,5327989.7795,12.174348144,48.061305566,2,#fc8d62,car
9,1,74,113,2018,8,14,4,3,5,3,0,0,1,0,0,0,0,0,677731.0545,5347682.3646,11.394611705,48.257405298,2,#fc8d62,car
9,1,73,145,2018,8,12,1,2,5,3,0,0,1,0,1,0,0,0,688329.4315,5298949.4882,11.515836459,47.816314962,2,#fc8d62,car
9,1,84,131,2018,8,16,2,2,4,6,0,0,1,0,0,0,0,0,705228.8503,5339203.1206,11.760576243,48.172900006,2,#fc8d62,car
9,1,62,0,2018,8,8,4,3,2,6,0,0,1,0,0,1,1,0,687523.2643,5333110.1893,11.519981101,48.123606358,2,#fc8d62,car
9,1,84,130,2018,8,7,3,3,2,3,0,1,1,0,0,0,0,0,697509291.0,5343249385.0,11.658738874,48.21171038,1,#66c2a5,bicycle
9,1,73,120,2018,8,17,7,2,5,3,0,0,1,0,1,0,0,0,686641.1226,5312059954.0,11.498968679,47.93465465,2,#fc8d62,car
9,7,78,116,2018,8,19,2,3,5,3,0,0,1,0,0,0,0,0,620007.5185,5318914.8558,10.609179863,48.012252895,2,#fc8d62,car
9,1,79,114,2018,8,18,4,3,2,6,0,0,1,0,0,0,0,0,653382911.0,5344307.0108,11.065579809,48.233419916,2,#fc8d62,car
9,1,75,132,2018,8,15,1,3,5,2,0,0,1,0,0,0,1,0,707237.3849,5336755.9645,11.786368338,48.150257484,2,#fc8d62,car
9,7,61,0,2018,8,16,2,3,3,2,0,1,1,0,0,0,0,0,641587.2342,5357766.9978,10.911338547,48.357191796,1,#66c2a5,bicycle
9,1,79,113,2018,8,23,3,2,5,3,2,0,1,0,1,0,0,0,671168.4193,5334893.7809,11.301110123,48.14424794,2,#fc8d62,car
9,1,77,115,2018,8,12,2,3,1,7,0,0,1,0,0,0,1,0,738333.8011,5354458.4906,12.213782788,48.298386015,2,#fc8d62,car
9,1,63,0,2018,8,11,1,3,9,1,0,0,1,0,0,0,0,0,732681.7793,5305646.1157,12.111108748,47.861975099,2,#fc8d62,car
9,1,75,122,2018,8,10,3,3,6,1,0,0,1,1,0,0,0,0,721021229.0,5325549363.0,11.965644616,48.044927264,2,#fc8d62,car
9,1,62,0,2018,8,14,3,3,3,6,0,1,0,0,0,0,0,0,702031.9741,5332177.1413,11.71429169,48.110782849,1,#66c2a5,bicycle
9,1,81,121,2018,8,14,4,3,9,1,0,0,1,0,0,0,0,0,639058572.0,5313039059.0,10.862602401,47.955553715,2,#fc8d62,car
9,1,62,0,2018,8,14,3,3,2,6,0,1,1,0,0,0,0,0,696773.6828,5333705.2033,11.644430978,48.126162321,1,#66c2a5,bicycle
9,1,81,145,2018,8,11,1,3,5,3,0,1,1,0,0,0,0,0,644490087.0,5330983762.0,10.941366162,48.115709505,1,#66c2a5,bicycle
9,1,85,166,2018,8,17,1,2,4,2,0,0,1,0,1,0,0,0,674381298.0,5383571662.0,11.364441533,48.580941525,2,#fc8d62,car
9,1,86,143,2018,8,22,2,3,1,1,2,0,1,0,0,0,0,0,683329.3142,5379206.7114,11.483729363,48.539155891,2,#fc8d62,car
9,1,84,145,2018,8,16,2,3,2,6,0,0,1,0,0,0,0,0,696489.3921,5322542282.0,11.635482415,48.025923151,2,#fc8d62,car
9,2,74,124,2018,8,15,3,3,2,6,0,0,1,0,1,0,0,0,726925.3597,5377048.4024,12.072390696,48.505519685,2,#fc8d62,car
9,7,72,145,2018,8,20,1,1,8,1,1,0,1,0,0,0,0,0,632995.3832,5366851.1348,10.798292847,48.440745774,2,#fc8d62,car
9,7,62,0,2018,8,22,2,3,5,3,2,0,1,0,0,0,0,0,622776.7586,5306399.1059,10.642724199,47.899165866,2,#fc8d62,car
9,1,74,151,2018,8,13,4,3,3,6,0,1,0,0,0,1,0,0,679069.2219,5361489.4983,11.418487196,48.381136479,1,#66c2a5,bicycle
9,1,62,0,2018,8,11,7,3,5,3,0,1,1,0,0,0,0,0,692156.6236,5339379.3353,11.585010651,48.178570609,1,#66c2a5,bicycle
9,1,88,145,2018,8,4,2,3,2,6,2,0,1,0,0,1,0,0,663913.5792,5328060.5641,11.201029217,48.084725627,2,#fc8d62,car
9,2,61,0,2018,8,19,4,3,0,1,0,1,0,0,0,0,0,0,731858.7813,5379836.0043,12.140630962,48.528759219,1,#66c2a5,bicycle
9,2,74,146,2018,8,13,2,2,6,4,0,0,1,1,0,0,0,0,733327.5927,5377639.0998,12.159266678,48.508480976,2,#fc8d62,car
9,7,72,163,2018,8,14,2,3,6,4,0,0,1,1,0,0,0,0,638825.1655,5349197.2896,10.871252008,48.280747391,2,#fc8d62,car
9,7,72,156,2018,8,20,3,3,2,6,1,0,1,0,0,0,0,0,628268197.0,5368908159.0,10.735035635,48.460224151,2,#fc8d62,car
9,1,62,0,2018,8,11,1,3,6,4,0,0,1,1,0,0,0,0,691758.4811,5331907455.0,11.576295034,48.111534806,2,#fc8d62,car
9,7,71,111,2018,8,20,3,3,3,6,2,0,1,0,0,0,0,0,658594.9551,5357126.1476,11.14053295,48.34738785,2,#fc8d62,car
9,1,90,159,2018,8,6,2,3,5,3,0,0,1,0,0,0,0,0,663277.8708,5305794.5984,11.184034095,47.884703459,2,#fc8d62,car
9,7,71,113,2018,8,10,7,3,9,1,0,0,1,0,1,0,0,0,660330.6833,5366291.9677,11.167440499,48.429351694,2,#fc8d62,car
9,1,75,111,2018,8,17,3,3,2,6,0,1,0,0,0,0,0,0,713761.4199,5337741.3332,11.874468081,48.156952815,1,#66c2a5,bicycle
9,1,79,121,2018,8,8,4,3,0,3,0,0,1,0,1,0,0,0,667975.3526,5338395933.0,11.259601862,48.176583185,2,#fc8d62,car
9,1,79,142,2018,8,11,6,3,5,3,0,0,1,0,0,0,1,1,673176.5276,5341441.3972,11.330750612,48.202564078,2,#fc8d62,car
9,1,84,147,2018,8,5,3,3,2,6,2,0,1,0,0,1,0,0,700040.5266,5341304.8014,11.691857418,48.193441868,2,#fc8d62,car
9,1,62,0,2018,8,9,6,1,5,3,0,1,0,0,0,0,1,0,697131363.0,5330662.0269,11.647826042,48.098701461,1,#66c2a5,bicycle
9,1,74,126,2018,8,13,6,3,5,6,0,0,1,0,0,0,0,1,683778.4589,5346830.8281,11.475642358,48.24802642,2,#fc8d62,car
9,1,74,135,2018,8,11,6,3,4,2,0,0,1,0,0,0,0,1,663043707.0,5352962.1939,11.198921068,48.308821144,2,#fc8d62,car
9,7,71,113,2018,8,22,3,3,5,3,2,1,1,0,0,0,0,0,657470201.0,5368851764.0,11.129761197,48.453086621,1,#66c2a5,bicycle
9,1,74,150,2018,8,14,6,3,5,3,0,0,1,0,0,0,0,0,680216.1594,5358726.0588,11.432779037,48.355970793,2,#fc8d62,car
9,1,74,131,2018,8,8,6,3,8,1,0,0,1,0,0,0,0,1,674026.28,5358360.4628,11.349143605,48.354420606,2,#fc8d62,car
9,1,62,0,2018,8,11,6,3,2,6,0,0,1,0,0,0,1,1,692994.58,5339518.4878,11.596334571,48.179567319,2,#fc8d62,car
9,1,78,124,2018,8,16,6,3,9,6,0,0,1,0,0,0,0,1,701717.6741,5358528.1869,11.722615507,48.347691517,2,#fc8d62,car
9,1,78,124,2018,8,14,6,3,9,1,0,0,1,0,0,0,0,1,700173.7549,5356897.4218,11.701026254,48.333527526,2,#fc8d62,car
9,1,78,120,2018,8,16,6,3,2,1,0,0,1,0,0,0,0,1,695090412.0,5353007295.0,11.630711549,48.300155797,2,#fc8d62,car
9,1,78,157,2018,8,17,6,3,4,6,0,0,1,0,0,0,1,1,701194.9837,5370851.6534,11.721474775,48.458601988,2,#fc8d62,car
9,1,62,0,2018,8,17,5,3,5,3,0,0,1,0,0,0,0,0,690218.2212,5339040.8385,11.558809683,48.176111439,2,#fc8d62,car
9,1,74,113,2018,8,14,2,3,5,3,0,1,1,0,0,0,0,0,678981.1079,5342767.0961,11.409362062,48.212870862,1,#66c2a5,bicycle
9,1,84,118,2018,8,18,5,3,2,6,0,0,1,0,0,0,1,1,703549.7559,5335191.6322,11.736098465,48.137390053,2,#fc8d62,car
9,1,62,0,2018,8,12,5,3,2,2,0,1,1,0,0,0,0,0,694986.8885,5333005.8272,11.6201246,48.120426407,1,#66c2a5,bicycle
9,1,84,141,2018,8,14,5,3,4,6,0,0,1,0,0,0,0,0,698378.6584,5311944.8697,11.655901905,47.93009476,2,#fc8d62,car
9,1,84,147,2018,8,18,5,3,0,1,0,0,0,0,1,0,0,1,700032.0392,5340735.4648,11.691475195,48.188327943,4,#e78ac3,marker
9,1,62,0,2018,8,15,1,3,1,7,0,0,1,0,1,0,0,0,695603.1822,5338533.3212,11.630936344,48.169915584,2,#fc8d62,car
9,1,87,182,2018,8,14,3,3,0,3,0,0,1,0,1,0,0,0,740100441.0,5326723.68,12.221903799,48.048587418,2,#fc8d62,car
9,1,84,114,2018,8,12,1,3,2,6,0,0,1,0,0,0,0,0,699916.7115,5318980.2548,11.679740706,47.992846791,2,#fc8d62,car
9,2,74,113,2018,8,10,2,3,2,6,0,0,0,0,1,1,0,0,728418.8832,5383918.8438,12.096346217,48.566697124,4,#e78ac3,marker
9,1,79,125,2018,8,15,3,3,4,6,0,0,1,0,0,1,0,0,661322438.0,5332606.1041,11.167980153,48.126253653,2,#fc8d62,car
9,1,87,177,2018,8,16,7,3,2,6,0,0,1,0,0,0,0,1,735515.6288,5304684.1163,12.148416597,47.852300321,2,#fc8d62,car
9,7,77,157,2018,8,11,5,2,0,1,0,1,0,0,0,0,0,1,630386.2242,5301848.2802,10.743115969,47.856738019,1,#66c2a5,bicycle
9,7,61,0,2018,8,13,6,3,0,7,0,0,0,0,1,0,0,1,642197492.0,5359477.8413,10.920150197,48.372437805,4,#e78ac3,marker
9,7,61,0,2018,8,16,3,3,1,1,0,0,1,0,0,0,0,0,640623.0574,5352377.0272,10.896531412,48.308942139,2,#fc8d62,car
9,1,77,113,2018,8,14,1,2,9,1,0,0,1,0,0,0,0,0,724830.9562,5357668.4585,12.033689071,48.332165924,2,#fc8d62,car
9,7,73,182,2018,8,12,5,2,4,6,0,0,0,0,0,1,1,1,624586.8511,5379363.0236,10.688383265,48.554979169,5,#a6d854,bus
9,7,71,122,2018,8,0,5,3,1,1,2,0,0,0,0,1,0,0,653387.6588,5361731.9387,11.07197924,48.390083246,5,#a6d854,bus
9,1,77,126,2018,8,7,3,3,2,6,0,0,1,0,0,0,0,0,719166.8462,5370325.3089,11.963971912,48.44787131,2,#fc8d62,car
9,7,71,114,2018,8,8,5,3,2,2,0,0,1,0,0,1,0,0,644236.5805,5375202.76,10.953083473,48.513362088,2,#fc8d62,car
9,7,62,0,2018,8,12,7,3,4,2,0,1,1,0,0,0,0,0,622349.7844,5304658.2532,10.636520314,47.88359076,1,#66c2a5,bicycle
9,1,82,133,2018,8,14,2,2,0,1,0,1,0,0,0,0,0,0,706568.3556,5311526.5303,11.765215832,47.923748451,1,#66c2a5,bicycle
9,1,84,138,2018,8,20,2,3,3,6,0,1,1,0,0,0,0,0,680815.5693,5330534.0232,11.428834942,48.102389881,1,#66c2a5,bicycle
9,1,84,119,2018,8,9,2,3,2,6,0,0,1,0,0,1,0,0,696085148.0,5346933.3606,11.641293558,48.245260798,2,#fc8d62,car
9,2,61,0,2018,8,12,7,3,2,6,0,0,1,0,0,0,0,0,732455525.0,5382743.8038,12.150323529,48.554658529,2,#fc8d62,car
9,7,71,111,2018,8,5,2,3,8,6,2,0,1,0,0,0,0,0,657743.6564,5358247.1855,11.12947147,48.357679614,2,#fc8d62,car
9,2,74,134,2018,8,11,1,3,1,1,0,1,1,0,0,0,0,0,741170.4291,5374259.1983,12.263331781,48.4751619,1,#66c2a5,bicycle
9,1,62,0,2018,8,15,1,3,5,3,0,1,1,0,0,0,0,0,695622.6341,5343029.6554,11.633268612,48.210319875,1,#66c2a5,bicycle
9,2,74,126,2018,8,0,6,3,0,7,2,1,0,0,0,0,0,1,733176.3579,5382875.6353,12.16015089,48.55557517,1,#66c2a5,bicycle
9,1,74,131,2018,8,8,3,2,5,3,0,0,1,0,0,0,0,0,676347296.0,5358574555.0,11.380536272,48.355701205,2,#fc8d62,car
9,1,88,126,2018,8,22,3,3,2,6,2,0,1,0,0,0,1,0,660252.6968,5327851.8394,11.151828983,48.083779866,2,#fc8d62,car
9,1,79,142,2018,8,18,1,3,3,1,0,0,1,0,0,0,0,0,675156.0041,5344262.6397,11.358533835,48.227381832,2,#fc8d62,car
9,2,61,0,2018,8,10,6,3,5,3,0,1,1,0,0,0,0,1,732751.0473,5381588.1623,12.153676474,48.544168184,1,#66c2a5,bicycle
9,2,74,111,2018,8,15,6,1,0,1,0,1,0,0,0,0,0,0,738958.3804,5381775.8321,12.237752705,48.54352075,1,#66c2a5,bicycle
9,1,77,118,2018,8,7,3,3,5,3,0,1,1,0,0,0,0,0,707959.3736,5344246.8225,11.799730002,48.217335901,1,#66c2a5,bicycle
9,1,77,112,2018,8,14,7,2,3,6,0,0,1,0,0,0,1,0,714842.9071,5366237.4248,11.903479767,48.412632409,2,#fc8d62,car
9,7,61,0,2018,8,16,3,3,5,3,0,1,1,0,0,0,0,0,641635453.0,5359693979.0,10.912637975,48.374507616,1,#66c2a5,bicycle
9,1,62,0,2018,8,10,7,3,0,3,0,0,1,0,0,0,1,0,688634.5048,5329476.0446,11.533292339,48.090613632,2,#fc8d62,car
9,1,73,137,2018,8,20,6,3,8,1,2,0,1,0,0,0,0,1,676709.5567,5298169.5773,11.360432722,47.812599657,2,#fc8d62,car
9,2,74,194,2018,8,18,5,3,9,1,0,0,1,0,0,0,0,1,723419.7783,5378246.9014,12.025638888,48.51754315,2,#fc8d62,car
9,2,61,0,2018,8,16,5,3,4,6,0,0,1,0,0,1,0,1,734954.0729,5380736.2192,12.182998441,48.535694632,2,#fc8d62,car
9,1,84,119,2018,8,18,2,3,5,3,0,0,1,0,0,0,0,0,697582.4319,5349509.6356,11.662642464,48.267949081,2,#fc8d62,car
9,1,73,126,2018,8,18,6,3,9,1,0,0,0,0,1,0,0,1,684649.08,5303953776.0,11.468853915,47.862365502,4,#e78ac3,marker
9,1,73,147,2018,8,9,5,2,0,7,0,0,0,0,1,0,1,0,681897.6022,5309629.6195,11.434491093,47.914171914,4,#e78ac3,marker
9,1,77,139,2018,8,8,2,3,0,1,0,0,0,0,1,0,0,0,727927.2215,5354967.5726,12.073946005,48.306793104,4,#e78ac3,marker
9,1,81,133,2018,8,11,2,3,8,1,0,0,0,0,1,0,0,0,640487705.0,5313255432.0,10.881804784,47.957187469,4,#e78ac3,marker
9,7,77,158,2018,8,14,2,3,5,3,0,0,1,0,0,0,0,0,621567.8752,5309215.3674,10.627350527,47.92472467,2,#fc8d62,car
9,1,83,119,2018,8,22,6,2,4,6,2,0,1,0,0,0,0,1,738023.0568,5339206.98,12.201035003,48.161502725,2,#fc8d62,car
9,1,82,136,2018,8,10,3,3,0,7,0,1,0,0,0,0,0,0,703753.08,5301283.35,11.722742595,47.832591923,1,#66c2a5,bicycle
9,1,87,130,2018,8,12,5,2,8,1,0,0,1,0,0,0,0,0,712215.9959,5312673.0081,11.841287446,47.932206589,2,#fc8d62,car
9,7,72,125,2018,8,10,1,3,5,3,0,0,1,0,0,0,0,0,636547.1228,5348844.2451,10.840448341,48.278068215,2,#fc8d62,car
9,2,61,0,2018,8,6,2,2,1,1,0,0,1,0,0,1,0,0,725807.4779,5378155.4246,12.057876844,48.515867437,2,#fc8d62,car
9,1,88,139,2018,8,7,5,2,8,1,0,0,1,0,0,0,0,0,668927.4944,5318395.1691,11.26448892,47.996524089,2,#fc8d62,car
9,1,88,121,2018,8,6,5,2,5,6,0,0,1,0,1,0,0,0,672453577.0,5329074628.0,11.316018967,48.091588797,2,#fc8d62,car
9,1,79,121,2018,8,22,5,3,5,3,2,0,1,0,0,0,0,1,665465.4959,5339741.3036,11.226389923,48.189336714,2,#fc8d62,car
9,1,79,142,2018,8,20,3,3,5,2,1,0,1,0,0,0,0,0,670855191.0,5341470643.0,11.299546245,48.203455942,2,#fc8d62,car
9,1,82,137,2018,8,20,7,3,3,6,2,0,1,0,0,1,0,1,708403024.0,5305482.9407,11.786827311,47.8688429,2,#fc8d62,car
9,1,84,147,2018,8,13,5,3,8,1,0,0,1,0,0,0,0,1,700571.9836,5341195.4738,11.698949143,48.192291745,2,#fc8d62,car
9,7,72,163,2018,8,10,6,3,2,6,0,0,1,0,0,0,0,1,638660.4185,5346650.5695,10.868197431,48.257883457,2,#fc8d62,car
9,1,84,112,2018,8,7,5,3,2,6,0,0,1,0,0,0,0,0,701122177.0,5340980.8303,11.706242486,48.1901888,2,#fc8d62,car
9,7,61,0,2018,8,16,3,3,3,1,0,0,1,0,0,1,0,0,640602.9966,5355569189.0,10.897325615,48.337649697,2,#fc8d62,car
9,1,74,135,2018,8,18,1,3,8,1,0,0,1,0,0,0,0,0,664489.2609,5350287.1999,11.217359607,48.284398751,2,#fc8d62,car
9,1,78,124,2018,8,10,5,2,8,1,0,0,0,0,0,0,1,0,700063.6661,5356972.0027,11.699577902,48.334232617,6,#ffd92f,circle
9,1,78,123,2018,8,8,5,3,0,7,0,0,0,0,1,0,0,0,692354.8581,5359407.5304,11.596784103,48.358514967,4,#e78ac3,marker
9,2,74,113,2018,8,10,3,3,8,1,0,0,1,0,0,0,0,0,727784.2593,5384387807.0,12.088013312,48.571140807,2,#fc8d62,car
9,1,78,145,2018,8,11,5,3,5,3,0,1,1,0,0,0,0,0,698135.8782,5354678.9839,11.672517143,48.314232844,1,#66c2a5,bicycle
9,1,90,138,2018,8,9,2,3,2,6,0,0,1,0,0,0,0,0,661548.3273,5308049.2272,11.161760516,47.905412282,2,#fc8d62,car
9,1,62,0,2018,8,23,4,3,5,2,2,0,1,0,0,0,0,0,695008.4222,5333476.9202,11.620629144,48.124653796,2,#fc8d62,car
9,1,84,144,2018,8,19,4,2,5,3,0,1,1,0,0,0,0,0,687525.9148,5320289.9336,11.514394321,48.008372115,1,#66c2a5,bicycle
9,1,77,126,2018,8,7,3,3,2,6,0,0,1,0,0,0,0,0,719165.5,5370327842.0,11.963955057,48.447894537,2,#fc8d62,car
9,1,62,0,2018,8,13,6,3,3,6,0,0,1,0,1,0,0,1,695907.6055,5333843.6858,11.63286824,48.127674038,2,#fc8d62,car
9,1,84,142,2018,8,10,4,2,5,3,0,0,1,0,0,0,0,0,683432.1532,5317108096.0,11.458197393,47.980958787,2,#fc8d62,car
9,1,62,0,2018,8,10,4,3,4,2,0,1,1,0,0,0,0,0,687359574.0,5335074446.0,11.518647383,48.141309838,1,#66c2a5,bicycle
9,1,82,137,2018,8,19,6,3,3,6,2,0,1,0,0,0,0,1,710845283.0,5305225.3759,11.819319646,47.865731346,2,#fc8d62,car
9,1,62,0,2018,8,16,4,3,2,6,0,0,1,0,0,0,0,0,688545.4736,5335343.1258,11.534692093,48.143374461,2,#fc8d62,car
9,1,84,140,2018,8,22,4,3,5,3,2,0,1,0,1,0,0,0,701619.5222,5328365.8387,11.706957127,48.076661434,2,#fc8d62,car
9,1,62,0,2018,8,11,4,3,1,6,0,0,1,0,1,0,0,0,695480.4235,5330341.6352,11.625528502,48.096330511,2,#fc8d62,car
9,1,62,0,2018,8,15,4,3,2,6,0,0,1,0,0,0,0,0,697334.4174,5333607.6812,11.651913151,48.125112292,2,#fc8d62,car
9,1,87,126,2018,8,14,6,2,4,6,0,0,1,0,0,0,0,0,742559799.0,5325934211.0,12.254403775,48.040566333,2,#fc8d62,car
9,1,62,0,2018,8,8,2,3,1,2,0,0,1,0,1,0,0,0,698832695.0,5333033635.0,11.67175766,48.11948706,2,#fc8d62,car
9,7,71,111,2018,8,11,6,3,8,1,0,0,1,0,0,0,0,1,657694.2646,5358353.7821,11.128845127,48.358650298,2,#fc8d62,car
9,1,62,0,2018,8,9,2,3,3,6,0,0,1,0,0,1,0,0,696306.4356,5343381.0769,11.642625707,48.21326709,2,#fc8d62,car
9,2,61,0,2018,8,10,7,3,5,3,0,0,1,0,0,1,0,0,732090.8813,5381978.4938,12.144963024,48.547918969,2,#fc8d62,car