ULAND,UREGBEZ,UKREIS,UGEMEINDE,UJAHR,UMONAT,USTUNDE,UWOCHENTAG,UKATEGORIE,UART,UTYP1,ULICHTVERH,IstRad,IstPKW,IstFuss,IstKrad,IstGkfz,IstSonstig,STRZUSTAND,LINREFX,LINREFY,XGCSWGS84,YGCSWGS84,Teilnehmer,color,symbol
9,7,61,0,2018,8,12,3,3,2,6,0,0,1,0,0,1,1,0,637496223.0,5359886625.0,10.856836019,48.377155359,2,#fc8d62,car
9,2,74,126,2018,9,9,2,3,0,6,0,0,1,0,1,0,0,0,733266.0328,5382693.2512,12.161262122,48.553903542,2,#fc8d62,car
9,7,72,159,2018,8,11,3,2,1,1,0,0,1,0,1,0,0,0,626833.4368,5362667452.0,10.713748506,48.404395648,2,#fc8d62,car
9,7,72,209,2018,8,8,3,3,2,6,0,0,1,0,0,0,1,0,634672677.0,5335729668.0,10.811031221,48.160539064,2,#fc8d62,car
9,1,75,137,2018,8,7,6,2,8,1,1,0,1,0,0,0,0,0,726191.1944,5333184.2722,12.038955774,48.111711909,2,#fc8d62,car
9,7,61,0,2018,8,19,3,3,0,1,0,1,0,0,0,0,0,0,639045.2923,5361012.8406,10.878116642,48.386942544,1,#66c2a5,bicycle
9,1,78,113,2018,9,13,6,2,2,6,0,0,1,0,1,0,0,0,691660.7999,5364661.5841,11.589820238,48.405946254,2,#fc8d62,car
9,1,90,157,2018,9,8,2,3,1,7,0,0,0,0,1,1,0,0,660645.8847,5301125657.0,11.147118901,47.84338874,4,#e78ac3,marker
9,1,84,149,2018,9,0,6,2,2,6,2,0,1,0,0,1,0,1,691202.2979,5352371.3284,11.578049703,48.295626832,2,#fc8d62,car
9,1,87,165,2018,9,8,2,3,1,3,0,1,1,0,0,0,0,0,733586757.0,5299511344.0,12.119881572,47.80653149,1,#66c2a5,bicycle
9,1,75,132,2018,9,13,6,3,2,6,0,0,1,0,0,0,0,0,707041.4397,5330366.3202,11.780634021,48.092901539,2,#fc8d62,car
9,1,75,135,2018,9,12,6,2,5,3,0,1,1,0,0,0,0,0,708331.7138,5339022.8972,11.802173794,48.170271061,1,#66c2a5,bicycle
9,1,74,122,2018,9,9,7,3,5,3,0,0,1,0,1,0,0,0,684545568.0,5353135093.0,11.488718028,48.304467963,2,#fc8d62,car
9,1,75,132,2018,9,10,6,3,2,6,0,0,1,0,0,0,0,1,706075.8742,5330824.8246,11.767903191,48.097334818,2,#fc8d62,car
9,1,78,124,2018,9,8,6,2,5,1,0,1,1,0,0,0,0,1,703896073.0,5364814539.0,11.755031025,48.403482582,1,#66c2a5,bicycle
9,1,88,124,2018,9,16,2,3,0,7,0,1,0,0,0,0,0,0,662431.2405,5318456.0436,11.177495498,47.998754607,1,#66c2a5,bicycle
9,1,75,124,2018,9,11,6,1,4,6,0,0,1,0,1,0,0,1,713653083.0,5329369.9636,11.868818559,48.081766668,2,#fc8d62,car
9,1,62,0,2018,9,19,5,3,2,6,1,0,1,0,0,0,0,1,688039.6336,5327880.6782,11.524609254,48.076449758,2,#fc8d62,car
9,1,87,163,2018,9,0,1,3,2,6,2,0,1,0,0,0,0,0,735921571.0,5309320.9141,12.156365968,47.893807205,2,#fc8d62,car
9,1,62,0,2018,9,18,5,3,4,2,0,0,1,0,0,0,0,0,677950.1378,5335310.5876,11.392373795,48.1461339,2,#fc8d62,car
9,1,62,0,2018,9,21,5,2,5,2,2,0,1,0,0,0,1,1,686256541.0,5331794818.0,11.502400899,48.11215511,2,#fc8d62,car
9,1,62,0,2018,9,16,6,3,2,6,0,0,1,0,0,0,0,0,695160398.0,5337833493.0,11.624666064,48.163761998,2,#fc8d62,car
9,7,61,0,2018,9,17,1,3,0,6,0,0,1,0,1,0,0,0,641475.0676,5354149.8786,10.908610265,48.324693068,2,#fc8d62,car
9,7,71,145,2018,9,16,2,3,5,3,0,0,1,0,0,0,0,0,644027892.0,5347682322.0,10.940823401,48.265963226,2,#fc8d62,car
9,1,62,0,2018,9,18,5,3,2,6,0,0,1,0,0,0,1,0,690632.4166,5332013.1037,11.561229179,48.112822402,2,#fc8d62,car
9,1,84,148,2018,9,10,5,3,5,3,0,0,1,0,1,0,0,0,694105147.0,5327614.1981,11.60583753,48.072237406,2,#fc8d62,car
9,1,78,143,2018,9,9,2,3,3,6,0,0,1,0,1,0,0,0,716659.3832,5372015.7192,11.930982727,48.46392706,2,#fc8d62,car
9,1,84,119,2018,9,22,5,3,4,2,2,0,0,0,1,1,0,1,695571.2701,5347236.5652,11.634519207,48.248144513,4,#e78ac3,marker
9,1,86,143,2018,9,19,3,3,8,1,0,0,1,0,0,0,0,0,690162.8191,5378406.8881,11.575848443,48.529934045,2,#fc8d62,car
9,1,62,0,2018,9,18,5,3,1,6,1,0,1,0,0,0,0,0,688287.3927,5344620.4722,11.535337838,48.226836533,2,#fc8d62,car
9,7,61,0,2018,9,10,6,3,4,1,0,0,1,0,0,0,0,0,641912.3125,5357632.8927,10.915679128,48.355912999,2,#fc8d62,car
9,1,81,128,2018,9,0,1,3,4,6,2,1,0,0,0,0,0,0,639117.4223,5327868.7667,10.868204133,48.088895238,1,#66c2a5,bicycle
9,1,62,0,2018,9,8,5,3,2,6,0,0,1,0,0,0,0,0,689065.4785,5331351.1556,11.539904842,48.107339784,2,#fc8d62,car
9,1,84,121,2018,9,14,1,2,0,7,0,0,1,0,1,0,0,0,704302.8279,5327016.6349,11.742296129,48.063682507,2,#fc8d62,car
9,1,88,120,2018,9,8,3,3,4,2,0,0,1,0,1,0,0,0,677260.1819,5326487.2575,11.379440433,48.0670115,2,#fc8d62,car
9,1,84,147,2018,9,22,2,3,2,6,2,0,1,0,0,0,0,0,695531.5521,5339913.9592,11.630609059,48.182345994,2,#fc8d62,car
9,1,84,112,2018,9,10,7,3,2,6,0,0,1,0,0,0,0,0,701747.1479,5339395.33,11.713889336,48.175742051,2,#fc8d62,car
9,7,72,147,2018,9,22,5,3,8,1,2,0,1,0,0,0,0,1,638341.0698,5367985.8427,10.870909887,48.449796766,2,#fc8d62,car
9,1,74,115,2018,9,12,3,3,3,2,0,0,1,0,1,0,0,0,681479134.0,5346806.1094,11.444687488,48.248466693,2,#fc8d62,car
9,1,74,122,2018,9,13,7,2,4,2,0,0,1,0,1,0,0,0,683285.3123,5351436.0119,11.471001611,48.289562411,2,#fc8d62,car
9,7,72,147,2018,9,12,1,2,2,6,0,0,1,0,0,0,0,0,634344.63,5364473.4905,10.815765055,48.419079555,2,#fc8d62,car
9,1,90,133,2018,9,19,7,3,0,1,0,0,0,0,1,0,0,0,633429.3847,5297205.0483,10.782348388,47.814356295,4,#e78ac3,marker
9,1,81,130,2018,9,15,2,3,2,6,0,0,1,0,0,0,0,0,638923.6127,5325458.0421,10.864819063,48.067259575,2,#fc8d62,car
9,1,77,117,2018,9,7,2,3,4,6,0,0,1,0,0,0,0,0,713300.6853,5354550.7237,11.876741428,48.308148321,2,#fc8d62,car
9,1,78,120,2018,9,14,2,3,5,6,0,0,1,0,0,0,0,0,694361.3497,5354794.8499,11.621714464,48.316445408,2,#fc8d62,car
9,7,73,122,2018,9,17,6,3,0,1,0,1,0,0,0,0,0,0,626771.7264,5384297.2102,10.719483102,48.598910586,1,#66c2a5,bicycle
9,1,79,125,2018,9,20,3,3,2,6,2,0,1,0,0,0,0,0,660595.9552,5332184.9817,11.158065615,48.122651209,2,#fc8d62,car
9,2,61,0,2018,9,13,6,3,5,3,0,0,1,0,0,0,0,0,731662.0215,5379737.7452,12.137915341,48.527949207,2,#fc8d62,car
9,1,62,0,2018,9,10,7,2,3,2,0,1,1,0,0,0,0,0,698783.8813,5333054.2702,11.6711121,48.119687753,1,#66c2a5,bicycle
9,1,74,131,2018,9,19,1,3,0,1,0,0,0,0,1,0,0,0,676216.1,5359076.86,11.378977159,48.360252977,4,#e78ac3,marker
9,1,78,137,2018,9,19,3,1,8,1,1,0,1,0,0,0,0,0,698308017.0,5365670.5007,11.680017125,48.412957253,2,#fc8d62,car
9,1,77,144,2018,9,12,7,1,4,6,0,0,1,0,1,0,1,0,717124.2808,5349213.6904,11.925498132,48.258894419,2,#fc8d62,car
9,7,72,147,2018,9,12,1,3,2,6,0,0,1,0,0,0,0,0,634484.5791,5364456.2054,10.817650035,48.418894271,2,#fc8d62,car
9,1,73,130,2018,9,16,2,3,5,3,0,0,1,0,0,0,0,0,682837916.0,5316233047.0,11.449869134,47.973263069,2,#fc8d62,car
9,1,73,147,2018,9,9,5,3,4,2,0,0,1,0,0,0,0,0,681429.8573,5308019.0189,11.427559182,47.899826326,2,#fc8d62,car
9,1,74,137,2018,9,19,7,3,5,3,1,0,1,0,0,0,0,0,659153.1343,5351386.0407,11.145894516,48.295641843,2,#fc8d62,car
9,1,73,126,2018,9,12,5,3,4,2,0,0,1,0,0,0,0,0,684909.5298,5302333.1477,11.471640083,47.847722717,2,#fc8d62,car
9,7,77,172,2018,9,21,2,3,0,7,2,0,1,0,0,0,0,0,628769.5675,5304762.7439,10.722381766,47.883274771,2,#fc8d62,car
9,1,73,147,2018,9,11,6,3,4,2,0,0,1,0,0,0,0,0,680554884.0,5307910075.0,11.415817109,47.899093807,2,#fc8d62,car
9,1,81,130,2018,9,19,2,2,4,6,1,0,1,0,0,0,0,0,638231.2394,5321465.1058,10.854240356,48.031503968,2,#fc8d62,car
9,1,87,139,2018,9,16,3,2,0,7,0,1,0,0,0,0,0,0,742034819.0,5317877716.0,12.242827766,47.968396163,1,#66c2a5,bicycle
9,1,90,129,2018,9,13,6,3,9,1,0,0,0,0,1,0,0,0,641665.0574,5303132.3544,10.894240131,47.865897349,4,#e78ac3,marker
9,1,82,120,2018,9,18,5,3,1,5,0,0,1,0,0,0,0,0,701502.9321,5306998.1377,11.695371287,47.884662195,2,#fc8d62,car
9,7,72,209,2018,9,11,2,3,0,1,0,1,0,0,0,0,0,0,635348.3138,5335678.5491,10.820095939,48.159935903,1,#66c2a5,bicycle
9,1,75,135,2018,9,18,2,3,5,2,0,1,0,0,0,0,1,0,707919.1765,5338870.5559,11.79655732,48.169037164,1,#66c2a5,bicycle
9,1,85,158,2018,9,17,3,2,5,3,0,0,1,0,1,0,0,0,668131.1121,5381904.9537,11.279092425,48.567667667,2,#fc8d62,car
9,7,71,129,2018,9,21,5,3,2,1,2,0,1,0,0,0,0,1,660283894.0,5355613.6763,11.162735983,48.33336407,2,#fc8d62,car
9,7,72,216,2018,9,14,6,3,7,7,0,1,0,0,0,0,1,0,621882.2931,5369811.7801,10.648957406,48.46961977,1,#66c2a5,bicycle
9,1,62,0,2018,9,10,1,3,1,6,0,0,1,0,0,0,0,0,682961.5991,5342375549.0,11.462725932,48.208216438,2,#fc8d62,car
9,1,62,0,2018,9,15,5,3,2,6,0,0,1,0,0,0,0,0,679629.2281,5337794011.0,11.415975343,48.167985325,2,#fc8d62,car
9,1,79,142,2018,9,12,5,3,2,3,0,0,1,0,1,0,0,0,673571807.0,5341144.68,11.335944681,48.19978883,2,#fc8d62,car
9,1,88,121,2018,9,11,5,3,5,3,0,0,1,0,0,0,0,0,671949838.0,5329723875.0,11.30952105,48.09756145,2,#fc8d62,car
9,1,73,134,2018,9,21,7,3,1,7,2,0,1,0,0,0,0,0,685518.8912,5300476.5155,11.478981735,47.830857862,2,#fc8d62,car
9,1,75,132,2018,9,16,5,3,5,3,0,1,0,0,0,1,0,0,707210.4037,5335678.5274,11.785481671,48.140584087,1,#66c2a5,bicycle
9,1,74,113,2018,9,12,3,3,3,6,0,0,1,0,0,0,0,0,675299.2071,5345511.1868,11.360976962,48.238565682,2,#fc8d62,car
9,1,77,119,2018,9,11,5,3,4,6,0,0,1,0,0,0,0,0,721012.3662,5341423.1911,11.973752064,48.187555192,2,#fc8d62,car
9,2,61,0,2018,9,17,7,3,2,6,0,0,1,0,0,0,1,0,733527.7651,5381284.6782,12.164013887,48.541153519,2,#fc8d62,car
9,1,77,115,2018,9,7,2,3,4,2,0,0,1,0,1,0,0,0,738472.3593,5356688.1988,12.21690792,48.318362205,2,#fc8d62,car
9,1,62,0,2018,9,9,4,3,9,1,0,0,1,0,0,0,0,0,688776.7015,5338671.3969,11.539274173,48.17322072,2,#fc8d62,car
9,1,79,126,2018,9,16,3,3,4,7,0,0,1,0,0,0,1,0,677556.4469,5339359.7994,11.388776232,48.182642699,2,#fc8d62,car
9,1,84,114,2018,9,6,2,3,2,6,1,0,0,0,1,0,1,0,700618.1676,5317512.0249,11.688446687,47.979431746,4,#e78ac3,marker
9,1,62,0,2018,9,15,4,3,3,2,0,1,1,0,0,0,0,0,698461.4726,5333146.8827,11.666827787,48.120620651,1,#66c2a5,bicycle
9,1,77,118,2018,9,14,1,2,4,2,0,1,1,0,0,0,0,0,709753.3244,5344183.2207,11.823819954,48.216173994,1,#66c2a5,bicycle
9,1,62,0,2018,9,20,4,3,4,2,2,0,1,0,1,0,0,0,692104.1701,5340026.2522,11.584598222,48.184400788,2,#fc8d62,car
9,1,84,134,2018,9,9,4,3,1,5,0,0,1,0,1,0,0,0,691876.0644,5317330.6446,11.571339317,47.98048272,2,#fc8d62,car
9,1,84,147,2018,9,9,4,3,0,7,0,0,0,0,1,0,1,1,695576395.0,5339923276.0,11.631215987,48.182415926,4,#e78ac3,marker
9,1,62,0,2018,9,19,4,2,2,6,2,0,1,0,0,0,0,0,694916.0563,5333587.3633,11.619439732,48.125674697,2,#fc8d62,car
9,7,77,145,2018,9,13,1,3,0,3,0,0,0,0,1,0,1,0,629225.7128,5328114.2714,10.73550853,48.093185492,4,#e78ac3,marker
9,1,83,126,2018,9,6,6,3,2,6,1,0,1,0,0,0,1,0,727057426.0,5336490013.0,12.052337706,48.141103223,2,#fc8d62,car
9,1,62,0,2018,9,10,7,3,3,5,0,1,1,0,0,0,0,0,697923.4607,5333410.6587,11.659728798,48.123158743,1,#66c2a5,bicycle
9,1,90,133,2018,9,9,2,2,0,7,0,0,0,0,0,0,1,0,633381996.0,5297323.2583,10.781752065,47.815429196,6,#ffd92f,circle
9,1,83,140,2018,9,7,3,3,2,6,0,0,1,0,0,0,0,0,739095.17,5340155139.0,12.215962681,48.16961761,2,#fc8d62,car
9,7,72,141,2018,9,16,4,3,5,2,0,1,1,0,0,0,0,0,622823414.0,5349842027.0,10.655848337,48.289852379,1,#66c2a5,bicycle
9,1,74,113,2018,9,14,7,2,5,3,0,0,1,0,1,0,0,0,678981.1079,5342767.0961,11.409362062,48.212870862,2,#fc8d62,car
9,7,72,147,2018,9,15,1,3,2,6,0,0,1,0,0,0,0,0,634088.1368,5364500.9493,10.812308949,48.419381106,2,#fc8d62,car
9,1,73,141,2018,9,15,1,3,0,1,0,1,0,1,0,0,0,0,697604856.0,5298742973.0,11.639517234,47.811677641,1,#66c2a5,bicycle
9,7,61,0,2018,9,17,4,3,1,6,0,0,1,0,0,0,0,0,644945.5145,5355706.08,10.955936577,48.337899305,2,#fc8d62,car
9,1,87,165,2018,9,15,6,3,2,6,0,0,1,0,0,0,0,0,730458.2556,5300055.1313,12.078447737,47.812544599,2,#fc8d62,car
9,7,72,141,2018,9,11,7,3,5,3,0,0,1,0,0,0,0,0,622823414.0,5349842027.0,10.655848337,48.289852379,2,#fc8d62,car
9,7,61,0,2018,9,21,4,3,5,3,2,1,1,0,0,0,0,0,638158332.0,5361334.5644,10.866248705,48.390030321,1,#66c2a5,bicycle
9,1,74,113,2018,9,6,2,3,8,1,0,0,1,0,0,0,0,0,680330.5086,5344436.4815,11.428220186,48.227494582,2,#fc8d62,car
9,1,82,136,2018,9,10,3,2,2,6,0,0,1,0,0,0,0,0,703068.8271,5299508.4259,11.712777672,47.816856435,2,#fc8d62,car
9,1,87,182,2018,9,17,6,3,8,1,0,0,0,0,1,0,0,1,739542.5517,5327760195.0,12.215009868,48.058107919,4,#e78ac3,marker
9,1,88,139,2018,9,16,2,2,5,3,0,0,1,0,1,0,0,0,679416664.0,5320418596.0,11.405818803,48.011856348,2,#fc8d62,car
9,1,84,131,2018,9,17,6,3,5,3,0,0,1,0,0,0,0,0,704866.1233,5336966173.0,11.75462564,48.152914656,2,#fc8d62,car
9,7,71,113,2018,9,8,2,3,5,3,0,1,1,0,0,0,0,0,657057059.0,5370352.23,11.124740659,48.46667946,1,#66c2a5,bicycle
9,1,87,130,2018,9,11,6,3,2,6,0,0,1,0,0,0,0,0,710229594.0,5311485347.0,11.814146068,47.922188347,2,#fc8d62,car
9,1,77,135,2018,9,11,2,2,4,2,0,0,1,0,1,0,0,0,719016.4891,5344506.6466,11.948525215,48.215951086,2,#fc8d62,car
9,7,71,112,2018,9,9,6,3,1,6,0,0,1,0,0,0,0,0,646508.7809,5369517.9787,10.98183859,48.461724074,2,#fc8d62,car
9,1,88,144,2018,9,11,1,3,5,2,0,0,1,0,0,0,0,0,665829.1331,5328298.6298,11.226823654,48.086370484,2,#fc8d62,car
9,1,62,0,2018,9,14,1,3,5,2,0,1,1,0,0,0,0,0,685213.9439,5335346.6818,11.489950819,48.144385026,1,#66c2a5,bicycle
9,1,88,120,2018,9,16,3,3,5,3,0,1,1,0,0,0,0,0,676552.56,5325343442.0,11.369477971,48.056925546,1,#66c2a5,bicycle
9,1,62,0,2018,9,13,6,3,2,6,0,0,1,0,0,0,0,0,687279.2747,5333167.8602,11.516730933,48.12419654,2,#fc8d62,car
9,1,62,0,2018,9,20,7,3,1,6,2,0,1,0,0,0,0,0,692656764.0,5330203.1381,11.587581374,48.095945614,2,#fc8d62,car
9,1,73,147,2018,9,17,2,3,2,6,0,0,1,0,0,0,0,0,682059.7883,5309599.1871,11.436646887,47.91385233,2,#fc8d62,car
9,1,87,182,2018,9,16,2,3,5,3,0,0,1,0,1,0,0,0,740637322.0,5327764369.0,12.229681492,48.057733586,2,#fc8d62,car
9,1,81,130,2018,9,22,7,3,2,6,2,0,1,0,0,0,0,0,639877.1584,5323526.8795,10.876980193,48.049685659,2,#fc8d62,car
9,1,83,126,2018,9,4,7,3,8,6,1,0,1,0,0,1,0,0,729932255.0,5338021.96,12.091753414,48.153833766,2,#fc8d62,car
9,1,75,132,2018,9,21,3,2,2,2,2,1,1,0,0,0,0,0,706268071.0,5331123.4429,11.770625846,48.099956173,1,#66c2a5,bicycle
9,1,81,134,2018,9,16,6,2,9,1,0,0,1,0,0,0,0,0,643311625.0,5339857416.0,10.92853065,48.195766366,2,#fc8d62,car
9,1,87,159,2018,9,18,4,3,0,7,1,1,0,0,0,0,0,0,730516.4374,5329846.4923,12.095177727,48.080175214,1,#66c2a5,bicycle
9,1,81,130,2018,9,15,6,3,5,3,0,1,1,0,0,0,0,1,640302778.0,5323360499.0,10.882633749,48.048096101,1,#66c2a5,bicycle
9,1,78,124,2018,9,23,7,3,5,3,2,0,1,0,1,0,0,0,703783392.0,5364941308.0,11.753571852,48.404658176,2,#fc8d62,car
9,7,71,122,2018,9,8,1,2,9,7,0,0,1,0,0,0,0,0,648932.8101,5362698.7342,11.01218464,48.399843427,2,#fc8d62,car
9,1,83,139,2018,9,19,1,1,9,1,0,0,0,0,1,0,0,0,735181962.0,5330735009.0,12.158213813,48.086453643,4,#e78ac3,marker
9,7,71,112,2018,9,7,2,3,5,3,0,0,1,0,0,0,0,0,643002383.0,5367034948.0,10.93358754,48.440205096,2,#fc8d62,car
9,1,79,121,2018,9,9,6,3,6,7,0,0,1,1,0,0,0,0,666569.6562,5338395.1371,11.240707212,48.176946062,2,#fc8d62,car
9,7,77,130,2018,9,16,7,3,0,1,0,0,0,0,1,0,0,0,624620.9314,5309141.4479,10.668180728,47.923473575,4,#e78ac3,marker
9,1,81,111,2018,9,10,2,3,5,3,0,0,1,0,0,0,0,0,645792988.0,5308478235.0,10.951208649,47.913044613,2,#fc8d62,car
9,1,87,182,2018,9,13,3,3,2,6,0,0,1,0,0,0,0,0,738193.3005,5328285.5707,12.197222772,48.063332389,2,#fc8d62,car
9,2,74,114,2018,9,13,7,2,2,6,0,0,1,0,1,0,0,0,734291457.0,5371997.1858,12.169134707,48.457443001,2,#fc8d62,car
9,1,62,0,2018,9,5,2,3,2,6,2,0,1,0,0,1,0,0,694880.2114,5344447.8896,11.623937467,48.223294489,2,#fc8d62,car
9,7,72,147,2018,9,22,6,3,2,6,2,0,1,0,0,0,1,0,638671.8884,5363512.0834,10.873901238,48.409497304,2,#fc8d62,car
9,1,74,143,2018,9,13,3,3,3,2,0,0,1,0,0,0,0,0,676041.0399,5351980.6937,11.373652252,48.296514857,2,#fc8d62,car
9,1,62,0,2018,9,11,7,2,0,1,0,1,0,0,0,0,0,0,689802.2679,5339843.3307,11.553578483,48.183448574,1,#66c2a5,bicycle
9,1,75,114,2018,9,6,2,3,9,6,0,0,0,0,1,0,1,0,716913.2819,5324742.0654,11.910189943,48.03908216,4,#e78ac3,marker
9,1,88,139,2018,9,7,3,3,4,2,0,1,0,0,0,0,0,0,676221.1702,5318342.6746,11.362155506,47.994083872,1,#66c2a5,bicycle
9,2,61,0,2018,9,6,4,3,2,6,2,0,1,0,0,0,0,0,728620.0295,5380813.0083,12.097363663,48.538723619,2,#fc8d62,car
9,1,73,126,2018,9,19,4,3,2,6,1,0,1,0,0,0,0,0,684753.8382,5304895.6232,11.470655802,47.870801672,2,#fc8d62,car
9,1,79,123,2018,9,17,2,3,2,6,0,0,1,0,0,0,1,0,678184.0605,5332281.0403,11.394248778,48.118835487,2,#fc8d62,car
9,1,74,122,2018,9,10,6,3,5,3,0,0,0,0,0,0,1,0,685213609.0,5352308141.0,11.497355318,48.296839967,6,#ffd92f,circle
9,1,62,0,2018,9,6,5,3,2,6,0,0,1,0,0,0,0,0,682165.2394,5341932.4742,11.451826659,48.204462846,2,#fc8d62,car
9,7,61,0,2018,9,16,4,3,2,6,0,0,1,0,0,0,0,0,637904.4868,5356964.1504,10.861388363,48.350787781,2,#fc8d62,car
9,7,72,223,2018,9,13,4,3,0,7,0,1,0,0,0,0,0,0,617047.8086,5359234.3674,10.580624906,48.37541452,1,#66c2a5,bicycle
9,7,72,184,2018,9,16,4,3,2,6,0,0,1,0,1,0,0,0,635615295.0,5361845024.0,10.832080515,48.395172316,2,#fc8d62,car
9,7,71,130,2018,9,7,4,3,3,2,0,0,0,0,1,0,1,0,644784.0595,5357676.0742,10.954436576,48.355649334,4,#e78ac3,marker
9,7,72,125,2018,9,18,4,3,5,3,1,1,1,0,0,0,0,0,636202329.0,5348150426.0,10.835579962,48.271903568,1,#66c2a5,bicycle
9,7,61,0,2018,9,13,4,3,1,6,0,0,1,0,1,0,0,0,641740.8751,5361794.9523,10.914769462,48.393374963,2,#fc8d62,car
9,7,71,113,2018,9,7,4,3,1,2,0,0,1,0,1,0,0,0,657805.0793,5372343.6494,11.135604529,48.484395477,2,#fc8d62,car
9,1,62,0,2018,9,7,5,3,2,6,0,0,1,0,0,1,0,0,680509.5182,5339579.4925,11.428562324,48.183785333,2,#fc8d62,car
9,1,62,0,2018,9,14,5,3,2,6,0,0,1,0,0,0,0,0,696266.2939,5331433.8992,11.636574377,48.105905684,2,#fc8d62,car
9,1,79,142,2018,9,15,5,3,2,6,0,0,1,0,0,0,0,0,672832.3346,5341766.4771,11.326254541,48.205580157,2,#fc8d62,car
9,7,72,162,2018,9,13,5,3,5,3,0,0,1,0,1,0,0,0,636699732.0,5335428689.0,10.838179182,48.157399948,2,#fc8d62,car
9,1,81,113,2018,9,19,5,3,4,6,0,0,1,0,0,0,0,0,642467.9648,5308366.5783,10.906697365,47.912787886,2,#fc8d62,car
9,1,81,132,2018,9,6,5,3,8,1,0,0,1,0,0,0,0,1,641969679.0,5329369783.0,10.906984456,48.101763501,2,#fc8d62,car
9,1,73,137,2018,9,19,5,2,8,1,1,0,1,0,0,1,0,1,676675.2669,5298768.6254,11.360219264,47.817994415,2,#fc8d62,car
9,1,62,0,2018,9,16,6,3,2,6,0,0,1,0,0,0,0,0,695297.7132,5344236.1488,11.62945519,48.221263124,2,#fc8d62,car
9,1,81,130,2018,9,14,5,3,0,1,0,1,1,0,0,0,0,0,638819.3165,5322809.3976,10.862560341,48.043464776,1,#66c2a5,bicycle
9,1,81,127,2018,9,7,5,3,4,2,0,0,1,0,0,0,0,1,636487.2992,5326605.7075,10.832499593,48.078105916,2,#fc8d62,car
9,1,79,113,2018,9,16,5,3,0,7,0,1,0,0,0,0,0,0,670982.4663,5333599.3547,11.298092678,48.132661413,1,#66c2a5,bicycle
9,1,79,149,2018,9,13,5,3,6,4,0,0,0,1,0,0,1,0,655044.6287,5329951.3608,11.082707664,48.103944811,3,#8da0cb,toilet
9,1,78,124,2018,9,10,5,3,1,6,0,0,1,0,0,0,0,0,703233.9677,5366482.7461,11.746903319,48.418687181,2,#fc8d62,car
9,1,75,111,2018,9,17,5,3,2,2,0,0,1,0,0,0,0,0,712333.4823,5338106.9475,11.855473761,48.16071649,2,#fc8d62,car
9,1,73,147,2018,9,14,4,3,0,7,0,1,0,0,0,0,0,0,681082.0509,5309461.1852,11.423515257,47.912888613,1,#66c2a5,bicycle
9,1,75,123,2018,9,14,5,3,2,6,0,0,1,0,0,0,1,0,718920.3058,5338553.5942,11.944164111,48.162496177,2,#fc8d62,car
9,1,73,137,2018,9,13,5,3,5,2,0,0,1,0,0,0,1,0,676172384.0,5310020748.0,11.358093687,47.919286396,2,#fc8d62,car
9,1,90,158,2018,9,11,4,2,8,1,0,0,0,0,1,0,0,0,652201.7912,5302711.3192,11.034892578,47.859701352,4,#e78ac3,marker
9,1,77,130,2018,9,8,5,3,2,6,0,0,1,0,0,1,0,0,712667.7276,5352119.3527,11.866991497,48.286514482,2,#fc8d62,car
9,1,77,115,2018,9,13,5,2,9,1,0,0,0,0,1,0,0,0,732742.0891,5349806.9399,12.135939911,48.258681079,4,#e78ac3,marker
9,1,62,0,2018,9,20,4,2,5,2,2,1,1,0,0,0,0,0,695441345.0,5329904127.0,11.624803931,48.092410354,1,#66c2a5,bicycle
9,1,87,182,2018,9,12,4,3,5,3,0,1,1,0,0,0,0,0,740695.2427,5327791.0939,12.23047262,48.057951809,1,#66c2a5,bicycle
9,1,62,0,2018,9,8,4,3,2,1,0,0,1,0,1,0,0,0,688211.8415,5334995.7095,11.530057933,48.140350606,2,#fc8d62,car
9,1,75,122,2018,9,17,6,3,5,2,0,1,0,0,0,0,0,0,721081.7625,5325942.1279,11.966658556,48.048435315,1,#66c2a5,bicycle
9,1,87,154,2018,9,11,4,3,2,6,0,0,1,0,0,0,1,0,736022.6561,5297230.3509,12.151125366,47.785150975,2,#fc8d62,car
9,1,62,0,2018,9,10,4,3,2,6,1,0,1,0,0,0,1,0,694557.4446,5335662.7362,11.615573453,48.144436998,2,#fc8d62,car
9,1,84,112,2018,9,8,4,2,5,3,0,0,1,0,1,0,0,0,702433.5573,5337562.9641,11.722239839,48.159056761,2,#fc8d62,car
9,1,87,137,2018,9,7,4,3,2,6,0,0,1,0,0,0,0,0,729699.8415,5311123726.0,12.074211561,47.912261062,2,#fc8d62,car
9,1,87,150,2018,9,17,4,2,4,2,0,0,1,0,1,0,0,0,727977433.0,5303251061.0,12.047039477,47.842142588,2,#fc8d62,car
9,1,62,0,2018,9,17,4,3,1,6,0,0,1,0,0,1,0,0,694991.3337,5341336.4145,11.624002075,48.195296254,2,#fc8d62,car
9,1,62,0,2018,9,12,4,3,2,6,0,0,1,0,0,0,0,0,684669.5923,5342433.7942,11.485719102,48.208245379,2,#fc8d62,car
9,1,62,0,2018,9,17,4,3,5,3,0,1,1,0,0,0,0,0,686127.0628,5328990.6909,11.499440224,48.08698819,1,#66c2a5,bicycle