ULAND,UREGBEZ,UKREIS,UGEMEINDE,UJAHR,UMONAT,USTUNDE,UWOCHENTAG,UKATEGORIE,UART,UTYP1,ULICHTVERH,IstRad,IstPKW,IstFuss,IstKrad,IstGkfz,IstSonstig,STRZUSTAND,LINREFX,LINREFY,XGCSWGS84,YGCSWGS84,Teilnehmer,color,symbol
9,1,85,113,2018,9,20,4,3,2,6,2,1,1,0,0,0,0,0,669323.3667,5378347.2705,11.293793795,48.53536638,1,#66c2a5,bicycle
9,7,61,0,2018,9,14,5,3,8,1,0,0,0,0,1,1,0,0,640013.2525,5355810.7337,10.889452281,48.339952568,4,#e78ac3,marker
9,1,62,0,2018,9,12,4,3,2,6,0,0,1,0,0,0,0,0,694587.0097,5336270.3537,11.616248212,48.149888959,2,#fc8d62,car
9,1,79,118,2018,9,16,4,2,6,4,0,0,0,1,1,0,0,0,672684548.0,5337821.9794,11.322663449,48.170161372,3,#8da0cb,toilet
9,1,79,142,2018,9,9,4,3,5,3,0,0,1,0,0,1,0,0,672174.4168,5341006.1234,11.317098309,48.198923739,2,#fc8d62,car
9,1,79,121,2018,9,6,4,3,5,3,1,0,1,0,1,0,0,0,665464203.0,5339742874.0,11.226373152,48.189351169,2,#fc8d62,car
9,1,74,111,2018,9,16,4,2,5,2,0,1,1,0,0,0,0,0,667373.0411,5362404.4071,11.261016837,48.392572429,1,#66c2a5,bicycle
9,1,74,122,2018,9,6,4,1,4,6,0,0,1,0,0,0,0,0,684589884.0,5353626.3031,11.489529923,48.30887013,2,#fc8d62,car
9,1,78,143,2018,9,18,4,3,2,6,0,0,1,0,0,1,0,0,721093.6647,5374091.5215,11.991982978,48.48103395,2,#fc8d62,car
9,1,75,139,2018,9,18,4,3,3,7,0,0,1,0,1,0,0,0,708830256.0,5329698.0837,11.804301954,48.086313029,2,#fc8d62,car
9,1,78,130,2018,9,17,4,3,1,6,0,0,1,0,0,0,0,0,701516.1876,5354801.9952,11.718117673,48.314270308,2,#fc8d62,car
9,1,79,121,2018,9,18,6,3,2,6,0,0,1,0,0,0,0,0,666090.1447,5339331.0867,11.234627741,48.185485814,2,#fc8d62,car
9,1,75,119,2018,9,13,4,3,5,3,0,0,1,0,0,0,0,0,728165.5238,5324075.6916,12.060581672,48.02917444,2,#fc8d62,car
9,1,75,122,2018,9,6,4,2,5,2,0,1,1,0,0,0,0,0,720974.0101,5325475.9295,11.964974016,48.044283804,1,#66c2a5,bicycle
9,1,62,0,2018,9,9,3,3,2,6,0,0,1,0,0,0,0,0,695018.9177,5333176.5894,11.620632637,48.121951336,2,#fc8d62,car
9,1,62,0,2018,9,18,3,3,2,6,0,0,1,0,0,0,0,0,694343.5029,5336640.5507,11.613146801,48.153290579,2,#fc8d62,car
9,1,87,142,2018,9,11,5,3,5,2,0,0,1,0,0,0,0,0,730953.3,5310624507.0,12.090694853,47.907325897,2,#fc8d62,car
9,1,62,0,2018,9,7,3,3,3,6,0,0,1,0,1,0,0,0,687859.1057,5333617.2571,11.524713174,48.128065,2,#fc8d62,car
9,1,62,0,2018,9,20,3,3,5,2,2,1,1,0,0,0,0,0,688697.6561,5337853.0782,11.537848841,48.165889077,1,#66c2a5,bicycle
9,1,62,0,2018,9,16,3,3,5,2,0,1,1,0,0,0,0,0,684362.7643,5332104.2254,11.477116094,48.115487248,1,#66c2a5,bicycle
9,1,84,129,2018,9,12,5,3,4,7,0,1,0,0,1,0,0,0,700305.3778,5323635.4825,11.687118983,48.034562965,1,#66c2a5,bicycle
9,1,84,147,2018,9,17,3,3,8,1,0,1,0,0,0,0,0,0,695767.12,5340135271.0,11.633876798,48.18426247,1,#66c2a5,bicycle
9,1,62,0,2018,9,13,3,3,5,3,0,1,1,0,0,0,0,0,696708.0894,5333705.6401,11.643550647,48.126186517,1,#66c2a5,bicycle
9,7,72,177,2018,9,11,5,3,0,6,0,0,0,0,0,1,0,0,635980.7632,5378167.8497,10.842321958,48.541865317,5,#a6d854,bus
9,7,77,157,2018,9,5,3,3,4,6,2,0,1,0,0,0,0,0,629910.6012,5304754012.0,10.737634024,47.882966337,2,#fc8d62,car
9,1,85,158,2018,9,6,5,3,7,7,0,1,0,0,0,0,0,0,667787.4301,5379921.2641,11.273637823,48.549927945,1,#66c2a5,bicycle
9,7,71,122,2018,9,8,3,3,3,6,0,0,1,0,0,1,0,0,653334.5611,5361801.6239,11.071287914,48.390722675,2,#fc8d62,car
9,7,72,223,2018,9,16,3,3,3,1,0,0,1,0,0,0,0,0,617384.5665,5363004.2217,10.586224374,48.409254715,2,#fc8d62,car
9,7,72,147,2018,9,16,3,3,5,3,0,1,1,0,0,0,0,0,638166.8745,5365127.9104,10.867612928,48.424137326,1,#66c2a5,bicycle
9,7,71,130,2018,9,6,3,3,4,2,0,1,1,0,0,0,0,0,645585.0519,5357723.7611,10.965259055,48.355893938,1,#66c2a5,bicycle
9,7,71,130,2018,9,13,3,3,0,7,0,1,0,0,0,0,0,0,647533.9983,5357793.8043,10.991576107,48.356071362,1,#66c2a5,bicycle
9,7,72,163,2018,9,16,3,3,2,6,0,0,1,0,0,0,1,0,639508.9307,5345841.2668,10.879356426,48.250419995,2,#fc8d62,car
9,7,61,0,2018,9,15,3,3,2,6,0,0,1,0,0,0,0,0,636920.7827,5359578.3102,10.848968706,48.374508156,2,#fc8d62,car
9,1,73,137,2018,9,15,5,3,2,1,0,0,1,0,0,0,0,0,679086.7926,5308553.2505,11.396458943,47.905287042,2,#fc8d62,car
9,7,71,165,2018,9,17,3,3,0,6,0,0,1,0,1,0,0,0,660384.2826,5363239.6996,11.166997566,48.401897889,2,#fc8d62,car
9,1,75,122,2018,9,16,6,3,5,3,0,1,1,0,0,0,0,0,720651.0348,5325782.1897,11.960804258,48.047147275,1,#66c2a5,bicycle
9,1,62,0,2018,9,10,1,2,9,1,0,0,0,0,1,0,0,0,685276634.0,5328861.3628,11.487975178,48.086073457,4,#e78ac3,marker
9,1,62,0,2018,9,20,7,3,3,6,2,1,0,0,0,0,0,0,700049.92,5332898.9906,11.688031993,48.11789576,1,#66c2a5,bicycle
9,1,77,133,2018,9,14,2,3,3,3,0,0,1,0,0,0,0,0,709969.9348,5359998.9745,11.834592228,48.358218678,2,#fc8d62,car
9,1,84,145,2018,9,2,1,3,8,1,2,0,1,0,0,0,0,0,696659.2548,5321351.9684,11.637212186,48.015172809,2,#fc8d62,car
9,1,87,177,2018,9,6,2,3,4,2,1,0,1,0,0,0,0,0,736335744.0,5305683169.0,12.159908681,47.860974532,2,#fc8d62,car
9,1,81,130,2018,9,23,1,3,8,1,2,0,1,0,0,0,0,0,641933.2665,5324408.6052,10.904847466,48.057160309,2,#fc8d62,car
9,2,74,126,2018,9,19,7,3,4,2,2,0,1,0,0,0,1,0,732469.0979,5384439.7991,12.151454417,48.56988809,2,#fc8d62,car
9,2,61,0,2018,9,17,1,3,1,3,0,0,1,0,0,0,0,0,732383.7468,5380336.4629,12.148009617,48.533060624,2,#fc8d62,car
9,1,75,112,2018,9,17,1,3,1,7,0,0,1,0,1,0,0,0,724364.9252,5320196.0402,12.007644861,47.995662874,2,#fc8d62,car
9,1,87,167,2018,9,18,7,3,2,6,0,0,1,0,0,0,0,0,739820.9797,5303299.5451,12.205111903,47.838270495,2,#fc8d62,car
9,1,88,120,2018,9,18,1,3,0,1,0,1,0,0,0,0,0,0,677356.3807,5326450.1697,11.380715212,48.066651368,1,#66c2a5,bicycle
9,1,63,0,2018,9,7,7,3,0,1,0,0,0,0,1,0,0,1,734919.9445,5303691.5023,12.139926937,47.84360075,4,#e78ac3,marker
9,1,73,120,2018,9,10,1,3,2,2,0,0,1,0,0,0,0,0,688402.9765,5311164.2213,11.522143123,47.926087771,2,#fc8d62,car
9,1,77,131,2018,9,10,2,3,0,6,0,0,1,0,0,1,0,0,712851.1614,5346344.2227,11.86655603,48.234560444,2,#fc8d62,car
9,1,74,146,2018,9,13,7,3,2,6,0,0,1,0,0,0,0,0,666773.1708,5350968.0492,11.248391652,48.289921903,2,#fc8d62,car
9,1,88,126,2018,9,17,2,2,5,3,0,0,1,0,1,0,0,0,660225.0471,5328016579.0,11.151519777,48.085267941,2,#fc8d62,car
9,1,88,139,2018,9,18,7,3,2,6,0,0,1,0,1,0,0,0,674956.1618,5319258.0985,11.345586666,48.002660533,2,#fc8d62,car
9,1,79,136,2018,9,18,7,3,3,6,0,0,1,0,0,0,1,0,658577.7166,5342946.1115,11.134978529,48.21990696,2,#fc8d62,car
9,1,75,111,2018,9,16,7,3,9,1,0,0,0,0,1,0,0,0,710787.4687,5337906.9521,11.834610282,48.159433715,4,#e78ac3,marker
9,1,75,111,2018,9,15,7,3,4,6,0,1,0,0,0,0,0,0,712950.6709,5340002.7465,11.864712374,48.17754512,1,#66c2a5,bicycle
9,1,77,115,2018,9,9,7,3,4,6,0,0,1,0,0,0,0,0,730647.0837,5347871.5529,12.106701023,48.242060351,2,#fc8d62,car
9,1,62,0,2018,9,15,6,3,4,2,0,1,1,0,0,0,0,0,686384.9396,5329046.8114,11.502924236,48.08741728,1,#66c2a5,bicycle
9,1,62,0,2018,9,16,6,3,5,3,0,0,1,0,0,0,0,0,691310292.0,5331122828.0,11.569928011,48.10461739,2,#fc8d62,car
9,1,62,0,2018,9,6,6,3,2,2,1,0,1,0,1,0,0,1,682861.2518,5335553.4703,11.458441271,48.146924374,2,#fc8d62,car
9,1,86,125,2018,9,14,1,2,7,7,0,0,0,0,1,0,0,0,674853.7033,5377220.34,11.368174014,48.523720267,4,#e78ac3,marker
9,1,62,0,2018,9,8,6,3,2,6,0,0,1,0,0,0,0,1,688859.4606,5339927.3169,11.540944369,48.184484405,2,#fc8d62,car
9,1,87,117,2018,9,7,2,3,2,6,0,0,1,0,0,0,0,0,723961.8004,5304567.6591,11.994126255,47.855383593,2,#fc8d62,car
9,1,84,127,2018,9,8,6,3,5,3,0,0,1,0,0,0,0,1,701292.6143,5322948.6134,11.700024953,48.028079591,2,#fc8d62,car
9,1,84,114,2018,9,10,1,3,2,6,0,0,1,0,0,0,0,0,699391788.0,5320036868.0,11.673203277,48.002506844,2,#fc8d62,car
9,1,62,0,2018,9,23,6,2,4,2,2,0,1,0,1,0,0,0,697600.9702,5330167.9704,11.653898016,48.094115743,2,#fc8d62,car
9,1,62,0,2018,9,16,6,3,1,6,0,0,1,0,0,0,0,0,690498.9611,5331982.4253,11.5594243,48.112586595,2,#fc8d62,car
9,1,62,0,2018,9,14,1,2,3,6,0,0,1,0,0,0,0,0,687537.0977,5333126.7932,11.520174116,48.123751524,2,#fc8d62,car
9,7,72,163,2018,9,14,7,3,2,6,0,0,1,0,0,0,0,0,638518.1374,5347172.4179,10.866452378,48.262607039,2,#fc8d62,car
9,1,74,115,2018,9,17,1,2,4,2,0,0,1,0,1,0,0,0,680332.8587,5344598.6513,11.428320802,48.228951616,2,#fc8d62,car
9,7,72,162,2018,9,11,7,3,5,3,0,0,1,0,0,0,0,0,636237.5683,5335475.1228,10.831982713,48.157916692,2,#fc8d62,car
9,1,81,146,2018,9,14,2,3,2,6,0,0,1,0,0,0,0,0,650821.8449,5325820.7992,11.024561803,48.067818965,2,#fc8d62,car
9,7,71,122,2018,9,10,7,3,3,6,0,0,1,0,0,1,0,0,653402.7605,5362550898.0,11.072482228,48.397442571,2,#fc8d62,car
9,7,77,140,2018,9,8,6,2,5,3,0,0,1,0,0,0,0,0,628307.3381,5317447.1379,10.719982796,47.997441011,2,#fc8d62,car
9,7,72,223,2018,9,21,6,3,8,7,2,0,1,0,0,0,1,0,617757.9419,5363079.4249,10.591288902,48.409861369,2,#fc8d62,car
9,1,77,138,2018,9,17,1,2,8,7,0,0,0,0,1,0,0,0,727541.9136,5363856.7148,12.073559879,48.386789212,4,#e78ac3,marker
9,7,72,163,2018,9,15,6,3,2,7,0,0,1,0,0,0,0,0,638806.3161,5345162.5951,10.869674068,48.244471653,2,#fc8d62,car
9,7,71,162,2018,9,13,7,2,5,3,0,0,1,0,1,0,0,0,666191067.0,5369053.08,11.247697549,48.452653913,2,#fc8d62,car
9,1,79,123,2018,9,15,2,3,5,2,0,0,1,0,0,0,0,0,677443445.0,5331963889.0,11.384174142,48.116191369,2,#fc8d62,car
9,7,72,156,2018,9,15,6,2,8,1,0,0,0,0,1,0,0,0,627836.0656,5369305.6302,10.729314576,48.46388631,4,#e78ac3,marker
9,7,71,122,2018,9,7,6,2,5,3,0,0,1,0,0,0,0,1,655830806.0,5358905631.0,11.103910894,48.364074376,2,#fc8d62,car
9,7,71,142,2018,9,16,6,3,2,6,0,0,1,0,0,0,0,0,645222.5295,5354058.6029,10.959104718,48.323022571,2,#fc8d62,car
9,7,71,145,2018,9,15,6,2,9,7,0,0,1,0,0,0,0,0,647692439.0,5343858.5381,10.988839794,48.230738363,2,#fc8d62,car
9,7,71,142,2018,9,13,6,3,2,6,0,0,1,0,0,0,0,0,645539.8404,5352234.2917,10.96275327,48.306546477,2,#fc8d62,car
9,7,61,0,2018,9,7,6,3,5,1,0,1,1,0,0,0,0,1,642314.2233,5359177.1968,10.921623794,48.369708235,1,#66c2a5,bicycle
9,1,84,118,2018,9,0,1,3,5,2,2,1,1,0,0,0,0,0,703142.4886,5336304.29,11.731161243,48.147519345,1,#66c2a5,bicycle
9,7,61,0,2018,9,9,6,3,0,1,0,1,0,0,0,0,0,1,641580.6546,5359872.1251,10.911958405,48.376121728,1,#66c2a5,bicycle
9,1,87,142,2018,9,17,1,3,2,6,1,1,1,0,0,0,0,0,731159.6931,5309826.4014,12.093025113,47.900081216,1,#66c2a5,bicycle
9,7,71,114,2018,9,16,1,3,0,1,0,1,0,0,0,0,0,0,644573.5405,5375192.8764,10.957639997,48.513195739,1,#66c2a5,bicycle
9,1,81,130,2018,9,19,1,3,0,7,0,1,0,0,0,0,0,0,640704.2095,5323585.2952,10.888091187,48.050029148,1,#66c2a5,bicycle
9,1,77,117,2018,9,14,1,3,3,6,0,0,1,0,0,0,0,0,714997963.0,5351883668.0,11.898244153,48.283609772,2,#fc8d62,car
9,1,81,130,2018,9,13,2,3,8,1,0,1,0,0,0,0,0,0,636748.8121,5319724.5907,10.833810195,48.016171482,1,#66c2a5,bicycle
9,1,73,120,2018,9,11,1,3,1,5,0,1,1,0,0,0,0,0,692338.69,5313011.0226,11.575600593,47.941518453,1,#66c2a5,bicycle
9,1,78,120,2018,9,10,2,3,5,2,0,0,1,0,0,0,0,0,695172.0184,5353065.2808,11.631837577,48.300651762,2,#fc8d62,car
9,1,62,0,2018,9,14,1,3,2,6,0,0,1,0,0,0,0,0,691784.3221,5331902.6852,11.576639702,48.111484155,2,#fc8d62,car
9,1,86,152,2018,9,15,1,3,2,6,0,0,1,0,1,0,0,0,692398.4507,5375726398.0,11.604862577,48.505163052,2,#fc8d62,car
9,1,87,117,2018,9,17,2,3,2,6,0,0,1,0,0,0,0,0,725545483.0,5301057.0296,12.013439352,47.823286883,2,#fc8d62,car
9,1,81,132,2018,9,17,1,3,7,7,0,0,1,0,0,0,0,0,647676.1321,5324919.4453,10.982050403,48.060450353,2,#fc8d62,car
9,1,81,114,2018,9,10,1,3,2,6,0,0,1,0,1,0,0,0,657040.3981,5312654.8209,11.103159073,47.947941731,2,#fc8d62,car
9,1,74,146,2018,9,2,6,3,0,1,2,0,1,0,0,0,0,1,665226.0182,5351621.2697,11.227805374,48.296200074,2,#fc8d62,car
9,1,62,0,2018,9,23,1,3,5,2,2,0,1,0,0,0,0,1,686892.6255,5335146.2228,11.512408032,48.14209232,2,#fc8d62,car
9,1,77,127,2018,9,17,1,3,3,2,0,0,1,0,1,0,0,0,725958.4397,5353158905.0,12.046465309,48.291250273,2,#fc8d62,car
9,1,79,126,2018,9,8,2,3,5,3,0,1,1,0,0,0,0,0,676789.3129,5340020.7382,11.378739813,48.188797895,1,#66c2a5,bicycle
9,1,63,0,2018,9,14,1,3,2,6,0,0,1,0,1,0,0,0,733534.3241,5302782.8708,12.120945193,47.835942278,2,#fc8d62,car
9,1,90,157,2018,9,8,6,3,5,3,0,1,1,0,0,0,0,1,660426.6684,5300519.4443,11.143966392,47.837992946,1,#66c2a5,bicycle
9,7,61,0,2018,9,1,1,3,8,1,2,0,1,0,0,0,0,0,643397.8745,5360753.7855,10.936785147,48.383638775,2,#fc8d62,car
9,1,88,139,2018,9,18,1,3,2,6,0,0,1,0,0,0,0,0,674108.2672,5317259646.0,11.333418418,47.984926468,2,#fc8d62,car
9,1,87,169,2018,9,7,6,3,9,1,0,0,1,0,0,0,0,1,737840422.0,5299222.2911,12.176447384,47.802377497,2,#fc8d62,car
9,1,74,126,2018,9,15,1,3,6,2,0,0,1,1,0,0,0,0,683681.4148,5343948.1601,11.473086602,48.22214391,2,#fc8d62,car
9,1,63,0,2018,9,6,6,3,5,3,1,0,1,0,1,0,0,1,730921922.0,5303389395.0,12.086409277,47.84233478,2,#fc8d62,car
9,1,74,146,2018,9,6,2,3,2,6,1,0,1,0,0,0,0,0,666911.4332,5350910.1816,11.250231309,48.289365239,2,#fc8d62,car
9,1,79,121,2018,9,11,6,3,5,3,0,1,1,0,0,0,0,0,665838482.0,5338582656.0,11.230952332,48.178823118,1,#66c2a5,bicycle
9,1,62,0,2018,9,17,3,3,2,6,0,0,1,0,0,0,0,0,693757.4955,5337009.6964,11.605443876,48.156787118,2,#fc8d62,car
9,1,62,0,2018,9,16,3,3,0,7,0,0,0,0,1,0,1,0,688698663.0,5337166.9574,11.537557988,48.159721858,4,#e78ac3,marker
9,1,73,130,2018,9,6,5,3,2,2,0,0,1,0,1,0,0,0,681869769.0,5313763554.0,11.43586453,47.951340399,2,#fc8d62,car
9,1,62,0,2018,9,16,3,3,2,6,0,0,1,0,0,0,0,0,679531.9114,5334831.9078,11.413417948,48.141386624,2,#fc8d62,car
9,1,84,113,2018,9,7,3,3,0,7,0,1,0,0,0,0,0,0,684062.5242,5319481.6904,11.467654579,48.002113639,1,#66c2a5,bicycle
9,1,62,0,2018,9,13,3,3,2,6,0,0,1,0,0,1,1,0,690786.4117,5339087.5534,11.566465988,48.176360982,2,#fc8d62,car
9,1,62,0,2018,9,16,3,3,4,2,0,0,1,0,1,0,0,0,692921704.0,5337837127.0,11.59459226,48.164477919,2,#fc8d62,car
9,1,62,0,2018,9,9,3,3,2,2,0,0,1,0,1,0,0,0,689173.3802,5330741.7632,11.541082751,48.101830432,2,#fc8d62,car
9,7,71,130,2018,9,16,4,3,5,3,0,1,1,0,0,0,0,0,647082536.0,5357313459.0,10.985317724,48.351857791,1,#66c2a5,bicycle
9,1,90,157,2018,9,5,2,3,5,3,2,1,1,0,0,0,0,1,659910.1467,5301022.5962,11.137254375,47.842645538,1,#66c2a5,bicycle
9,1,73,123,2018,9,19,4,3,4,6,2,0,1,0,0,0,0,0,679851.7618,5302107.2249,11.404002633,47.847126847,2,#fc8d62,car
9,1,79,136,2018,9,5,5,3,3,6,2,0,1,0,0,0,0,0,659126.43,5342259608.0,11.142103067,48.213597535,2,#fc8d62,car
9,2,74,124,2018,9,7,5,3,2,6,0,0,1,0,0,0,0,0,722287.0911,5374429928.0,12.008290028,48.483653472,2,#fc8d62,car
9,1,84,118,2018,9,17,4,2,4,6,0,0,1,0,0,1,0,0,701519.9116,5336800.3863,11.709606677,48.152493771,2,#fc8d62,car
9,1,77,133,2018,9,5,5,3,5,2,1,0,1,0,0,0,0,0,710394.4701,5361982.7014,11.841308279,48.37590224,2,#fc8d62,car
9,7,72,111,2018,9,8,4,3,2,6,0,0,1,0,0,1,0,0,627242.1576,5364085.0692,10.719698397,48.417061178,2,#fc8d62,car
9,1,84,148,2018,9,15,4,3,3,6,0,0,1,0,0,0,0,0,696931.9177,5325852.8938,11.642933973,48.055541167,2,#fc8d62,car
9,1,88,141,2018,9,12,5,1,5,3,0,0,1,0,1,0,0,0,668871.5396,5312840.9675,11.26155706,47.946605442,2,#fc8d62,car
9,1,82,136,2018,9,8,5,2,5,3,0,1,1,0,0,0,0,0,703319311.0,5304143.5236,11.718296624,47.858434421,1,#66c2a5,bicycle
9,1,74,115,2018,9,11,5,3,2,6,0,0,1,0,1,0,0,0,681681.0182,5350123.6686,11.448829317,48.278228912,2,#fc8d62,car
9,1,82,120,2018,9,15,4,3,4,2,0,0,1,0,0,0,0,0,703574.4024,5308742.1243,11.723870191,47.899682234,2,#fc8d62,car
9,1,75,132,2018,9,15,5,3,2,6,0,0,1,0,0,0,1,0,707122.8537,5330329.2625,11.781708127,48.092542072,2,#fc8d62,car
9,1,87,150,2018,9,16,4,3,5,3,0,0,1,0,1,0,0,0,725361627.0,5303024478.0,12.012010118,47.841028845,2,#fc8d62,car
9,7,62,0,2018,9,12,4,3,4,2,0,0,1,0,0,0,0,0,622152.5015,5307531.5748,10.634696045,47.909470083,2,#fc8d62,car
9,2,61,0,2018,9,10,3,3,4,2,0,1,1,0,0,0,0,0,734236.7976,5382234.0394,12.174138831,48.549416918,1,#66c2a5,bicycle
9,1,88,113,2018,9,14,5,3,9,1,0,0,1,0,0,0,0,0,680722576.0,5316700699.0,11.421748468,47.978067711,2,#fc8d62,car
9,1,87,122,2018,9,17,4,3,0,1,0,0,0,0,1,0,0,0,719474.76,5305457.9985,11.934673429,47.864931764,4,#e78ac3,marker
9,1,63,0,2018,9,16,3,3,5,3,0,1,1,0,0,0,0,0,732573151.0,5302028173.0,12.107714431,47.829510204,1,#66c2a5,bicycle
9,1,86,152,2018,9,10,4,3,2,6,0,0,1,0,0,0,1,0,691013405.0,5381875.5657,11.5889484,48.560849278,2,#fc8d62,car
9,7,72,145,2018,9,7,4,3,4,1,0,0,1,0,0,0,0,0,632655.0191,5369392306.0,10.794498233,48.463667949,2,#fc8d62,car
9,1,87,172,2018,9,15,3,2,5,3,0,0,1,0,1,0,0,0,740961871.0,5297133.1289,12.216908325,47.782449455,2,#fc8d62,car
9,1,86,152,2018,9,16,5,2,5,5,0,0,1,0,0,0,0,0,690920.2988,5381079.3605,11.587322639,48.553722037,2,#fc8d62,car
9,1,86,143,2018,9,8,3,3,1,1,0,0,1,0,0,0,0,0,687971.7816,5377382.2143,11.545738575,48.521384788,2,#fc8d62,car
9,1,62,0,2018,9,16,5,3,2,6,0,0,1,0,0,0,0,0,695647.1414,5345459066.0,11.634719119,48.232146212,2,#fc8d62,car
9,1,74,146,2018,9,20,3,2,3,1,2,0,1,0,0,1,0,0,667058.6808,5350825.2227,11.252181248,48.288562631,2,#fc8d62,car
9,1,88,120,2018,9,18,3,2,5,3,0,0,1,0,1,0,0,0,676552.56,5325343442.0,11.369477971,48.056925546,2,#fc8d62,car
9,1,88,120,2018,9,13,5,3,3,6,0,1,1,0,0,0,0,0,677208.6519,5326537.9798,11.378770364,48.067481776,1,#66c2a5,bicycle
9,1,74,131,2018,9,23,3,3,8,1,2,0,1,0,0,0,0,0,675538.3084,5360284.6039,11.370338891,48.371298073,2,#fc8d62,car
9,1,78,120,2018,9,12,3,3,2,6,0,0,1,0,0,1,0,0,692446.0893,5353336.9693,11.595242539,48.303928508,2,#fc8d62,car
9,1,84,119,2018,9,11,3,3,3,6,0,0,1,0,0,0,0,0,696088.4173,5346944.2598,11.641342595,48.245357741,2,#fc8d62,car
9,1,78,113,2018,9,6,3,3,2,6,0,0,0,0,0,1,1,0,691474.8861,5368710.5329,11.589159573,48.442391989,5,#a6d854,bus
9,1,75,127,2018,9,12,3,3,2,6,0,0,1,0,1,0,0,0,713218.3903,5341390.2192,11.869005418,48.189922643,2,#fc8d62,car
9,1,77,133,2018,9,7,3,2,4,2,1,0,1,0,0,0,1,0,710394.5806,5361982.7182,11.841309777,48.375902354,2,#fc8d62,car
9,1,84,136,2018,9,8,4,3,5,3,0,1,1,0,0,0,0,0,700209689.0,5327775.3622,11.687773695,48.071798895,1,#66c2a5,bicycle
9,1,77,130,2018,9,6,3,3,4,2,1,0,1,0,1,0,0,0,712567.5244,5352075.5335,11.865620361,48.286154398,2,#fc8d62,car
9,1,84,135,2018,9,16,2,3,5,3,0,0,1,0,1,0,0,0,689631.1219,5347737.3904,11.554808377,48.254450705,2,#fc8d62,car
9,1,74,113,2018,9,10,4,3,2,6,0,0,1,0,0,0,0,0,678910.1897,5341978.6757,11.408075797,48.205803824,2,#fc8d62,car
9,1,84,132,2018,9,13,2,3,1,6,0,0,1,0,0,0,0,0,683988.1662,5329330.8459,11.470892066,48.090666661,2,#fc8d62,car
9,1,62,0,2018,9,18,2,3,3,2,0,1,1,0,0,0,0,0,698679771.0,5329573706.0,11.668094218,48.08843954,1,#66c2a5,bicycle
9,1,81,135,2018,9,6,4,3,5,3,2,0,1,0,1,0,0,0,645790.7546,5308479.7731,10.951179296,47.913058951,2,#fc8d62,car
9,1,62,0,2018,9,8,2,2,6,2,0,0,1,1,0,0,0,0,692879.6992,5331251.3873,11.591046176,48.105299655,2,#fc8d62,car
9,1,88,124,2018,9,22,4,3,0,7,2,1,0,0,0,0,0,0,659135.9346,5322490.6598,11.134849541,48.035858144,1,#66c2a5,bicycle
9,1,81,123,2018,9,18,4,2,2,6,0,0,1,0,1,0,0,0,655779.5221,5326686.3537,11.091381569,48.074409709,2,#fc8d62,car
9,1,87,142,2018,9,12,5,3,2,6,0,0,1,0,0,0,0,0,733903807.0,5315204243.0,12.132604856,47.947400681,2,#fc8d62,car
9,1,74,126,2018,9,14,4,3,3,6,0,0,1,0,0,0,0,0,683381.2027,5344208.3319,11.469160986,48.224569299,2,#fc8d62,car
9,7,72,147,2018,9,23,2,3,2,6,2,0,1,0,0,0,0,0,637923.6505,5364112.5349,10.863993126,48.415060614,2,#fc8d62,car
9,7,71,160,2018,9,5,2,3,4,1,0,0,1,0,0,0,1,0,655117.92,5349148.1195,11.090703318,48.276523322,2,#fc8d62,car
9,7,71,130,2018,9,17,2,3,5,3,0,1,1,0,0,0,0,0,647032.4704,5357551.3778,10.984725469,48.354008631,1,#66c2a5,bicycle
9,1,74,115,2018,9,8,4,3,5,3,0,0,1,0,0,0,0,0,682349.9757,5350659.6989,11.458068692,48.282854711,2,#fc8d62,car
9,7,72,125,2018,9,14,2,3,5,3,0,1,1,0,0,0,0,0,635788.6948,5347624.9031,10.82983966,48.267266803,1,#66c2a5,bicycle
9,1,75,111,2018,9,9,4,3,2,6,0,0,1,0,0,0,0,0,710717.1854,5338303908.0,11.833862949,48.163024021,2,#fc8d62,car
9,7,71,112,2018,9,16,2,2,5,3,0,1,1,0,0,0,0,0,642969395.0,5367029.4463,10.933139884,48.44016312,1,#66c2a5,bicycle
9,1,90,115,2018,9,10,4,3,0,7,0,1,0,0,0,0,0,0,670861.0454,5304619.3982,11.284921566,47.872164671,1,#66c2a5,bicycle
9,1,88,139,2018,9,9,5,3,0,1,0,1,0,0,0,0,0,0,673228.7552,5317663.8624,11.321804205,47.988799064,1,#66c2a5,bicycle
9,7,71,156,2018,9,6,2,3,9,7,2,0,1,0,0,0,0,0,649167.2203,5383637.9175,11.022827686,48.588048396,2,#fc8d62,car
9,7,71,113,2018,9,7,2,3,2,6,0,0,1,0,0,0,0,0,658493.11,5367681006.0,11.143142729,48.442304512,2,#fc8d62,car
9,1,62,0,2018,9,6,4,3,9,1,1,0,1,0,0,0,0,1,695261.3139,5344116.5973,11.628910599,48.220199874,2,#fc8d62,car
9,1,75,132,2018,9,15,4,3,5,3,0,0,1,0,0,1,0,0,707797.5943,5333560.3491,11.792332496,48.121358061,2,#fc8d62,car