ULAND,UREGBEZ,UKREIS,UGEMEINDE,UJAHR,UMONAT,USTUNDE,UWOCHENTAG,UKATEGORIE,UART,UTYP1,ULICHTVERH,IstRad,IstPKW,IstFuss,IstKrad,IstGkfz,IstSonstig,STRZUSTAND,LINREFX,LINREFY,XGCSWGS84,YGCSWGS84,Teilnehmer,color,symbol
9,7,71,113,2018,9,5,4,3,2,6,2,0,1,0,0,0,0,0,656739.1813,5366809.4655,11.119117038,48.434908183,2,#fc8d62,car
9,1,78,124,2018,9,19,4,3,4,2,2,0,1,0,0,0,0,1,703302.0566,5361048196.0,11.745192109,48.369829159,2,#fc8d62,car
9,1,74,113,2018,9,18,5,3,4,2,0,0,1,0,0,0,0,0,678214.3147,5350258.2961,11.402202404,48.280424236,2,#fc8d62,car
9,1,77,117,2018,9,10,4,3,4,6,0,0,1,0,0,0,0,0,718017.1101,5354626376.0,11.940303838,48.3072203,2,#fc8d62,car
9,2,74,121,2018,9,16,5,3,5,3,0,0,1,0,0,0,0,0,725120.5922,5368528.1428,12.043407119,48.429625237,2,#fc8d62,car
9,1,75,133,2018,9,12,5,3,9,2,0,0,1,0,0,0,1,0,708666.2313,5340768.6881,11.807524724,48.185849187,2,#fc8d62,car
9,1,77,115,2018,9,16,4,3,0,1,0,1,0,0,0,0,0,0,730966.7152,5348395.8177,12.111285615,48.246653759,1,#66c2a5,bicycle
9,1,77,139,2018,9,12,4,3,6,7,0,0,1,1,0,0,0,0,735691.8288,5360196.0763,12.181421702,48.350915041,2,#fc8d62,car
9,1,62,0,2018,9,9,3,3,0,3,0,0,0,0,0,0,1,0,682918.0803,5335473.2814,11.459170106,48.146187245,6,#ffd92f,circle
9,7,72,216,2018,9,9,4,3,1,5,0,0,1,0,0,0,0,0,622701.3683,5368329058.0,10.659599071,48.456126857,2,#fc8d62,car
9,1,87,137,2018,9,16,5,3,2,6,0,0,1,0,0,0,0,0,727578969.0,5308305.3,12.044381953,47.887694535,2,#fc8d62,car
9,1,62,0,2018,9,18,5,3,2,6,0,0,1,0,0,0,0,0,694477.4014,5341469.0344,11.61715432,48.19664576,2,#fc8d62,car
9,1,79,113,2018,9,17,5,3,5,2,0,0,1,0,1,0,0,0,671066.7031,5334536.9003,11.299600461,48.141067047,2,#fc8d62,car
9,2,61,0,2018,9,7,2,3,6,4,1,0,1,1,0,0,0,0,731973.1985,5379774043.0,12.142143899,48.528160366,2,#fc8d62,car
9,2,74,113,2018,9,13,2,3,5,3,0,1,1,0,0,0,0,0,728624388.0,5381617.8912,12.097864247,48.545952433,1,#66c2a5,bicycle
9,2,61,0,2018,9,14,2,3,0,1,0,0,0,0,1,0,0,0,731557.2849,5381059.4316,12.137233017,48.539860357,4,#e78ac3,marker
9,2,74,126,2018,9,16,2,3,4,2,0,1,1,0,0,0,0,0,733012993.0,5383295.0524,12.158175108,48.55940335,1,#66c2a5,bicycle
9,2,74,121,2018,9,7,2,3,8,1,0,0,1,0,0,0,0,0,724306.5888,5370688.8742,12.033575324,48.449327342,2,#fc8d62,car
9,1,75,115,2018,9,10,5,2,5,2,0,0,1,0,0,0,1,0,724288.57,5330172.9828,12.011848048,48.085329497,2,#fc8d62,car
9,1,62,0,2018,9,12,3,3,5,3,0,1,1,0,0,0,0,0,699722.7201,5332939.7325,11.68365956,48.118364616,1,#66c2a5,bicycle
9,1,90,157,2018,9,14,2,3,2,3,0,0,1,0,0,0,0,0,660460.6094,5300035.6001,11.144240333,47.833634167,2,#fc8d62,car
9,7,77,121,2018,9,11,2,3,3,6,0,0,1,0,0,1,0,0,627491.2556,5320460.7847,10.709944113,48.024706469,2,#fc8d62,car
9,7,72,223,2018,9,16,2,3,2,6,0,0,1,0,0,0,0,0,617879.2117,5363079.8767,10.592927116,48.409842761,2,#fc8d62,car
9,1,84,118,2018,9,11,7,3,9,1,0,0,1,0,0,0,0,0,703140.4594,5335759.7987,11.730874219,48.142626799,2,#fc8d62,car
9,1,75,132,2018,9,15,7,3,2,6,0,0,1,0,0,0,0,0,707455758.0,5336417815.0,11.789136035,48.147147596,2,#fc8d62,car
9,1,84,130,2018,9,17,3,3,6,2,0,0,1,1,0,0,0,0,698700.0388,5345301.3588,11.675711403,48.229779872,2,#fc8d62,car
9,2,61,0,2018,9,1,1,3,9,1,2,0,1,0,0,0,0,1,723439.5923,5378250.7199,12.025908873,48.517570406,2,#fc8d62,car
9,1,75,121,2018,9,12,7,1,4,2,0,0,1,0,0,0,0,0,715472443.0,5319934.5125,11.88846866,47.996370705,2,#fc8d62,car
9,7,71,146,2018,9,15,7,3,1,6,0,1,0,0,0,0,0,0,646647.3307,5348988.3058,10.976552569,48.277104842,1,#66c2a5,bicycle
9,1,84,149,2018,9,17,6,3,9,1,0,0,1,0,0,0,0,0,692157.3336,5350912.4148,11.590249537,48.282225548,2,#fc8d62,car
9,1,84,119,2018,9,16,6,3,1,6,0,0,1,0,0,0,0,0,697572.4202,5349492.5641,11.662499722,48.267798781,2,#fc8d62,car
9,1,84,120,2018,9,7,6,3,5,2,0,1,1,0,0,0,0,0,681358.3813,5332051.7608,11.436764769,48.115878347,1,#66c2a5,bicycle
9,7,78,134,2018,9,13,6,3,8,1,0,0,0,0,1,0,0,0,616337.1682,5339295.9721,10.565541091,48.196232717,4,#e78ac3,marker
9,1,88,139,2018,9,13,3,3,5,1,0,0,1,0,0,0,0,0,680351.4227,5321354.6,11.41873527,48.020007129,2,#fc8d62,car
9,1,62,0,2018,9,23,1,3,4,2,2,0,1,0,0,0,0,1,683029.6107,5338909.5099,11.46214663,48.177042122,2,#fc8d62,car
9,1,90,159,2018,9,9,7,2,5,3,0,0,1,0,0,0,0,0,663276.3341,5305794.8516,11.184013651,47.884706126,2,#fc8d62,car
9,1,79,125,2018,9,17,2,3,0,1,0,1,0,0,0,0,0,0,660031.6496,5333064.6058,11.150818425,48.130701696,1,#66c2a5,bicycle
9,7,77,158,2018,9,11,6,3,5,3,0,0,1,0,1,0,0,0,620479.1652,5309749.2977,10.612932005,47.929732256,2,#fc8d62,car
9,1,87,130,2018,9,15,1,2,5,3,0,0,1,0,1,0,0,0,713449.2566,5309678.7488,11.856295367,47.904890329,2,#fc8d62,car
9,7,72,159,2018,9,13,6,3,2,6,0,0,1,0,0,0,0,0,625105.7283,5361673.5881,10.690118513,48.395803457,2,#fc8d62,car
9,7,72,216,2018,9,10,6,2,6,3,0,0,1,1,0,0,0,0,622656.6212,5368457.8077,10.659031842,48.457293388,2,#fc8d62,car
9,7,72,209,2018,9,9,6,3,2,6,0,0,1,0,0,0,1,0,635334.4567,5335681.2921,10.819910566,48.159963519,2,#fc8d62,car
9,1,75,111,2018,9,10,1,3,5,3,0,0,1,0,0,0,0,1,712222.4573,5337067.0696,11.853464015,48.15140945,2,#fc8d62,car
9,7,72,178,2018,9,15,6,3,0,6,0,0,1,0,1,0,0,0,621244.4437,5345232.8158,10.63324874,48.248705745,2,#fc8d62,car
9,1,88,144,2018,9,14,1,3,3,6,0,0,1,0,0,0,0,0,665955.3864,5328461.3108,11.228580922,48.087800168,2,#fc8d62,car
9,7,71,142,2018,9,17,6,3,1,6,0,0,1,0,0,0,0,0,645928.5288,5350184.3177,10.967283367,48.288024772,2,#fc8d62,car
9,1,86,143,2018,9,9,3,3,2,1,0,0,1,0,0,0,0,0,685324.2098,5377409.34,11.509930138,48.522415635,2,#fc8d62,car
9,1,77,143,2018,9,10,4,3,4,6,0,0,1,0,0,0,0,0,720887.7714,5365433785.0,11.984636019,48.403323004,2,#fc8d62,car
9,7,71,122,2018,9,10,3,2,2,6,0,0,1,0,0,1,0,0,649853.1985,5362439.5996,11.024519183,48.39729548,2,#fc8d62,car
9,7,61,0,2018,9,18,7,3,2,2,0,0,1,0,0,0,0,0,643501.1846,5360941.2109,10.938243671,48.385300504,2,#fc8d62,car
9,7,73,122,2018,9,11,7,3,2,6,0,0,1,0,0,0,1,0,626839689.0,5385021235.0,10.720625674,48.605407382,2,#fc8d62,car
9,1,78,124,2018,9,17,3,2,0,6,0,1,0,0,0,0,0,0,702663.8635,5362263.6977,11.737170684,48.380957266,1,#66c2a5,bicycle
9,7,61,0,2018,9,20,7,3,5,3,2,1,1,0,0,0,0,0,642921.9133,5358537.9615,10.929607192,48.363823231,1,#66c2a5,bicycle
9,7,71,122,2018,9,15,2,3,9,7,0,0,0,0,0,0,1,0,649322.7201,5360461.9224,11.016654084,48.379640044,6,#ffd92f,circle
9,1,62,0,2018,9,22,1,3,8,1,2,0,1,0,0,0,0,1,685307.0336,5329927.3174,11.488845572,48.095646004,2,#fc8d62,car
9,1,78,137,2018,9,8,2,3,5,3,1,0,1,0,0,0,0,0,690865.4798,5362411.8281,11.578062367,48.385967992,2,#fc8d62,car
9,1,79,142,2018,9,21,1,2,3,1,2,0,1,0,0,0,0,1,675078.6925,5344326.9148,11.357520275,48.227980957,2,#fc8d62,car
9,1,62,0,2018,9,10,3,3,0,1,0,1,0,0,0,0,0,0,694981.9047,5332986.2827,11.620048765,48.120252276,1,#66c2a5,bicycle
9,7,62,0,2018,9,20,3,3,0,1,2,0,0,0,1,0,0,0,621410.8896,5304087.6876,10.623806717,47.878637504,4,#e78ac3,marker
9,1,84,135,2018,9,17,7,3,5,3,0,0,1,0,0,0,0,0,689388.5014,5347110.7336,11.551262664,48.24889095,2,#fc8d62,car
9,1,73,123,2018,9,21,2,2,9,1,2,0,1,0,0,0,0,0,678070.5125,5299680.7046,11.379216753,47.825809131,2,#fc8d62,car
9,1,84,149,2018,9,14,2,2,1,6,0,0,0,0,0,1,1,0,692158.0471,5350314.5685,11.589987339,48.276852162,5,#a6d854,bus
9,7,72,223,2018,9,15,2,3,2,6,0,0,1,0,0,0,0,0,618229.6931,5363095.4768,10.597665729,48.409917401,2,#fc8d62,car
9,2,61,0,2018,9,13,3,3,4,2,0,0,1,0,0,0,0,0,733058.5663,5381066701.0,12.157544984,48.539369931,2,#fc8d62,car
9,1,88,121,2018,9,15,2,3,2,6,0,0,1,0,0,0,0,0,670755.8195,5331423.1133,11.294177177,48.113158354,2,#fc8d62,car
9,1,87,124,2018,9,7,2,2,5,2,0,1,1,0,0,0,0,0,735831.8638,5327420.5679,12.165099207,48.05643889,1,#66c2a5,bicycle
9,7,61,0,2018,9,22,2,3,8,1,2,0,1,0,0,0,0,0,640577207.0,5360225993.0,10.898533583,48.379527937,2,#fc8d62,car
9,1,62,0,2018,9,9,3,3,1,1,0,0,1,0,0,0,0,0,686856.1803,5331202.8971,11.510189917,48.106659068,2,#fc8d62,car
9,2,74,126,2018,9,5,6,3,3,6,2,0,1,0,0,0,0,0,733558.4768,5382593.0335,12.16516287,48.552894507,2,#fc8d62,car
9,1,62,0,2018,9,19,1,3,5,2,1,0,1,0,1,0,0,0,694997.2066,5333006.1251,11.620263235,48.120425925,2,#fc8d62,car
9,1,73,120,2018,9,17,6,3,2,6,0,0,1,0,0,0,0,0,686627.5062,5312071.5369,11.498791565,47.934762731,2,#fc8d62,car
9,1,73,130,2018,9,15,6,3,0,1,0,0,0,0,1,0,0,0,681958.1476,5313916.8505,11.437111947,47.952693297,4,#e78ac3,marker
9,1,73,120,2018,9,15,6,3,8,7,0,0,1,0,0,0,0,0,687656.6816,5310060.5674,11.511681907,47.916386305,2,#fc8d62,car
9,1,87,164,2018,9,11,3,3,4,2,0,0,1,0,0,0,0,0,735462.3323,5321081.4041,12.156664602,47.999627709,2,#fc8d62,car
9,1,84,135,2018,9,21,1,3,9,1,2,0,1,0,0,0,0,1,688618.6025,5345500.1137,11.540184631,48.234644335,2,#fc8d62,car
9,1,88,139,2018,9,19,3,3,5,2,1,1,1,0,0,0,0,0,675298.4457,5319498.0933,11.350269631,48.004724231,1,#66c2a5,bicycle
9,1,63,0,2018,9,13,6,3,5,3,0,0,1,0,1,0,0,0,732607661.0,5306556.3206,12.110608958,47.870179328,2,#fc8d62,car
9,1,63,0,2018,9,7,6,3,5,2,0,1,1,0,0,0,0,0,733339.6845,5305224.3339,12.119664345,47.857947226,1,#66c2a5,bicycle
9,7,72,200,2018,9,15,2,3,2,6,0,0,1,0,0,0,0,0,630159763.0,5337358774.0,10.750871768,48.176129136,2,#fc8d62,car
9,1,62,0,2018,9,17,6,3,2,6,0,0,1,0,0,0,0,0,678067.6251,5335519.1565,11.394039114,48.147975869,2,#fc8d62,car
9,1,88,113,2018,9,12,6,3,0,7,0,0,1,0,1,0,0,0,676420.4874,5314243.0399,11.363141704,47.957175014,2,#fc8d62,car
9,1,88,120,2018,9,15,6,3,1,5,0,0,1,0,0,0,1,0,676991.4411,5326544867.0,11.375860073,48.067603993,2,#fc8d62,car
9,1,81,139,2018,9,10,6,3,5,3,0,0,1,0,0,0,0,0,655653.2985,5324543.1082,11.088907961,48.055170405,2,#fc8d62,car
9,1,75,132,2018,9,17,6,3,6,7,0,0,1,1,0,0,0,0,705197.2824,5333813.4573,11.757554214,48.124475927,2,#fc8d62,car
9,1,62,0,2018,9,14,6,3,2,6,0,0,1,0,0,0,0,0,685637.5957,5342958902.0,11.498965716,48.212682852,2,#fc8d62,car
9,1,62,0,2018,9,16,1,2,9,1,0,0,0,0,1,0,0,0,694761.8725,5333722.9862,11.617431903,48.126940808,4,#e78ac3,marker
9,1,62,0,2018,9,8,5,3,6,3,0,0,1,1,0,0,0,0,694714.7185,5334150.8988,11.616994399,48.130801135,2,#fc8d62,car
9,1,83,140,2018,9,14,7,2,4,6,0,0,1,0,1,0,0,0,740735148.0,5340881.2444,12.238395958,48.175521002,2,#fc8d62,car
9,1,62,0,2018,9,13,2,3,3,6,0,0,1,0,0,1,0,0,696224.1103,5343440.9084,11.641546366,48.21383027,2,#fc8d62,car
9,1,62,0,2018,9,19,5,3,5,2,2,0,1,0,0,0,0,0,692130.7011,5339737.9655,11.584824437,48.181801721,2,#fc8d62,car
9,1,62,0,2018,9,18,5,3,5,3,0,0,1,0,0,0,0,0,696958.3386,5329616.8668,11.645022451,48.089361651,2,#fc8d62,car
9,1,84,149,2018,9,7,5,3,1,6,0,0,1,0,1,0,0,0,689985.2787,5349680.4342,11.560447438,48.271808293,2,#fc8d62,car
9,1,77,133,2018,9,1,1,3,0,6,2,0,1,0,0,0,0,0,713843.7242,5355785.6517,11.884681574,48.319061169,2,#fc8d62,car
9,1,84,112,2018,9,19,5,3,8,1,2,0,1,0,0,0,0,0,702247.2059,5338202.3311,11.720040774,48.16486191,2,#fc8d62,car
9,1,84,121,2018,9,11,5,3,4,2,0,0,1,0,0,0,0,0,705023.6816,5331315.6273,11.754023406,48.102084857,2,#fc8d62,car
9,1,62,0,2018,9,15,5,3,1,6,0,0,1,0,0,1,0,0,682998.2609,5335883.8471,11.460423528,48.149854616,2,#fc8d62,car
9,1,84,122,2018,9,13,5,3,1,7,0,0,1,0,0,0,0,0,688526941.0,5323648.4079,11.529280115,48.038264907,2,#fc8d62,car
9,7,62,0,2018,9,6,3,2,4,6,2,0,1,0,0,0,0,0,620635.5789,5303766.0422,10.613351778,47.875890837,2,#fc8d62,car
9,1,84,142,2018,9,7,5,3,5,2,0,0,1,0,1,0,0,0,683216.1349,5316848.8852,11.455194712,47.978690648,2,#fc8d62,car
9,1,62,0,2018,9,12,5,3,2,3,0,0,1,0,0,0,0,0,693668734.0,5337049.7026,11.604269795,48.157173717,2,#fc8d62,car
9,7,71,111,2018,9,21,1,3,9,1,2,0,1,0,0,0,0,1,658333.5088,5357359.0232,11.137094377,48.349547078,2,#fc8d62,car
9,1,86,152,2018,9,13,3,3,5,3,0,0,1,0,0,0,0,0,690921.8309,5381077.5789,11.587342563,48.553705559,2,#fc8d62,car
9,1,77,137,2018,9,17,4,3,1,6,0,0,1,0,0,0,0,0,733891285.0,5347650278.0,12.150208514,48.238884335,2,#fc8d62,car
9,1,87,126,2018,9,6,2,3,4,3,1,0,1,0,0,0,1,0,739034.4412,5324362.6218,12.206304803,48.027777994,2,#fc8d62,car
9,1,75,114,2018,9,15,1,3,5,3,0,0,1,0,1,0,0,0,718107781.0,5323857959.0,11.925744051,48.030731273,2,#fc8d62,car
9,2,61,0,2018,9,9,2,3,3,6,0,0,1,0,0,1,0,0,731737.0106,5381316.0846,12.139806933,48.542099483,2,#fc8d62,car
9,1,77,126,2018,9,6,3,2,4,2,0,0,1,0,0,0,0,0,720907.0771,5369488.4823,11.987032038,48.439744834,2,#fc8d62,car
9,7,72,147,2018,9,1,5,3,2,6,2,0,1,0,0,1,0,0,629715.4932,5364194.2701,10.753143575,48.417538814,2,#fc8d62,car
9,7,71,111,2018,9,16,2,3,3,6,0,0,1,0,0,0,0,0,657932.5837,5357951.6883,11.131909181,48.354975752,2,#fc8d62,car
9,7,61,0,2018,9,16,5,2,2,5,0,0,1,0,0,0,0,0,639518999.0,5360891.2874,10.884471148,48.385744971,2,#fc8d62,car
9,7,72,163,2018,9,17,5,3,0,1,0,0,0,0,1,0,0,0,639282355.0,5345124.8487,10.87607017,48.24402782,4,#e78ac3,marker
9,1,62,0,2018,9,18,2,3,2,6,0,0,1,0,0,0,0,0,678415.8044,5336336.3702,11.399058558,48.155224284,2,#fc8d62,car
9,7,61,0,2018,9,14,5,3,2,1,0,0,1,0,0,0,0,0,641552.7158,5353396.9342,10.909404418,48.31790545,2,#fc8d62,car
9,7,61,0,2018,9,18,5,3,3,1,0,1,0,0,0,0,0,0,643542412.0,5357586.2221,10.937654969,48.355124907,1,#66c2a5,bicycle
9,7,71,130,2018,9,12,2,3,6,7,0,1,0,1,0,0,0,0,646985533.0,5357840.6398,10.984193302,48.356620379,1,#66c2a5,bicycle
9,1,78,113,2018,9,17,2,3,2,6,0,0,1,0,0,1,0,0,691720.0301,5367303.7194,11.59182731,48.429673958,2,#fc8d62,car
9,1,79,121,2018,9,19,1,3,5,3,1,0,1,0,0,0,0,0,665464203.0,5339742874.0,11.226373152,48.189351169,2,#fc8d62,car
9,2,74,146,2018,9,20,6,3,0,7,2,0,0,0,1,0,0,0,737062.4263,5378561755.0,12.210278531,48.515370373,4,#e78ac3,marker
9,1,86,152,2018,9,13,6,3,2,6,0,0,1,0,0,0,0,0,691447.7366,5375336.7103,11.591826019,48.501951295,2,#fc8d62,car
9,1,78,155,2018,9,14,6,3,1,6,0,0,1,0,0,0,0,0,716481348.0,5375544614.0,11.930404746,48.495694262,2,#fc8d62,car
9,1,62,0,2018,9,18,1,3,2,6,0,0,1,0,0,0,1,0,685252.1027,5329791.6353,11.488049645,48.09444239,2,#fc8d62,car
9,1,62,0,2018,9,9,6,3,4,2,0,0,1,0,0,0,0,0,698796.4507,5333052.2623,11.671279871,48.119665784,2,#fc8d62,car
9,1,87,129,2018,9,11,1,3,3,7,0,0,0,0,1,0,0,0,725968884.0,5299540446.0,12.018297615,47.809511864,4,#e78ac3,marker
9,1,79,149,2018,9,13,1,3,0,7,0,0,1,0,1,0,0,0,655307.9721,5330416.0251,11.086411867,48.108058483,2,#fc8d62,car
9,1,77,117,2018,9,10,6,2,4,2,0,0,1,0,0,0,0,0,715209.6407,5351758.5485,11.901030126,48.282413637,2,#fc8d62,car
9,1,78,145,2018,9,1,6,3,9,1,2,0,1,0,0,0,0,1,693728.1673,5356415.1665,11.613927276,48.331201975,2,#fc8d62,car
9,1,77,133,2018,9,17,6,3,3,3,0,0,1,0,0,0,1,0,713712582.0,5356008.6527,11.883027836,48.321109229,2,#fc8d62,car
9,1,74,131,2018,9,13,6,3,5,3,0,1,1,0,0,0,0,0,676206964.0,5359099328.0,11.378863339,48.360457489,1,#66c2a5,bicycle
9,2,74,113,2018,9,19,5,3,5,2,2,0,1,0,0,1,0,0,728396358.0,5383928.99,12.096046908,48.566796475,2,#fc8d62,car
9,1,78,130,2018,9,13,6,3,6,1,0,0,1,1,0,0,0,0,703518.8553,5355301.7226,11.74533936,48.318119783,2,#fc8d62,car
9,2,74,194,2018,9,19,5,3,4,6,2,0,1,0,0,0,1,0,720964989.0,5378710593.0,11.992688257,48.522577485,2,#fc8d62,car
9,1,79,145,2018,9,12,7,3,8,1,0,0,0,0,1,0,0,0,674320.7188,5335079.1706,11.343527665,48.145058534,4,#e78ac3,marker
9,2,61,0,2018,9,15,5,3,2,6,0,0,1,0,0,0,0,0,731810.9807,5381206081.0,12.140746391,48.541084022,2,#fc8d62,car
9,1,90,157,2018,9,11,1,3,5,6,0,0,1,0,0,0,0,0,660485.4364,5300620.7569,11.144788767,47.838889195,2,#fc8d62,car
9,2,61,0,2018,9,17,1,3,3,2,0,1,1,0,0,0,0,0,731113.8182,5381977.4326,12.131743326,48.548270123,1,#66c2a5,bicycle
9,7,71,122,2018,9,16,6,3,2,6,0,0,1,0,0,0,0,0,649630.3029,5360696.2602,11.02088884,48.381674101,2,#fc8d62,car
9,1,62,0,2018,9,17,6,3,2,6,0,0,1,0,0,0,0,0,688528491.0,5335020.8151,11.534321326,48.140482516,2,#fc8d62,car
9,1,62,0,2018,9,18,5,3,2,6,2,0,1,0,0,0,0,0,687380.6762,5331681.7421,11.517439177,48.11080902,2,#fc8d62,car
9,1,79,123,2018,9,16,6,3,2,6,0,0,1,0,0,0,0,0,677368.3555,5332261.5053,11.383289927,48.118887624,2,#fc8d62,car
9,1,82,133,2018,9,9,5,2,2,6,0,0,1,0,0,1,0,0,707280.5719,5306081.5977,11.772122897,47.874586109,2,#fc8d62,car
9,1,63,0,2018,9,14,5,3,0,7,0,1,0,0,0,0,0,0,733577266.0,5300844645.0,12.120473243,47.818513478,1,#66c2a5,bicycle
9,1,87,130,2018,9,17,5,2,8,1,0,0,0,0,1,0,0,0,714694.4311,5310567.9332,11.873378807,47.912465085,4,#e78ac3,marker
9,1,74,113,2018,9,9,5,2,2,6,0,0,1,0,0,0,0,0,672410.9952,5346320.3106,11.322440616,48.246631132,2,#fc8d62,car
9,1,84,132,2018,9,13,7,3,5,2,0,0,1,0,0,0,0,0,683122548.0,5328836742.0,11.459066399,48.086474568,2,#fc8d62,car
9,1,84,138,2018,9,11,5,3,0,7,0,0,0,0,1,0,0,0,678989.8418,5331006.6448,11.404531319,48.107153855,4,#e78ac3,marker
9,1,79,134,2018,9,15,5,3,5,2,0,0,1,0,0,0,0,0,665928.3257,5343581.3316,11.234114182,48.2237379,2,#fc8d62,car
9,2,74,126,2018,9,13,7,3,2,2,0,0,1,0,0,0,0,0,732464.4594,5384435821.0,12.151389412,48.569854076,2,#fc8d62,car
9,1,77,116,2018,9,12,6,2,4,2,0,0,1,0,1,0,0,0,714715.9276,5359437.1571,11.89829223,48.351574935,2,#fc8d62,car
9,1,81,122,2018,9,10,5,3,4,2,0,1,1,0,0,0,0,0,651334704.0,5331113745.0,11.033317747,48.115288355,1,#66c2a5,bicycle
9,1,88,124,2018,9,15,5,3,6,4,0,0,1,1,0,0,0,0,662052.09,5318693.0862,11.172506048,48.000981996,2,#fc8d62,car
9,1,88,117,2018,9,14,5,2,4,6,0,0,1,0,1,0,0,0,664155.8721,5315313.4765,11.199396577,47.970060685,2,#fc8d62,car
9,1,62,0,2018,9,14,5,3,5,7,0,1,1,0,0,0,0,0,688528.6775,5335005932.0,11.534317242,48.140348689,1,#66c2a5,bicycle
9,1,88,144,2018,9,11,5,2,5,3,0,0,1,0,1,0,0,0,666930.1334,5326089.4009,11.240733679,48.066221758,2,#fc8d62,car
9,7,71,129,2018,9,15,7,2,9,1,0,0,0,0,1,0,0,0,652808.2305,5356225682.0,11.062157227,48.340718395,4,#e78ac3,marker
9,1,74,113,2018,9,11,5,3,4,6,0,0,1,0,0,1,0,0,674841.3367,5345312.7849,11.354733765,48.236908624,2,#fc8d62,car
9,1,86,130,2018,9,15,1,3,0,1,0,0,0,0,0,0,1,0,683803.9887,5373972.1922,11.487847906,48.491969806,6,#ffd92f,circle
9,1,74,143,2018,9,16,5,3,5,3,0,0,1,0,1,0,0,0,672856.6765,5353099.7991,11.331211372,48.307452647,2,#fc8d62,car
9,1,62,0,2018,9,11,5,3,1,5,0,0,1,0,0,0,0,0,698247944.0,5333246183.0,11.664007888,48.121579605,2,#fc8d62,car
9,2,74,146,2018,9,13,6,3,5,3,0,0,1,0,0,0,0,0,736558.2768,5378616.6818,12.203493645,48.516053814,2,#fc8d62,car
9,1,74,118,2018,9,7,5,3,5,3,0,0,1,0,1,0,0,0,668171.8859,5355596.1105,11.26907817,48.331156423,2,#fc8d62,car
9,1,62,0,2018,9,20,5,3,3,6,2,0,1,0,0,0,1,0,698558.6792,5335114.9073,11.669049523,48.138277404,2,#fc8d62,car
9,1,78,124,2018,9,17,5,3,4,6,0,0,1,0,1,0,0,0,699950.9466,5356973.9482,11.698059587,48.334285771,2,#fc8d62,car
9,1,78,157,2018,9,9,5,3,4,6,0,0,1,0,0,0,0,0,706423179.0,5374221.8931,11.793771275,48.487192891,2,#fc8d62,car
9,7,77,121,2018,9,15,5,3,2,6,0,0,1,0,0,0,0,0,625812.3693,5320555.5257,10.68746448,48.025891385,2,#fc8d62,car
9,1,62,0,2018,9,18,4,3,2,5,1,0,1,0,0,0,0,0,693749.1077,5337014.3429,11.605333323,48.156831435,2,#fc8d62,car
9,1,62,0,2018,9,10,4,3,5,2,0,0,1,0,0,1,0,0,694059.5926,5340290.4454,11.610999242,48.186180966,2,#fc8d62,car
9,1,62,0,2018,9,16,6,3,5,3,0,1,1,0,0,0,0,0,692074.7761,5340477.5759,11.58440723,48.188466051,1,#66c2a5,bicycle
9,1,62,0,2018,9,7,4,3,2,6,0,0,1,0,0,0,0,0,695620.1366,5338610.0586,11.631199442,48.170600038,2,#fc8d62,car
9,1,62,0,2018,9,18,4,3,3,7,0,0,1,0,1,0,0,0,694808.7128,5332091.9098,11.617315467,48.112267016,2,#fc8d62,car
9,1,62,0,2018,9,16,4,3,2,6,0,0,1,0,0,0,0,0,692152.7199,5342382.5035,11.586317014,48.205563404,2,#fc8d62,car
9,7,71,160,2018,9,15,6,2,5,3,0,0,1,0,0,0,1,0,655574686.0,5351103964.0,11.097575618,48.293995683,2,#fc8d62,car
9,1,62,0,2018,9,10,6,3,2,6,0,0,1,0,0,0,1,0,685494403.0,5340894.86,11.496137905,48.194172456,2,#fc8d62,car
9,1,62,0,2018,9,4,1,3,9,1,2,0,0,0,0,0,1,0,679669144.0,5333569.0857,11.414728404,48.129996413,6,#ffd92f,circle
9,7,72,184,2018,9,16,4,2,5,2,0,0,1,1,0,0,0,0,636058.2014,5361339.9679,10.837897099,48.390535474,2,#fc8d62,car
9,7,71,130,2018,9,12,4,3,6,4,0,0,1,1,0,0,0,0,648778.0641,5355158.57,11.007428198,48.332085774,2,#fc8d62,car
9,7,71,145,2018,9,7,4,3,8,1,0,0,1,0,0,0,0,0,647732.4623,5343499.0524,10.989253093,48.227496762,2,#fc8d62,car
9,7,61,0,2018,9,15,4,3,0,7,0,0,0,0,0,0,1,0,636941.4068,5359656.9445,10.849272676,48.375210752,6,#ffd92f,circle
9,1,62,0,2018,9,12,6,3,2,6,0,0,1,0,0,0,0,0,680600.5824,5338936.9057,11.429513242,48.177983366,2,#fc8d62,car
9,7,61,0,2018,9,12,4,3,2,6,0,0,1,0,0,0,0,0,640236452.0,5360549.0313,10.894042005,48.382508423,2,#fc8d62,car
9,1,63,0,2018,9,19,1,3,4,2,2,0,1,0,0,0,0,0,734281.9199,5304538.0666,12.131870607,47.851439044,2,#fc8d62,car
9,7,77,121,2018,9,13,7,2,2,6,0,0,1,0,0,0,0,0,628280.7478,5320643765.0,10.720582828,48.026193963,2,#fc8d62,car