ULAND,UREGBEZ,UKREIS,UGEMEINDE,UJAHR,UMONAT,USTUNDE,UWOCHENTAG,UKATEGORIE,UART,UTYP1,ULICHTVERH,IstRad,IstPKW,IstFuss,IstKrad,IstGkfz,IstSonstig,STRZUSTAND,LINREFX,LINREFY,XGCSWGS84,YGCSWGS84,Teilnehmer,color,symbol
9,1,86,152,2018,9,16,6,3,2,6,0,0,1,0,0,0,0,0,691503.1738,5373766.7178,11.591855953,48.487824578,2,#fc8d62,car
9,7,62,0,2018,9,17,5,3,8,6,0,0,1,0,0,0,0,0,623662.3227,5303013.4626,10.653598111,47.868546607,2,#fc8d62,car
9,1,79,126,2018,9,12,7,3,1,7,0,0,1,0,0,0,0,0,677561.1152,5339353.6836,11.388836425,48.182586419,2,#fc8d62,car
9,1,88,118,2018,9,15,6,3,5,3,0,1,1,0,0,0,0,0,671546587.0,5312674058.0,11.29728566,47.944394127,1,#66c2a5,bicycle
9,1,62,0,2018,9,17,1,3,2,1,0,0,1,0,0,0,0,0,685804.2574,5330355.8002,11.495703698,48.099352641,2,#fc8d62,car
9,7,61,0,2018,9,7,5,3,2,6,0,0,1,0,0,1,0,0,640484.7146,5363979.7118,10.898541001,48.41330056,2,#fc8d62,car
9,7,72,147,2018,9,7,5,3,2,6,0,0,1,0,0,0,0,0,638778.0417,5364103.2694,10.875530462,48.414789714,2,#fc8d62,car
9,7,61,0,2018,9,9,5,3,2,6,0,0,1,0,0,0,0,0,643924117.0,5357569.4288,10.942798722,48.354887027,2,#fc8d62,car
9,1,82,123,2018,9,8,6,3,3,6,0,0,1,0,0,0,0,0,716702.8027,5301247.1048,11.895549377,47.828033956,2,#fc8d62,car
9,1,62,0,2018,9,17,6,3,0,7,0,1,1,0,0,0,0,0,692892.4832,5331256.9988,11.591220264,48.105346219,1,#66c2a5,bicycle
9,7,72,130,2018,9,17,5,3,2,6,0,0,1,0,0,0,0,0,632006.4069,5357645.9057,10.782032827,48.358178705,2,#fc8d62,car
9,1,78,145,2018,9,15,1,3,2,6,0,0,1,0,0,0,0,0,699663.7411,5356265.8701,11.693853174,48.328013276,2,#fc8d62,car
9,7,71,146,2018,9,10,5,3,5,3,0,0,1,0,0,1,0,0,646771.6787,5346688.2355,10.97742927,48.256395177,2,#fc8d62,car
9,1,75,112,2018,9,14,6,3,2,6,0,0,1,0,0,1,0,0,724210192.0,5319800479.0,12.005367023,47.992163095,2,#fc8d62,car
9,7,61,0,2018,9,16,5,3,2,6,0,0,1,0,1,0,0,0,643606.9243,5361552.6126,10.939880025,48.390773807,2,#fc8d62,car
9,7,72,148,2018,9,12,7,2,8,1,0,0,1,0,0,0,0,0,627746551.0,5352204136.0,10.722904068,48.310119414,2,#fc8d62,car
9,7,71,140,2018,9,13,5,3,0,1,0,1,0,0,0,0,0,0,651605.6337,5371934.8055,11.051615157,48.482245413,1,#66c2a5,bicycle
9,1,87,179,2018,9,9,1,3,9,7,0,0,0,0,1,0,0,0,722954929.0,5312799102.0,11.984935558,47.92969441,4,#e78ac3,marker
9,1,73,147,2018,9,17,4,3,6,6,0,1,0,1,0,0,0,0,680769.4536,5309374.3023,11.419299041,47.912195782,1,#66c2a5,bicycle
9,1,87,181,2018,9,15,7,3,5,2,0,0,1,0,1,0,0,0,737042.3927,5312011.9795,12.172816188,47.917569553,2,#fc8d62,car
9,1,73,120,2018,9,6,4,2,4,6,0,0,1,0,0,1,0,0,687494.4749,5310643.0783,11.509766401,47.921669751,2,#fc8d62,car
9,1,78,120,2018,9,22,7,3,5,2,2,0,1,0,0,0,0,0,694996.9962,5352944.2361,11.629424131,48.299617867,2,#fc8d62,car
9,1,90,151,2018,9,12,1,2,4,1,0,0,1,0,1,0,0,0,636686.5309,5301727.4858,10.827262474,47.854342358,2,#fc8d62,car
9,2,74,182,2018,9,15,1,3,8,6,0,0,1,0,1,0,0,0,729749.4249,5378001.9566,12.1110928,48.513059289,2,#fc8d62,car
9,7,72,163,2018,9,12,6,3,2,6,0,0,1,0,0,0,1,0,638663.6188,5346100.2465,10.868060191,48.252934254,2,#fc8d62,car
9,1,87,134,2018,9,18,4,2,4,2,1,0,1,0,0,0,0,0,736091.3672,5320525.3693,12.164778488,47.994400689,2,#fc8d62,car
9,1,82,125,2018,9,13,4,3,2,6,0,0,1,0,0,0,0,0,712500.8491,5298985059.0,11.838366405,47.809108037,2,#fc8d62,car
9,1,82,125,2018,9,14,4,3,2,7,0,0,1,0,0,0,0,0,712499.7261,5298875.8363,11.838297903,47.808126885,2,#fc8d62,car
9,1,87,150,2018,9,13,4,3,0,3,0,1,1,0,0,0,0,0,727358.1806,5303180.7799,12.038737978,47.841730381,1,#66c2a5,bicycle
9,1,84,149,2018,9,16,6,3,2,6,0,0,1,0,0,0,0,0,690224.5498,5350385.3759,11.563985955,48.278072309,2,#fc8d62,car
9,1,74,122,2018,9,17,6,3,4,2,1,1,1,0,0,0,0,0,683424.94,5351574.5384,11.472942366,48.290767088,1,#66c2a5,bicycle
9,1,88,121,2018,9,8,4,3,2,6,1,0,1,0,0,0,0,0,674210672.0,5330581.2773,11.340211047,48.104654998,2,#fc8d62,car
9,1,81,128,2018,9,12,4,3,5,3,0,1,1,0,0,0,0,0,638294084.0,5327653057.0,10.857083727,48.087134691,1,#66c2a5,bicycle
9,1,81,114,2018,9,14,4,3,2,6,0,0,1,0,0,0,0,0,657068.5293,5312580.3171,11.103508363,47.947264955,2,#fc8d62,car
9,1,62,0,2018,9,17,4,3,2,6,0,0,1,0,0,0,0,0,694864.8201,5342778.1703,11.622963324,48.20829277,2,#fc8d62,car
9,1,78,145,2018,9,8,4,3,2,6,0,0,1,0,0,0,0,0,696379.3907,5356213.6086,11.649566196,48.328572435,2,#fc8d62,car
9,1,78,130,2018,9,15,4,3,2,6,0,0,1,0,0,0,0,0,702728.0552,5358451.78,11.736199871,48.346681465,2,#fc8d62,car
9,1,75,133,2018,9,6,4,3,5,3,0,1,1,0,0,0,0,0,706087.6219,5340550.9809,11.772767337,48.1847345,1,#66c2a5,bicycle
9,1,62,0,2018,9,17,7,3,2,6,0,0,1,0,1,0,0,0,693164.2974,5338257928.0,11.598042537,48.168186277,2,#fc8d62,car
9,1,78,143,2018,9,7,4,3,5,3,0,1,1,0,0,0,0,0,716945.9454,5372808.7196,11.935265275,48.47095314,1,#66c2a5,bicycle
9,1,75,124,2018,9,12,6,3,1,6,0,0,1,0,0,0,0,0,712405.6902,5329420.0768,11.852115726,48.082633723,2,#fc8d62,car
9,1,78,136,2018,9,12,4,2,8,6,0,0,1,0,0,0,0,0,695449.2744,5370477.8674,11.643667972,48.457053678,2,#fc8d62,car
9,1,87,122,2018,10,7,5,3,2,6,0,0,1,0,0,1,0,0,718758565.0,5308012031.0,11.926402981,47.888125627,2,#fc8d62,car
9,1,83,114,2018,10,18,6,3,4,2,0,0,1,0,0,0,0,0,742013908.0,5355892.4391,12.264145744,48.309869394,2,#fc8d62,car
9,1,75,127,2018,10,15,5,3,8,1,0,0,0,0,1,0,0,0,711105.0649,5341839.4078,11.840828849,48.1946648,4,#e78ac3,marker
9,7,61,0,2018,10,17,6,2,6,2,0,0,1,1,0,0,0,0,636969705.0,5360166.5076,10.849820654,48.379786551,2,#fc8d62,car
9,7,61,0,2018,10,7,5,3,5,3,0,1,1,0,0,0,0,0,643745.8813,5357583.5415,10.940399015,48.355054519,1,#66c2a5,bicycle
9,2,74,146,2018,10,14,5,3,0,7,0,1,0,0,0,0,0,0,733681.1354,5377413.6853,12.163919895,48.506324754,1,#66c2a5,bicycle
9,1,81,122,2018,10,18,7,3,5,3,1,0,1,0,0,0,0,0,645771.5922,5333623.9852,10.959477231,48.139157577,2,#fc8d62,car
9,1,90,138,2018,10,18,6,2,4,6,1,0,1,0,1,0,0,0,664746.7873,5308512.8662,11.204705383,47.908767249,2,#fc8d62,car
9,1,75,136,2018,10,15,6,3,2,2,0,0,1,0,0,0,0,0,728144311.0,5320396755.0,12.05834063,47.996129245,2,#fc8d62,car
9,2,61,0,2018,10,15,6,3,2,6,0,0,1,0,0,0,1,0,731815.5892,5381199.2275,12.14080492,48.541020756,2,#fc8d62,car
9,1,84,118,2018,10,15,6,3,4,6,0,1,0,0,0,0,0,0,702185.5311,5335592.0325,11.717972217,48.141423276,1,#66c2a5,bicycle
9,1,79,113,2018,10,13,6,3,5,3,0,1,1,0,0,0,0,0,671010.2793,5334412.7073,11.298792733,48.139965756,1,#66c2a5,bicycle
9,1,87,182,2018,10,13,5,3,2,6,0,0,1,0,0,0,0,0,738626.4559,5328523882.0,12.203160482,48.065311308,2,#fc8d62,car
9,7,72,160,2018,10,19,5,3,8,1,2,1,0,0,0,0,0,0,636927.3856,5342737381.0,10.84359537,48.223072407,1,#66c2a5,bicycle
9,1,84,112,2018,10,9,4,3,1,1,0,0,1,0,1,0,0,0,700602065.0,5341699119.0,11.699591386,48.196808446,2,#fc8d62,car
9,2,74,134,2018,10,10,3,1,6,4,0,0,0,1,0,1,0,0,740792066.0,5373929592.0,12.258030937,48.472346371,3,#8da0cb,toilet
9,1,90,142,2018,10,5,3,3,0,7,2,0,1,0,0,0,0,0,658406.3992,5298318.4874,11.116181412,47.818704357,2,#fc8d62,car
9,1,90,130,2018,10,5,3,2,4,1,2,0,1,0,0,1,0,1,648811.7784,5296094.1096,10.987323812,47.800993368,2,#fc8d62,car
9,1,81,132,2018,10,18,5,3,2,6,0,0,1,0,0,0,0,0,645812334.0,5324585.3702,10.956936574,48.057875097,2,#fc8d62,car
9,1,87,176,2018,10,5,6,3,4,6,2,0,1,0,0,1,0,0,737893.7616,5331694.0791,12.195105883,48.094062991,2,#fc8d62,car
9,1,83,140,2018,10,19,3,3,3,6,2,0,1,0,0,0,0,0,739243.6852,5340179905.0,12.217970958,48.169784204,2,#fc8d62,car
9,1,78,120,2018,10,20,7,3,9,6,2,0,1,0,0,0,0,0,691392.8474,5352420.4854,11.580638524,48.296011037,2,#fc8d62,car
9,1,62,0,2018,10,10,6,3,2,6,0,0,1,0,0,0,0,0,687479.1255,5333041.3783,11.519358284,48.123000864,2,#fc8d62,car
9,1,82,123,2018,10,5,3,2,8,1,2,0,1,0,0,0,0,1,714512.0798,5303082.5707,11.867224652,47.845261995,2,#fc8d62,car
9,1,87,129,2018,10,6,3,3,8,1,2,0,0,0,0,1,0,1,721869.04,5300955399.0,11.964336076,47.823651925,5,#a6d854,bus
9,1,63,0,2018,10,16,3,2,0,6,0,1,0,0,0,0,1,0,732562.8992,5305911.0761,12.109664169,47.864398575,1,#66c2a5,bicycle
9,1,82,137,2018,10,7,3,2,2,6,0,0,1,0,0,0,0,1,711015.3462,5301824.9546,11.819932408,47.835117604,2,#fc8d62,car
9,1,87,150,2018,10,13,3,3,2,6,0,0,1,0,0,0,0,0,728854.7077,5304337.0062,12.059321719,47.851587737,2,#fc8d62,car
9,1,84,149,2018,10,7,6,3,2,7,0,0,0,0,1,1,0,0,691246.7496,5352304.5376,11.578618183,48.295013112,4,#e78ac3,marker
9,1,74,115,2018,10,0,6,3,6,4,2,0,1,1,0,0,0,0,680995.8833,5347534.2433,11.438495145,48.255149793,2,#fc8d62,car
9,1,82,120,2018,10,6,5,3,1,6,0,0,1,0,0,0,0,0,703463915.0,5307060363.0,11.721600913,47.884602965,2,#fc8d62,car
9,1,79,121,2018,10,6,3,3,9,1,1,0,1,0,0,0,0,1,666704886.0,5339466362.0,11.242945181,48.186540912,2,#fc8d62,car
9,1,74,111,2018,10,10,3,3,5,3,0,0,1,0,0,0,0,0,662712.7459,5363521.2545,11.198543307,48.403832408,2,#fc8d62,car
9,1,78,140,2018,10,14,3,3,9,6,0,0,0,0,1,0,0,0,706712.0025,5366051.5525,11.793642209,48.413681288,4,#e78ac3,marker
9,1,62,0,2018,10,14,5,3,2,6,0,0,1,0,0,0,0,0,693161.2125,5338257.0338,11.598000683,48.168179177,2,#fc8d62,car
9,1,84,141,2018,10,6,2,3,4,2,1,0,1,0,1,0,0,1,699962.7247,5317036.2459,11.679451766,47.975360901,2,#fc8d62,car
9,1,62,0,2018,10,12,2,3,5,3,0,0,1,0,0,0,0,0,700007.3239,5332904.0343,11.687462657,48.117954468,2,#fc8d62,car
9,1,85,158,2018,10,6,5,3,1,3,2,0,1,0,1,0,0,0,666571305.0,5379460568.0,11.256987582,48.546110742,2,#fc8d62,car
9,1,62,0,2018,10,0,2,3,4,6,2,0,1,0,0,0,0,0,688060.4743,5340247.9407,11.530347521,48.187603221,2,#fc8d62,car
9,1,84,147,2018,10,16,2,3,4,1,0,0,1,0,0,0,0,0,696591359.0,5341487645.0,11.64557994,48.196162135,2,#fc8d62,car
9,7,72,177,2018,10,7,5,3,2,6,2,0,0,0,1,1,0,1,637483.4728,5374413.9471,10.861432384,48.507784187,4,#e78ac3,marker
9,1,81,122,2018,10,0,4,3,0,1,2,1,0,0,0,0,0,0,651606.4547,5330511047.0,11.036752321,48.109804665,1,#66c2a5,bicycle
9,1,79,121,2018,10,21,4,3,5,3,2,0,1,0,0,0,0,0,666939.4855,5339465.6741,11.246098835,48.186473118,2,#fc8d62,car
9,1,79,142,2018,10,13,5,3,2,6,0,0,1,0,0,0,0,0,672587.1612,5341396.0006,11.322806757,48.202316475,2,#fc8d62,car
9,1,87,122,2018,10,10,7,3,3,2,0,0,1,0,1,0,0,0,719468782.0,5312738.7534,11.938296059,47.930355165,2,#fc8d62,car
9,1,87,126,2018,10,15,6,3,4,2,0,1,1,0,0,1,0,0,741600.7,5325923.5264,12.241550978,48.040833918,1,#66c2a5,bicycle
9,7,72,184,2018,10,16,6,3,8,1,0,1,0,0,0,0,0,0,635027.1172,5364232.8398,10.824907031,48.416769737,1,#66c2a5,bicycle
9,1,78,123,2018,10,18,4,3,0,1,1,0,1,0,0,0,0,0,691102.14,5358075323.0,11.579285568,48.346922104,2,#fc8d62,car
9,1,62,0,2018,10,17,3,3,9,1,0,0,1,0,0,0,0,0,694717.2195,5340877.9199,11.620107088,48.191259653,2,#fc8d62,car
9,2,61,0,2018,10,23,6,3,2,3,2,0,1,0,0,0,0,0,732445.8424,5382734.4566,12.150187296,48.554578154,2,#fc8d62,car
9,7,72,147,2018,10,8,2,3,9,1,0,0,1,0,0,0,0,1,635628.7437,5364328.9695,10.833064848,48.417504913,2,#fc8d62,car
9,2,61,0,2018,10,16,5,3,4,2,0,0,1,0,0,0,0,0,732980.6538,5381144.4371,12.15653453,48.540097138,2,#fc8d62,car
9,1,62,0,2018,10,17,7,2,3,6,0,0,1,0,1,0,0,0,686706.0901,5333265.7533,11.50907881,48.125244792,2,#fc8d62,car
9,1,62,0,2018,10,9,3,3,0,6,0,0,0,0,1,0,0,1,688699.6077,5337252.6474,11.537608688,48.160491768,4,#e78ac3,marker
9,1,73,120,2018,10,12,7,2,4,6,0,0,1,0,0,0,0,0,685815419.0,5310767.3721,11.487366476,47.92327582,2,#fc8d62,car
9,1,73,120,2018,10,16,6,2,0,1,0,1,0,0,0,0,0,0,689296.6144,5311049.5211,11.534043749,47.924793534,1,#66c2a5,bicycle
9,1,84,130,2018,10,0,6,3,7,7,2,0,1,0,0,0,0,0,700174.6608,5347109.0127,11.696400185,48.245561346,2,#fc8d62,car
9,1,62,0,2018,10,16,6,3,2,6,0,0,1,0,0,0,0,0,695232.5062,5344018.2734,11.6284779,48.219325066,2,#fc8d62,car
9,1,75,137,2018,10,15,7,2,4,6,0,0,1,0,0,0,0,0,726210.0999,5330155.1274,12.037604333,48.084490244,2,#fc8d62,car
9,1,79,142,2018,10,15,6,3,2,6,0,0,1,0,0,0,0,0,670757.0543,5341043.0712,11.298054504,48.199638636,2,#fc8d62,car
9,1,62,0,2018,10,21,3,2,4,2,2,0,1,0,1,0,0,0,693557.7959,5339518.1668,11.603903198,48.179393123,2,#fc8d62,car
9,1,87,165,2018,10,5,5,2,2,1,2,0,1,0,0,0,1,0,733518.2345,5300498.2279,12.119499209,47.815422646,2,#fc8d62,car
9,1,87,124,2018,10,19,7,2,8,1,2,0,1,0,0,0,0,0,734695.7943,5325292.5638,12.148709344,48.037740712,2,#fc8d62,car
9,1,83,144,2018,10,8,6,3,5,3,0,0,1,0,0,0,0,0,739960.8128,5351463.4931,12.233985263,48.270869018,2,#fc8d62,car
9,7,73,182,2018,10,7,5,3,2,6,0,0,1,0,0,0,0,0,627575.7157,5378201.1657,10.728512975,48.543930511,2,#fc8d62,car
9,1,78,130,2018,10,17,5,2,3,2,0,0,1,0,0,0,0,0,701293109.0,5353966.3442,11.714713582,48.306831695,2,#fc8d62,car
9,1,87,169,2018,10,15,6,3,2,6,0,0,1,0,0,0,0,0,735885.2797,5299431.5701,12.150490485,47.804976812,2,#fc8d62,car
9,7,71,113,2018,10,7,5,2,4,2,0,1,1,0,0,0,0,0,658025.5468,5369719.3795,11.137594316,48.460747455,1,#66c2a5,bicycle
9,7,72,207,2018,10,14,3,3,2,2,0,0,1,0,0,1,1,0,640907.3563,5379346.4581,10.909430245,48.551375387,2,#fc8d62,car
9,7,72,171,2018,10,21,3,3,8,1,2,0,1,0,0,0,0,0,637605.3844,5372091.7578,10.86231687,48.486877187,2,#fc8d62,car
9,1,74,118,2018,10,14,7,3,5,3,0,1,1,0,0,0,0,0,670755.3473,5355790.0312,11.303985315,48.332206968,1,#66c2a5,bicycle
9,1,88,121,2018,10,12,6,3,2,6,0,0,1,0,0,0,0,0,674448.1149,5330901.7896,11.343528956,48.107471263,2,#fc8d62,car
9,7,71,113,2018,10,7,3,3,0,7,0,1,0,0,0,0,0,0,657995899.0,5369724.5107,11.137195501,48.460801032,1,#66c2a5,bicycle
9,1,90,159,2018,10,12,6,3,8,7,0,0,1,0,0,0,0,0,662454574.0,5304545916.0,11.172560098,47.87368556,2,#fc8d62,car
9,2,61,0,2018,10,14,6,3,4,2,0,0,1,0,0,0,0,0,731691.0641,5383831.1569,12.140584696,48.564708826,2,#fc8d62,car
9,1,84,136,2018,10,19,6,2,4,2,2,0,1,0,1,0,0,0,699397418.0,5327437189.0,11.676723756,48.069014096,2,#fc8d62,car
9,1,79,123,2018,10,13,6,2,0,7,0,1,0,0,0,0,0,0,677006.7943,5333830.0599,11.379087445,48.133088327,1,#66c2a5,bicycle
9,1,82,125,2018,10,11,5,2,5,3,0,0,1,0,0,0,0,0,712495979.0,5298338302.0,11.837984562,47.803297601,2,#fc8d62,car
9,1,73,126,2018,10,7,2,3,4,7,0,0,1,0,0,0,0,1,687837.0187,5303428.4064,11.511208121,47.856718977,2,#fc8d62,car
9,1,84,119,2018,10,18,5,3,3,6,0,0,1,0,1,0,0,0,694177.1772,5347438263.0,11.615852442,48.250385821,2,#fc8d62,car
9,1,82,137,2018,10,14,4,3,0,2,0,0,0,0,1,0,0,1,711719.3061,5304189.9888,11.830485004,47.856139496,4,#e78ac3,marker
9,1,82,127,2018,10,7,2,3,0,1,0,1,0,0,0,0,0,1,699769532.0,5309493064.0,11.673365793,47.90762718,1,#66c2a5,bicycle
9,7,62,0,2018,10,7,6,3,3,2,0,1,1,0,0,0,0,0,621505.3663,5303926.6252,10.625024459,47.877171074,1,#66c2a5,bicycle
9,7,72,151,2018,10,16,5,3,5,3,0,0,1,0,0,0,0,0,633661.1066,5342635.7412,10.799608819,48.222855045,2,#fc8d62,car
9,1,74,126,2018,10,19,2,3,5,3,0,1,1,0,0,0,0,1,683700.1617,5343931.4879,11.473331543,48.221988626,1,#66c2a5,bicycle
9,1,74,146,2018,10,17,5,3,3,6,0,0,1,0,0,0,1,0,666607.0639,5351038.0343,11.246181637,48.290594801,2,#fc8d62,car
9,1,75,132,2018,10,7,2,3,2,2,0,0,1,0,0,0,0,1,709351.8351,5336508.0214,11.814640412,48.147337077,2,#fc8d62,car
9,1,87,182,2018,10,19,6,3,4,6,2,0,1,0,0,0,0,0,738092.1063,5327705.8515,12.195544008,48.05816249,2,#fc8d62,car
9,1,78,124,2018,10,10,2,3,4,3,0,0,1,0,0,0,0,0,703010.3348,5363870827.0,11.742621039,48.395287975,2,#fc8d62,car
9,1,78,124,2018,10,6,2,3,0,3,2,1,0,0,0,0,1,1,701952.3406,5364198.4089,11.728502218,48.398571414,1,#66c2a5,bicycle
9,1,77,133,2018,10,7,2,3,5,3,1,0,1,0,0,0,0,1,708847757.0,5361740345.0,11.820326465,48.374238231,2,#fc8d62,car
9,1,73,118,2018,10,9,5,3,4,2,0,0,1,0,0,0,0,0,687499.3388,5306193.4561,11.507897676,47.881671983,2,#fc8d62,car
9,2,74,126,2018,10,9,7,3,4,2,0,0,1,0,0,0,0,0,732468.5026,5384439.2885,12.151446074,48.569883724,2,#fc8d62,car
9,1,84,134,2018,9,14,1,3,2,6,0,0,1,0,0,0,0,0,693671.0374,5322302.7764,11.597612555,48.024631135,2,#fc8d62,car
9,1,62,0,2018,9,12,1,3,6,4,0,0,1,1,0,0,0,0,688447.5112,5340188.3559,11.53552337,48.18695297,2,#fc8d62,car
9,1,75,118,2018,10,15,7,3,0,1,0,1,0,0,0,0,0,0,715812.3436,5337842.9135,11.902062019,48.157172907,1,#66c2a5,bicycle
9,1,88,124,2018,10,11,6,3,2,6,0,0,1,0,0,0,0,0,661879498.0,5318807.1465,11.170236994,48.002051203,2,#fc8d62,car
9,1,85,158,2018,10,13,6,3,3,2,0,1,1,0,0,0,0,0,667480.0598,5380458606.0,11.269692288,48.554840397,1,#66c2a5,bicycle
9,1,62,0,2018,10,17,6,3,1,7,0,0,1,0,1,0,0,0,678166337.0,5334374954.0,11.394886289,48.137662887,2,#fc8d62,car
9,1,84,147,2018,10,8,6,3,9,7,0,0,1,0,0,0,0,0,699211.1531,5341537.8318,11.680818932,48.195796795,2,#fc8d62,car
9,7,77,140,2018,9,6,1,3,9,7,0,0,1,0,0,0,0,0,627623.2344,5315619.9795,10.710273356,47.981145949,2,#fc8d62,car
9,7,73,116,2018,9,12,1,3,5,3,0,0,1,0,0,0,0,0,621044.3793,5379596.0682,10.640464768,48.557768707,2,#fc8d62,car
9,1,90,152,2018,10,19,6,3,4,1,2,0,1,0,0,0,1,0,669256.3686,5296711911.0,11.260388182,47.801497919,2,#fc8d62,car
9,7,72,200,2018,9,17,1,3,8,1,0,0,0,0,1,0,0,0,630599.5326,5336248.3587,10.756443399,48.166053284,4,#e78ac3,marker
9,7,72,214,2018,9,12,1,3,5,3,0,1,1,0,0,0,0,0,618146.0672,5342262.9069,10.590699991,48.222581501,1,#66c2a5,bicycle
9,7,71,146,2018,9,15,1,3,0,2,0,0,1,0,1,0,0,0,646765.3939,5346690.8836,10.977345567,48.256420443,2,#fc8d62,car
9,7,71,144,2018,9,15,1,3,0,1,0,1,0,0,0,0,0,1,662897.5376,5372370.9649,11.204480046,48.483342107,1,#66c2a5,bicycle
9,1,87,165,2018,10,13,4,3,1,6,0,0,1,0,0,0,0,0,733596.3698,5299767.8517,12.120147922,47.808832502,2,#fc8d62,car
9,1,77,113,2018,10,18,2,3,5,3,0,0,1,0,0,0,0,0,720781.3431,5353031.5312,11.976697992,48.291932736,2,#fc8d62,car
9,1,81,115,2018,10,7,5,3,2,6,0,0,1,0,0,0,1,0,657211.8157,5326943.5518,11.110691647,48.076370673,2,#fc8d62,car
9,1,62,0,2018,10,17,1,3,9,1,0,0,1,0,0,0,0,0,692422.5767,5330689.9757,11.584658774,48.100392,2,#fc8d62,car
9,1,78,124,2018,10,15,3,3,2,6,0,0,1,0,0,0,0,0,702865078.0,5359045.9399,11.738333319,48.351976811,2,#fc8d62,car
9,1,62,0,2018,10,7,3,3,4,3,0,1,1,0,0,0,0,0,687774.3962,5327553.0141,11.520907808,48.073582754,1,#66c2a5,bicycle
9,1,62,0,2018,10,13,4,3,5,2,0,1,1,0,0,0,0,0,694999.5471,5333017.7319,11.62029996,48.120529525,1,#66c2a5,bicycle
9,1,84,132,2018,10,2,2,2,9,1,2,0,1,0,0,0,0,0,679430.0673,5327276.9527,11.408872686,48.073503509,2,#fc8d62,car
9,2,74,182,2018,10,11,5,3,0,1,0,1,0,0,0,0,0,0,728874.7225,5378030.5111,12.099281984,48.513635119,1,#66c2a5,bicycle
9,7,77,164,2018,10,7,5,2,9,7,0,0,0,0,1,0,0,0,622672.9476,5311907.9648,10.642904337,47.948730237,4,#e78ac3,marker
9,1,87,150,2018,10,14,5,3,1,6,0,0,1,0,0,1,0,0,729288297.0,5303377.0686,12.064600779,47.842808627,2,#fc8d62,car
9,7,72,163,2018,10,17,3,1,8,1,0,0,0,0,1,0,0,0,639023.9045,5350046.0604,10.874208662,48.288335861,4,#e78ac3,marker
9,7,61,0,2018,10,23,5,3,5,3,2,1,1,0,0,0,0,0,643207.7145,5360561.8512,10.93415289,48.381956204,1,#66c2a5,bicycle
9,1,81,130,2018,10,13,2,2,4,6,0,0,1,0,1,0,0,0,640507498.0,5325519.5227,10.886088429,48.067465476,2,#fc8d62,car
9,1,86,132,2018,10,8,5,2,4,6,0,0,1,0,0,0,0,0,676946.5867,5367059.8751,11.392193652,48.431805815,2,#fc8d62,car
9,7,71,145,2018,10,12,4,3,5,3,0,1,1,0,0,0,0,0,647691.4485,5345954.3078,10.989557313,48.249582457,1,#66c2a5,bicycle
9,1,79,123,2018,10,10,3,3,1,5,0,0,1,0,0,0,0,0,677368.0541,5332262.6809,11.38328637,48.118898275,2,#fc8d62,car
9,7,61,0,2018,10,16,4,3,2,6,0,0,1,0,0,0,0,0,637635.4366,5360742.0102,10.858995157,48.384816501,2,#fc8d62,car
9,1,88,121,2018,10,17,3,3,2,6,0,0,1,0,0,0,0,0,673151618.0,5329734948.0,11.325653349,48.097335563,2,#fc8d62,car
9,1,78,157,2018,10,7,2,3,2,6,0,0,1,0,1,0,0,1,704464.4519,5370177.2954,11.765316866,48.451488438,2,#fc8d62,car
9,1,88,124,2018,10,14,5,3,9,1,0,0,0,0,1,0,0,0,662995612.0,5318524442.0,11.185081553,47.99922593,4,#e78ac3,marker
9,1,73,120,2018,10,20,2,3,4,6,2,0,1,0,0,0,0,0,687535.0558,5311188.0723,11.510546254,47.926556649,2,#fc8d62,car
9,1,62,0,2018,10,12,2,3,6,2,0,0,1,1,0,0,0,0,692905.8061,5331263.2174,11.591401859,48.105398077,2,#fc8d62,car
9,1,84,131,2018,10,8,3,3,5,3,0,0,1,0,0,0,0,0,704866.1233,5336966173.0,11.75462564,48.152914656,2,#fc8d62,car
9,1,62,0,2018,10,21,4,1,9,1,2,0,0,0,1,0,0,0,694603211.0,5333966112.0,11.615412953,48.129174447,4,#e78ac3,marker
9,1,84,131,2018,10,9,4,3,2,6,0,0,0,0,0,1,0,0,704464.2126,5337462.5135,11.749466493,48.157504383,5,#a6d854,bus
9,1,75,132,2018,10,12,5,3,5,3,0,0,1,0,1,0,0,0,707437428.0,5336453428.0,11.788907253,48.147473602,2,#fc8d62,car
9,1,83,139,2018,10,17,2,3,5,3,0,0,1,0,0,0,0,0,734836356.0,5334465627.0,12.155632695,48.120094563,2,#fc8d62,car
9,1,84,112,2018,10,20,2,2,6,4,2,0,1,1,0,0,0,0,701940.0163,5338968.0348,11.716277791,48.171840784,2,#fc8d62,car
9,2,61,0,2018,10,17,5,3,7,7,1,1,0,0,0,0,0,0,731755.9195,5381287.9645,12.140047089,48.541839903,1,#66c2a5,bicycle
9,1,88,145,2018,10,17,2,3,2,6,0,0,1,0,0,0,0,0,663913.5792,5328060.5641,11.201029217,48.084725627,2,#fc8d62,car