ULAND,UREGBEZ,UKREIS,UGEMEINDE,UJAHR,UMONAT,USTUNDE,UWOCHENTAG,UKATEGORIE,UART,UTYP1,ULICHTVERH,IstRad,IstPKW,IstFuss,IstKrad,IstGkfz,IstSonstig,STRZUSTAND,LINREFX,LINREFY,XGCSWGS84,YGCSWGS84,Teilnehmer,color,symbol
9,7,71,130,2018,10,22,3,3,0,1,2,0,0,0,1,0,0,1,644900.1974,5357687.0104,10.956007135,48.355721026,4,#e78ac3,marker
9,7,62,0,2018,10,16,4,3,1,6,0,0,1,0,0,0,0,0,623281154.0,5306067483.0,10.64937525,47.896086652,2,#fc8d62,car
9,7,71,112,2018,10,17,5,3,0,7,0,0,0,0,1,0,1,1,643391.8052,5367061.6477,10.938859066,48.44035659,4,#e78ac3,marker
9,1,74,113,2018,10,11,2,3,5,3,0,0,1,0,0,0,0,0,678981.1079,5342767.0961,11.409362062,48.212870862,2,#fc8d62,car
9,1,87,150,2018,10,8,5,3,2,6,0,0,1,0,0,0,0,0,729333.7336,5303366.5255,12.065201587,47.842697698,2,#fc8d62,car
9,7,72,147,2018,10,6,4,3,2,6,0,0,1,0,0,0,0,1,638341.1488,5367985.0559,10.870910695,48.449789674,2,#fc8d62,car
9,1,88,121,2018,10,9,3,3,2,6,0,0,1,0,0,0,0,0,674397.1916,5330839475.0,11.342819974,48.10692503,2,#fc8d62,car
9,1,84,135,2018,10,17,5,3,3,6,0,0,1,0,0,0,0,0,688544.9284,5345625.9567,11.539249453,48.235797315,2,#fc8d62,car
9,1,75,111,2018,10,12,3,2,2,6,0,0,0,0,1,0,1,0,711555.6356,5338092.9741,11.845019685,48.160850189,4,#e78ac3,marker
9,1,62,0,2018,10,8,3,3,3,6,0,0,1,0,1,0,0,0,686009.7186,5335250.8538,11.500596524,48.143291519,2,#fc8d62,car
9,1,77,120,2018,10,16,5,3,8,1,0,0,1,0,0,0,0,0,724293011.0,5358366258.0,12.026812401,48.338626126,2,#fc8d62,car
9,1,90,157,2018,10,15,3,3,5,3,0,0,1,0,0,0,0,0,660212.8573,5300034.8482,11.140931726,47.833689178,2,#fc8d62,car
9,1,84,121,2018,10,5,2,2,5,3,2,0,0,0,0,0,1,0,705963.7413,5325467.5279,11.76381757,48.049227279,6,#ffd92f,circle
9,1,84,145,2018,10,16,2,2,2,6,0,0,1,0,0,1,0,0,695153.7597,5324498.6753,11.618478574,48.043916088,2,#fc8d62,car
9,2,61,0,2018,10,17,5,3,2,6,0,0,1,0,1,0,0,0,733126.5101,5381009.6137,12.158432116,48.5388319,2,#fc8d62,car
9,2,74,113,2018,10,16,1,3,4,2,0,0,1,0,0,0,0,0,728393.9149,5383930.0325,12.096014413,48.56680673,2,#fc8d62,car
9,1,62,0,2018,10,13,4,3,5,2,0,0,1,0,0,0,0,0,687731.7466,5329433.01,11.521161905,48.090493353,2,#fc8d62,car
9,1,87,129,2018,10,7,5,1,4,6,0,0,1,0,0,1,0,0,726313.7708,5299851.2803,12.023059922,47.812183541,2,#fc8d62,car
9,7,61,0,2018,10,19,3,3,5,3,1,1,0,0,0,0,0,0,644203.9632,5357598.5825,10.946584027,48.355085316,1,#66c2a5,bicycle
9,7,71,130,2018,10,13,5,3,3,6,0,0,1,0,0,0,1,0,645475.4526,5358049.8885,10.963893216,48.358851518,2,#fc8d62,car
9,1,88,141,2018,10,9,2,3,5,3,0,0,1,0,0,0,0,0,665772965.0,5305730853.0,11.217358794,47.88349088,2,#fc8d62,car
9,7,61,0,2018,10,17,2,3,5,2,0,1,1,0,0,0,0,0,641707.9244,5361759.8933,10.914312762,48.393067134,1,#66c2a5,bicycle
9,1,87,137,2018,10,23,1,3,6,7,2,0,1,1,0,0,0,0,729257.7707,5312356.4965,12.068959403,47.923494911,2,#fc8d62,car
9,7,71,130,2018,10,16,4,3,1,2,0,0,1,0,0,0,1,0,645484.7973,5363137.8393,10.965780658,48.404596607,2,#fc8d62,car
9,1,79,134,2018,10,7,3,3,0,1,0,1,0,0,0,0,0,0,668571.5157,5343825.7377,11.269771398,48.225238228,1,#66c2a5,bicycle
9,1,62,0,2018,10,20,1,3,0,6,2,0,1,0,0,0,1,0,681127451.0,5340110.3724,11.437094512,48.188381407,2,#fc8d62,car
9,1,88,139,2018,10,17,4,3,0,1,0,0,0,0,1,0,0,0,673531751.0,5320905287.0,11.327172856,48.01785655,4,#e78ac3,marker
9,1,74,113,2018,10,8,1,2,9,1,0,0,1,0,0,0,0,0,672236.5888,5348424.6422,11.320949782,48.265595216,2,#fc8d62,car
9,1,85,158,2018,10,9,3,3,5,3,0,1,1,0,0,0,0,0,666558062.0,5381296233.0,11.257542685,48.56261565,1,#66c2a5,bicycle
9,1,78,142,2018,10,17,2,2,0,3,0,0,1,0,1,0,0,0,713752.8817,5378242.6583,11.894901759,48.520869802,2,#fc8d62,car
9,1,74,115,2018,10,14,1,2,4,1,0,0,1,0,0,0,0,0,681788.1996,5350301.1052,11.45034893,48.279793042,2,#fc8d62,car
9,1,79,117,2018,10,14,5,3,3,6,0,0,1,0,0,1,0,0,660290.8288,5346976.3733,11.159550863,48.255710228,2,#fc8d62,car
9,1,62,0,2018,10,3,1,3,8,1,2,0,1,0,0,0,0,1,688874.3005,5344587.6612,11.543218011,48.226367158,2,#fc8d62,car
9,1,78,157,2018,10,12,1,2,9,1,0,0,1,0,0,0,0,0,707897.4116,5375717.8481,11.81444331,48.50014908,2,#fc8d62,car
9,1,62,0,2018,10,7,2,3,5,3,0,0,1,0,0,0,1,1,684617.3365,5342632.3085,11.485102787,48.210044903,2,#fc8d62,car
9,1,84,134,2018,10,15,7,3,3,6,0,1,0,0,0,0,0,0,694391.6889,5321394.0076,11.606855844,48.016244408,1,#66c2a5,bicycle
9,1,84,123,2018,10,12,3,2,5,3,0,1,1,0,0,0,0,0,703885.4912,5332038.1531,11.739097821,48.108943223,1,#66c2a5,bicycle
9,1,84,148,2018,10,12,7,3,2,6,0,1,0,0,0,0,0,0,694700.1555,5326970.9928,11.613523928,48.066275111,1,#66c2a5,bicycle
9,1,84,127,2018,10,18,4,3,0,7,0,1,0,0,0,0,0,0,702805.5229,5322058.3819,11.719873414,48.01960057,1,#66c2a5,bicycle
9,1,84,136,2018,10,10,7,3,5,3,0,1,1,0,0,0,0,0,697993.3073,5326849.2823,11.657623756,48.064167712,1,#66c2a5,bicycle
9,1,77,116,2018,10,8,5,3,2,6,0,0,1,0,0,0,1,0,712050.4904,5364582.0584,11.86495506,48.398704083,2,#fc8d62,car
9,1,84,112,2018,10,7,2,3,6,4,0,0,1,1,0,0,0,0,701969.6927,5338888484.0,11.716638711,48.171116448,2,#fc8d62,car
9,2,74,182,2018,10,12,5,3,5,3,0,0,1,0,0,0,0,0,729188.1155,5378176.2942,12.103599343,48.514830444,2,#fc8d62,car
9,7,78,209,2018,10,12,7,2,9,1,0,0,1,0,0,0,0,0,616898.1657,5325520.9853,10.569306954,48.07224311,2,#fc8d62,car
9,1,86,143,2018,10,17,2,3,2,6,0,0,1,0,1,0,0,0,685556.4664,5379172.1246,11.513857147,48.538190394,2,#fc8d62,car
9,1,87,177,2018,10,16,2,3,2,6,0,0,1,0,0,0,0,0,737109.9297,5306518.9596,12.170701841,47.868197765,2,#fc8d62,car
9,1,63,0,2018,10,15,5,1,4,6,0,0,1,0,0,0,1,0,730143.8715,5301988272.0,12.075281034,47.830025379,2,#fc8d62,car
9,7,72,130,2018,10,15,3,3,2,6,0,0,1,0,0,0,0,0,630574.2591,5359446.4344,10.763267967,48.374667489,2,#fc8d62,car
9,7,77,158,2018,10,19,4,3,8,6,2,0,1,0,0,0,0,0,622337.8326,5308852.0885,10.637549959,47.921310984,2,#fc8d62,car
9,7,61,0,2018,10,19,5,3,0,1,2,1,0,0,0,0,0,0,641144.8064,5356538.1716,10.90495745,48.34624167,1,#66c2a5,bicycle
9,1,88,132,2018,10,15,2,3,5,3,0,1,1,0,0,0,0,0,662021672.0,5323358.0362,11.173862045,48.042930751,1,#66c2a5,bicycle
9,7,77,177,2018,10,20,7,3,9,7,2,0,1,0,0,0,0,1,633051.3524,5316345.1881,10.783204272,47.986561759,2,#fc8d62,car
9,7,61,0,2018,10,18,4,3,5,3,0,1,0,0,0,0,0,0,642662.3662,5359588.5628,10.926461466,48.37332844,1,#66c2a5,bicycle
9,1,87,150,2018,10,5,5,3,4,2,2,1,1,0,0,0,0,0,728874619.0,5304025.1795,12.059422563,47.848779016,1,#66c2a5,bicycle
9,7,72,141,2018,10,10,4,3,3,6,0,0,1,0,0,0,0,0,622619.7832,5349917538.0,10.653126193,48.290570934,2,#fc8d62,car
9,1,74,135,2018,10,18,3,3,9,7,0,0,1,0,0,0,0,0,663480.9611,5353058.9439,11.204851136,48.309578068,2,#fc8d62,car
9,1,78,136,2018,10,6,2,3,4,6,1,0,1,0,0,1,0,1,697593.4193,5372555.5758,11.673618492,48.475055755,2,#fc8d62,car
9,1,87,130,2018,10,13,4,3,0,1,0,0,0,0,1,0,0,0,711428.2249,5308947.7919,11.828926785,47.898990889,4,#e78ac3,marker
9,1,62,0,2018,10,19,5,3,2,6,2,0,1,0,0,0,1,0,692994866.0,5339518.9593,11.596338629,48.17957147,2,#fc8d62,car
9,1,84,147,2018,10,22,2,3,8,1,2,0,1,0,0,0,0,0,695976.5107,5339234.7794,11.636275603,48.176104866,2,#fc8d62,car
9,1,74,115,2018,10,11,3,3,1,6,0,0,1,0,0,0,0,0,681105.4686,5347363.6377,11.439897155,48.253584976,2,#fc8d62,car
9,1,78,120,2018,10,15,4,2,8,1,0,0,1,0,0,0,0,0,691475.3778,5355568527.0,11.583178675,48.324279254,2,#fc8d62,car
9,1,78,113,2018,10,15,5,2,4,6,0,0,1,0,0,0,0,0,692419.1046,5368893.8117,11.601997994,48.4437513,2,#fc8d62,car
9,1,84,137,2018,10,6,2,3,6,2,2,0,1,1,0,0,0,0,708620.9562,5313796.2873,11.793758595,47.943481233,2,#fc8d62,car
9,1,62,0,2018,10,10,3,3,3,6,0,0,1,0,0,1,0,0,694594.8384,5334173.9727,11.615395472,48.131045175,2,#fc8d62,car
9,1,84,148,2018,10,13,4,3,6,7,0,1,0,1,0,0,0,0,693974.2896,5327844.3251,11.604187099,48.074345544,1,#66c2a5,bicycle
9,1,87,154,2018,10,7,5,3,0,7,1,0,0,0,1,0,0,0,735736.9365,5296782.2992,12.147073482,47.781230305,4,#e78ac3,marker
9,7,61,0,2018,10,9,3,3,5,3,0,1,0,0,0,0,1,0,643660.1158,5359244.8005,10.939809268,48.370011174,1,#66c2a5,bicycle
9,1,84,147,2018,10,11,2,3,8,1,0,0,1,0,0,0,0,0,699210.0703,5341538.2348,11.680804567,48.195800756,2,#fc8d62,car
9,1,63,0,2018,10,20,4,3,4,2,2,1,1,0,0,0,0,0,732697.9984,5305601.0705,12.111301039,47.861564534,1,#66c2a5,bicycle
9,1,62,0,2018,10,8,2,3,2,6,2,0,1,0,0,0,0,0,679766.1948,5337939.8899,11.417877489,48.169257897,2,#fc8d62,car
9,7,72,147,2018,10,14,2,3,3,6,0,0,1,0,1,0,0,0,638600.2779,5363772.5222,10.873020119,48.411854851,2,#fc8d62,car
9,7,72,147,2018,10,7,4,3,2,6,0,0,1,0,0,0,1,0,638412.43,5367641.8663,10.871760714,48.446688152,2,#fc8d62,car
9,1,88,141,2018,10,15,3,3,0,1,0,1,0,0,0,0,0,0,670639.1608,5309265274.0,11.283793481,47.913991039,1,#66c2a5,bicycle
9,1,62,0,2018,10,14,4,1,2,6,0,0,0,0,0,1,1,0,678348.2613,5336261.4659,11.398119775,48.154569911,5,#a6d854,bus
9,1,62,0,2018,10,15,5,3,1,6,0,0,1,0,0,0,1,0,694583.9612,5341835.2781,11.618754645,48.199904722,2,#fc8d62,car
9,1,74,113,2018,10,7,2,3,2,6,0,0,1,0,0,0,0,0,670275414.0,5348166.0852,11.2944403,48.263801095,2,#fc8d62,car
9,1,84,119,2018,10,12,2,3,5,3,0,0,1,0,0,0,0,0,693165587.0,5347229131.0,11.602144044,48.248815331,2,#fc8d62,car
9,1,73,120,2018,10,10,7,3,3,6,0,0,1,0,1,0,0,0,686657.6053,5311243482.0,11.498835349,47.927310805,2,#fc8d62,car
9,7,72,121,2018,10,11,6,3,8,7,0,0,0,0,0,0,1,0,631077.0573,5376492.2788,10.775391413,48.527842316,6,#ffd92f,circle
9,7,71,113,2018,10,5,6,3,2,2,2,0,1,0,0,0,0,0,658604.9227,5367523.2306,11.144593819,48.440857923,2,#fc8d62,car
9,7,71,176,2018,10,16,6,3,0,1,0,0,0,0,1,0,1,0,644477.3214,5384067152.0,10.959417538,48.593007018,4,#e78ac3,marker
9,1,87,169,2018,10,14,3,3,5,3,0,0,1,0,0,0,1,0,736360.7296,5300844.9429,12.157601042,47.817499927,2,#fc8d62,car
9,1,62,0,2018,10,18,1,3,2,6,0,0,1,0,0,0,0,0,694823.8245,5332063.3783,11.617505246,48.112005964,2,#fc8d62,car
9,1,90,115,2018,10,15,1,3,0,6,0,1,1,0,1,0,0,0,670445.7409,5302259.5321,11.278441935,47.851059169,1,#66c2a5,bicycle
9,1,81,129,2018,10,12,7,3,3,6,0,0,1,0,0,0,0,0,641590.0576,5304275.6984,10.893612503,47.876195374,2,#fc8d62,car
9,1,79,142,2018,10,12,1,3,0,1,0,0,0,0,1,0,0,0,673198413.0,5338929706.0,11.330020552,48.179979424,4,#e78ac3,marker
9,1,62,0,2018,10,16,1,3,3,6,0,0,1,0,1,0,0,0,685834.0356,5330380.3567,11.496113974,48.099564683,2,#fc8d62,car
9,1,84,130,2018,10,11,7,3,2,6,0,0,1,0,0,1,0,0,697695.8412,5342250.8323,11.660782062,48.202678163,2,#fc8d62,car
9,7,61,0,2018,10,14,7,3,3,6,0,0,1,0,0,1,0,0,643445.3624,5361172.2669,10.937569026,48.387390725,2,#fc8d62,car
9,7,71,130,2018,10,8,2,3,3,3,0,0,1,0,0,0,1,0,644876.2015,5357686239.0,10.955683145,48.355719596,2,#fc8d62,car
9,1,62,0,2018,10,22,1,3,2,6,2,0,1,0,0,0,0,0,685641077.0,5342962.2106,11.499013981,48.212711573,2,#fc8d62,car
9,1,87,122,2018,10,16,2,3,5,3,0,0,1,0,1,0,0,0,717891699.0,5307626933.0,11.91462788,47.884960057,2,#fc8d62,car
9,1,84,131,2018,10,11,3,3,2,6,0,0,0,0,0,1,0,0,704462.8087,5337464.9033,11.749448786,48.15752631,5,#a6d854,bus
9,1,87,181,2018,10,14,2,3,2,6,0,0,1,0,0,0,0,0,736073.7633,5310752.4096,12.15918202,47.906611313,2,#fc8d62,car
9,1,88,139,2018,10,18,3,3,5,3,1,1,1,0,0,0,0,0,672893.4888,5319185.2734,11.317927238,48.002566993,1,#66c2a5,bicycle
9,2,74,126,2018,10,7,3,3,5,3,0,1,1,0,0,0,0,0,733908532.0,5382471492.0,12.169830962,48.551672323,1,#66c2a5,bicycle
9,1,77,133,2018,10,15,3,3,4,6,0,0,1,0,0,0,0,0,712814.0697,5357266.1218,11.871557316,48.332711081,2,#fc8d62,car
9,1,87,150,2018,10,20,1,3,4,6,2,0,1,0,0,0,0,1,724975.7499,5304160111.0,12.007450459,47.851367653,2,#fc8d62,car
9,1,90,158,2018,10,13,3,3,1,2,0,0,1,0,1,0,0,0,652221.0874,5302589.0406,11.035107347,47.858597285,2,#fc8d62,car
9,1,88,120,2018,10,18,2,3,2,6,0,0,1,0,0,0,0,0,671726.1313,5326298.1374,11.305141825,48.066825208,2,#fc8d62,car
9,7,77,121,2018,10,6,2,2,9,1,1,0,1,0,0,0,0,0,630116.5873,5321669.8885,10.745506208,48.03505051,2,#fc8d62,car
9,1,73,134,2018,10,11,7,1,5,3,0,1,0,0,1,0,0,0,685503.0721,5300503.0379,11.478781918,47.831100835,1,#66c2a5,bicycle
9,1,75,133,2018,10,16,7,2,0,7,0,1,0,0,0,0,0,0,708664872.0,5340773013.0,11.807508582,48.185888497,1,#66c2a5,bicycle
9,1,73,126,2018,10,8,2,2,4,7,0,0,1,0,0,0,0,0,684107.0678,5305374.9788,11.462219254,47.875296351,2,#fc8d62,car
9,1,63,0,2018,10,17,3,3,2,6,0,0,1,0,0,0,0,0,733190.7132,5303189.1932,12.116579038,47.839717398,2,#fc8d62,car
9,1,74,131,2018,10,16,7,2,9,1,0,0,0,0,1,0,0,0,676131.82,5362459.8692,11.379257622,48.390685806,4,#e78ac3,marker
9,7,77,112,2018,10,17,7,3,2,6,0,0,1,0,0,0,0,0,622944.3059,5296179.2779,10.642059883,47.80721959,2,#fc8d62,car
9,1,77,115,2018,10,13,2,3,2,6,0,0,1,0,1,0,0,0,730734.3341,5353141.3559,12.110748733,48.289369924,2,#fc8d62,car
9,7,78,116,2018,10,19,2,2,3,6,2,1,1,0,0,0,0,0,617806.1016,5322014.2495,10.580525026,48.040537604,1,#66c2a5,bicycle
9,1,75,127,2018,10,8,7,3,0,3,0,0,1,0,1,0,0,0,713220.6188,5341329.2706,11.86900477,48.189374235,2,#fc8d62,car
9,1,88,144,2018,10,18,1,2,2,6,2,0,1,0,0,0,0,0,666467.5739,5328792.9052,11.235582826,48.090647708,2,#fc8d62,car
9,7,77,158,2018,10,14,1,2,3,6,0,1,0,0,1,0,0,0,618106.2938,5312566.6833,10.581950615,47.95551308,1,#66c2a5,bicycle
9,1,88,144,2018,10,17,1,2,8,7,0,0,0,0,1,0,0,0,670079997.0,5327038.4968,11.283358009,48.073922016,4,#e78ac3,marker
9,1,79,121,2018,10,16,3,3,4,6,0,0,1,0,0,0,0,0,665315.9903,5338181.9141,11.223773102,48.175356555,2,#fc8d62,car
9,7,71,130,2018,10,22,1,2,8,1,2,1,0,0,0,0,0,0,650392.2128,5354346.0278,11.02890349,48.324398133,1,#66c2a5,bicycle
9,1,87,169,2018,10,19,1,3,1,6,2,0,1,0,0,0,0,0,737691.9012,5299233.3779,12.174473055,47.802531936,2,#fc8d62,car
9,1,78,143,2018,10,14,7,3,2,6,0,0,1,0,0,0,0,0,720645324.0,5373900.7311,11.985823638,48.479477324,2,#fc8d62,car
9,1,88,124,2018,10,13,7,3,4,6,0,0,1,0,0,0,1,0,659488217.0,5322069.6613,11.139415326,48.031985119,2,#fc8d62,car
9,1,79,142,2018,10,7,2,3,2,6,0,0,1,0,0,0,0,0,676742.0812,5342948.2735,11.379323951,48.215126966,2,#fc8d62,car
9,1,62,0,2018,10,21,7,2,9,1,2,0,1,0,0,0,0,0,692750.5342,5339062.9717,11.59284836,48.17554736,2,#fc8d62,car
9,1,75,132,2018,10,20,3,3,5,2,2,1,1,0,0,0,0,0,706315.4538,5331505.1493,11.771446046,48.103371034,1,#66c2a5,bicycle
9,1,87,129,2018,10,12,1,3,2,2,0,0,1,0,1,0,0,0,720881.4404,5299549052.0,11.950442492,47.811354947,2,#fc8d62,car
9,1,78,144,2018,10,8,7,3,6,1,0,0,1,1,0,0,0,0,706943.8916,5379928.4145,11.803639704,48.538298275,2,#fc8d62,car
9,1,73,126,2018,10,15,3,3,2,6,0,0,1,0,0,0,0,0,684391.4581,5305173.4913,11.465933019,47.873403578,2,#fc8d62,car
9,1,74,126,2018,10,9,2,3,5,3,0,1,1,0,0,0,0,0,683680.8744,5343948.6389,11.473079541,48.22214837,1,#66c2a5,bicycle
9,1,75,119,2018,10,10,7,3,8,1,0,0,1,0,0,0,0,0,727171297.0,5325116.2036,12.047816591,48.038877127,2,#fc8d62,car
9,1,82,125,2018,10,12,7,3,3,2,0,0,1,0,1,0,0,0,712500.5559,5298801.7518,11.838272671,47.807460855,2,#fc8d62,car
9,1,62,0,2018,10,0,2,3,0,1,2,1,0,0,0,0,0,0,678194.1093,5334388.6905,11.395265009,48.137778589,1,#66c2a5,bicycle
9,1,73,137,2018,10,14,7,1,5,3,0,0,1,0,1,0,0,0,675137591.0,5303071869.0,11.341435976,47.857100626,2,#fc8d62,car
9,1,62,0,2018,10,10,6,3,5,3,0,1,1,0,0,0,0,0,690877.2583,5339119.2241,11.567701009,48.176618354,1,#66c2a5,bicycle
9,7,62,0,2018,10,17,7,3,0,1,0,1,0,0,0,0,0,1,620632.6671,5303736.1336,10.6133045,47.875622392,1,#66c2a5,bicycle
9,1,84,145,2018,10,15,3,2,2,6,0,0,1,0,0,1,0,0,697915.8845,5323328.3769,11.654957645,48.032547827,2,#fc8d62,car
9,1,62,0,2018,10,15,1,3,5,2,0,0,1,0,0,0,0,0,696038779.0,5333806034.0,11.634611873,48.127295262,2,#fc8d62,car
9,1,84,136,2018,10,10,6,2,1,6,0,0,1,0,1,0,0,0,697559.1489,5327497.0187,11.652101887,48.070123786,2,#fc8d62,car
9,1,88,139,2018,10,14,1,3,5,2,0,1,1,0,0,0,0,0,676205238.0,5318294032.0,11.361922164,47.993650987,1,#66c2a5,bicycle
9,1,62,0,2018,10,15,6,3,2,6,2,0,1,0,1,0,0,0,687321.2709,5332438.6884,11.516974342,48.117630167,2,#fc8d62,car
9,1,84,148,2018,10,7,2,2,2,6,0,0,1,0,0,0,0,0,696245.6276,5326844.6867,11.634188708,48.064666385,2,#fc8d62,car
9,1,74,146,2018,10,6,3,3,2,6,1,0,1,0,0,0,0,0,666311.5638,5351161.7661,11.242249625,48.291784846,2,#fc8d62,car
9,1,86,132,2018,10,13,1,3,0,1,0,0,0,0,1,0,0,0,678835.0455,5367481.4803,11.417880662,48.435062031,4,#e78ac3,marker
9,7,72,186,2018,10,8,7,3,1,5,0,0,1,0,0,0,0,0,638307.0609,5344329308.0,10.862680827,48.237087823,2,#fc8d62,car
9,7,72,147,2018,10,8,2,3,2,6,0,0,1,0,0,1,0,0,638838.5318,5368831.1205,10.877914113,48.457287654,2,#fc8d62,car
9,1,62,0,2018,10,17,6,3,3,2,0,1,1,0,0,0,0,0,692065755.0,5331429.7937,11.580203899,48.10714906,1,#66c2a5,bicycle
9,1,74,115,2018,10,17,1,3,3,6,0,0,1,0,1,0,0,0,681020889.0,5347497926.0,11.438816187,48.254816208,2,#fc8d62,car
9,1,87,122,2018,10,17,2,2,5,3,0,0,0,0,1,0,0,0,718797.7899,5308439.8434,11.927143796,47.891956413,4,#e78ac3,marker
9,1,74,136,2018,10,17,3,3,8,1,0,0,0,0,1,0,0,0,682355.1318,5364391.7986,11.464084069,48.406281951,4,#e78ac3,marker
9,2,74,126,2018,10,18,6,3,4,6,1,0,1,0,0,0,0,0,732295.4721,5384287.6591,12.149019434,48.568585823,2,#fc8d62,car
9,1,84,135,2018,10,0,6,3,9,6,2,0,1,0,0,0,0,0,692373.5354,5344760.0538,11.59036438,48.22686511,2,#fc8d62,car
9,1,62,0,2018,10,17,7,3,0,7,0,1,0,0,0,0,0,0,682737.1477,5335013.6987,11.456542705,48.142108203,1,#66c2a5,bicycle
9,2,61,0,2018,10,7,3,3,5,3,0,0,1,0,0,0,0,0,732192.9988,5379339645.0,12.144874639,48.524177007,2,#fc8d62,car
9,1,77,130,2018,10,9,3,2,4,6,0,0,1,0,0,0,0,0,712984.2682,5348617.2971,11.869489485,48.254940496,2,#fc8d62,car
9,1,90,157,2018,10,20,6,3,3,6,2,1,1,0,0,0,0,0,663913.8253,5298533.9577,11.189783067,47.819262182,1,#66c2a5,bicycle
9,1,84,138,2018,10,7,6,2,4,2,0,0,1,0,0,0,0,0,681739277.0,5330693.1119,11.441298903,48.103557087,2,#fc8d62,car
9,1,62,0,2018,10,17,6,3,5,7,0,1,1,0,0,0,0,0,693411.4467,5331495.3787,11.598292393,48.107331379,1,#66c2a5,bicycle
9,1,73,120,2018,10,15,3,3,2,6,0,0,1,0,1,0,0,0,687600774.0,5311124157.0,11.511397325,47.925962907,2,#fc8d62,car
9,1,79,142,2018,10,6,2,3,2,6,2,0,1,0,0,0,1,0,674769884.0,5344581443.0,11.353470626,48.230354128,2,#fc8d62,car
9,1,62,0,2018,10,8,2,3,2,6,0,0,1,0,0,0,0,0,690495.3752,5331971394.0,11.559371245,48.112488518,2,#fc8d62,car
9,2,74,194,2018,10,17,1,3,9,1,0,0,0,0,1,0,0,0,720594.3953,5383098.4367,11.989999204,48.56212853,4,#e78ac3,marker
9,1,62,0,2018,10,10,6,2,9,6,0,0,1,0,0,0,0,0,688791.3261,5339537.9583,11.539855609,48.181005081,2,#fc8d62,car
9,1,83,144,2018,10,6,6,2,4,6,2,0,1,0,0,0,0,1,742173.4149,5351670.0351,12.263873054,48.271882275,2,#fc8d62,car
9,1,90,129,2018,10,11,7,2,8,1,0,0,1,0,0,0,0,0,641665.3275,5303131.4433,10.894243442,47.865889096,2,#fc8d62,car
9,1,84,121,2018,10,8,6,3,5,3,0,0,1,0,0,0,0,0,705953.2586,5325479.4895,11.763682829,48.049338156,2,#fc8d62,car
9,1,84,121,2018,10,15,7,2,9,1,0,0,0,0,1,0,0,0,705034.0344,5331576.6319,11.754287703,48.104427074,4,#e78ac3,marker
9,1,90,157,2018,10,11,2,3,2,6,0,0,1,0,0,0,0,0,661020.5974,5301734.6959,11.152350126,47.848770907,2,#fc8d62,car
9,7,77,121,2018,10,11,7,3,6,7,0,1,0,1,0,0,0,0,628492406.0,5321723476.0,10.723744272,48.035861327,1,#66c2a5,bicycle
9,1,87,182,2018,10,7,3,3,1,6,0,0,1,0,1,0,0,0,737664.2651,5327676.1551,12.189794488,48.058055187,2,#fc8d62,car
9,1,62,0,2018,10,14,1,3,4,2,0,1,1,0,0,0,0,0,686654785.0,5331843.0975,11.507767221,48.112472479,1,#66c2a5,bicycle
9,1,62,0,2018,10,16,6,3,5,1,0,0,1,0,0,0,0,0,695463.7018,5330113.9242,11.625199901,48.094289069,2,#fc8d62,car
9,1,75,116,2018,10,17,2,3,4,2,0,0,1,0,0,0,0,0,708837.0142,5320624.8554,11.79996654,48.004775672,2,#fc8d62,car
9,1,88,113,2018,10,18,1,3,3,6,0,0,1,0,1,0,0,0,679450.8155,5311614.7584,11.40260033,47.932706432,2,#fc8d62,car
9,1,62,0,2018,10,20,6,3,0,7,2,1,0,0,0,0,0,0,688562.2398,5335026.1966,11.534776922,48.140520886,1,#66c2a5,bicycle
9,1,86,152,2018,10,11,7,3,6,7,0,0,1,1,0,0,0,0,691070.3058,5381137.4701,11.589380016,48.554198593,2,#fc8d62,car
9,1,87,176,2018,10,16,6,3,5,3,0,1,1,0,0,0,0,0,737502.6543,5332643.5491,12.190389646,48.102737993,1,#66c2a5,bicycle
9,1,87,124,2018,10,17,6,2,5,3,0,0,1,0,0,0,0,0,735345262.0,5326645.96,12.158152856,48.049659873,2,#fc8d62,car
9,7,61,0,2018,10,13,7,3,3,6,0,0,1,0,0,0,0,0,641409.9618,5359982.4155,10.909691739,48.377151691,2,#fc8d62,car
9,1,82,134,2018,10,11,3,3,2,6,0,0,1,0,0,0,0,0,703941561.0,5296271957.0,11.722901293,47.787493268,2,#fc8d62,car
9,1,81,133,2018,10,11,7,3,2,6,0,0,1,0,0,0,0,0,642807532.0,5313758.6283,10.913027721,47.961199126,2,#fc8d62,car
9,7,62,0,2018,10,7,1,3,4,6,0,0,1,0,0,0,0,0,620366.8659,5306522578.0,10.610528161,47.900733016,2,#fc8d62,car
9,1,83,139,2018,10,17,1,2,5,3,0,0,1,0,1,0,0,0,734836356.0,5334465627.0,12.155632695,48.120094563,2,#fc8d62,car