ULAND,UREGBEZ,UKREIS,UGEMEINDE,UJAHR,UMONAT,USTUNDE,UWOCHENTAG,UKATEGORIE,UART,UTYP1,ULICHTVERH,IstRad,IstPKW,IstFuss,IstKrad,IstGkfz,IstSonstig,STRZUSTAND,LINREFX,LINREFY,XGCSWGS84,YGCSWGS84,Teilnehmer,color,symbol
9,1,62,0,2018,10,13,7,3,3,6,0,0,0,0,1,0,1,0,694449.0896,5336614.2875,11.614552989,48.153022265,4,#e78ac3,marker
9,1,87,150,2018,10,12,6,3,5,2,0,1,1,0,0,0,0,0,727970.3516,5303248.4965,12.046943618,47.842122058,1,#66c2a5,bicycle
9,1,87,150,2018,10,7,6,3,5,3,1,0,1,0,0,0,0,0,727654.4795,5303201.4007,12.042703213,47.841810822,2,#fc8d62,car
9,1,81,131,2018,10,10,1,2,8,1,0,0,0,0,1,0,0,0,638566683.0,5334659807.0,10.863019706,48.150081896,4,#e78ac3,marker
9,1,87,177,2018,10,15,2,3,6,2,0,0,1,1,0,0,0,0,735037.6528,5305108.7207,12.142267553,47.856289856,2,#fc8d62,car
9,1,81,130,2018,10,6,3,3,2,6,2,0,1,0,0,0,0,0,642244.6903,5324573.7419,10.909079514,48.058575883,2,#fc8d62,car
9,7,72,147,2018,10,16,1,3,8,7,0,0,1,0,0,0,0,0,638272.0509,5366384.9918,10.86944852,48.435417569,2,#fc8d62,car
9,2,61,0,2018,10,7,3,3,0,7,0,1,0,0,0,0,0,0,732051.2222,5379504.4269,12.143049074,48.525709623,1,#66c2a5,bicycle
9,1,75,124,2018,10,19,3,3,1,6,2,0,1,0,0,0,0,0,712595.6976,5329408.8664,11.854658226,48.082469664,2,#fc8d62,car
9,1,85,158,2018,10,16,6,3,5,3,0,0,1,0,1,0,0,0,666545.8773,5381424.7686,11.25742911,48.563774334,2,#fc8d62,car
9,1,78,124,2018,10,13,3,3,2,3,0,0,1,0,0,0,0,0,705978.9849,5363170.8301,11.782334738,48.388035293,2,#fc8d62,car
9,1,82,137,2018,10,16,1,3,9,1,0,0,0,0,1,0,0,0,711945.8415,5301012.9144,11.831954174,47.82751428,4,#e78ac3,marker
9,1,90,140,2018,10,17,3,3,9,1,0,0,0,0,1,0,0,0,645486.1489,5299966959.0,10.944238291,47.836579287,4,#e78ac3,marker
9,1,74,122,2018,10,12,2,3,5,3,0,1,1,0,0,0,0,0,684447.4021,5353043.1461,11.487355313,48.303670151,1,#66c2a5,bicycle
9,1,62,0,2018,10,15,6,3,2,6,0,0,1,0,0,0,0,0,683477.2721,5333005.7309,11.465617943,48.123846309,2,#fc8d62,car
9,1,82,123,2018,10,9,7,3,3,2,0,0,1,0,0,0,0,0,718514.6181,5298826.2233,11.918505867,47.805667577,2,#fc8d62,car
9,1,74,113,2018,10,20,6,3,3,6,2,0,1,0,0,1,0,0,670042.1578,5348479.2723,11.291425724,48.266679162,2,#fc8d62,car
9,1,86,132,2018,10,16,1,3,4,3,0,0,1,0,1,0,0,0,678675.3571,5368156.8199,11.416011636,48.441177642,2,#fc8d62,car
9,1,62,0,2018,10,14,6,3,2,6,0,0,1,0,0,0,0,0,687357.7958,5333154.8423,11.517779351,48.124056429,2,#fc8d62,car
9,1,73,118,2018,10,15,2,3,2,6,0,0,1,0,0,0,0,0,691352.8559,5298293.7701,11.555894846,47.80952912,2,#fc8d62,car
9,1,73,137,2018,10,22,7,3,9,1,2,0,1,0,0,0,0,0,677462.6338,5307204.5063,11.374189849,47.893613715,2,#fc8d62,car
9,7,71,129,2018,10,14,6,2,8,1,0,0,1,0,0,0,0,0,658858.0167,5356943.3499,11.144011908,48.345678334,2,#fc8d62,car
9,1,88,121,2018,10,6,6,3,2,6,0,0,1,0,0,0,0,0,674448.1149,5330901.7896,11.343528956,48.107471263,2,#fc8d62,car
9,2,74,182,2018,10,7,2,3,2,6,0,0,1,0,0,0,0,0,729093.2473,5375689.3088,12.100952159,48.492523966,2,#fc8d62,car
9,1,88,139,2018,10,18,6,3,0,6,1,0,1,0,0,0,0,0,676213.6398,5319000.2864,11.362324648,47.999997572,2,#fc8d62,car
9,1,84,136,2018,10,11,1,3,5,3,0,0,1,0,1,0,0,0,697552.5009,5327768603.0,11.652138246,48.072566689,2,#fc8d62,car
9,1,88,139,2018,10,19,6,3,5,3,2,1,1,0,0,0,0,0,675976.2234,5319005.5903,11.359146809,48.000110639,1,#66c2a5,bicycle
9,1,88,141,2018,10,15,6,3,2,6,0,0,1,0,0,0,0,0,670920.5405,5309990.9876,11.287844054,47.920440372,2,#fc8d62,car
9,1,79,142,2018,10,15,6,3,2,6,0,0,1,0,0,0,0,0,672464.1549,5341236.7129,11.321087933,48.200917988,2,#fc8d62,car
9,1,62,0,2018,10,13,1,2,2,6,0,0,1,0,0,0,0,0,680052949.0,5338273.9958,11.421872288,48.172179969,2,#fc8d62,car
9,1,88,120,2018,10,11,6,3,0,7,0,1,0,0,0,0,0,0,678342.9052,5327620.0952,11.394433832,48.07689303,1,#66c2a5,bicycle
9,1,84,145,2018,10,18,2,3,8,7,1,0,0,0,0,0,1,0,697239.1315,5322721.3109,11.645609873,48.027301147,6,#ffd92f,circle
9,1,79,121,2018,10,18,6,3,2,1,1,0,1,0,1,0,0,0,667654.7237,5338523.8605,11.255342703,48.177817919,2,#fc8d62,car
9,1,81,120,2018,10,8,6,3,2,6,0,0,1,0,1,0,0,0,651549.8108,5321455.9473,11.032781684,48.028400121,2,#fc8d62,car
9,1,74,126,2018,10,16,6,3,4,2,0,0,1,0,1,0,0,0,683313.0881,5344268.9545,11.468270947,48.225133889,2,#fc8d62,car
9,1,78,145,2018,10,11,6,3,2,6,0,0,1,0,0,0,0,0,692877.3906,5358213.0061,11.603283409,48.347619993,2,#fc8d62,car
9,7,72,223,2018,10,14,2,2,2,6,0,0,1,0,0,1,0,0,616903.2852,5362877.2343,10.57968799,48.40820216,2,#fc8d62,car
9,1,73,134,2018,10,14,1,3,5,3,0,1,0,0,0,0,0,0,685709.7755,5298852.9263,11.48083403,47.816208303,1,#66c2a5,bicycle
9,1,75,135,2018,10,11,6,3,0,7,0,1,0,0,0,0,0,0,709572.8291,5339040.2085,11.818855095,48.170018653,1,#66c2a5,bicycle
9,1,78,136,2018,10,6,6,2,4,6,2,0,1,0,0,0,0,0,698730.7436,5370940.2214,11.688222578,48.460180964,2,#fc8d62,car
9,1,79,119,2018,10,4,1,3,4,6,2,0,1,0,0,0,0,0,669330.0426,5340226.7146,11.278539966,48.192681961,2,#fc8d62,car
9,1,77,133,2018,10,10,6,3,3,3,0,0,1,0,0,1,0,0,711351.7229,5361366.9975,11.853909583,48.370050041,2,#fc8d62,car
9,1,75,112,2018,10,16,6,2,5,2,0,0,1,0,1,0,0,0,720792.7556,5318830.9146,11.959124174,47.984640133,2,#fc8d62,car
9,1,81,114,2018,10,11,3,3,2,6,0,0,1,0,0,0,0,0,657050967.0,5313035.2054,11.103439358,47.951359251,2,#fc8d62,car
9,7,61,0,2018,10,0,1,3,3,1,2,0,1,0,0,0,0,0,641522255.0,5353555.0864,10.909046845,48.319334324,2,#fc8d62,car
9,1,75,121,2018,10,16,6,3,1,6,0,0,1,0,1,0,0,0,714344006.0,5318992889.0,11.872891312,47.988288587,2,#fc8d62,car
9,1,87,177,2018,10,13,1,3,0,1,0,1,0,0,0,0,0,0,738302.3597,5304925625.0,12.185743963,47.853442892,1,#66c2a5,bicycle
9,1,88,144,2018,10,17,7,3,2,6,0,1,1,0,0,0,0,0,670435.0285,5326857.2594,11.288048173,48.072197928,1,#66c2a5,bicycle
9,1,62,0,2018,10,13,5,3,4,2,0,0,1,0,1,0,0,0,694996547.0,5333002854.0,11.620252885,48.120396728,2,#fc8d62,car
9,1,84,145,2018,10,7,5,3,0,1,0,0,0,0,1,0,0,0,694328.3695,5323245.8877,11.606847315,48.032908046,4,#e78ac3,marker
9,1,62,0,2018,10,7,5,2,1,5,0,0,1,0,0,0,0,0,698056.8798,5333347536.0,11.661490374,48.122549953,2,#fc8d62,car
9,1,62,0,2018,10,19,5,2,4,2,2,0,1,0,1,0,0,0,689160.9038,5341305.5274,11.545609719,48.196782079,2,#fc8d62,car
9,1,84,148,2018,10,12,7,3,1,7,0,1,1,0,0,0,0,0,694102.9912,5327617.9095,11.605810305,48.072271419,1,#66c2a5,bicycle
9,2,61,0,2018,10,8,3,2,5,3,0,1,1,0,0,0,0,0,732247.4974,5382020.0767,12.14710511,48.548234541,1,#66c2a5,bicycle
9,1,62,0,2018,10,13,5,3,3,6,0,0,1,0,1,0,0,0,684240.3511,5343352.4119,11.480345965,48.216627026,2,#fc8d62,car
9,1,85,158,2018,10,17,2,3,5,2,0,0,1,0,0,0,0,0,669138.4448,5380417.6335,11.292131452,48.554027003,2,#fc8d62,car
9,1,84,149,2018,10,13,5,3,3,7,0,1,1,0,0,0,0,0,690348.33,5350727945.0,11.565806898,48.281114027,1,#66c2a5,bicycle
9,1,78,145,2018,10,14,3,3,2,1,0,0,1,0,0,0,0,0,697567.0633,5354523.7,11.664780711,48.313015258,2,#fc8d62,car
9,1,62,0,2018,10,15,5,3,2,6,0,0,1,0,0,0,0,0,693948.4656,5340110.9617,11.609423741,48.184601783,2,#fc8d62,car
9,1,77,114,2018,10,18,2,3,8,1,2,0,1,0,0,0,0,0,724923.3907,5344715.0833,12.028044057,48.215757976,2,#fc8d62,car
9,1,74,121,2018,10,12,5,3,1,3,0,0,1,0,0,0,0,0,687830.4885,5353391.9064,11.533087031,48.305809449,2,#fc8d62,car
9,1,73,137,2018,10,14,3,2,3,7,0,0,1,0,0,1,0,0,679225.4519,5304994.8097,11.396835472,47.873259804,2,#fc8d62,car
9,1,84,114,2018,10,6,7,2,2,6,2,0,1,0,0,1,0,0,699338376.0,5320143.7921,11.672537674,48.003484466,2,#fc8d62,car
9,1,78,120,2018,10,17,6,3,2,6,2,0,1,0,0,0,0,0,693505.2551,5354176.1207,11.609895396,48.311147205,2,#fc8d62,car
9,1,62,0,2018,10,6,4,3,2,6,0,0,1,0,0,0,0,0,694678.1571,5334390.7524,11.61661313,48.132968023,2,#fc8d62,car
9,1,84,112,2018,10,16,6,3,3,3,0,0,1,0,0,0,0,0,703288896.0,5338469979.0,11.734161982,48.166934949,2,#fc8d62,car
9,1,87,159,2018,10,6,2,3,2,3,2,0,1,0,1,0,0,0,732161.6589,5323646.3155,12.113871396,48.023877315,2,#fc8d62,car
9,7,61,0,2018,10,14,2,3,2,6,0,0,1,0,0,0,0,0,637478826.0,5359473453.0,10.85646609,48.373443962,2,#fc8d62,car
9,7,62,0,2018,10,11,2,3,3,2,0,0,1,0,0,0,0,0,622131696.0,5304699912.0,10.633616228,47.884006959,2,#fc8d62,car
9,1,62,0,2018,10,16,5,3,3,6,0,0,1,0,0,0,1,0,692190.9321,5342922.9789,11.5870756,48.210409456,2,#fc8d62,car
9,1,79,126,2018,10,11,1,2,3,6,0,1,0,0,0,0,0,0,676070.3979,5340512.4163,11.369279097,48.193417366,1,#66c2a5,bicycle
9,1,74,126,2018,10,17,3,3,5,2,0,0,1,0,0,0,0,0,683844.9555,5346478.7656,11.476384387,48.244842665,2,#fc8d62,car
9,7,61,0,2018,10,16,4,3,2,6,0,0,1,0,0,0,0,0,637683886.0,5360902.0879,10.859701645,48.38624532,2,#fc8d62,car
9,1,62,0,2018,10,18,7,3,1,4,2,0,1,1,1,0,1,0,688265.7889,5329461.1648,11.528339063,48.090588901,2,#fc8d62,car
9,7,77,112,2018,10,7,6,3,2,6,1,0,1,0,0,0,0,0,622797952.0,5296613.6017,10.64022901,47.81115375,2,#fc8d62,car
9,1,78,138,2018,10,7,3,2,2,6,0,0,1,0,0,0,0,0,710351539.0,5368445.2524,11.843967492,48.433985596,2,#fc8d62,car
9,1,88,139,2018,10,6,2,3,1,5,1,0,1,0,0,0,0,0,674017.5237,5318630.9728,11.332759138,47.997279025,2,#fc8d62,car
9,7,61,0,2018,10,12,3,3,2,1,0,0,1,0,0,0,0,0,641797.3902,5358775.4374,10.914513763,48.366212112,2,#fc8d62,car
9,1,79,123,2018,10,18,5,3,5,3,0,0,1,0,1,0,0,0,676065.9924,5334921.9205,11.36690503,48.14316434,2,#fc8d62,car
9,2,74,126,2018,10,5,3,3,4,2,2,0,1,0,0,0,0,0,732468.9738,5384439.6927,12.151452678,48.56988718,2,#fc8d62,car
9,7,71,130,2018,10,14,5,3,2,6,0,0,1,0,0,1,0,0,644813.9738,5363038345.0,10.956687721,48.403856487,2,#fc8d62,car
9,1,84,136,2018,10,5,2,3,5,3,2,0,1,0,0,1,0,0,697673.9524,5326717.6606,11.653281051,48.063083799,2,#fc8d62,car
9,1,77,117,2018,10,7,2,3,4,2,1,0,1,0,0,0,0,0,714512.8209,5356323.8566,11.893969282,48.323670435,2,#fc8d62,car
9,1,82,134,2018,10,11,6,3,1,6,0,0,1,0,0,0,0,0,703939.1462,5296280.4024,11.722873057,47.787569934,2,#fc8d62,car
9,1,78,113,2018,10,14,5,3,1,6,0,0,1,0,0,0,0,0,691551.2231,5369961.7567,11.590763026,48.453613865,2,#fc8d62,car
9,7,72,147,2018,10,15,1,3,5,3,0,0,1,0,0,0,0,0,635993139.0,5364427849.0,10.838019192,48.418315483,2,#fc8d62,car
9,1,78,143,2018,10,8,6,3,2,6,0,0,1,0,0,0,0,0,718329.9479,5372271.3602,11.953684487,48.465646412,2,#fc8d62,car
9,1,81,130,2018,10,0,6,3,9,1,2,0,1,0,0,0,0,0,636382703.0,5323009.1617,10.829948999,48.045786388,2,#fc8d62,car
9,1,62,0,2018,10,15,4,3,3,2,0,0,1,0,1,0,0,0,690172651.0,5339057179.0,11.558204619,48.176271945,2,#fc8d62,car
9,1,78,143,2018,10,1,7,2,8,1,2,0,1,0,0,0,0,1,721289.83,5369882.5465,11.992408288,48.443150808,2,#fc8d62,car
9,7,61,0,2018,10,18,2,3,2,6,2,0,1,0,0,0,0,0,639546.0853,5352485.9737,10.882050895,48.310160304,2,#fc8d62,car
9,2,61,0,2018,10,13,5,3,0,7,0,1,0,0,0,0,0,0,734185.2747,5381596.2363,12.173083223,48.543707076,1,#66c2a5,bicycle
9,1,62,0,2018,10,10,5,3,2,6,0,0,1,0,0,0,0,0,692189.06,5331156.8847,11.581735704,48.104659,2,#fc8d62,car
9,7,77,121,2018,10,23,4,3,5,3,2,0,1,0,1,0,0,0,627843.6747,5321564.7848,10.714998125,48.034564421,2,#fc8d62,car
9,1,77,116,2018,10,5,1,3,8,1,2,0,1,0,0,0,0,0,713937.6208,5365487.3414,11.890879228,48.406200765,2,#fc8d62,car
9,7,77,112,2018,10,14,6,3,0,6,0,0,1,0,1,1,0,0,622674.8887,5299996.9736,10.639544194,47.841606504,2,#fc8d62,car
9,1,84,119,2018,10,6,3,3,2,6,1,0,1,0,0,0,0,0,696305635.0,5347676.4702,11.644604817,48.251871042,2,#fc8d62,car
9,1,84,135,2018,10,18,6,3,4,6,2,1,0,0,0,0,0,0,689828207.0,5349134.9306,11.558087896,48.266952519,1,#66c2a5,bicycle
9,1,79,123,2018,10,15,3,2,0,1,0,0,0,0,1,0,0,1,677019.3922,5333832.3369,11.379257564,48.133105292,4,#e78ac3,marker
9,2,61,0,2018,10,13,6,3,5,3,0,0,1,0,1,0,0,0,734234.8874,5381618.6515,12.173766975,48.543889903,2,#fc8d62,car
9,7,72,131,2018,10,16,4,3,1,2,0,0,1,0,0,0,0,0,618976.9531,5351496.1992,10.604479789,48.305463475,2,#fc8d62,car
9,1,84,147,2018,10,12,7,3,1,6,0,0,1,0,0,0,0,0,695530.5585,5339914.0169,11.630595733,48.182346818,2,#fc8d62,car
9,1,84,149,2018,10,18,2,3,1,6,2,0,1,0,0,0,0,0,689984.0771,5349675.4955,11.560429042,48.271764266,2,#fc8d62,car
9,2,74,126,2018,10,7,5,3,4,2,0,0,1,0,0,0,0,0,732470.1645,5384440.7138,12.151469364,48.569895911,2,#fc8d62,car
9,2,61,0,2018,10,17,5,3,2,6,0,0,1,0,0,0,0,0,725333.9418,5377792.8223,12.051277925,48.512780028,2,#fc8d62,car
9,1,84,131,2018,10,9,2,3,2,6,0,0,1,0,0,0,0,0,704202.7827,5337885.0706,11.746158003,48.16138573,2,#fc8d62,car
9,1,90,148,2018,10,12,4,3,5,3,0,0,1,0,0,1,0,0,643318.5638,5297029.7275,10.9143164,47.810653229,2,#fc8d62,car
9,1,74,126,2018,10,18,5,3,3,2,1,1,1,0,0,0,0,0,683703.5834,5343928.4393,11.473376247,48.221960233,1,#66c2a5,bicycle
9,1,84,142,2018,10,12,2,3,2,6,0,0,1,0,0,0,0,0,683450.0129,5317475.5801,11.458593452,47.984256952,2,#fc8d62,car
9,2,74,126,2018,10,23,7,2,2,6,2,0,1,0,0,0,0,0,734163.63,5383705.1467,12.173976254,48.562658451,2,#fc8d62,car
9,1,84,119,2018,10,14,1,3,5,2,0,0,1,0,0,0,0,0,696318.5903,5346429.4176,11.644200979,48.240659511,2,#fc8d62,car
9,1,86,128,2018,10,16,6,2,2,6,0,0,1,0,1,0,0,0,675426.3648,5385570.9951,11.379443011,48.598620791,2,#fc8d62,car
9,1,77,139,2018,10,7,5,3,5,3,0,0,1,0,0,1,0,0,734627.6544,5357743.5882,12.165714348,48.329280725,2,#fc8d62,car
9,1,79,119,2018,10,8,7,3,5,3,0,1,1,0,0,0,0,0,669311.3484,5338728.57,11.277691501,48.179218961,1,#66c2a5,bicycle
9,1,84,145,2018,10,11,7,3,2,6,0,0,1,0,0,1,0,0,696441.9568,5322704.0257,11.634921014,48.02739143,2,#fc8d62,car
9,7,77,121,2018,10,18,1,3,0,7,0,0,1,0,0,0,0,0,628651232.0,5320479679.0,10.725500399,48.024643813,2,#fc8d62,car
9,1,84,149,2018,10,14,6,3,3,6,0,0,1,0,0,0,0,0,689646.0803,5351020.4639,11.556481981,48.283953847,2,#fc8d62,car
9,1,84,135,2018,10,12,4,2,4,2,0,1,1,0,0,0,0,0,692934247.0,5345154.6117,11.59808608,48.230240945,1,#66c2a5,bicycle
9,1,63,0,2018,10,13,4,2,8,7,0,1,0,0,0,0,0,0,732506.7584,5301980.5709,12.106803072,47.829106536,1,#66c2a5,bicycle
9,1,84,135,2018,10,15,6,3,5,3,0,1,1,0,0,0,0,0,689363.0509,5347004225.0,11.550872533,48.247941268,1,#66c2a5,bicycle
9,1,73,118,2018,10,11,5,3,3,2,0,1,1,0,0,0,0,0,688578.4795,5302597.9522,11.520748845,47.849037116,1,#66c2a5,bicycle
9,7,72,179,2018,10,17,2,3,8,1,0,0,1,0,0,0,0,0,618186.0667,5337466.3037,10.589902559,48.179436279,2,#fc8d62,car
9,1,87,181,2018,10,14,4,3,4,6,0,0,1,0,0,1,0,0,737733.6431,5314301.4316,12.183316949,47.937880776,2,#fc8d62,car
9,1,73,118,2018,10,13,5,3,2,6,0,0,1,0,0,0,0,0,688182.1117,5303406.5663,11.5158076,47.856421698,2,#fc8d62,car
9,1,87,177,2018,10,7,4,3,2,7,0,0,1,0,0,0,0,1,736022.3913,5304201.6809,12.154917346,47.847780367,2,#fc8d62,car
9,1,62,0,2018,10,16,5,3,2,6,0,0,1,0,0,0,0,0,695428073.0,5339973.28,11.629245695,48.182910971,2,#fc8d62,car
9,1,88,124,2018,10,13,1,3,5,3,0,1,1,0,0,0,0,0,660709.3578,5315656.4086,11.153381784,47.974018641,1,#66c2a5,bicycle
9,1,84,139,2018,10,10,6,3,5,3,0,0,1,0,0,0,0,0,687145222.0,5324200012.0,11.511002553,48.04362943,2,#fc8d62,car
9,1,81,114,2018,10,12,3,2,3,6,0,1,1,0,0,0,0,0,652247.3718,5314404.4262,11.039630664,47.964830632,1,#66c2a5,bicycle
9,1,62,0,2018,10,17,2,3,1,6,0,0,1,0,1,0,0,0,692136.9685,5339774.8846,11.58492536,48.182131645,2,#fc8d62,car
9,1,84,123,2018,10,11,7,3,8,1,0,0,0,0,1,0,0,0,703880.05,5334266728.0,11.740090402,48.128972507,4,#e78ac3,marker
9,1,86,125,2018,10,6,4,3,1,2,1,0,1,0,0,0,0,0,674779.6221,5369085.1612,11.363768892,48.450615846,2,#fc8d62,car
9,1,78,133,2018,10,7,3,2,4,6,0,0,1,0,0,0,0,1,687545371.0,5366592389.0,11.535130805,48.424537556,2,#fc8d62,car
9,1,74,113,2018,10,19,2,3,2,6,2,0,1,0,1,0,0,0,674369.6128,5344932.4625,11.348229682,48.233619699,2,#fc8d62,car
9,7,72,167,2018,10,18,3,2,3,6,1,0,1,0,1,0,0,1,623975654.0,5357972.0647,10.673766695,48.362739809,2,#fc8d62,car
9,1,73,118,2018,10,14,6,2,2,6,0,0,1,0,0,0,1,0,689771.6883,5304216.5804,11.537392682,47.863235125,2,#fc8d62,car
9,1,81,121,2018,10,21,5,3,5,3,2,0,1,0,0,0,0,0,635973.0332,5311479.4422,10.820802534,47.942191187,2,#fc8d62,car
9,7,71,122,2018,10,22,5,2,3,6,2,0,1,0,0,0,0,0,652383742.0,5362356.2168,11.058653843,48.395939333,2,#fc8d62,car
9,1,62,0,2018,10,8,2,3,2,6,0,0,1,0,0,0,0,0,688542963.0,5335171.2413,11.53458227,48.141830282,2,#fc8d62,car
9,1,79,123,2018,10,18,4,3,2,6,1,0,1,0,0,1,0,0,678119.8599,5332252.0444,11.393374786,48.118592801,2,#fc8d62,car
9,1,88,144,2018,10,16,4,2,9,1,0,0,1,0,0,0,0,0,666044.4092,5328527.2449,11.229801088,48.088369747,2,#fc8d62,car
9,1,79,142,2018,10,8,4,3,2,6,0,0,1,0,0,0,0,0,676310.9934,5343305.8441,11.373674426,48.218461124,2,#fc8d62,car
9,1,77,117,2018,10,13,2,3,2,6,0,0,1,0,0,0,0,0,716928.5993,5349934.0637,11.923234464,48.265434026,2,#fc8d62,car
9,1,81,130,2018,10,7,4,3,5,3,0,1,1,0,0,0,0,0,639173497.0,5322751.6579,10.867291052,48.042868442,1,#66c2a5,bicycle
9,1,74,115,2018,10,16,5,3,1,6,0,0,1,0,0,0,0,0,683262.2282,5348438.9095,11.469391385,48.262629991,2,#fc8d62,car
9,1,81,114,2018,10,7,4,3,0,7,0,0,1,0,0,0,1,0,655295.0796,5313561.2811,11.080128182,47.95651755,2,#fc8d62,car
9,1,74,121,2018,10,16,4,3,5,2,0,0,1,0,1,0,0,0,687936689.0,5356257735.0,11.535794837,48.331535601,2,#fc8d62,car
9,1,82,136,2018,10,15,7,3,8,1,0,0,0,0,1,0,0,0,704309423.0,5298484143.0,11.728848633,47.807258269,4,#e78ac3,marker
9,1,87,134,2018,10,18,5,2,4,3,1,0,1,0,0,0,0,0,736844.0356,5319942.6716,12.17453052,47.988887847,2,#fc8d62,car
9,1,62,0,2018,10,15,4,3,1,6,0,0,0,0,0,1,1,0,685923.8006,5343220189.0,11.502929186,48.214947591,5,#a6d854,bus
9,1,78,130,2018,10,23,6,2,1,1,2,0,1,0,0,0,1,0,701706.4728,5354143458.0,11.720366488,48.308291677,2,#fc8d62,car
9,1,62,0,2018,10,12,4,3,3,6,0,0,1,0,0,0,0,0,688878.6014,5344574.1283,11.543269834,48.226244245,2,#fc8d62,car
9,1,84,135,2018,10,15,6,3,4,6,0,0,1,0,1,0,0,0,691755552.0,5346894.76,11.583018071,48.246238236,2,#fc8d62,car
9,1,79,145,2018,10,16,3,3,6,7,0,1,0,1,0,0,0,0,676233.4928,5339322.6591,11.370978184,48.18267719,1,#66c2a5,bicycle
9,1,62,0,2018,10,17,4,3,3,6,0,0,1,0,0,0,0,0,690929.5124,5339157.2026,11.568420264,48.176944002,2,#fc8d62,car
9,1,78,145,2018,10,13,4,2,7,7,0,0,0,0,1,0,0,0,696178.4682,5360576.0955,11.648890786,48.367840585,4,#e78ac3,marker
9,1,78,120,2018,10,6,7,3,4,3,2,0,1,0,0,0,0,0,694144.5917,5352182.8215,11.617592364,48.293036895,2,#fc8d62,car
9,1,78,143,2018,10,10,4,3,5,3,0,0,1,0,0,0,0,0,716047753.0,5371514916.0,11.922461239,48.459637784,2,#fc8d62,car
9,1,78,124,2018,10,12,4,3,2,6,0,0,1,0,0,0,0,0,703215.8144,5361563.5075,11.744277979,48.374487658,2,#fc8d62,car
9,1,62,0,2018,10,16,5,3,3,6,0,0,1,0,1,0,0,0,691541.8875,5331949.7468,11.573407113,48.111980094,2,#fc8d62,car
9,1,74,115,2018,10,14,1,3,2,6,0,0,1,0,1,0,0,0,683198.9971,5349745766.0,11.469106314,48.27439483,2,#fc8d62,car
9,1,78,124,2018,10,8,4,2,5,3,0,0,1,0,0,0,0,0,700970.04,5364567843.0,11.715423085,48.402205132,2,#fc8d62,car
9,1,74,118,2018,10,15,3,3,7,7,0,0,0,0,1,1,0,1,670634.0461,5355964.7069,11.302420713,48.333809958,4,#e78ac3,marker
9,1,86,143,2018,10,15,2,3,5,2,0,0,1,0,0,1,0,0,685512.2557,5379395.1993,11.51335811,48.540208388,2,#fc8d62,car
9,1,77,133,2018,10,16,4,3,5,7,0,1,1,0,0,0,0,0,710194.9771,5357975989.0,11.836616597,48.339966083,1,#66c2a5,bicycle
9,1,87,177,2018,10,15,2,3,0,1,0,1,0,0,0,0,0,0,735074.1782,5305137.9111,12.142770972,47.856538741,1,#66c2a5,bicycle
9,1,62,0,2018,10,7,3,3,3,6,0,0,1,0,0,1,0,0,694645.8807,5334164.0437,11.616076214,48.13094033,2,#fc8d62,car
9,1,85,158,2018,10,7,5,2,5,3,1,1,1,0,0,0,0,0,666816293.0,5381904.91,11.26128397,48.568018564,1,#66c2a5,bicycle
9,1,62,0,2018,10,19,3,3,2,6,2,0,1,0,0,0,0,0,688674.6571,5336007.4666,11.53672141,48.149307346,2,#fc8d62,car
9,7,61,0,2018,10,18,4,3,2,6,0,0,1,0,0,0,1,0,638373829.0,5362299.2107,10.869475884,48.398656958,2,#fc8d62,car
9,1,84,148,2018,10,10,7,3,5,3,0,1,1,0,0,0,0,0,695017294.0,5327068359.0,11.617820787,48.067053339,1,#66c2a5,bicycle
9,1,84,135,2018,10,13,3,2,6,6,0,1,0,1,0,0,0,0,689428.2256,5347279.3884,11.551872705,48.250394926,1,#66c2a5,bicycle
9,1,78,124,2018,10,15,3,3,0,3,0,0,1,0,0,0,0,0,705026.5728,5365400.0228,11.770573709,48.408377153,2,#fc8d62,car
9,1,84,130,2018,10,17,3,3,0,6,0,0,1,0,1,0,0,0,698140.3178,5344420.7565,11.667771042,48.222040923,2,#fc8d62,car
9,1,86,125,2018,10,7,5,3,5,3,0,0,1,0,0,0,0,0,673367475.0,5377992535.0,11.348383685,48.531073551,2,#fc8d62,car
9,1,79,142,2018,10,16,2,3,5,3,0,1,1,0,0,0,0,0,673068.2886,5341555.4435,11.329341601,48.203618804,1,#66c2a5,bicycle
9,1,62,0,2018,10,22,3,2,5,2,2,0,1,0,0,0,1,0,688553.0748,5334961.9872,11.534625417,48.139946478,2,#fc8d62,car
9,7,71,113,2018,10,6,3,3,5,3,2,0,1,0,0,0,0,1,658119.3347,5367933.7286,11.138187614,48.44467053,2,#fc8d62,car
9,1,74,118,2018,10,7,5,3,0,1,0,1,0,0,0,0,0,0,670611.3974,5356957.7083,11.302517513,48.342742543,1,#66c2a5,bicycle