ULAND,UREGBEZ,UKREIS,UGEMEINDE,UJAHR,UMONAT,USTUNDE,UWOCHENTAG,UKATEGORIE,UART,UTYP1,ULICHTVERH,IstRad,IstPKW,IstFuss,IstKrad,IstGkfz,IstSonstig,STRZUSTAND,LINREFX,LINREFY,XGCSWGS84,YGCSWGS84,Teilnehmer,color,symbol
9,1,62,0,2018,10,7,3,3,1,5,0,0,1,0,0,0,1,0,685455.5955,5331845.5701,11.491672647,48.112845019,2,#fc8d62,car
9,1,62,0,2018,10,10,3,3,0,7,0,0,1,0,0,0,0,0,686088.4936,5335261.2271,11.501659011,48.143361722,2,#fc8d62,car
9,7,62,0,2018,10,17,5,3,2,6,0,0,1,0,0,0,0,0,623310.4724,5306170.0965,10.649796657,47.897003884,2,#fc8d62,car
9,1,84,122,2018,10,16,2,3,5,2,0,1,1,0,0,0,0,0,688153.1824,5323689.5932,11.524288907,48.038745335,1,#66c2a5,bicycle
9,1,62,0,2018,10,12,3,3,4,7,0,0,1,0,0,1,0,0,684637.9938,5329115.1056,11.479517273,48.088539545,2,#fc8d62,car
9,1,62,0,2018,10,2,1,2,0,1,2,1,0,0,0,0,0,0,693644.6182,5337076805.0,11.603958191,48.157424648,1,#66c2a5,bicycle
9,1,75,122,2018,10,17,5,2,6,3,0,0,1,1,0,0,0,0,720637804.0,5324983418.0,11.960215357,48.039974808,2,#fc8d62,car
9,2,74,146,2018,10,16,1,3,2,6,0,0,1,0,0,0,0,0,736323.1632,5378756.0559,12.200393825,48.517394223,2,#fc8d62,car
9,1,87,150,2018,10,14,7,3,2,6,0,0,1,0,0,0,0,0,727803.2637,5304477.2223,12.045360454,47.853221013,2,#fc8d62,car
9,7,61,0,2018,10,11,1,2,0,7,0,1,0,0,0,0,0,0,642657.7166,5359582.3378,10.926396604,48.373273519,1,#66c2a5,bicycle
9,1,88,127,2018,10,11,6,2,5,2,0,0,1,0,0,0,1,0,672531.8876,5327799.2158,11.316554581,48.080102045,2,#fc8d62,car
9,1,84,139,2018,10,8,4,3,3,2,0,1,1,0,0,0,0,0,686841.8383,5324339.1265,11.506996687,48.044968719,1,#66c2a5,bicycle
9,1,77,139,2018,10,3,7,3,5,3,2,0,1,0,0,0,0,1,731327.0357,5359320.6289,12.122115669,48.344664092,2,#fc8d62,car
9,7,72,111,2018,10,9,2,2,5,3,0,1,1,0,0,0,0,0,627134.9983,5365039.8565,10.718540281,48.425668709,1,#66c2a5,bicycle
9,7,62,0,2018,10,11,3,3,5,3,0,0,1,0,0,0,0,0,622657356.0,5306457966.0,10.641144033,47.899718073,2,#fc8d62,car
9,7,71,122,2018,10,15,3,2,3,7,0,0,1,0,0,1,0,0,649843.3945,5362443.2156,11.024388107,48.397330321,2,#fc8d62,car
9,1,62,0,2018,10,9,5,3,9,6,0,1,0,0,0,0,0,0,694553.9387,5334720.2729,11.615095835,48.135967603,1,#66c2a5,bicycle
9,1,84,127,2018,10,7,7,3,5,3,0,0,1,0,0,0,0,0,703453.3571,5322126.0971,11.72858362,48.020003187,2,#fc8d62,car
9,7,71,111,2018,10,17,3,3,2,6,0,0,1,0,0,0,0,0,657756.1262,5358253.6023,11.129642092,48.357734188,2,#fc8d62,car
9,1,75,135,2018,10,18,3,3,5,3,2,1,1,0,0,0,0,1,708331.7138,5339022.8972,11.802173794,48.170271061,1,#66c2a5,bicycle
9,7,71,130,2018,10,16,3,3,2,6,0,0,1,0,0,0,0,0,644815.5866,5361125.0698,10.956049712,48.386653257,2,#fc8d62,car
9,1,78,124,2018,10,8,6,3,4,6,1,0,1,0,0,1,0,1,705981113.0,5365768412.0,11.78363765,48.411376298,2,#fc8d62,car
9,7,78,203,2018,10,13,4,3,5,3,0,1,1,0,0,0,0,0,622978.6282,5324429.0632,10.650586168,48.061279478,1,#66c2a5,bicycle
9,1,88,139,2018,10,14,1,3,5,3,0,0,1,0,1,0,0,0,676206.2555,5318297.1384,11.361937066,47.993678632,2,#fc8d62,car
9,7,61,0,2018,10,9,3,3,5,2,0,1,0,0,0,0,0,0,641522.9174,5353545.7665,10.909052647,48.319250374,1,#66c2a5,bicycle
9,1,84,138,2018,10,15,6,3,5,3,0,1,1,0,0,0,0,0,680782235.0,5330503845.0,11.428374806,48.102128071,1,#66c2a5,bicycle
9,1,81,123,2018,10,11,3,3,5,3,0,0,1,0,0,0,0,0,656017.4103,5326800.9856,11.09461492,48.075382214,2,#fc8d62,car
9,7,71,113,2018,10,11,4,3,0,2,0,1,1,0,0,0,0,0,656967564.0,5370192507.0,11.123470863,48.465265846,1,#66c2a5,bicycle
9,1,62,0,2018,10,15,7,3,0,1,0,0,0,0,1,0,0,0,693161158.0,5338259.0696,11.598000876,48.168197491,4,#e78ac3,marker
9,7,71,130,2018,10,8,6,3,3,6,0,1,1,0,0,0,0,0,646999.9251,5357956.3401,10.984427879,48.357657316,1,#66c2a5,bicycle
9,1,62,0,2018,10,9,2,2,5,2,0,1,1,0,0,0,0,0,701298.7344,5332323.4846,11.704521104,48.112330177,1,#66c2a5,bicycle
9,1,78,130,2018,10,4,2,3,4,2,2,0,1,0,0,0,0,0,702782.0471,5358695567.0,11.737045126,48.348854896,2,#fc8d62,car
9,1,88,139,2018,10,8,5,3,0,1,0,1,0,0,0,0,0,0,674125.2303,5318599.1511,11.334188828,47.996963637,1,#66c2a5,bicycle
9,1,62,0,2018,10,15,2,3,5,3,0,1,1,0,0,0,0,0,694887.5421,5337361.9502,11.620784443,48.1596077,1,#66c2a5,bicycle
9,1,90,139,2018,10,14,7,3,8,1,0,1,0,0,0,0,0,0,653186734.0,5297223.3116,11.046110596,47.810120764,1,#66c2a5,bicycle
9,1,62,0,2018,10,2,1,3,0,1,2,1,0,0,0,0,0,0,689919.9353,5327940.7437,11.549854985,48.076432431,1,#66c2a5,bicycle
9,1,62,0,2018,10,10,4,3,3,6,0,0,1,0,0,0,0,0,694180.2088,5340246.0151,11.612600029,48.185744791,2,#fc8d62,car
9,1,73,137,2018,10,4,1,2,8,7,2,0,1,0,0,0,0,0,676673.9023,5298718.6998,11.360180697,47.817545967,2,#fc8d62,car
9,1,62,0,2018,10,13,7,3,2,6,0,0,1,0,0,0,0,0,694562.1324,5341811.3194,11.618450205,48.199696082,2,#fc8d62,car
9,1,84,145,2018,10,6,4,3,4,1,2,0,1,0,0,0,0,1,696193.0293,5323694.5048,11.632039342,48.036369993,2,#fc8d62,car
9,1,84,140,2018,10,18,4,2,6,2,2,0,1,1,0,0,0,1,702243.13,5328425.1728,11.715348075,48.076997209,2,#fc8d62,car
9,1,87,173,2018,10,11,6,3,4,6,0,0,1,0,0,0,1,0,741187008.0,5318366276.0,12.231761469,47.973104799,2,#fc8d62,car
9,7,71,141,2018,10,7,5,3,8,1,1,0,1,0,0,0,0,0,656295.5079,5373603.7868,11.115661232,48.496101595,2,#fc8d62,car
9,1,81,130,2018,10,17,6,2,8,1,0,0,1,0,0,0,1,0,636265.2358,5322983759.0,10.828365598,48.045583041,2,#fc8d62,car
9,1,74,115,2018,10,15,5,3,0,6,0,1,0,0,0,0,0,0,681364.2668,5349562.2414,11.444323082,48.273273293,1,#66c2a5,bicycle
9,7,77,167,2018,10,18,4,3,0,4,2,0,0,1,1,0,0,1,619127.2192,5297572.5323,10.59148197,47.820468365,3,#8da0cb,toilet
9,7,77,130,2018,10,19,4,3,2,6,2,0,1,0,0,0,0,1,626333.6643,5315454.7622,10.692951141,47.979916067,2,#fc8d62,car
9,1,78,124,2018,10,23,6,2,8,1,2,0,1,0,0,0,0,0,702637.4969,5362931.3953,11.737136938,48.38696587,2,#fc8d62,car
9,1,87,169,2018,10,6,5,3,3,2,2,0,0,0,1,0,1,1,741632.7035,5298596691.0,12.226664011,47.795345789,4,#e78ac3,marker
9,1,78,143,2018,10,19,5,2,5,3,2,0,1,0,1,0,0,0,714540.5936,5372182.7883,11.902443732,48.466154188,2,#fc8d62,car
9,7,77,130,2018,10,19,4,2,9,1,2,0,1,0,0,0,0,1,625721.7591,5313555.0491,10.684199133,47.962951844,2,#fc8d62,car
9,7,72,147,2018,10,17,4,3,5,3,0,1,1,0,0,0,0,1,638263.6751,5365174.6404,10.868936075,48.42453627,1,#66c2a5,bicycle
9,7,72,147,2018,10,22,4,3,9,1,2,0,1,0,0,0,0,1,638709907.0,5368686.1134,10.876127261,48.456012171,2,#fc8d62,car
9,7,72,147,2018,10,21,4,1,6,4,2,0,1,1,0,0,0,1,638739.1905,5365281.6184,10.875395531,48.425393632,2,#fc8d62,car
9,7,61,0,2018,10,18,4,3,5,3,2,1,1,0,0,0,0,1,644529.4104,5357630.8046,10.950985602,48.355300634,1,#66c2a5,bicycle
9,7,71,111,2018,10,8,5,3,3,6,0,1,1,0,0,0,0,0,658377.7118,5358275.8127,11.138035535,48.357778264,1,#66c2a5,bicycle
9,1,88,113,2018,10,19,5,3,4,6,2,1,0,0,0,0,0,0,676164.3382,5317813.0584,11.361177052,47.989338518,1,#66c2a5,bicycle
9,2,74,126,2018,10,14,6,3,2,6,0,0,1,0,0,0,0,0,732182.8798,5385365.2577,12.148097002,48.57830727,2,#fc8d62,car
9,1,81,126,2018,10,12,6,3,2,6,0,0,1,0,0,0,0,0,636076.4625,5332080.1714,10.828732426,48.127422527,2,#fc8d62,car
9,1,84,146,2018,10,12,5,2,2,6,0,0,1,0,0,0,0,0,694883.5345,5329263.9274,11.617028427,48.086827267,2,#fc8d62,car
9,1,74,115,2018,10,15,5,3,5,3,0,1,1,0,0,0,0,1,681783.8829,5346490.6919,11.448653417,48.245544218,1,#66c2a5,bicycle
9,1,84,127,2018,10,0,5,3,8,6,2,0,1,0,0,0,0,1,701001287.0,5322846771.0,11.696073968,48.027256048,2,#fc8d62,car
9,1,62,0,2018,10,17,4,3,5,2,2,0,1,0,0,0,0,1,690874.9851,5330126.9102,11.563641094,48.095796639,2,#fc8d62,car
9,1,90,138,2018,10,16,6,3,5,3,0,1,1,0,0,0,0,0,661008.6723,5310517.5531,11.155466383,47.927740548,1,#66c2a5,bicycle
9,7,61,0,2018,10,7,5,3,2,6,0,0,1,0,0,0,0,0,637400821.0,5359205.06,10.855325605,48.371047593,2,#fc8d62,car
9,1,87,169,2018,10,11,6,3,1,6,0,0,1,0,0,0,0,0,737580.4515,5299232.7725,12.172986626,47.802567627,2,#fc8d62,car
9,7,71,144,2018,10,6,5,3,8,7,2,0,1,0,0,0,0,1,662075.7613,5373580.7664,11.193836818,48.494430399,2,#fc8d62,car
9,1,81,132,2018,10,14,6,2,2,6,0,0,1,0,0,0,0,0,645563.7214,5324556.8075,10.953592254,48.057675032,2,#fc8d62,car
9,1,79,113,2018,10,6,5,3,8,1,2,0,0,0,0,0,1,1,671010.2147,5333774.2588,11.298535529,48.134226298,6,#ffd92f,circle
9,1,78,145,2018,10,18,6,3,4,2,1,0,1,0,0,0,0,0,700008.2707,5356867.7535,11.698781803,48.333313296,2,#fc8d62,car
9,1,87,177,2018,10,20,5,3,0,1,2,1,0,0,0,0,0,0,735119.1572,5305155241.0,12.143380793,47.856677978,1,#66c2a5,bicycle
9,1,78,124,2018,10,16,5,3,2,7,0,1,1,0,0,0,0,0,702276.4101,5364292.4328,11.732920713,48.399312476,1,#66c2a5,bicycle
9,7,72,147,2018,10,18,5,2,5,3,2,0,1,0,0,0,0,0,635993139.0,5364427849.0,10.838019192,48.418315483,2,#fc8d62,car
9,1,87,142,2018,10,16,6,2,4,2,0,0,1,0,0,0,0,0,734056.9491,5312655.8808,12.133267821,47.924450741,2,#fc8d62,car
9,1,62,0,2018,10,19,5,3,5,2,2,1,1,0,0,0,0,0,692162.6861,5339309.2352,11.585060426,48.177938734,1,#66c2a5,bicycle
9,1,75,124,2018,10,23,5,3,8,1,2,0,1,0,0,0,0,0,712909078.0,5326097.1701,11.857211821,48.052606612,2,#fc8d62,car
9,2,61,0,2018,10,16,4,3,4,2,0,0,1,0,0,0,0,0,732137.9376,5379975.2247,12.144483837,48.529906649,2,#fc8d62,car
9,2,61,0,2018,10,11,4,3,5,3,0,0,1,0,0,0,0,1,731792405.0,5381233.7056,12.140510473,48.54133903,2,#fc8d62,car
9,1,62,0,2018,10,10,6,3,3,6,0,0,1,0,0,1,0,0,683333.0298,5342540.1487,11.467791831,48.209588777,2,#fc8d62,car
9,1,74,115,2018,10,17,5,3,2,6,0,0,1,0,0,0,0,0,681273.8747,5347110.0764,11.442055231,48.251257667,2,#fc8d62,car
9,2,74,126,2018,10,6,4,3,4,2,2,0,1,0,0,0,0,1,732467436.0,5384438.3738,12.151431126,48.569875903,2,#fc8d62,car
9,1,73,147,2018,10,14,6,3,5,3,0,0,1,0,0,0,0,0,681424.0089,5308017.1253,11.427480206,47.899810958,2,#fc8d62,car
9,1,82,125,2018,10,17,4,3,5,3,1,0,1,0,0,0,0,1,710946138.0,5296107542.0,11.816227399,47.783760235,2,#fc8d62,car
9,1,87,130,2018,10,15,6,3,1,6,0,0,0,0,0,1,1,0,714554948.0,5308929847.0,11.870699747,47.89779187,5,#a6d854,bus
9,7,71,130,2018,10,15,5,3,2,6,0,0,1,0,0,0,0,0,645558.9232,5357720.2894,10.964905357,48.355868747,2,#fc8d62,car
9,1,88,145,2018,10,16,4,2,3,1,0,0,1,0,0,0,0,1,665767.7335,5328394.1321,11.226036867,48.087245044,2,#fc8d62,car
9,1,62,0,2018,10,16,4,3,2,6,0,0,1,0,0,0,0,1,686367.6067,5333298.2527,11.50454877,48.125636088,2,#fc8d62,car
9,1,81,146,2018,10,18,6,3,2,6,1,0,1,0,0,0,0,0,652322.6339,5326587.8396,11.044967799,48.074359047,2,#fc8d62,car
9,1,79,123,2018,10,17,5,2,5,2,1,0,1,0,0,0,0,0,676631.6218,5334050.0368,11.374140583,48.135169987,2,#fc8d62,car
9,1,81,146,2018,10,15,4,3,2,6,0,0,1,0,0,0,1,1,651625.7917,5326408.6435,11.035555085,48.072913897,2,#fc8d62,car
9,1,88,137,2018,10,19,4,3,9,1,2,0,1,0,0,0,0,1,673360789.0,5315181.5797,11.322570766,47.966448022,2,#fc8d62,car
9,1,81,133,2018,10,7,4,3,2,6,1,0,1,0,0,0,0,1,644341.9987,5315173.3586,10.934046203,47.973576407,2,#fc8d62,car
9,1,81,114,2018,10,7,4,3,8,7,0,0,1,0,0,0,0,1,654077.7497,5313863.7812,11.063941802,47.959531531,2,#fc8d62,car
9,1,74,122,2018,10,10,4,3,5,3,0,0,1,0,0,0,0,0,683203593.0,5351314293.0,11.46984817,48.288492015,2,#fc8d62,car
9,1,74,146,2018,10,10,4,3,5,3,0,0,1,0,0,0,0,0,665975.0249,5352092.1806,11.238081655,48.30023748,2,#fc8d62,car
9,1,74,126,2018,10,15,6,2,5,3,0,0,1,0,1,0,0,0,683774925.0,5346837119.0,11.47559753,48.24808399,2,#fc8d62,car
9,1,82,123,2018,10,7,5,3,3,6,1,0,1,0,0,0,1,0,717783.0092,5301533.9516,11.910107947,47.83024674,2,#fc8d62,car
9,1,78,143,2018,10,7,5,3,9,6,0,0,1,0,0,0,0,0,720544837.0,5372990.4055,11.983985666,48.471334004,2,#fc8d62,car
9,1,75,118,2018,10,4,4,2,2,6,2,0,1,0,0,0,0,1,716147.5258,5340417.4352,11.907871814,48.180191998,2,#fc8d62,car
9,1,62,0,2018,10,16,4,3,2,6,0,0,1,0,0,0,0,1,696457.2686,5335109.9305,11.640831103,48.138884907,2,#fc8d62,car
9,1,78,120,2018,10,5,4,3,3,6,2,0,1,0,0,1,0,0,694746.1607,5353784.4953,11.626433113,48.307246733,2,#fc8d62,car
9,1,78,145,2018,10,15,4,3,1,6,0,0,1,0,0,0,0,1,697513.9193,5356594.9225,11.665034866,48.331645809,2,#fc8d62,car
9,7,62,0,2018,10,14,5,3,5,3,0,0,1,0,0,0,1,0,620547.3035,5305364.4149,10.61261791,47.890282868,2,#fc8d62,car
9,1,75,139,2018,10,18,4,3,2,6,2,0,1,0,0,0,0,1,711107.7617,5328934.2065,11.834469685,48.078698726,2,#fc8d62,car
9,1,62,0,2018,10,9,5,3,0,1,0,0,0,0,1,0,0,1,699744.2765,5332950.4036,11.683953881,48.118453758,4,#e78ac3,marker
9,1,84,145,2018,10,8,4,3,4,2,0,0,1,0,0,0,0,1,698259.4063,5324456.9022,11.660083123,48.042583821,2,#fc8d62,car
9,1,77,113,2018,10,16,4,3,5,3,0,0,1,0,0,0,0,1,720782499.0,5353031.66,11.976713622,48.29193349,2,#fc8d62,car
9,1,84,130,2018,10,11,3,3,2,6,0,0,1,0,0,0,0,0,699826589.0,5344077288.0,11.690287349,48.218425381,2,#fc8d62,car
9,1,73,134,2018,10,11,6,3,2,2,0,0,1,0,0,0,0,0,685885.2299,5299342.8709,11.483385734,47.820561763,2,#fc8d62,car
9,7,72,141,2018,10,6,5,3,4,1,2,0,1,0,0,0,0,1,622608.4692,5350606.0432,10.653173644,48.296764837,2,#fc8d62,car
9,1,82,133,2018,10,10,1,2,2,6,0,0,1,0,0,0,0,1,707192.9047,5306130.7813,11.770975458,47.875056402,2,#fc8d62,car
9,1,87,165,2018,10,7,2,3,8,1,0,0,1,0,0,0,0,1,731853.0659,5299817.0457,12.096924186,47.80990468,2,#fc8d62,car
9,1,81,114,2018,10,20,1,3,5,3,2,0,1,0,0,0,0,1,657053.3794,5312655.9591,11.103333219,47.947948782,2,#fc8d62,car
9,7,71,111,2018,10,6,2,3,2,6,2,0,1,0,0,0,1,1,658140953.0,5357590.0568,11.134584033,48.351672401,2,#fc8d62,car
9,1,75,127,2018,10,16,2,3,5,3,1,1,1,0,0,0,0,0,712419.4817,5341350.5978,11.858249626,48.18983427,1,#66c2a5,bicycle
9,1,84,122,2018,10,10,7,3,3,2,0,1,1,0,0,0,0,1,687909.0461,5323056.6335,11.520739129,48.033127923,1,#66c2a5,bicycle
9,7,72,171,2018,10,12,7,3,2,6,0,0,1,0,0,0,0,1,637732.3969,5372055.4947,10.864022925,48.486523303,2,#fc8d62,car
9,1,81,130,2018,10,6,3,3,5,3,0,0,1,0,0,0,0,0,641873.2027,5324150.8098,10.903956331,48.054855539,2,#fc8d62,car
9,7,61,0,2018,10,14,7,3,2,1,0,0,1,0,0,0,0,0,641465.7315,5358412.6249,10.909916361,48.363024262,2,#fc8d62,car
9,1,78,124,2018,10,9,3,2,5,2,0,0,1,0,0,0,0,0,703008.6101,5363865.8441,11.742595358,48.395243753,2,#fc8d62,car
9,1,88,139,2018,10,16,2,2,9,1,1,0,1,0,0,0,0,1,679586.6058,5320429.8199,11.408100189,48.011909514,2,#fc8d62,car
9,1,84,130,2018,10,6,1,3,8,1,1,0,1,0,0,0,0,1,700886.4314,5348265.8054,11.706525748,48.255732014,2,#fc8d62,car
9,1,78,113,2018,10,14,1,2,2,2,0,0,1,0,0,0,0,1,691695.2681,5367293.0132,11.591488018,48.429585275,2,#fc8d62,car
9,1,86,152,2018,10,19,2,3,2,6,2,0,1,0,0,0,0,1,691474.1626,5375294.5708,11.59216407,48.501564527,2,#fc8d62,car
9,7,72,167,2018,10,11,2,2,5,3,0,1,0,0,0,0,1,1,624356.6653,5353541.6292,10.677600071,48.322822918,1,#66c2a5,bicycle
9,1,62,0,2018,10,14,7,3,0,6,0,0,0,0,0,0,1,1,688299.5002,5340200.3353,11.533539243,48.187104532,6,#ffd92f,circle
9,2,74,121,2018,10,21,7,2,4,6,2,0,1,0,0,0,0,1,728828.4505,5370043.7845,12.094285752,48.441904943,2,#fc8d62,car
9,1,87,122,2018,10,10,3,3,5,3,0,0,1,0,0,0,0,0,722014107.0,5306911856.0,11.969327859,47.877122671,2,#fc8d62,car
9,2,74,113,2018,10,8,7,3,4,2,0,0,1,0,0,0,0,1,728396358.0,5383928.99,12.096046908,48.566796475,2,#fc8d62,car
9,1,84,129,2018,10,13,3,3,8,7,0,0,0,0,0,1,0,0,700228.1084,5325054.1185,11.686746942,48.047336791,5,#a6d854,bus
9,1,62,0,2018,10,9,2,2,0,6,0,0,1,0,0,1,0,1,683880.1007,5342573.6283,11.475163179,48.209731461,2,#fc8d62,car
9,1,90,138,2018,10,10,7,2,4,1,0,0,1,0,0,0,0,1,663409.4376,5308164.3469,11.186689939,47.905975902,2,#fc8d62,car
9,2,74,126,2018,10,10,1,3,5,3,0,0,1,0,0,0,0,1,733296.1256,5383712.1242,12.162240254,48.563044474,2,#fc8d62,car
9,7,71,146,2018,10,13,7,3,2,6,0,0,1,0,0,0,0,1,646784.0689,5348691.1863,10.978291246,48.274401643,2,#fc8d62,car
9,1,77,133,2018,10,6,3,3,2,6,2,0,1,0,0,1,0,0,713282.6831,5354540.8483,11.876493963,48.308065656,2,#fc8d62,car
9,1,90,157,2018,10,14,2,3,2,2,0,1,1,0,0,0,0,0,660497395.0,5300769878.0,11.145003762,47.840226977,1,#66c2a5,bicycle
9,7,71,130,2018,10,20,2,3,9,1,2,0,0,0,0,0,1,1,648134.9183,5362759.7264,11.001432954,48.400579785,6,#ffd92f,circle
9,1,81,130,2018,10,1,1,3,8,1,2,0,1,0,0,0,0,1,641960.2575,5322139.0027,10.904456697,48.036745732,2,#fc8d62,car
9,1,62,0,2018,10,17,7,3,2,6,0,0,1,0,0,0,0,1,689287.8515,5331810.2482,11.543092858,48.111400136,2,#fc8d62,car
9,1,87,130,2018,10,5,3,3,7,1,2,1,0,0,0,0,0,0,710165.1862,5311432.8507,11.813259378,47.921737706,1,#66c2a5,bicycle
9,7,71,129,2018,10,7,7,3,3,6,0,0,1,0,0,0,0,1,660074.6559,5355954.7011,11.160044347,48.336483006,2,#fc8d62,car
9,7,77,141,2018,10,20,1,2,9,1,2,0,1,0,0,0,0,1,629270.7113,5308534.9993,10.730212105,47.917098842,2,#fc8d62,car
9,1,81,130,2018,10,17,7,3,2,6,2,0,1,0,0,0,0,1,642243.4076,5324552.1633,10.909055133,48.058382132,2,#fc8d62,car
9,7,72,130,2018,10,17,7,2,2,6,0,0,1,0,0,0,0,0,630349.1923,5355770.8144,10.759091535,48.341661466,2,#fc8d62,car
9,1,78,145,2018,10,13,3,3,3,6,0,0,1,0,0,1,0,0,692957.7921,5357994.4618,11.604267291,48.345631308,2,#fc8d62,car
9,1,81,128,2018,10,12,7,3,5,2,0,1,1,0,0,0,0,1,638619.9813,5327636.2588,10.861452198,48.086912844,1,#66c2a5,bicycle
9,1,88,141,2018,10,16,3,3,2,6,0,0,1,0,0,0,0,0,670438.7354,5308997.1932,11.281007262,47.911634242,2,#fc8d62,car
9,1,88,124,2018,10,9,7,2,5,3,0,0,1,0,0,0,0,1,663283.5229,5320685.3468,11.189760962,48.018580293,2,#fc8d62,car
9,1,74,135,2018,10,15,7,3,0,2,0,0,1,0,0,0,1,1,663043707.0,5352962.1939,11.198921068,48.308821144,2,#fc8d62,car
9,1,90,157,2018,10,16,1,3,4,1,1,0,1,0,0,0,0,1,660721.7984,5298982.9962,11.147337472,47.824104845,2,#fc8d62,car
9,7,61,0,2018,10,13,7,3,2,6,0,0,1,0,0,0,0,1,637473.2441,5359474.3655,10.856391053,48.373453383,2,#fc8d62,car
9,1,75,133,2018,10,14,7,3,8,3,0,0,1,0,0,0,0,1,708585.0778,5341474.1064,11.806780589,48.192214784,2,#fc8d62,car
9,7,72,147,2018,10,9,1,3,8,1,0,0,1,0,0,0,0,2,631203.3889,5364378.1334,10.773300483,48.418884076,2,#fc8d62,car
9,1,84,145,2018,10,16,6,3,5,3,0,1,1,0,0,0,0,0,698533.8954,5324551.5185,11.663805746,48.043348882,1,#66c2a5,bicycle
9,1,84,146,2018,10,22,6,3,3,6,2,0,1,0,0,0,0,0,695329.8048,5328943856.0,11.622868386,48.083814007,2,#fc8d62,car
9,1,62,0,2018,10,11,6,3,4,2,0,0,1,0,0,0,0,0,694996.3043,5333481.2701,11.620468464,48.124696602,2,#fc8d62,car
9,1,62,0,2018,10,15,6,3,5,3,0,1,1,0,0,0,0,0,692535.7101,5339192571.0,11.590020351,48.17677728,1,#66c2a5,bicycle
9,1,87,129,2018,10,8,1,3,1,7,0,0,1,0,0,0,1,1,723456.7783,5298222.6581,11.984111532,47.798548088,2,#fc8d62,car
9,7,62,0,2018,10,6,2,3,2,6,1,0,1,0,0,0,0,1,621622.6345,5303693.6955,10.626526579,47.875053959,2,#fc8d62,car
9,1,84,138,2018,10,13,6,3,0,1,0,1,0,0,0,0,0,0,681420.0967,5330702.0893,11.437019204,48.103728754,1,#66c2a5,bicycle
9,1,78,120,2018,10,14,2,3,3,6,0,0,1,0,0,0,0,0,695128.3088,5355268427.0,11.632267648,48.320465352,2,#fc8d62,car
9,1,81,127,2018,10,17,6,3,2,6,1,0,1,0,0,0,0,0,634685.6631,5322806.5153,10.807126587,48.044324407,2,#fc8d62,car
9,1,63,0,2018,10,4,2,3,5,3,2,0,1,0,1,0,0,1,732722.5586,5307423.7738,12.112610254,47.877930998,2,#fc8d62,car
9,1,75,132,2018,10,10,1,3,8,1,0,0,1,0,0,0,0,1,705158.5023,5335644.6945,11.757915446,48.140944924,2,#fc8d62,car
9,7,72,130,2018,10,17,2,3,2,6,2,0,1,0,0,0,0,0,631951755.0,5357580.6694,10.781274963,48.357603506,2,#fc8d62,car
9,1,85,158,2018,10,13,2,3,5,3,0,0,1,0,1,0,0,1,667009102.0,5382006318.0,11.263936185,48.568878805,2,#fc8d62,car
9,1,84,135,2018,10,21,7,3,5,2,2,0,1,0,0,0,0,1,689441.2832,5347334.0585,11.552072894,48.250882391,2,#fc8d62,car
9,1,79,121,2018,10,17,3,3,0,7,1,0,1,1,0,0,0,0,666981.6425,5339467.7646,11.246666408,48.186480831,2,#fc8d62,car
9,7,61,0,2018,10,9,7,3,0,1,0,1,0,0,0,0,0,1,642621.2615,5358989.8531,10.925703666,48.367954423,1,#66c2a5,bicycle
9,7,71,145,2018,10,15,7,2,4,1,0,0,1,0,0,0,0,1,647447234.0,5344296.7707,10.98569241,48.234735747,2,#fc8d62,car
9,1,78,124,2018,10,4,3,3,4,1,2,0,1,0,0,0,0,0,702855507.0,5359048016.0,11.73820528,48.351998541,2,#fc8d62,car
9,1,73,120,2018,10,16,2,3,8,1,2,0,1,0,0,0,0,1,692429055.0,5311242.3808,11.576019202,47.925594441,2,#fc8d62,car
9,7,61,0,2018,10,15,6,3,2,6,0,0,1,0,0,0,0,0,637746.5054,5361060.5813,10.860598949,48.387656794,2,#fc8d62,car
9,7,61,0,2018,10,18,6,3,1,1,2,0,1,0,0,0,0,0,641367886.0,5355581.7392,10.907645469,48.337591872,2,#fc8d62,car
9,1,79,142,2018,10,15,1,2,4,6,0,0,1,0,0,0,0,1,670797.0477,5341539.1122,11.298791902,48.204087099,2,#fc8d62,car
9,7,71,156,2018,10,6,2,3,0,6,2,0,1,0,0,0,1,1,657643.9944,5383071.8926,11.137483734,48.580883808,2,#fc8d62,car
9,1,84,137,2018,10,14,7,3,1,2,0,0,1,0,0,0,0,1,706313256.0,5316868372.0,11.764365783,47.971836626,2,#fc8d62,car
9,1,81,127,2018,10,17,3,3,2,6,1,0,1,0,0,0,0,0,633917049.0,5322569019.0,10.796744783,48.042350388,2,#fc8d62,car
9,1,75,121,2018,10,4,1,3,8,1,2,0,1,0,0,0,1,1,714719.8547,5319219.3656,11.878035546,47.99019763,2,#fc8d62,car