ULAND,UREGBEZ,UKREIS,UGEMEINDE,UJAHR,UMONAT,USTUNDE,UWOCHENTAG,UKATEGORIE,UART,UTYP1,ULICHTVERH,IstRad,IstPKW,IstFuss,IstKrad,IstGkfz,IstSonstig,STRZUSTAND,LINREFX,LINREFY,XGCSWGS84,YGCSWGS84,Teilnehmer,color,symbol
9,1,87,137,2018,10,4,3,3,7,7,1,0,1,0,0,0,0,1,727094.9383,5308189.3112,12.037855377,47.886823808,2,#fc8d62,car
9,1,78,145,2018,10,14,3,3,2,6,0,0,1,0,0,0,0,0,693155655.0,5357534706.0,11.606724045,48.341438869,2,#fc8d62,car
9,1,88,121,2018,10,12,2,3,5,3,0,1,1,0,0,0,0,0,671004.5688,5331171.7995,11.297415685,48.110832358,1,#66c2a5,bicycle
9,7,72,215,2018,10,23,7,3,4,1,2,0,1,0,0,0,0,1,634550996.0,5346473.1785,10.812803234,48.257174326,2,#fc8d62,car
9,1,84,134,2018,10,16,2,3,4,2,1,0,1,0,0,0,1,1,694277.4417,5323336.7579,11.606206081,48.033740264,2,#fc8d62,car
9,1,74,135,2018,11,16,2,3,3,1,0,0,1,0,0,1,0,0,662963.4558,5353545.1455,11.19806475,48.314082601,2,#fc8d62,car
9,1,78,124,2018,11,19,2,3,5,3,2,1,1,0,0,0,0,0,703408.2601,5364201.6343,11.748150709,48.398132464,1,#66c2a5,bicycle
9,1,84,146,2018,11,15,5,3,2,6,0,0,1,0,1,0,0,0,697371.6183,5328704.7715,11.65014495,48.08103644,2,#fc8d62,car
9,1,84,118,2018,11,16,2,3,2,6,0,0,1,0,0,0,0,0,703937.4621,5335827.9356,11.741608483,48.142984166,2,#fc8d62,car
9,7,61,0,2018,11,5,1,3,8,1,2,0,1,0,0,0,0,0,642353.1947,5359373392.0,10.922216122,48.371463543,2,#fc8d62,car
9,7,61,0,2018,11,9,5,3,2,6,0,0,1,0,0,0,0,0,641232.16,5360930.5652,10.907610611,48.385716893,2,#fc8d62,car
9,1,81,130,2018,11,17,1,3,2,6,2,0,1,0,0,0,0,0,640748651.0,5324515073.0,10.888993092,48.058380103,2,#fc8d62,car
9,7,71,130,2018,11,11,2,3,8,1,0,0,0,0,1,0,0,0,645099.1318,5358406.9603,10.958939184,48.362148673,4,#e78ac3,marker
9,1,90,148,2018,11,22,5,2,4,2,2,0,1,0,0,0,0,0,641115035.0,5298814.8142,10.885481627,47.827192737,2,#fc8d62,car
9,1,73,112,2018,11,4,5,1,9,1,2,0,1,0,0,0,0,0,690875403.0,5296370315.0,11.548677728,47.792381741,2,#fc8d62,car
9,1,62,0,2018,11,15,6,3,6,7,0,0,1,1,0,0,0,0,700533.3983,5332700.3426,11.694427542,48.115958438,2,#fc8d62,car
9,1,62,0,2018,11,10,6,3,1,6,0,0,1,0,1,0,0,0,692072055.0,5340506.0625,11.584383537,48.188722904,2,#fc8d62,car
9,1,78,120,2018,11,10,5,3,8,1,0,0,1,0,0,0,0,0,692904.4815,5353692.8708,11.601580264,48.306987547,2,#fc8d62,car
9,1,77,133,2018,11,22,5,1,4,6,2,0,1,0,0,0,0,0,711304.7792,5360157.39,11.852669003,48.35919689,2,#fc8d62,car
9,7,61,0,2018,10,21,3,3,9,7,2,0,1,0,0,0,0,0,639867.9225,5353318.4699,10.886665102,48.317574859,2,#fc8d62,car
9,7,71,130,2018,11,17,7,3,1,6,2,0,1,0,0,0,0,0,645567.7247,5357721.4213,10.965024488,48.355876895,2,#fc8d62,car
9,1,62,0,2018,10,17,4,3,2,6,1,0,1,0,0,0,0,0,692061.9399,5341468986.0,11.584683084,48.197380449,2,#fc8d62,car
9,1,62,0,2018,10,20,4,3,3,2,1,1,1,0,0,0,0,0,684790.8736,5335393.1506,11.484288932,48.144925738,1,#66c2a5,bicycle
9,1,74,115,2018,11,15,2,3,0,3,0,1,1,0,0,0,0,0,683254.5567,5349576.9676,11.469781243,48.272861531,1,#66c2a5,bicycle
9,1,78,150,2018,11,16,2,3,2,6,0,0,1,0,0,0,0,0,691378.2846,5371038.8365,11.588918981,48.463346486,2,#fc8d62,car
9,1,75,111,2018,11,18,6,2,8,1,2,0,1,0,0,0,0,1,711423291.0,5337851.2507,11.843122057,48.158722116,2,#fc8d62,car
9,7,78,203,2018,10,18,4,3,5,3,2,0,1,0,0,0,0,0,620634.1186,5321854.0809,10.618405994,48.038568999,2,#fc8d62,car
9,1,87,117,2018,11,9,7,3,5,3,0,0,1,0,0,0,0,0,725373.1709,5302483.6458,12.011882667,47.836165425,2,#fc8d62,car
9,7,77,130,2018,10,1,4,2,8,7,2,0,0,0,0,0,1,0,623539.3037,5307060.2103,10.653111831,47.904965186,6,#ffd92f,circle
9,1,62,0,2018,11,12,1,3,5,2,0,0,1,0,1,0,0,0,692104606.0,5340016023.0,11.584599455,48.184308719,2,#fc8d62,car
9,1,62,0,2018,11,8,5,2,4,2,0,0,1,0,1,0,0,0,693555.3496,5339514.4938,11.603868651,48.179360857,2,#fc8d62,car
9,7,72,171,2018,10,6,4,3,2,6,2,0,1,0,0,0,0,0,637668.7474,5371677.0672,10.863037318,48.483134554,2,#fc8d62,car
9,1,75,122,2018,11,14,7,3,5,3,0,0,1,0,0,0,0,0,723149.1543,5323221.8718,11.992944386,48.023274975,2,#fc8d62,car
9,7,71,142,2018,10,18,4,3,2,6,1,0,1,0,0,0,0,0,645776.4801,5350869.7006,10.965471401,48.294222382,2,#fc8d62,car
9,7,72,125,2018,10,11,4,3,5,3,0,0,1,0,0,0,0,0,636743.7748,5346466.6994,10.842328675,48.256646626,2,#fc8d62,car
9,1,77,133,2018,11,13,1,3,8,1,0,0,1,0,0,0,0,0,709704.5882,5358486.8809,11.830261456,48.344719714,2,#fc8d62,car
9,7,61,0,2018,11,15,2,3,6,4,0,1,0,1,0,0,0,0,644015.4946,5357579.4677,10.944034905,48.354956458,1,#66c2a5,bicycle
9,1,62,0,2018,11,12,6,3,1,5,0,1,1,0,0,0,0,0,686382.0169,5331802.7459,11.504088493,48.112189663,1,#66c2a5,bicycle
9,1,62,0,2018,11,8,2,3,3,6,0,0,1,0,0,1,0,0,696599.0057,5343079.3793,11.646420037,48.210465102,2,#fc8d62,car
9,1,62,0,2018,11,15,2,3,2,6,0,0,1,0,0,0,0,0,679107817.0,5337254436.0,11.408741669,48.163282235,2,#fc8d62,car
9,1,78,130,2018,11,6,2,3,2,1,0,0,1,0,0,0,1,1,702294.4935,5356883.1638,11.729601824,48.332724188,2,#fc8d62,car
9,1,75,115,2018,11,14,6,2,4,1,0,0,1,0,0,1,0,0,720987889.0,5329605.5394,11.967293589,48.08138362,2,#fc8d62,car
9,1,82,120,2018,11,3,1,1,4,6,2,0,1,0,0,0,0,0,703158.7359,5309431.6195,11.718639644,47.906010602,2,#fc8d62,car
9,7,77,121,2018,11,3,1,3,9,1,2,0,1,0,0,0,0,0,629082.5444,5321767.3374,10.731670548,48.036136744,2,#fc8d62,car
9,7,72,217,2018,11,1,5,3,8,1,2,0,1,0,0,0,0,0,636396.9705,5380410.0029,10.848692388,48.561935582,2,#fc8d62,car
9,1,62,0,2018,11,17,6,3,0,3,2,1,1,0,0,0,0,1,694825165.0,5332059.9673,11.617521678,48.111974897,1,#66c2a5,bicycle
9,1,62,0,2018,11,11,7,3,2,6,0,0,1,0,0,0,0,0,692152.3585,5342379.1196,11.586310622,48.2055331,2,#fc8d62,car
9,1,62,0,2018,11,15,6,3,0,7,0,0,0,0,1,0,0,0,681797.3994,5335377.5694,11.444076946,48.145648168,4,#e78ac3,marker
9,1,90,142,2018,11,10,6,3,2,7,0,0,0,0,1,1,0,0,659132.1878,5297273.4738,11.125486836,47.80912925,4,#e78ac3,marker
9,7,72,147,2018,11,18,7,3,2,6,2,0,1,0,0,0,0,0,636000.3497,5364421.9072,10.83811467,48.418260499,2,#fc8d62,car
9,1,79,145,2018,11,15,2,2,0,1,0,0,0,0,0,0,1,0,676220.2779,5338943.9564,11.3706435,48.179276625,6,#ffd92f,circle
9,7,72,149,2018,11,15,6,3,2,6,0,0,1,0,0,0,0,0,635445.9496,5339332.1687,10.822572653,48.192769755,2,#fc8d62,car
9,1,84,147,2018,11,7,2,3,2,6,0,0,1,0,0,0,0,0,699053.6805,5341614.9931,11.678738375,48.196539622,2,#fc8d62,car
9,1,79,123,2018,11,0,1,3,4,6,2,0,1,0,0,0,0,0,676315.6195,5334931836.0,11.370261968,48.143184341,2,#fc8d62,car
9,7,61,0,2018,11,16,2,3,2,6,0,0,1,0,0,0,0,0,642093.4961,5363835952.0,10.920221102,48.411647251,2,#fc8d62,car
9,1,77,126,2018,11,8,2,3,2,6,0,0,1,0,0,0,0,0,717750.9021,5370162269.0,11.94476459,48.446897805,2,#fc8d62,car
9,1,62,0,2018,11,9,5,3,1,7,0,1,1,0,0,0,0,0,687687.2198,5333440.6277,11.522327666,48.126528112,1,#66c2a5,bicycle
9,1,77,117,2018,11,1,7,2,9,1,2,0,1,0,0,0,0,1,717755.1666,5351475873.0,11.935151729,48.279003554,2,#fc8d62,car
9,1,73,120,2018,11,7,2,3,2,6,0,0,1,0,0,0,1,0,685143.0128,5310540.5101,11.478276763,47.921431116,2,#fc8d62,car
9,2,74,111,2018,10,18,4,2,4,6,2,0,1,0,0,0,0,0,739683.9863,5381745.9668,12.247550652,48.542975771,2,#fc8d62,car
9,2,61,0,2018,10,9,4,3,4,2,0,0,1,0,0,0,0,0,726832497.0,5380154449.0,12.072824061,48.533456157,2,#fc8d62,car
9,1,62,0,2018,11,20,6,3,1,6,2,0,1,0,0,0,0,1,692750.5342,5339062.9717,11.59284836,48.17554736,2,#fc8d62,car
9,2,61,0,2018,10,19,4,3,5,3,1,0,1,0,1,0,0,0,731801.2178,5381220.5997,12.140622399,48.541218047,2,#fc8d62,car
9,1,90,151,2018,10,6,4,2,5,3,1,0,1,0,0,0,0,0,637616.2697,5299598.0755,10.839007663,47.834994577,2,#fc8d62,car
9,1,73,126,2018,10,17,4,2,4,2,2,0,1,0,0,0,0,0,684912.7493,5302327.8279,11.471680802,47.847673971,2,#fc8d62,car
9,1,74,113,2018,11,19,2,3,5,3,1,0,1,0,0,0,0,0,678044.1108,5350531.7983,11.400025498,48.282930588,2,#fc8d62,car
9,1,73,118,2018,11,14,1,2,8,7,0,0,1,0,0,0,0,0,687633.5096,5308253.9492,11.510586087,47.90015397,2,#fc8d62,car
9,1,82,120,2018,11,17,2,3,4,2,2,0,1,0,0,0,0,0,703117.4314,5308339.7713,11.717573565,47.896211013,2,#fc8d62,car
9,1,77,126,2018,11,6,2,3,2,6,1,0,1,0,0,0,0,0,718934.6612,5369969.4186,11.96065023,48.444754615,2,#fc8d62,car
9,1,78,124,2018,11,17,6,3,4,2,1,0,1,0,0,0,0,0,703006.8345,5363860.9877,11.742569051,48.395200684,2,#fc8d62,car
9,1,85,143,2018,11,13,7,2,0,1,0,1,0,0,0,0,0,0,664287.4271,5384302.3133,11.227978402,48.590237867,1,#66c2a5,bicycle
9,1,81,130,2018,10,18,4,3,9,1,1,0,1,0,0,0,0,0,636632.9067,5323112.6254,10.83333742,48.046663277,2,#fc8d62,car
9,1,81,130,2018,10,11,4,3,2,6,0,0,1,0,0,0,0,0,636343.9654,5323000.0301,10.829426594,48.045712548,2,#fc8d62,car
9,1,81,114,2018,10,8,4,3,9,1,0,0,1,0,0,0,0,0,651658.5285,5311280.3184,11.030645949,47.936879672,2,#fc8d62,car
9,1,74,115,2018,10,15,4,3,2,6,0,0,1,0,0,0,0,0,680133.2631,5348319.0498,11.427218326,48.262449963,2,#fc8d62,car
9,1,78,113,2018,10,5,4,3,4,2,2,0,1,0,0,0,0,0,691390.7499,5367181.6717,11.587324839,48.428677211,2,#fc8d62,car
9,2,74,182,2018,11,0,7,3,8,1,2,0,1,0,0,0,0,1,729122.6017,5375866.9209,12.10144629,48.494108796,2,#fc8d62,car
9,1,62,0,2018,11,12,6,2,2,6,0,0,1,0,0,0,0,0,698328.9685,5333219.6183,11.665083097,48.121315629,2,#fc8d62,car
9,1,75,115,2018,10,14,4,3,0,1,0,1,0,0,0,0,0,0,721517.0584,5328934.5814,11.97404127,48.075171504,1,#66c2a5,bicycle
9,1,73,126,2018,11,18,2,3,2,2,2,0,1,0,0,0,0,0,687431504.0,5303523059.0,11.505833151,47.857688195,2,#fc8d62,car
9,1,62,0,2018,10,16,3,3,2,6,1,0,1,0,0,0,0,0,688248.4341,5340197.1214,11.53285143,48.18709078,2,#fc8d62,car
9,1,62,0,2018,10,18,3,3,3,6,1,1,0,0,0,0,0,0,689497967.0,5340566299.0,11.549811169,48.19003743,1,#66c2a5,bicycle
9,1,62,0,2018,10,18,3,3,6,4,2,1,0,1,0,0,0,0,692076.5155,5340459.6316,11.584422495,48.188304247,1,#66c2a5,bicycle
9,1,62,0,2018,10,17,3,3,4,6,2,1,0,0,0,0,0,1,692116.9077,5341996.0618,11.585660572,48.202101022,1,#66c2a5,bicycle
9,1,62,0,2018,11,19,7,3,5,3,2,0,1,0,0,0,0,0,688303197.0,5340192517.0,11.533585467,48.187033165,2,#fc8d62,car
9,7,61,0,2018,11,17,2,3,1,6,1,0,1,0,0,0,0,0,642103.1099,5363635.2318,10.920282966,48.409840311,2,#fc8d62,car
9,1,84,135,2018,11,21,6,3,5,6,2,0,1,0,0,0,0,1,691797.7316,5345950.6777,11.583158111,48.237740394,2,#fc8d62,car
9,7,78,203,2018,10,16,3,3,5,3,0,0,1,0,0,0,0,0,622612.5357,5326373.3375,10.646232402,48.078835505,2,#fc8d62,car
9,7,73,188,2018,10,16,3,2,4,2,0,0,1,0,0,0,0,1,620407.0866,5375867.7692,10.630753841,48.524363998,2,#fc8d62,car
9,1,82,125,2018,11,7,6,2,4,2,0,0,1,0,0,0,0,0,712368.6107,5296196.2551,11.835237505,47.784090165,2,#fc8d62,car
9,1,90,157,2018,11,16,5,3,4,2,0,0,1,0,0,0,0,0,661307596.0,5300386206.0,11.155681006,47.836574594,2,#fc8d62,car
9,1,62,0,2018,11,16,5,3,0,7,1,1,0,0,0,0,0,0,686219611.0,5331793338.0,11.50190458,48.112152606,1,#66c2a5,bicycle
9,1,62,0,2018,11,19,6,3,2,6,2,0,1,0,0,0,0,0,694787394.0,5332328.6183,11.617137457,48.11440098,2,#fc8d62,car
9,1,62,0,2018,11,7,7,3,3,6,0,0,1,0,0,1,0,0,696354.0367,5343315.4926,11.643235436,48.212662942,2,#fc8d62,car
9,1,62,0,2018,11,18,5,3,2,6,2,0,1,0,0,0,0,0,694519.8605,5344623.1295,11.619171247,48.224980027,2,#fc8d62,car
9,7,71,112,2018,11,17,6,3,0,1,2,0,0,0,1,0,0,0,645371.8839,5367648.6899,10.965819976,48.445180714,4,#e78ac3,marker
9,2,61,0,2018,11,7,6,3,4,2,0,0,1,0,1,0,0,0,732274.3252,5381591.6205,12.147229185,48.544375899,2,#fc8d62,car
9,1,77,117,2018,11,17,1,3,1,6,1,0,1,0,0,0,0,0,716084954.0,5352184.1473,11.913031181,48.285939584,2,#fc8d62,car
9,1,83,140,2018,11,13,6,3,5,3,0,0,1,0,0,0,0,0,740218.9662,5340225.9088,12.23109346,48.169829678,2,#fc8d62,car
9,7,71,122,2018,11,8,5,3,8,1,0,0,1,0,0,0,0,1,648374.9074,5359469.6702,11.003511517,48.370942225,2,#fc8d62,car
9,1,75,139,2018,11,11,5,3,5,3,0,0,1,0,0,0,1,0,709692592.0,5329402664.0,11.81572246,48.083375287,2,#fc8d62,car
9,1,88,120,2018,11,13,5,3,0,7,0,1,0,0,0,0,0,0,677175.1678,5326597.8224,11.378346088,48.068029022,1,#66c2a5,bicycle
9,1,81,123,2018,11,12,7,3,3,6,0,0,1,0,0,0,0,0,654995.8381,5326495248.0,11.080798306,48.072882414,2,#fc8d62,car
9,1,75,132,2018,11,8,5,3,5,3,0,0,1,0,0,0,0,0,705874.2778,5334706.8464,11.767072639,48.132285802,2,#fc8d62,car
9,2,61,0,2018,11,14,4,3,4,2,0,1,1,0,0,0,0,0,732331.9479,5382627.2133,12.148586352,48.553657015,1,#66c2a5,bicycle
9,2,61,0,2018,11,9,4,3,1,6,0,0,1,0,1,0,0,0,731605075.0,5381529.2397,12.138140613,48.544062927,2,#fc8d62,car
9,1,82,120,2018,11,17,5,3,5,3,2,1,1,0,0,0,0,0,701907.5359,5306347273.0,11.700472941,47.878685518,1,#66c2a5,bicycle
9,1,78,122,2018,11,19,6,3,8,1,2,0,1,0,0,0,0,0,706598.7156,5385143.9008,11.801558061,48.585276008,2,#fc8d62,car
9,1,90,138,2018,11,7,4,3,5,3,0,0,1,0,0,0,0,0,661005254.0,5310523959.0,11.155423049,47.927799001,2,#fc8d62,car
9,1,79,138,2018,11,12,5,3,8,1,0,0,0,0,0,1,0,1,653326.9625,5335787.3683,11.061750087,48.156833003,5,#a6d854,bus
9,1,62,0,2018,11,18,6,3,2,6,2,1,1,0,0,0,0,0,682865.8279,5335283.1728,11.458386636,48.144493445,1,#66c2a5,bicycle
9,1,63,0,2018,11,22,4,3,2,6,2,0,1,0,0,0,0,0,734629961.0,5303741546.0,12.136084166,47.844156218,2,#fc8d62,car
9,1,82,133,2018,11,8,4,3,2,6,0,0,1,0,0,0,0,0,703357.8437,5306144.8358,11.719752707,47.876408523,2,#fc8d62,car
9,1,81,115,2018,11,2,1,3,2,6,2,0,1,0,0,0,0,0,657404.1757,5327028.7568,11.113303796,48.077089291,2,#fc8d62,car
9,1,87,122,2018,11,14,4,3,5,3,0,0,1,0,0,0,0,0,720187.9798,5307541.0411,11.94525853,47.883404891,2,#fc8d62,car
9,1,62,0,2018,11,16,5,3,2,6,2,0,1,0,0,0,0,0,689725.0543,5339024.2098,11.552175033,48.176109405,2,#fc8d62,car
9,1,88,144,2018,11,17,4,3,2,6,2,0,1,0,0,0,0,0,667788.45,5328974.03,11.253378592,48.091929674,2,#fc8d62,car
9,1,81,130,2018,11,17,4,3,2,6,0,0,1,0,0,0,0,0,642124.1066,5324438.4589,10.907417128,48.057386277,2,#fc8d62,car
9,1,81,113,2018,11,6,4,2,4,6,2,1,0,0,0,0,0,0,639292914.0,5310248.4223,10.864836429,47.930407971,1,#66c2a5,bicycle
9,1,79,121,2018,11,15,4,3,4,2,0,1,1,0,0,0,0,0,665734.1599,5338595.2605,11.229554952,48.178963653,1,#66c2a5,bicycle
9,2,61,0,2018,11,16,7,3,2,6,0,0,1,0,0,0,0,0,732796.7592,5383059.4894,12.155117263,48.557367673,2,#fc8d62,car
9,1,62,0,2018,11,19,4,3,5,2,2,1,1,0,0,0,0,0,692081.1965,5340384456.0,11.584451418,48.187627174,1,#66c2a5,bicycle
9,1,84,137,2018,11,16,7,3,5,3,0,0,1,0,0,0,1,0,706319.1936,5316870.2851,11.764446162,47.971851904,2,#fc8d62,car
9,1,74,126,2018,11,15,4,3,4,2,0,0,1,0,0,1,0,0,683777.7696,5346838.7416,11.475636517,48.24809775,2,#fc8d62,car
9,1,74,131,2018,11,8,4,3,2,6,0,0,1,0,0,0,0,0,675345.5362,5357232.9733,11.366466668,48.34392074,2,#fc8d62,car
9,1,84,121,2018,11,19,4,3,3,6,2,0,1,0,0,0,1,0,704843.9519,5331127.8508,11.751521914,48.100455183,2,#fc8d62,car
9,1,84,131,2018,11,11,4,2,2,6,0,0,0,0,0,1,0,0,704412.0308,5337551.3397,11.748808307,48.158319401,5,#a6d854,bus
9,1,78,120,2018,11,13,4,3,8,1,0,0,1,0,0,0,0,0,695439496.0,5352138898.0,11.635011719,48.29224362,2,#fc8d62,car
9,1,62,0,2018,11,12,4,3,0,6,0,0,1,0,0,1,0,0,696091.9685,5343572.17,11.639830131,48.215050797,2,#fc8d62,car
9,1,62,0,2018,11,13,4,3,5,2,0,1,1,0,0,0,0,0,692035.2511,5341306.5389,11.584250823,48.195928492,1,#66c2a5,bicycle
9,7,72,145,2018,11,18,7,3,3,6,2,0,1,0,0,0,0,0,637274.0463,5367365.3171,10.856284066,48.444450789,2,#fc8d62,car
9,1,75,127,2018,11,18,4,1,5,2,2,1,1,0,0,0,0,0,714064.4451,5340304.5685,11.879827814,48.17988297,1,#66c2a5,bicycle
9,1,78,129,2018,11,17,5,3,0,1,2,0,0,0,1,0,0,1,709034.7247,5371088.5731,11.827505885,48.458175625,4,#e78ac3,marker
9,1,78,120,2018,11,17,4,3,0,1,1,1,0,0,0,0,0,0,698413171.0,5350876844.0,11.674466568,48.279976459,1,#66c2a5,bicycle
9,1,88,144,2018,11,14,6,2,5,3,0,0,1,0,0,0,0,0,668561.2514,5327051.5982,11.262990271,48.074443036,2,#fc8d62,car
9,1,78,143,2018,11,15,4,3,5,3,0,0,1,0,0,0,0,0,717482.0844,5372124.2113,11.942153427,48.464617991,2,#fc8d62,car
9,1,62,0,2018,11,11,4,3,0,1,0,0,0,0,1,0,0,0,691709.7404,5331926.4337,11.575649414,48.111720057,4,#e78ac3,marker
9,1,75,122,2018,11,10,4,3,5,3,0,1,1,0,0,0,0,0,721383.4005,5325758.2835,11.970605476,48.046678942,1,#66c2a5,bicycle
9,1,62,0,2018,11,7,3,3,0,4,0,0,1,1,0,0,0,0,695189.9573,5334046.0217,11.623326702,48.129712991,2,#fc8d62,car
9,1,62,0,2018,11,15,3,3,5,2,0,0,1,0,0,0,0,0,694984.3019,5332995.0346,11.620084945,48.1203302,2,#fc8d62,car
9,1,84,131,2018,11,8,4,3,3,7,0,0,1,0,0,0,0,0,705383.7914,5339862.9854,11.762976701,48.178779794,2,#fc8d62,car
9,1,84,118,2018,11,7,3,3,5,3,0,1,1,0,0,0,0,0,702650.5566,5337007535.0,11.724890012,48.15399614,1,#66c2a5,bicycle
9,1,84,134,2018,11,13,3,3,4,2,0,0,1,0,0,1,0,0,694266.4998,5323340.6329,11.606061211,48.03377842,2,#fc8d62,car
9,1,62,0,2018,11,6,5,3,5,2,2,1,1,0,0,0,0,0,685937.4254,5340766.2278,11.502037296,48.192886722,1,#66c2a5,bicycle
9,1,62,0,2018,11,12,3,3,3,6,2,0,1,0,0,1,0,0,687390.5245,5332688.3685,11.518013681,48.119853991,2,#fc8d62,car
9,1,84,131,2018,11,17,4,2,2,2,2,0,1,0,0,0,0,0,705642.0709,5337295.6963,11.765205663,48.155625502,2,#fc8d62,car
9,1,62,0,2018,11,22,6,3,4,2,2,0,1,0,0,0,0,0,697041.0678,5330400.2179,11.646493711,48.096376399,2,#fc8d62,car
9,1,62,0,2018,11,9,4,3,4,2,0,0,1,0,0,0,0,0,698796.6811,5333052.2161,11.671282942,48.119665297,2,#fc8d62,car
9,1,74,115,2018,11,18,7,3,5,3,2,0,1,0,1,0,0,0,681489.5561,5346783699.0,11.444818144,48.248262271,2,#fc8d62,car
9,7,72,125,2018,11,7,3,3,5,3,0,0,1,0,0,0,0,0,636582.6108,5348952.1505,10.840961282,48.279030857,2,#fc8d62,car
9,7,72,200,2018,11,11,6,3,5,3,0,0,1,0,0,0,0,0,630051.2577,5337363.5245,10.749414346,48.176194074,2,#fc8d62,car
9,2,61,0,2018,11,23,6,3,4,2,2,0,1,0,0,0,0,0,732794.1242,5383061.8245,12.155082913,48.557389626,2,#fc8d62,car
9,7,72,177,2018,11,7,5,3,8,1,0,0,1,0,0,0,0,1,635295168.0,5376069821.0,10.832357153,48.523148617,2,#fc8d62,car
9,7,78,203,2018,11,0,5,2,8,1,2,0,1,0,0,0,0,0,621142494.0,5324620738.0,10.626006731,48.063354618,2,#fc8d62,car
9,1,78,155,2018,11,16,1,2,2,6,0,1,1,0,0,0,0,0,719099505.0,5376878281.0,11.966496045,48.506769138,1,#66c2a5,bicycle
9,1,87,182,2018,11,9,7,3,2,6,0,0,1,0,0,0,0,0,738274.3224,5328120.6996,12.198216719,48.061821094,2,#fc8d62,car
9,7,62,0,2018,11,16,4,3,2,6,0,0,1,0,0,0,0,0,623123.4662,5303689.6374,10.646588352,47.874731429,2,#fc8d62,car
9,1,62,0,2018,11,19,5,3,5,2,2,0,1,0,0,0,0,0,692105.3086,5341871448.0,11.585448229,48.200984541,2,#fc8d62,car
9,1,78,120,2018,11,13,6,3,2,6,0,0,1,0,0,0,0,0,692667.8526,5353509.3286,11.598308624,48.305410084,2,#fc8d62,car
9,1,84,141,2018,11,8,6,3,5,3,0,0,1,0,0,0,0,0,697948.3454,5317047.4025,11.652494814,47.976087401,2,#fc8d62,car
9,7,72,121,2018,11,7,4,3,8,1,0,0,0,0,0,1,0,0,633405.9465,5374959.6167,10.806428924,48.513570107,5,#a6d854,bus
9,7,71,122,2018,11,18,4,3,2,6,2,0,1,0,0,0,0,0,648512988.0,5359931745.0,11.005538051,48.3750643,2,#fc8d62,car
9,7,61,0,2018,11,12,4,3,5,3,0,0,1,0,0,0,0,0,644105.2461,5360773.1773,10.946340103,48.383651942,2,#fc8d62,car
9,7,61,0,2018,11,12,4,3,6,2,0,0,1,1,0,0,0,0,643519.9773,5359343.2923,10.937951751,48.370928642,2,#fc8d62,car
9,2,74,111,2018,11,13,3,3,2,6,0,1,1,0,0,0,0,0,740430593.0,5380482.4251,12.256920805,48.531341293,1,#66c2a5,bicycle
9,2,74,194,2018,11,21,3,3,8,1,2,0,0,0,1,0,0,0,723618.9321,5380002.6439,12.02927338,48.533245472,4,#e78ac3,marker
9,7,61,0,2018,11,17,4,3,2,6,1,0,1,0,0,0,0,0,642106.9404,5363549.3345,10.920305608,48.409067103,2,#fc8d62,car
9,1,75,122,2018,11,12,1,3,4,2,0,0,1,0,0,0,0,0,721871.4052,5325500.1503,11.977010783,48.044190222,2,#fc8d62,car
9,2,74,113,2018,11,17,3,3,4,2,2,0,1,0,0,0,0,0,728396358.0,5383928.99,12.096046908,48.566796475,2,#fc8d62,car
9,1,90,111,2018,11,13,3,2,4,6,0,0,1,0,0,1,1,0,637565.7748,5296148.4699,10.837238072,47.803983641,2,#fc8d62,car
9,2,74,121,2018,11,23,6,2,4,2,2,0,1,0,0,0,0,0,722229.4077,5372015.8507,12.00622785,48.46198569,2,#fc8d62,car
9,7,71,145,2018,11,17,5,3,0,1,2,1,0,0,0,0,0,0,649705.6456,5344428.8054,11.016134008,48.235393762,1,#66c2a5,bicycle
9,7,61,0,2018,11,7,4,3,0,1,1,1,0,0,0,0,0,0,641302.9222,5355877.5561,10.906868572,48.34026629,1,#66c2a5,bicycle
9,7,61,0,2018,11,16,7,3,3,3,1,0,1,0,0,0,0,0,641074537.0,5363870027.0,10.906470524,48.412182559,2,#fc8d62,car
9,1,82,127,2018,11,22,3,3,2,6,2,0,1,0,0,1,1,0,702790.4462,5310573.5333,11.714253962,47.916389756,2,#fc8d62,car
9,1,78,133,2018,11,14,5,3,0,6,0,0,0,0,1,1,0,0,689170.7794,5366908.5914,11.557222132,48.426893485,4,#e78ac3,marker
9,1,84,114,2018,11,12,3,3,3,6,0,0,1,0,0,1,0,0,700733.9506,5315607.0247,11.689106871,47.96227461,2,#fc8d62,car
9,1,82,125,2018,11,16,3,3,5,3,0,1,0,0,0,0,1,0,712361.6351,5296185.7368,11.835139351,47.783997941,1,#66c2a5,bicycle
9,7,71,113,2018,11,12,4,3,5,3,0,0,0,0,1,0,1,0,658526885.0,5370419881.0,11.144636349,48.466918948,4,#e78ac3,marker