ULAND,UREGBEZ,UKREIS,UGEMEINDE,UJAHR,UMONAT,USTUNDE,UWOCHENTAG,UKATEGORIE,UART,UTYP1,ULICHTVERH,IstRad,IstPKW,IstFuss,IstKrad,IstGkfz,IstSonstig,STRZUSTAND,LINREFX,LINREFY,XGCSWGS84,YGCSWGS84,Teilnehmer,color,symbol
9,1,74,115,2018,11,14,7,3,2,6,0,0,1,0,0,0,0,0,679561869.0,5347775.0236,11.41929529,48.257722048,2,#fc8d62,car
9,1,82,120,2018,11,9,3,3,2,6,0,0,1,0,0,0,0,0,703433.4778,5306913.0885,11.721124876,47.883289023,2,#fc8d62,car
9,1,87,179,2018,11,18,3,3,3,6,2,0,1,0,0,0,0,0,725231.4391,5310903.9782,12.014379946,47.911871237,2,#fc8d62,car
9,1,87,165,2018,11,11,7,3,2,6,0,0,1,0,0,0,0,0,733606423.0,5299029.8148,12.119884522,47.802198229,2,#fc8d62,car
9,1,62,0,2018,11,17,5,2,0,4,2,1,0,1,0,0,0,0,701099.6146,5332399.9333,11.701884987,48.11308012,1,#66c2a5,bicycle
9,1,62,0,2018,11,15,6,3,8,7,0,0,1,0,0,0,0,0,682667.7849,5341114.7473,11.45823224,48.196968244,2,#fc8d62,car
9,1,88,121,2018,11,17,3,3,2,6,2,0,1,0,0,0,0,0,669906.4287,5329193.1802,11.281886759,48.093338702,2,#fc8d62,car
9,1,81,130,2018,11,18,3,2,2,6,2,0,1,0,0,0,0,0,638925.0979,5325452.46,10.864837174,48.067209056,2,#fc8d62,car
9,1,79,121,2018,11,18,3,3,5,3,2,1,1,0,0,0,0,0,663314.3922,5338360096.0,11.196937434,48.177476025,1,#66c2a5,bicycle
9,1,74,143,2018,11,6,3,3,5,3,2,0,1,0,0,0,0,0,674426.9501,5352841.2349,11.352263353,48.304697338,2,#fc8d62,car
9,1,75,118,2018,11,10,3,3,0,6,0,0,1,0,0,1,0,0,716133.3588,5340402.7063,11.907673987,48.180064473,2,#fc8d62,car
9,1,75,135,2018,11,15,3,3,0,2,0,1,0,0,0,0,1,0,706823.2137,5338502.1526,11.781655293,48.166084098,1,#66c2a5,bicycle
9,1,78,124,2018,11,13,3,2,1,1,0,1,1,0,0,0,0,0,703229619.0,5365123.1609,11.746186129,48.406471092,1,#66c2a5,bicycle
9,1,78,115,2018,11,17,3,3,2,7,2,0,1,0,0,0,1,0,703414.5901,5377746.0526,11.754818726,48.519841649,2,#fc8d62,car
9,1,62,0,2018,11,16,2,3,6,4,0,0,1,1,0,0,0,0,694648.9218,5334167.2293,11.616118498,48.130968031,2,#fc8d62,car
9,1,62,0,2018,11,12,2,3,3,6,0,0,1,0,0,1,0,0,694755.2108,5333715.5334,11.617339066,48.126875863,2,#fc8d62,car
9,1,62,0,2018,11,9,2,3,2,6,0,0,1,0,1,0,0,0,694594.9478,5334607.97,11.615595163,48.134945732,2,#fc8d62,car
9,1,62,0,2018,11,10,2,3,1,3,0,0,1,0,0,1,0,0,693228515.0,5337553.0622,11.598585099,48.161831664,2,#fc8d62,car
9,7,72,184,2018,11,20,5,3,5,3,2,0,1,0,0,0,0,0,634885.0782,5362458.6075,10.82241805,48.400846286,2,#fc8d62,car
9,2,61,0,2018,11,13,7,2,3,2,0,1,1,0,0,0,0,0,730739.5049,5380963.0359,12.126117238,48.53929565,1,#66c2a5,bicycle
9,1,87,182,2018,11,17,5,2,4,6,2,0,1,0,1,0,1,0,736788.8678,5327970.5641,12.178227116,48.061025317,2,#fc8d62,car
9,1,62,0,2018,11,22,7,3,3,2,2,1,1,0,0,0,0,0,688506.9883,5334951.9096,11.534002067,48.139869554,1,#66c2a5,bicycle
9,1,62,0,2018,11,17,1,2,2,6,2,0,1,0,0,0,0,0,694382.6582,5341184713.0,11.615750545,48.19411943,2,#fc8d62,car
9,1,90,148,2018,11,18,6,2,5,3,2,1,1,0,0,0,0,0,642372747.0,5296913718.0,10.901652174,47.809819944,1,#66c2a5,bicycle
9,7,73,182,2018,11,18,2,3,5,3,2,1,1,0,0,0,0,0,624502.9792,5379924223.0,10.687415034,48.56004236,1,#66c2a5,bicycle
9,1,78,113,2018,11,8,5,3,0,3,0,0,1,0,0,0,0,0,691814.1071,5367339275.0,11.593114034,48.429964866,2,#fc8d62,car
9,7,72,147,2018,11,6,2,3,2,6,0,0,1,0,0,0,0,0,638708.9018,5364103.8365,10.874596771,48.414810036,2,#fc8d62,car
9,1,74,131,2018,11,18,6,3,2,6,2,0,1,0,0,0,0,0,676630.8596,5357733.2155,11.384007686,48.348059293,2,#fc8d62,car
9,1,73,147,2018,11,7,5,3,2,6,0,0,1,0,1,0,0,0,680974.5108,5310648.3078,11.422575741,47.923590328,2,#fc8d62,car
9,1,62,0,2018,11,13,2,3,8,7,0,0,1,0,0,0,0,0,692796.5959,5339033.1119,11.593453772,48.175265017,2,#fc8d62,car
9,1,75,133,2018,11,16,4,3,8,7,1,0,1,0,0,0,0,0,710649.1754,5342353.7818,11.834956964,48.199438254,2,#fc8d62,car
9,1,62,0,2018,11,14,2,3,2,6,0,0,1,0,0,0,0,0,685447.4941,5340919.5642,11.495518078,48.194408205,2,#fc8d62,car
9,1,62,0,2018,11,8,2,3,2,6,0,0,1,0,0,0,0,0,688672.4355,5335924.2144,11.536654671,48.148559724,2,#fc8d62,car
9,1,62,0,2018,11,17,2,3,0,5,1,1,0,0,0,0,1,0,685893.05,5331778706.0,11.497515104,48.112116483,1,#66c2a5,bicycle
9,2,74,113,2018,11,7,4,3,9,1,0,0,1,0,0,0,0,1,728835.9957,5383791.3906,12.101921696,48.565400099,2,#fc8d62,car
9,1,75,132,2018,11,17,5,3,2,6,2,0,1,0,0,0,0,0,705301.8527,5333852.7876,11.758976741,48.124795659,2,#fc8d62,car
9,7,71,146,2018,11,18,5,3,2,6,2,0,1,0,0,0,0,0,646785.0263,5348676.3002,10.978298972,48.274267574,2,#fc8d62,car
9,7,77,121,2018,11,13,3,3,3,6,0,0,1,0,0,1,0,1,627413.9461,5320430.0029,10.708898544,48.024445069,2,#fc8d62,car
9,1,74,135,2018,11,18,5,3,2,6,2,0,1,0,0,0,1,0,663228.7423,5353301.9342,11.201546107,48.311827703,2,#fc8d62,car
9,1,90,148,2018,11,17,4,3,2,5,2,0,1,0,0,0,0,0,642241.8797,5297480.1228,10.900091052,47.814942293,2,#fc8d62,car
9,1,62,0,2018,11,18,4,3,2,6,2,0,1,0,0,0,0,1,689013.8434,5329493.6492,11.538389332,48.090659489,2,#fc8d62,car
9,7,61,0,2018,11,13,2,3,2,5,0,0,1,0,0,0,0,0,641367.5381,5355584.6889,10.907641767,48.337618473,2,#fc8d62,car
9,7,72,159,2018,11,22,2,2,4,6,2,0,1,0,0,0,0,1,626955.3049,5361005.3085,10.714891838,48.389424244,2,#fc8d62,car
9,7,77,155,2018,11,7,3,3,5,2,0,0,1,0,0,0,0,0,628298.3223,5312277.8176,10.718318472,47.950954229,2,#fc8d62,car
9,7,72,130,2018,11,9,2,3,4,2,0,0,1,0,0,0,0,0,630502.9248,5359485279.0,10.762317205,48.37503155,2,#fc8d62,car
9,7,72,141,2018,11,11,2,1,4,6,0,0,1,0,1,0,0,0,624032.5376,5350640.6508,10.672376582,48.296798503,2,#fc8d62,car
9,7,71,163,2018,11,12,2,3,8,1,0,0,1,0,0,0,0,0,647163.5718,5342025485.0,10.981086111,48.214379496,2,#fc8d62,car
9,7,61,0,2018,11,7,2,3,0,1,0,0,0,0,1,0,0,1,636426116.0,5360859.8767,10.84270837,48.386139054,4,#e78ac3,marker
9,1,84,131,2018,11,14,4,3,2,6,0,0,0,0,0,1,0,0,704024.1471,5338126.6446,11.743874401,48.163614003,5,#a6d854,bus
9,7,61,0,2018,11,22,2,3,2,6,2,0,1,0,0,0,0,0,643364.8153,5361311.3907,10.936529171,48.38865996,2,#fc8d62,car
9,1,62,0,2018,11,22,5,3,5,2,2,0,1,0,0,0,0,1,694983867.0,5332993362.0,11.620078342,48.120315301,2,#fc8d62,car
9,7,61,0,2018,11,13,2,2,3,6,0,0,1,0,0,1,0,0,642850.3966,5360018.4212,10.92914513,48.377150972,2,#fc8d62,car
9,7,61,0,2018,11,12,2,3,5,1,0,0,1,0,0,0,0,0,641099.5128,5355555834.0,10.904017394,48.337418929,2,#fc8d62,car
9,1,87,177,2018,11,4,1,2,8,1,2,0,1,0,0,0,0,0,736242.0069,5305839.0703,12.158742513,47.862409572,2,#fc8d62,car
9,1,62,0,2018,11,8,3,3,2,6,0,0,1,0,0,0,0,0,690227.3771,5329038.5282,11.554467208,48.086207803,2,#fc8d62,car
9,1,87,179,2018,11,13,5,2,2,6,0,0,1,0,1,0,0,0,724893.8746,5313137.4325,12.011033976,47.932056987,2,#fc8d62,car
9,1,63,0,2018,11,15,1,3,5,3,0,1,1,0,0,0,0,0,733575.8151,5303185748.0,12.121716151,47.83954669,1,#66c2a5,bicycle
9,1,81,130,2018,11,6,5,3,3,6,2,0,1,0,0,0,0,1,636962297.0,5323431.97,10.837857019,48.049464381,2,#fc8d62,car
9,7,72,131,2018,11,15,5,2,5,3,0,0,1,0,0,0,0,0,621596291.0,5357031373.0,10.641385454,48.354743047,2,#fc8d62,car
9,1,84,119,2018,11,16,5,3,2,6,2,0,1,0,0,0,0,0,695958099.0,5346458859.0,11.639364523,48.241035618,2,#fc8d62,car
9,7,61,0,2018,11,19,5,3,0,1,2,1,0,0,0,0,0,1,641494.1875,5353888.2629,10.908780255,48.322336424,1,#66c2a5,bicycle
9,1,63,0,2018,11,16,4,2,0,7,1,1,0,0,0,0,0,0,732608.1706,5306517404.0,12.110594819,47.869829512,1,#66c2a5,bicycle
9,7,61,0,2018,11,18,3,3,2,6,2,0,1,0,0,0,0,1,639811933.0,5352493.1539,10.885636732,48.310166154,2,#fc8d62,car
9,7,71,130,2018,11,8,4,3,4,1,0,0,1,0,0,0,0,1,651281.2238,5351733.4223,11.039952119,48.300696114,2,#fc8d62,car
9,2,61,0,2018,11,8,5,3,5,3,0,1,1,0,0,0,0,0,730855.5461,5381861.1988,12.128184591,48.547321094,1,#66c2a5,bicycle
9,1,79,123,2018,11,17,4,3,2,6,2,0,1,0,0,0,0,0,678210.9067,5332293.3511,11.394614328,48.118938637,2,#fc8d62,car
9,1,87,137,2018,11,8,3,3,5,3,0,0,1,0,0,0,0,0,729460.1751,5311955.3866,12.071451332,47.919818793,2,#fc8d62,car
9,1,87,122,2018,11,9,3,3,1,5,0,0,1,0,0,1,0,0,717976.4209,5306636.6188,11.915259932,47.876032619,2,#fc8d62,car
9,1,85,158,2018,11,17,5,3,5,3,2,0,1,0,0,0,0,0,667431.1124,5380491.0928,11.26904256,48.555145499,2,#fc8d62,car
9,1,78,145,2018,11,5,4,3,2,6,2,0,1,0,0,0,0,1,696021.6451,5356032.6233,11.644660655,48.327056942,2,#fc8d62,car
9,2,74,113,2018,11,5,4,3,2,6,2,0,1,0,0,0,0,0,728384.4629,5383934.0659,12.095888695,48.566846406,2,#fc8d62,car
9,1,84,112,2018,11,17,5,3,2,6,2,0,1,0,0,0,1,0,701603.8399,5340753.7009,11.712608273,48.187994947,2,#fc8d62,car
9,7,72,217,2018,11,20,5,3,8,1,2,0,1,0,0,0,0,0,636022696.0,5382034073.0,10.8441534,48.576619937,2,#fc8d62,car
9,1,90,120,2018,11,13,4,2,5,3,0,0,1,0,1,0,0,0,665152.8019,5296987.9191,11.205733376,47.805045218,2,#fc8d62,car
9,2,74,134,2018,11,13,2,3,6,4,0,0,1,1,0,0,0,0,740361.1967,5374346964.0,12.252450711,48.476259956,2,#fc8d62,car
9,1,77,143,2018,11,12,5,3,3,6,0,0,1,0,0,0,1,0,719036.9046,5363872.2876,11.958847601,48.389939327,2,#fc8d62,car
9,2,61,0,2018,11,16,2,2,4,2,1,1,1,0,0,0,0,0,731675.9785,5382228.7701,12.139488862,48.5503205,1,#66c2a5,bicycle
9,7,72,111,2018,11,6,3,3,3,6,1,0,1,0,0,0,0,0,627721.3042,5364057.6244,10.726162731,48.416717438,2,#fc8d62,car
9,7,77,140,2018,11,15,3,3,4,1,0,0,1,0,1,0,0,1,628983.0429,5317632.5033,10.729092196,47.998972063,2,#fc8d62,car
9,1,88,144,2018,11,10,3,3,2,6,0,0,1,0,0,0,0,0,666203.1485,5328631.3775,11.231971641,48.08926455,2,#fc8d62,car
9,1,90,152,2018,11,14,2,3,5,3,0,0,0,0,1,1,0,0,668289.1365,5299954.4115,11.248740286,47.830903313,4,#e78ac3,marker
9,1,81,145,2018,11,19,4,3,2,6,2,0,1,0,0,0,0,1,647595.0984,5330444.7491,10.982872854,48.110150778,2,#fc8d62,car
9,1,84,136,2018,11,12,5,3,0,7,0,0,0,0,0,0,1,0,698976.2112,5327315.7542,11.671019311,48.068054251,6,#ffd92f,circle
9,1,79,142,2018,11,18,3,3,5,3,2,0,1,0,1,0,0,0,670964491.0,5341130.4282,11.300879044,48.200368121,2,#fc8d62,car
9,1,81,129,2018,11,20,3,3,9,1,2,0,1,0,0,0,0,1,643186.1408,5304390737.0,10.914984243,47.876875905,2,#fc8d62,car
9,1,90,148,2018,11,6,5,3,6,1,1,1,0,1,0,0,0,1,642575.3152,5296775.3977,10.904310818,47.808531254,1,#66c2a5,bicycle
9,1,84,148,2018,11,12,2,3,2,6,0,0,1,0,0,0,0,0,693362274.0,5326308.9339,11.59528493,48.060731547,2,#fc8d62,car
9,1,78,124,2018,11,16,4,3,5,1,0,1,1,0,0,0,0,0,703500.4644,5364761.7118,11.749666389,48.403135677,1,#66c2a5,bicycle
9,1,81,130,2018,11,7,3,3,5,3,0,1,1,0,0,0,0,1,639910.7372,5323429.3283,10.877398635,48.048801091,1,#66c2a5,bicycle
9,1,87,170,2018,11,7,2,3,6,3,0,0,1,1,0,0,0,0,733506.6176,5318262.5401,12.128953966,47.975020769,2,#fc8d62,car
9,1,87,124,2018,11,6,2,1,5,3,1,0,1,0,1,0,0,1,732999.8909,5329597.0992,12.128336207,48.077032243,2,#fc8d62,car
9,1,78,120,2018,11,22,3,3,4,6,2,0,1,0,0,0,0,1,691379614.0,5352434893.0,11.58046681,48.296144528,2,#fc8d62,car
9,2,61,0,2018,11,10,4,3,2,6,0,0,1,0,0,0,0,0,734048.1774,5381527.6372,12.17119006,48.543142033,2,#fc8d62,car
9,1,77,126,2018,11,15,3,3,3,6,0,0,1,0,0,0,0,1,719222108.0,5370409.1231,11.964762092,48.448605092,2,#fc8d62,car
9,1,75,135,2018,11,14,3,3,6,4,0,0,1,1,0,0,0,0,708663.0644,5339296072.0,11.806759157,48.172617158,2,#fc8d62,car
9,1,81,146,2018,11,19,5,2,2,6,2,0,1,0,0,0,0,0,652286.0717,5326574.5777,11.044472541,48.074248538,2,#fc8d62,car
9,7,61,0,2018,11,17,5,3,2,6,2,0,1,0,0,0,0,0,641035892.0,5356923259.0,10.903617331,48.349728576,2,#fc8d62,car
9,1,62,0,2018,11,11,2,3,8,1,0,0,1,0,0,0,0,0,683627.2586,5333016.0188,11.467635996,48.123895541,2,#fc8d62,car
9,1,75,111,2018,11,15,3,3,5,3,0,0,1,0,0,0,0,0,712342.8557,5338343989.0,11.855717971,48.162843354,2,#fc8d62,car
9,1,62,0,2018,11,12,2,3,9,1,0,0,1,0,0,0,0,0,684376.3955,5333017.9644,11.477694213,48.123696516,2,#fc8d62,car
9,1,62,0,2018,11,9,2,3,3,6,0,0,1,0,0,0,0,0,681144.6105,5340238.6589,11.43737989,48.189529648,2,#fc8d62,car
9,1,88,139,2018,11,14,2,3,5,3,0,1,0,0,0,0,1,0,675131508.0,5320137313.0,11.348294387,48.010516322,1,#66c2a5,bicycle
9,1,78,130,2018,11,13,3,3,5,3,2,0,1,0,0,0,0,0,704059.2221,5356547183.0,11.753222561,48.329137706,2,#fc8d62,car
9,1,81,130,2018,11,16,2,3,6,7,0,0,0,1,0,0,1,0,639841378.0,5323351396.0,10.876442987,48.048115503,3,#8da0cb,toilet
9,1,84,138,2018,11,17,4,3,5,7,1,1,0,0,0,0,1,0,681197.4411,5330683.8096,11.434023305,48.103627805,1,#66c2a5,bicycle
9,1,78,145,2018,11,17,2,3,2,6,2,0,1,0,0,0,0,0,693361.3205,5357083.5804,11.609289546,48.337321557,2,#fc8d62,car
9,1,78,143,2018,11,13,3,3,0,1,0,1,0,0,0,0,0,0,717005321.0,5372529.7061,11.935922787,48.468425828,1,#66c2a5,bicycle
9,1,77,144,2018,11,0,2,3,8,1,2,0,1,0,0,0,0,0,714342.5406,5346637437.0,11.886763014,48.236692842,2,#fc8d62,car
9,1,62,0,2018,11,18,5,3,9,6,0,0,1,0,0,0,0,0,701115.5417,5335635.4572,11.703625553,48.142152629,2,#fc8d62,car
9,7,61,0,2018,11,6,5,3,2,2,2,0,1,0,0,0,0,1,642049163.0,5364855.4746,10.919967606,48.420824259,2,#fc8d62,car
9,1,77,130,2018,11,8,2,3,2,6,0,0,1,0,0,0,0,0,707266.3352,5350868.3353,11.793652453,48.277064229,2,#fc8d62,car
9,1,78,144,2018,11,7,3,3,4,6,0,0,1,0,1,0,0,1,708014.3565,5377642.7588,11.816983736,48.517406675,2,#fc8d62,car
9,1,62,0,2018,11,14,1,3,5,2,0,1,1,0,0,0,0,0,696037088.0,5333806.4697,11.634589372,48.127299698,1,#66c2a5,bicycle
9,7,72,163,2018,11,8,3,3,2,6,0,0,1,0,0,0,0,0,639086.7125,5350238.1908,10.875118186,48.290049681,2,#fc8d62,car
9,1,78,144,2018,11,7,3,3,4,3,1,0,1,0,0,1,0,1,708012731.0,5377645.4052,11.81696307,48.517430993,2,#fc8d62,car
9,7,73,182,2018,11,20,1,2,5,3,2,0,1,0,1,0,0,0,624390448.0,5380879.6171,10.686176205,48.568655983,2,#fc8d62,car
9,7,72,223,2018,11,1,1,3,8,1,2,0,1,0,0,0,0,1,617414.2486,5363082.3843,10.586647183,48.40995211,2,#fc8d62,car
9,1,84,112,2018,11,6,4,3,2,6,1,0,1,0,0,1,0,1,703562.1195,5338833.9141,11.738006603,48.170118074,2,#fc8d62,car
9,1,77,135,2018,11,18,3,3,2,6,2,0,1,0,0,0,0,0,716892.3696,5342291.0637,11.918835494,48.196773151,2,#fc8d62,car
9,2,61,0,2018,11,16,3,3,2,6,0,0,1,0,0,0,0,1,732133.1935,5380704.7149,12.144825867,48.536461257,2,#fc8d62,car
9,1,62,0,2018,11,20,3,3,5,3,2,0,1,0,0,0,0,0,693101.1797,5338865.4205,11.59747042,48.173665391,2,#fc8d62,car
9,1,62,0,2018,11,7,2,2,4,6,0,1,0,0,0,0,0,0,700701278.0,5332592.0481,11.696629671,48.114932308,1,#66c2a5,bicycle
9,1,87,179,2018,11,0,5,3,9,1,2,0,1,0,0,0,0,1,723362.8477,5309487.9519,11.988673867,47.899801526,2,#fc8d62,car
9,1,84,114,2018,11,17,2,2,5,3,2,0,1,0,0,0,0,0,700966.8588,5322840.2673,11.695609655,48.02720843,2,#fc8d62,car
9,2,61,0,2018,11,11,4,2,5,2,0,1,1,0,0,0,0,0,731810.3638,5381206.9984,12.140738556,48.54109249,1,#66c2a5,bicycle
9,1,79,113,2018,11,15,5,3,4,6,0,0,1,0,0,1,0,0,670507.8028,5336240.4111,11.292775959,48.156531199,2,#fc8d62,car
9,7,72,200,2018,11,10,5,3,5,3,0,0,0,0,1,1,0,1,629162.1672,5336772.3671,10.737280624,48.171059285,4,#e78ac3,marker
9,1,90,159,2018,11,17,4,3,5,3,2,0,1,0,0,0,1,0,663096.0797,5305780539.0,11.181598938,47.884623266,2,#fc8d62,car
9,1,75,111,2018,11,18,5,3,4,2,2,1,1,0,0,0,0,0,712222.5364,5337071.3087,11.853467191,48.151447515,1,#66c2a5,bicycle
9,7,72,147,2018,11,17,3,3,2,6,2,0,1,0,0,0,0,0,638990.9417,5364078.7559,10.878397992,48.414522372,2,#fc8d62,car
9,7,61,0,2018,11,17,4,3,1,6,2,0,1,0,0,0,0,1,637414.0069,5359468.9582,10.855589804,48.373417663,2,#fc8d62,car
9,2,61,0,2018,11,8,1,3,9,1,0,0,1,0,0,0,0,0,731810.6487,5382269.5031,12.141333619,48.550636648,2,#fc8d62,car
9,1,74,135,2018,11,13,4,3,3,6,0,0,1,0,0,0,1,0,664107.7201,5352450.7554,11.213061116,48.303948155,2,#fc8d62,car
9,1,73,118,2018,11,1,1,2,8,1,2,0,0,0,0,0,1,1,688672.0179,5302373.2024,11.521899931,47.846989458,6,#ffd92f,circle
9,1,84,135,2018,11,16,4,3,5,3,2,0,1,0,0,0,0,1,686616.9255,5347511.5238,11.51414091,48.253315331,2,#fc8d62,car
9,1,78,113,2018,11,15,3,2,2,6,0,0,1,0,0,0,0,0,691638.2092,5365182.1406,11.589752997,48.410631543,2,#fc8d62,car
9,7,72,223,2018,11,7,4,3,1,6,1,0,1,0,0,1,0,1,622164.0789,5363425337.0,10.650905467,48.412133408,2,#fc8d62,car
9,1,90,157,2018,11,17,1,3,4,3,2,0,1,0,1,0,0,0,661910.0949,5299932.4548,11.163557075,47.83234348,2,#fc8d62,car
9,1,79,123,2018,11,12,6,2,9,1,0,0,1,0,0,0,0,0,676979.6237,5333825.3702,11.378720633,48.133053727,2,#fc8d62,car
9,1,77,126,2018,11,13,3,2,5,3,0,0,1,0,0,0,0,0,720907.0771,5369488.4823,11.987032038,48.439744834,2,#fc8d62,car
9,7,71,129,2018,11,1,1,2,8,1,2,0,1,0,0,0,0,0,659823.7384,5356267.1979,11.156779522,48.339355951,2,#fc8d62,car
9,1,81,124,2018,11,16,1,3,9,1,0,0,1,0,0,0,0,0,645643.2166,5319395.0588,10.952903206,48.011242986,2,#fc8d62,car
9,1,62,0,2018,11,17,1,3,2,6,2,0,1,0,0,0,0,0,696043.6607,5343575.7082,11.639182153,48.21509752,2,#fc8d62,car
9,1,62,0,2018,11,17,7,3,2,6,2,0,1,0,0,0,0,0,683671.0478,5335584.7162,11.469331425,48.146971935,2,#fc8d62,car
9,1,62,0,2018,11,0,7,3,2,6,2,0,1,0,0,0,0,0,694989.2738,5333017.4475,11.620161932,48.120530115,2,#fc8d62,car
9,1,62,0,2018,11,0,7,3,0,7,2,0,0,0,0,0,1,1,695236.5154,5341982.8652,11.627595176,48.201030843,6,#ffd92f,circle
9,1,84,131,2018,11,13,7,3,4,2,0,0,1,0,0,0,0,0,704865005.0,5336965.3491,11.754610225,48.152907612,2,#fc8d62,car
9,1,62,0,2018,11,12,7,3,9,7,0,1,0,0,0,0,0,0,694662.1304,5334340.1817,11.616374848,48.132518417,1,#66c2a5,bicycle
9,1,84,129,2018,11,20,3,2,6,7,2,0,1,0,0,0,1,0,699539.4782,5324443.6529,11.677232545,48.042065983,2,#fc8d62,car
9,1,73,137,2018,11,21,2,2,4,7,2,0,1,0,0,0,0,0,679125.5502,5304764.2392,11.395405087,47.871214959,2,#fc8d62,car
9,1,63,0,2018,11,2,5,3,8,1,2,1,0,0,0,0,0,1,734381.9836,5304467.1984,12.133167799,47.850765891,1,#66c2a5,bicycle
9,1,87,122,2018,11,9,3,3,9,1,0,0,1,0,0,0,0,0,717050.3503,5306292.7267,11.902718216,47.873256106,2,#fc8d62,car
9,7,72,125,2018,11,10,3,3,3,6,0,1,1,0,0,0,0,0,636483.4386,5348675.8738,10.839536063,48.276567933,1,#66c2a5,bicycle
9,7,71,111,2018,11,13,7,3,3,6,0,0,1,0,0,1,0,0,658021.8366,5357799.1399,11.133055852,48.353581955,2,#fc8d62,car
9,1,62,0,2018,11,19,4,3,2,6,2,0,1,0,0,0,0,0,689475.5119,5339033.7895,11.548825916,48.176269958,2,#fc8d62,car
9,7,71,112,2018,11,12,7,3,0,1,0,0,1,0,0,0,0,0,642694015.0,5366790.1266,10.929337057,48.438073778,2,#fc8d62,car
9,1,74,143,2018,11,12,5,3,1,6,0,0,1,0,0,0,0,0,675272.1482,5352516.2414,11.363516406,48.301542356,2,#fc8d62,car
9,1,84,121,2018,11,10,6,3,2,6,0,0,0,0,0,1,0,0,704994.57,5331646.4332,11.753791732,48.105067051,5,#a6d854,bus
9,1,62,0,2018,11,20,4,3,2,7,2,0,1,0,0,0,1,0,691069.3377,5339211.0701,11.570323474,48.177386129,2,#fc8d62,car
9,1,78,145,2018,11,15,6,3,2,6,0,0,1,0,0,0,0,0,693679815.0,5356327518.0,11.613235299,48.33042907,2,#fc8d62,car
9,1,77,116,2018,11,7,3,3,2,6,0,0,1,0,0,0,0,0,709985.7508,5363913.2917,11.836760323,48.393385771,2,#fc8d62,car
9,2,61,0,2018,11,8,2,3,5,3,0,1,1,0,0,0,0,1,735602103.0,5382368659.0,12.192686368,48.550114879,1,#66c2a5,bicycle
9,1,74,126,2018,11,5,3,3,2,6,2,0,1,0,0,0,0,0,682031.4125,5345567.0873,11.451587544,48.237171314,2,#fc8d62,car
9,1,73,147,2018,11,20,4,3,5,3,2,0,1,0,0,0,0,1,681594.6747,5308851.1107,11.430112686,47.907259572,2,#fc8d62,car
9,1,62,0,2018,11,7,2,3,4,2,1,0,1,0,0,0,0,1,692192.6556,5342940.3883,11.587106662,48.210565404,2,#fc8d62,car
9,1,77,139,2018,11,14,4,3,2,6,0,0,1,0,0,0,0,0,731275058.0,5355551.9844,12.11934791,48.310828197,2,#fc8d62,car
9,1,73,147,2018,11,11,5,3,0,7,0,0,0,0,0,0,1,0,680844.0439,5309312.7966,11.420270591,47.911621862,6,#ffd92f,circle
9,7,71,156,2018,11,14,4,3,4,2,0,0,1,0,0,0,1,0,653561.2334,5383503.7264,11.082324022,48.585780146,2,#fc8d62,car
9,1,86,151,2018,11,17,5,3,2,6,2,0,1,0,0,0,0,0,681371.4812,5375785.6861,11.455742499,48.508976391,2,#fc8d62,car
9,1,85,158,2018,11,6,3,3,2,6,1,0,1,0,0,0,0,0,667409.8774,5380500.6061,11.268758842,48.555236686,2,#fc8d62,car
9,1,81,128,2018,11,21,4,3,3,6,2,0,1,0,0,0,0,1,638523.6825,5327009.8302,10.8599566,48.081300741,2,#fc8d62,car
9,1,84,121,2018,11,14,5,1,2,6,0,0,0,0,0,1,1,0,703639645.0,5328667.7668,11.734191453,48.07873295,5,#a6d854,bus
9,1,78,143,2018,11,11,6,3,5,3,0,0,1,0,0,0,0,0,716441.1947,5371826.1597,11.927937029,48.462299018,2,#fc8d62,car
9,1,74,135,2018,11,20,2,3,3,6,2,0,1,0,0,0,1,0,661316.9931,5354693.3843,11.1763131,48.324827624,2,#fc8d62,car
9,1,62,0,2018,11,19,4,1,6,4,2,0,1,1,0,0,0,1,693020.3831,5331323.2152,11.592966537,48.105902621,2,#fc8d62,car
9,1,83,144,2018,11,8,7,3,8,1,0,0,1,0,0,0,0,2,740175711.0,5351736.3413,12.237031633,48.273238411,2,#fc8d62,car
9,1,79,142,2018,11,6,2,3,2,6,2,0,1,0,0,0,0,1,671811.2788,5342482.2828,11.312813066,48.212292077,2,#fc8d62,car
9,1,84,129,2018,11,15,3,3,3,6,1,0,1,0,0,1,0,0,700850.6982,5326029.5277,11.695549342,48.055907352,2,#fc8d62,car
9,1,87,124,2018,11,11,7,3,8,1,0,0,1,0,0,0,0,0,734709.6428,5325238.3058,12.148865115,48.037248195,2,#fc8d62,car
9,2,74,183,2018,11,16,5,3,2,6,2,0,1,0,0,0,0,0,740949.7519,5362974.4718,12.2538675,48.37388742,2,#fc8d62,car