ULAND,UREGBEZ,UKREIS,UGEMEINDE,UJAHR,UMONAT,USTUNDE,UWOCHENTAG,UKATEGORIE,UART,UTYP1,ULICHTVERH,IstRad,IstPKW,IstFuss,IstKrad,IstGkfz,IstSonstig,STRZUSTAND,LINREFX,LINREFY,XGCSWGS84,YGCSWGS84,Teilnehmer,color,symbol
9,1,85,158,2018,11,7,7,3,8,1,1,0,1,0,0,0,0,0,659642.8305,5383122.7054,11.16458529,48.580834483,2,#fc8d62,car
9,1,81,130,2018,11,7,2,3,2,6,0,0,1,0,0,0,0,1,642246.9341,5324571.8507,10.909108982,48.058558377,2,#fc8d62,car
9,1,81,138,2018,11,13,2,3,5,3,0,0,1,0,0,0,0,0,639981.9676,5334742.7832,10.882064808,48.150518097,2,#fc8d62,car
9,1,81,113,2018,11,6,7,3,9,1,2,0,1,0,0,0,0,0,637533.9319,5309311.2197,10.841000853,47.922359931,2,#fc8d62,car
9,1,84,141,2018,11,17,3,3,2,6,2,0,1,0,0,0,0,1,700205045.0,5317218525.0,11.68278004,47.976923348,2,#fc8d62,car
9,1,81,127,2018,11,8,7,3,8,1,0,0,1,0,0,0,0,0,635959.6743,5321771.1201,10.823882743,48.034743472,2,#fc8d62,car
9,1,77,144,2018,11,6,3,3,8,1,2,0,0,0,1,0,0,1,714421.7434,5345361.4734,11.887182756,48.225201043,4,#e78ac3,marker
9,1,74,122,2018,11,11,7,3,8,1,0,0,1,0,0,0,0,0,686735.2334,5354323.8,11.51874368,48.314509549,2,#fc8d62,car
9,1,74,131,2018,11,14,7,3,5,3,0,0,1,0,0,0,0,0,676101.8677,5359927.5575,11.377792468,48.367931648,2,#fc8d62,car
9,2,61,0,2018,11,16,2,3,4,2,2,0,1,0,0,0,0,1,734858.7286,5381975.7631,12.182407462,48.546864453,2,#fc8d62,car
9,1,73,126,2018,11,13,5,3,2,6,0,0,1,0,0,0,0,0,683745.4767,5306160.9113,11.457722308,47.882464732,2,#fc8d62,car
9,1,62,0,2018,11,7,7,3,8,1,0,0,1,0,0,0,0,2,695424947.0,5344332.0166,11.631210556,48.222085546,2,#fc8d62,car
9,1,74,131,2018,11,7,2,3,0,3,1,0,1,0,1,0,0,2,679021.1052,5358579.89,11.416599526,48.35499685,2,#fc8d62,car
9,2,61,0,2018,11,15,3,3,1,6,1,0,1,0,0,0,0,0,734140.3296,5382323.6412,12.172884053,48.550257778,2,#fc8d62,car
9,1,62,0,2018,11,18,7,3,1,6,2,0,1,0,0,0,0,0,693301.7961,5339910.4678,11.600641412,48.182996905,2,#fc8d62,car
9,1,84,149,2018,11,11,7,3,3,6,0,0,1,0,0,0,1,0,690355.7073,5351725.8693,11.566355829,48.290080858,2,#fc8d62,car
9,1,86,143,2018,11,7,4,3,0,1,0,0,0,0,1,0,0,0,685413.1,5377412229.0,11.511134099,48.522415357,4,#e78ac3,marker
9,1,78,143,2018,11,18,7,3,5,3,2,0,1,0,0,0,0,0,716411.3994,5373853.8297,11.928583595,48.480527244,2,#fc8d62,car
9,1,78,143,2018,11,14,7,3,0,1,0,1,0,0,0,0,0,0,717497.5297,5372132.3038,11.942366294,48.46468536,1,#66c2a5,bicycle
9,1,73,126,2018,11,6,2,3,2,1,1,0,1,0,0,0,0,2,685643.2599,5303799946.0,11.482067705,47.860696236,2,#fc8d62,car
9,1,79,138,2018,11,22,5,3,9,1,2,0,1,0,0,0,0,1,655305596.0,5335526544.0,11.088242867,48.154007756,2,#fc8d62,car
9,1,78,143,2018,11,19,7,3,8,1,2,0,1,0,0,0,0,0,719531.6215,5372051.3296,11.969803265,48.463251437,2,#fc8d62,car
9,1,77,113,2018,11,17,7,3,2,6,1,0,1,0,0,0,0,0,721631.6525,5357359.4076,11.990419283,48.330519138,2,#fc8d62,car
9,1,62,0,2018,11,8,6,3,2,6,0,0,1,0,0,0,0,0,693846.0701,5339954.6843,11.607976271,48.18322848,2,#fc8d62,car
9,1,74,143,2018,11,7,2,2,5,3,1,1,1,0,0,0,0,1,675623209.0,5352411.4783,11.368202622,48.300503289,1,#66c2a5,bicycle
9,1,62,0,2018,11,16,6,2,1,1,0,0,1,0,0,0,1,0,690932.3966,5330396.0555,11.564531767,48.098198522,2,#fc8d62,car
9,1,84,119,2018,11,21,6,1,4,1,2,0,1,0,0,0,0,0,696558.8493,5346323.8091,11.647384418,48.239635954,2,#fc8d62,car
9,1,84,119,2018,11,19,4,3,2,6,2,0,1,0,0,0,0,0,696318.9178,5349374.0648,11.645571197,48.267123516,2,#fc8d62,car
9,1,62,0,2018,11,18,6,3,2,6,2,0,1,0,0,0,0,0,684687.5883,5342413114.0,11.485952096,48.208054262,2,#fc8d62,car
9,7,61,0,2018,11,17,3,2,5,3,2,0,1,0,0,0,0,1,639815.3955,5352479.8093,10.885678982,48.310045396,2,#fc8d62,car
9,1,62,0,2018,11,16,6,3,2,6,2,0,1,0,0,0,0,0,687436.3755,5331720146.0,11.518203617,48.111137818,2,#fc8d62,car
9,1,62,0,2018,11,17,4,3,4,2,1,1,1,0,0,0,0,0,682607.5946,5342135.9803,11.457862366,48.206164994,1,#66c2a5,bicycle
9,1,74,126,2018,11,5,2,3,6,2,2,0,1,1,0,0,0,1,682915.4635,5344602.7593,11.463066209,48.228249068,2,#fc8d62,car
9,1,79,121,2018,11,17,3,2,3,6,2,1,1,0,0,0,0,0,667637.9764,5338566.4155,11.255134381,48.178204904,1,#66c2a5,bicycle
9,1,78,143,2018,11,13,2,3,9,6,0,0,1,0,1,0,0,0,713341365.0,5372059391.0,11.886178361,48.46545326,2,#fc8d62,car
9,7,62,0,2018,11,7,6,3,0,1,0,1,0,0,0,0,0,0,621878171.0,5303076532.0,10.629768486,47.869454896,1,#66c2a5,bicycle
9,7,61,0,2018,11,5,6,2,8,1,2,0,1,0,0,0,0,1,639741.4411,5352598.1512,10.884721325,48.31112585,2,#fc8d62,car
9,7,61,0,2018,11,18,6,3,2,6,2,0,1,0,0,1,0,0,640585.3563,5363975.6919,10.89989897,48.41324197,2,#fc8d62,car
9,1,78,124,2018,11,17,2,3,5,2,2,0,1,0,1,0,0,0,702640.3312,5362947.7702,11.737183074,48.387112109,2,#fc8d62,car
9,1,62,0,2018,11,8,4,3,2,6,2,0,1,0,0,0,0,0,691861889.0,5339251.8052,11.580992304,48.177513456,2,#fc8d62,car
9,7,61,0,2018,11,13,6,3,2,6,0,0,1,0,0,0,0,0,637636.8936,5360701.2516,10.859001474,48.384449688,2,#fc8d62,car
9,7,61,0,2018,11,19,6,3,4,2,2,0,1,0,0,0,0,0,640991.2948,5360400.8165,10.904181392,48.381007483,2,#fc8d62,car
9,1,77,133,2018,11,8,2,3,4,3,0,0,1,0,0,1,0,1,713696.4966,5356071.5458,11.882842995,48.321679777,2,#fc8d62,car
9,1,78,124,2018,11,10,3,3,3,6,0,0,1,0,0,1,0,0,705119.3377,5362817.4994,11.770564424,48.385140346,2,#fc8d62,car
9,2,74,126,2018,11,9,5,3,4,2,0,0,1,0,0,0,0,0,732461.1355,5384432.9705,12.15134283,48.569829703,2,#fc8d62,car
9,1,75,121,2018,11,9,2,3,4,6,0,0,1,0,0,1,0,1,712747.9773,5319984.9313,11.852018577,47.997735893,2,#fc8d62,car
9,1,62,0,2018,11,17,1,3,4,2,2,0,1,0,0,0,0,1,692141.0785,5342405.8691,11.586171069,48.20577693,2,#fc8d62,car
9,1,84,149,2018,11,18,1,3,5,2,2,0,1,0,0,0,0,0,691164401.0,5352534449.0,11.577613109,48.297104345,2,#fc8d62,car
9,2,74,154,2018,11,17,4,3,4,6,2,0,1,0,0,0,1,1,739912.8986,5367292.3739,12.242354684,48.41306643,2,#fc8d62,car
9,1,62,0,2018,11,6,2,3,6,2,2,0,1,1,0,0,0,1,687331.4154,5331965.5997,11.516902695,48.113374913,2,#fc8d62,car
9,1,77,118,2018,11,16,4,2,4,6,2,0,1,0,0,1,1,0,711632.0717,5343766.4942,11.848872514,48.211805708,2,#fc8d62,car
9,2,61,0,2018,11,18,2,3,6,2,2,0,1,1,0,0,0,0,731810.8388,5381206292.0,12.140744589,48.541085969,2,#fc8d62,car
9,1,90,157,2018,11,19,3,3,5,2,2,1,1,0,0,0,0,0,661049.2742,5300458172.0,11.152258139,47.837286398,1,#66c2a5,bicycle
9,1,84,120,2018,11,17,4,3,3,6,2,0,1,0,0,1,0,0,682209.7535,5333238.4928,11.448700374,48.126302583,2,#fc8d62,car
9,7,71,130,2018,11,18,4,3,6,4,2,0,1,1,0,0,0,0,646992.1793,5357721.9049,10.984241494,48.355551259,2,#fc8d62,car
9,1,84,122,2018,11,17,3,3,6,2,2,0,1,1,0,0,0,0,688011.1041,5323772.0376,11.522420876,48.039528227,2,#fc8d62,car
9,1,90,157,2018,11,7,2,3,2,6,1,0,1,0,0,0,0,1,661394.8641,5302640.1974,11.15768712,47.85681843,2,#fc8d62,car
9,7,72,111,2018,11,5,1,3,2,7,2,0,1,0,0,0,0,0,628380.9327,5364099.0287,10.735086089,48.416955707,2,#fc8d62,car
9,7,71,113,2018,11,12,3,3,5,3,0,0,1,0,0,0,0,0,657080.2432,5370008.4879,11.124925014,48.463583339,2,#fc8d62,car
9,1,74,113,2018,11,7,5,3,5,3,0,0,1,0,0,0,0,1,674665.9253,5347659.6153,11.353341616,48.258053099,2,#fc8d62,car
9,7,72,177,2018,11,11,1,2,8,1,0,0,1,0,0,0,0,0,635862.5144,5375481.9121,10.83984532,48.51773977,2,#fc8d62,car
9,1,75,121,2018,11,17,6,3,8,1,1,0,1,0,0,0,0,0,713694296.0,5315236042.0,11.862326701,47.954746978,2,#fc8d62,car
9,1,78,145,2018,11,14,3,3,1,1,0,0,0,0,0,1,0,0,699538782.0,5355305257.0,11.691714574,48.319419954,5,#a6d854,bus
9,1,84,134,2018,11,20,4,3,5,3,2,0,1,0,0,0,0,1,693659869.0,5322259938.0,11.597443561,48.024249494,2,#fc8d62,car
9,1,84,140,2018,11,13,3,3,2,6,0,0,1,0,0,1,0,0,702506.8048,5327386.7335,11.71839215,48.067581149,2,#fc8d62,car
9,1,62,0,2018,11,18,3,3,2,2,2,0,1,0,1,0,0,0,687774.3962,5327553.0141,11.520907808,48.073582754,2,#fc8d62,car
9,1,90,138,2018,11,17,5,2,8,1,2,0,1,0,0,0,0,0,664608.4475,5308457.3224,11.202834282,47.908303391,2,#fc8d62,car
9,2,74,126,2018,11,18,3,3,2,6,2,0,1,0,0,0,0,0,733672.4794,5382559.1114,12.166686331,48.552547343,2,#fc8d62,car
9,1,87,122,2018,11,6,2,3,1,6,0,0,1,0,0,1,0,1,722214.3473,5306816.0495,11.971952976,47.876192572,2,#fc8d62,car
9,1,86,143,2018,11,13,3,3,5,3,0,0,1,0,0,1,0,0,685340.1896,5380075.2371,11.5113318,48.546371201,2,#fc8d62,car
9,1,81,120,2018,11,18,4,2,9,7,2,0,1,0,0,0,0,1,653142.9854,5317075.2278,11.052573082,47.988631365,2,#fc8d62,car
9,1,87,117,2018,11,19,6,3,2,6,2,1,1,0,0,0,0,0,725444934.0,5306646.6028,12.015009863,47.873544249,1,#66c2a5,bicycle
9,1,87,150,2018,11,23,6,3,8,1,2,0,1,0,0,0,0,0,729054.1508,5303449.3235,12.061514103,47.843541257,2,#fc8d62,car
9,1,84,114,2018,11,6,5,3,9,1,2,0,1,0,0,0,0,1,698022.5704,5322823.4721,11.656153839,48.027976948,2,#fc8d62,car
9,1,81,130,2018,11,17,6,3,2,6,1,0,1,0,0,0,0,0,639454264.0,5325264.2904,10.871875046,48.065401507,2,#fc8d62,car
9,1,81,128,2018,11,17,3,3,2,6,2,0,1,0,0,0,0,0,638608.6671,5326825.2045,10.861037162,48.079622058,2,#fc8d62,car
9,1,79,126,2018,11,16,6,3,6,4,2,0,1,1,0,0,0,0,677276.2868,5339654.9497,11.385133614,48.185374067,2,#fc8d62,car
9,1,84,135,2018,11,16,5,2,4,1,1,0,1,0,0,0,0,0,691718.2253,5347140.2789,11.582626969,48.248456163,2,#fc8d62,car
9,1,84,129,2018,11,15,4,3,0,7,1,0,1,0,0,0,1,1,701605.73,5326039742.0,11.705675495,48.055761081,2,#fc8d62,car
9,1,78,124,2018,11,22,2,3,9,1,2,0,1,0,0,0,0,2,701736.9463,5367600.2679,11.72723117,48.429210617,2,#fc8d62,car
9,1,62,0,2018,11,18,4,3,3,6,2,0,1,0,0,0,0,0,693663.0873,5340075.3445,11.605572089,48.184368726,2,#fc8d62,car
9,1,62,0,2018,11,17,3,3,2,6,0,0,1,0,0,0,0,0,693018.8843,5339558.5683,11.59667939,48.179920166,2,#fc8d62,car
9,1,84,135,2018,11,7,2,3,2,6,0,0,1,0,0,0,1,1,692050.8814,5344758.5788,11.586023682,48.226949615,2,#fc8d62,car
9,2,74,165,2018,11,6,3,3,8,1,1,0,1,0,0,0,0,2,717057.2451,5384389.7949,11.942795782,48.574965036,2,#fc8d62,car
9,1,62,0,2018,11,13,1,3,6,2,0,0,1,1,0,0,0,1,693118975.0,5338852.8781,11.597703838,48.173547257,2,#fc8d62,car
9,1,77,139,2018,11,12,4,3,4,6,0,0,1,0,0,0,0,0,731451.6188,5359478.9939,12.123881536,48.346041103,2,#fc8d62,car
9,1,84,138,2018,11,17,2,3,4,2,2,0,1,0,0,0,0,1,682494.4058,5331965.3461,11.451977175,48.11477705,2,#fc8d62,car
9,1,86,162,2018,11,6,1,3,8,1,2,0,1,0,0,0,0,1,691231614.0,5383612.5992,11.592701247,48.576393616,2,#fc8d62,car
9,7,61,0,2018,11,6,4,3,2,1,2,0,1,0,0,0,0,0,641395.1514,5357516.8155,10.908662989,48.354985293,2,#fc8d62,car
9,2,74,132,2018,11,19,7,3,9,1,2,0,1,0,0,0,0,1,726010259.0,5385682237.0,12.064703095,48.583411297,2,#fc8d62,car
9,1,87,169,2018,11,19,2,3,5,3,2,0,1,0,0,0,0,2,737329.3111,5298044.0688,12.168987757,47.791981248,2,#fc8d62,car
9,1,74,135,2018,11,6,5,3,2,6,2,0,0,0,0,1,1,1,663037.9295,5353478.8832,11.199042878,48.313467703,5,#a6d854,bus
9,1,73,137,2018,11,16,7,3,8,7,1,0,1,0,0,0,0,1,679264.5313,5308155809.0,11.398670048,47.90166462,2,#fc8d62,car
9,1,73,147,2018,11,20,7,3,2,2,2,0,1,0,0,0,0,1,682451.3587,5309563.2878,11.441867466,47.913418347,2,#fc8d62,car
9,1,83,123,2018,11,19,7,2,6,4,2,0,1,1,0,0,0,1,737779.2974,5341116.5266,12.198829832,48.178747158,2,#fc8d62,car
9,1,63,0,2018,11,14,3,3,6,2,0,0,1,1,0,0,0,1,734570.1348,5304284.3737,12.135579965,47.849054778,2,#fc8d62,car
9,7,61,0,2018,11,0,3,3,8,1,2,0,0,0,0,0,1,2,642060.0746,5365371.8939,10.920289968,48.425465163,6,#ffd92f,circle
9,1,82,137,2018,11,13,7,2,3,6,0,0,1,0,0,0,0,1,710290593.0,5305144.8544,11.811872685,47.865189538,2,#fc8d62,car
9,7,72,200,2018,11,19,2,3,6,4,2,0,1,1,0,0,0,1,630859.4904,5337478.1821,10.760316472,48.177059211,2,#fc8d62,car
9,1,84,123,2018,11,12,5,3,2,6,0,0,1,0,0,1,0,0,705205513.0,5332685.2699,11.757121728,48.114334741,2,#fc8d62,car
9,1,63,0,2018,11,8,7,3,5,3,0,1,1,0,0,0,0,0,733578.9837,5303198549.0,12.12176534,47.839660545,1,#66c2a5,bicycle
9,1,63,0,2018,11,18,7,3,0,1,1,0,0,0,1,0,0,1,733685.9332,5305025.3928,12.124178973,47.856034129,4,#e78ac3,marker
9,1,82,136,2018,11,2,7,1,9,1,2,0,1,0,0,0,0,1,703744.2114,5300591.5694,11.722298827,47.826377501,2,#fc8d62,car
9,1,75,111,2018,11,8,2,3,4,2,0,0,1,0,0,0,0,1,712341.2889,5338336702.0,11.855693289,48.162778398,2,#fc8d62,car
9,1,75,132,2018,11,8,4,3,2,6,0,0,1,0,0,0,0,1,709695.3167,5337402.8094,11.819693385,48.155264556,2,#fc8d62,car
9,1,82,120,2018,11,20,7,3,0,4,2,0,1,1,0,0,0,1,698487.0217,5301083.7308,11.65236,47.832444511,2,#fc8d62,car
9,1,81,120,2018,11,9,3,3,2,6,0,0,1,0,0,1,0,1,648925.1415,5319774.9648,10.997014497,48.013902645,2,#fc8d62,car
9,1,79,121,2018,11,17,2,2,4,6,2,0,1,0,0,0,0,2,663771.4489,5340293.2277,11.203826438,48.194737695,2,#fc8d62,car
9,1,74,113,2018,11,8,4,3,2,6,0,0,1,0,0,0,0,0,671421.2137,5346998.2719,11.309393704,48.252994083,2,#fc8d62,car
9,1,84,123,2018,11,11,4,3,2,6,0,0,1,0,0,0,0,1,703330.0464,5331821.5885,11.731541298,48.10717454,2,#fc8d62,car
9,1,88,121,2018,11,2,1,3,5,3,2,0,1,0,0,0,0,1,670070039.0,5329288892.0,11.284120404,48.0941555,2,#fc8d62,car
9,1,74,146,2018,11,14,7,3,9,1,0,0,1,0,0,0,0,1,668987.9795,5349606.1506,11.277682089,48.277091499,2,#fc8d62,car
9,1,75,137,2018,11,6,2,3,2,6,0,0,1,0,0,0,0,0,726108.1823,5330194.6335,12.03625866,48.084881332,2,#fc8d62,car
9,1,78,143,2018,11,5,4,2,5,6,2,0,1,0,0,0,0,0,718982512.0,5372919503.0,11.962839718,48.471242807,2,#fc8d62,car
9,1,75,132,2018,11,12,7,3,2,6,0,0,1,0,0,0,0,1,705109.6974,5335849.4056,11.757358752,48.142800301,2,#fc8d62,car
9,1,75,132,2018,11,19,3,3,5,2,2,0,1,0,0,0,0,1,708666.1838,5333239.0417,11.803832679,48.118186678,2,#fc8d62,car
9,1,81,114,2018,11,17,1,2,4,6,2,0,1,0,0,0,0,1,657189.2781,5312224.8559,11.104994509,47.944039313,2,#fc8d62,car
9,1,77,116,2018,11,16,7,3,5,3,2,0,1,0,0,0,0,1,711973962.0,5361478275.0,11.862356954,48.370841271,2,#fc8d62,car
9,7,71,122,2018,11,19,4,3,2,6,2,0,1,0,0,0,0,0,649191363.0,5362666.6422,11.015664217,48.39949376,2,#fc8d62,car
9,1,77,117,2018,11,13,7,3,2,7,0,0,1,0,0,0,0,1,716515.8004,5354229.5961,11.919880199,48.304170812,2,#fc8d62,car
9,1,62,0,2018,11,6,6,3,3,6,1,0,1,0,1,0,0,1,696972.4225,5329615.6412,11.645210814,48.089346284,2,#fc8d62,car
9,1,62,0,2018,11,9,6,3,5,2,0,0,0,0,0,0,1,0,688707.3835,5337827.5232,11.537968195,48.165656498,6,#ffd92f,circle
9,1,84,129,2018,11,18,6,2,9,7,2,0,1,0,0,0,1,0,701309.0615,5325168.1595,11.701288611,48.048021736,2,#fc8d62,car
9,1,62,0,2018,11,16,6,3,2,6,1,0,1,0,0,0,0,0,694720.0445,5340879.4476,11.62014576,48.191272517,2,#fc8d62,car
9,2,61,0,2018,11,19,3,3,5,3,2,0,1,0,0,0,0,0,732274.9874,5380047.1295,12.14637742,48.530501862,2,#fc8d62,car
9,1,62,0,2018,11,17,3,3,6,4,2,0,1,1,0,0,0,1,689654625.0,5340125386.0,11.551720068,48.186027767,2,#fc8d62,car
9,1,62,0,2018,11,19,2,2,6,4,2,0,1,1,0,0,0,1,682857.6305,5338339251.0,11.459590024,48.171965798,2,#fc8d62,car
9,7,62,0,2018,11,17,6,3,2,6,2,0,1,0,0,0,0,0,622334.0111,5307051.3768,10.636987833,47.90511675,2,#fc8d62,car
9,1,87,150,2018,11,15,2,3,6,4,0,0,1,1,0,0,0,1,729330634.0,5303366.9235,12.065160431,47.84270238,2,#fc8d62,car
9,7,72,147,2018,11,17,6,2,3,6,2,0,1,0,0,0,0,0,638583.1223,5363831.6834,10.872807952,48.412390585,2,#fc8d62,car
9,1,73,137,2018,11,10,3,3,5,3,0,0,1,0,0,0,0,1,677571158.0,5308336.92,11.376106469,47.903763645,2,#fc8d62,car
9,7,61,0,2018,11,2,1,3,8,1,2,0,1,0,0,0,0,1,643344966.0,5357586044.0,10.9349912,48.355168157,2,#fc8d62,car
9,7,71,122,2018,11,14,6,3,2,6,0,0,1,0,0,1,0,0,654161.0674,5361006.3938,11.082153161,48.383371574,2,#fc8d62,car
9,1,84,138,2018,11,12,2,3,2,6,0,0,1,0,0,0,0,0,682349304.0,5330226728.0,11.449286354,48.099190547,2,#fc8d62,car
9,1,81,123,2018,11,19,5,3,2,6,2,0,0,0,0,1,1,0,654075.9064,5326256.1494,11.068370523,48.070955551,5,#a6d854,bus
9,7,72,200,2018,11,20,6,3,5,3,2,0,1,0,0,0,0,1,629162.1672,5336772.3671,10.737280624,48.171059285,2,#fc8d62,car
9,7,71,130,2018,11,14,6,3,5,3,0,0,1,0,0,0,0,0,647000332.0,5357691.7425,10.984340943,48.355278164,2,#fc8d62,car
9,7,61,0,2018,11,15,6,3,2,1,1,0,1,0,0,0,0,0,641514493.0,5358064702.0,10.910457276,48.359884945,2,#fc8d62,car
9,7,61,0,2018,11,12,6,3,2,6,0,0,1,0,0,0,0,0,640411.3334,5360353.8906,10.89633742,48.380714886,2,#fc8d62,car
9,1,63,0,2018,11,6,3,3,5,3,2,0,1,0,1,0,0,1,732613.5791,5302060.7247,12.108271302,47.829788038,2,#fc8d62,car
9,1,75,137,2018,11,2,1,3,1,1,2,0,1,0,0,0,0,1,725237.0014,5330195.8203,12.024577697,48.085200342,2,#fc8d62,car
9,7,71,158,2018,11,4,2,3,9,7,2,0,1,0,0,0,0,1,642341.1527,5370779.1541,10.925925498,48.47402053,2,#fc8d62,car
9,1,62,0,2018,11,15,4,3,5,3,0,0,1,0,0,0,1,1,694982.0256,5332986.7187,11.620050587,48.120256157,2,#fc8d62,car
9,7,78,209,2018,11,8,2,3,9,1,0,0,1,0,0,0,0,1,619253.3608,5324148.5908,10.600528953,48.059464298,2,#fc8d62,car
9,1,81,138,2018,11,7,5,3,5,3,0,0,1,0,0,0,0,1,639980.9825,5334742.8824,10.882051604,48.150519205,2,#fc8d62,car
9,1,78,120,2018,11,17,2,3,8,7,2,0,1,0,0,0,1,1,695924.0389,5350821.7066,11.640926563,48.280255999,2,#fc8d62,car
9,1,88,144,2018,11,17,4,3,2,6,2,0,1,0,0,0,0,1,669767.4272,5328909252.0,11.279908574,48.090823256,2,#fc8d62,car
9,1,74,146,2018,11,16,3,3,0,6,1,0,1,0,0,1,1,0,665618.6468,5351447386.0,11.233026962,48.294534242,2,#fc8d62,car
9,1,84,139,2018,11,16,7,3,8,1,1,0,1,0,0,0,0,1,687265.3607,5323933.5565,11.512496354,48.041199178,2,#fc8d62,car
9,2,61,0,2018,11,12,1,3,2,6,0,0,1,0,0,0,0,0,734713.4655,5381820.1113,12.180354568,48.545520677,2,#fc8d62,car
9,1,84,118,2018,11,9,4,3,6,4,0,0,1,1,0,0,0,1,703555.0406,5336298.1043,11.736698309,48.147331885,2,#fc8d62,car
9,1,78,113,2018,11,13,1,3,2,6,0,0,1,0,0,0,0,0,691505.4912,5369410.2597,11.589892915,48.448671326,2,#fc8d62,car
9,1,62,0,2018,11,18,7,3,3,6,2,0,1,0,0,0,0,1,684390.9132,5335410.4156,11.478924653,48.145196976,2,#fc8d62,car
9,1,84,132,2018,11,12,1,2,5,3,0,1,1,0,0,0,0,0,683829.3178,5329420.8029,11.468799572,48.091521089,1,#66c2a5,bicycle
9,1,75,122,2018,11,5,4,2,6,4,2,0,1,1,0,0,0,1,721368.1636,5322089.2291,11.968505758,48.013717614,2,#fc8d62,car
9,1,78,124,2018,11,16,2,3,5,2,1,0,1,0,0,0,1,1,703008627.0,5363865.8904,11.742595608,48.395244163,2,#fc8d62,car
9,1,62,0,2018,11,8,4,3,0,6,0,0,1,0,0,0,0,0,694536.0336,5341793.5347,11.618091194,48.199544239,2,#fc8d62,car
9,1,62,0,2018,11,17,3,3,2,6,2,0,1,0,0,0,0,1,695808899.0,5335051.7098,11.632098335,48.138561493,2,#fc8d62,car
9,7,62,0,2018,11,17,4,3,2,6,2,0,1,0,0,0,0,1,621508.6401,5303903.7179,10.625061781,47.876964432,2,#fc8d62,car
9,7,62,0,2018,11,17,7,3,2,6,2,0,1,0,0,0,0,1,623311.7491,5306170.3512,10.649813804,47.89700593,2,#fc8d62,car
9,7,78,137,2018,11,5,1,3,8,1,2,0,1,0,0,0,0,2,624068131.0,5328516277.0,10.666389769,48.097825876,2,#fc8d62,car
9,1,84,121,2018,11,2,2,3,8,1,2,0,1,0,0,0,0,1,704476385.0,5329103724.0,11.745621324,48.082383024,2,#fc8d62,car
9,1,84,149,2018,11,15,2,3,5,3,1,0,1,0,0,0,0,1,690346852.0,5351651164.0,11.566202904,48.289412092,2,#fc8d62,car
9,7,61,0,2018,11,17,4,3,2,1,1,0,1,0,0,0,0,1,642760.4633,5363494.7526,10.929112965,48.408428646,2,#fc8d62,car
9,1,83,139,2018,11,17,3,2,5,3,2,0,1,0,0,0,0,1,734836356.0,5334465627.0,12.155632695,48.120094563,2,#fc8d62,car
9,1,62,0,2018,11,7,5,2,2,6,0,0,1,0,0,0,1,0,681144.6105,5340238.6589,11.43737989,48.189529648,2,#fc8d62,car
9,1,88,121,2018,11,15,2,3,5,3,0,1,1,0,0,0,0,1,671322748.0,5330885.8768,11.301571957,48.108176478,1,#66c2a5,bicycle
9,1,87,137,2018,11,14,3,3,5,2,0,0,1,0,0,0,0,0,729702.4253,5311120.0008,12.074244106,47.912226668,2,#fc8d62,car
9,1,87,150,2018,11,15,2,3,5,2,0,0,1,0,0,0,0,1,728802391.0,5304337104.0,12.058623433,47.85160724,2,#fc8d62,car
9,1,87,182,2018,11,7,3,3,4,3,0,0,1,0,0,0,0,1,741861112.0,5328835701.0,12.246684903,48.066894391,2,#fc8d62,car
9,7,71,130,2018,11,7,7,3,2,6,2,0,1,0,0,0,1,1,643987.0262,5363208.2221,10.945579224,48.405573339,2,#fc8d62,car
9,7,71,130,2018,11,10,3,3,5,3,0,0,1,0,0,1,0,1,644695415.0,5363213.6763,10.955147201,48.405460169,2,#fc8d62,car
9,7,72,159,2018,11,16,2,3,5,2,2,0,1,0,0,0,0,1,626020.2537,5361251.0265,10.702340859,48.391821419,2,#fc8d62,car
9,1,74,135,2018,11,6,5,2,8,1,2,0,1,0,0,0,0,0,664352.6429,5352527.2474,11.216391223,48.304572233,2,#fc8d62,car
9,1,73,126,2018,11,7,6,3,2,2,0,0,1,0,0,0,0,1,685644.8433,5303799.7144,11.482088755,47.860693696,2,#fc8d62,car
9,1,83,126,2018,11,17,6,3,5,3,2,0,1,0,0,0,0,1,732910.2363,5336979395.0,12.131164458,48.143384447,2,#fc8d62,car
9,1,75,133,2018,11,10,2,3,0,1,0,0,0,0,1,0,0,1,708065044.0,5341803687.0,11.799953026,48.195346997,4,#e78ac3,marker
9,1,62,0,2018,11,13,4,3,3,6,0,0,1,0,0,1,0,1,696369.1805,5343300.7508,11.643432246,48.212525768,2,#fc8d62,car
9,1,81,130,2018,11,16,3,3,0,1,1,1,0,0,0,0,0,1,638414.5576,5323497001.0,10.857354959,48.04973586,1,#66c2a5,bicycle
9,7,71,130,2018,11,11,7,3,9,1,0,0,1,0,0,0,0,1,651246.9319,5351695.9608,11.039476592,48.300367496,2,#fc8d62,car