ULAND,UREGBEZ,UKREIS,UGEMEINDE,UJAHR,UMONAT,USTUNDE,UWOCHENTAG,UKATEGORIE,UART,UTYP1,ULICHTVERH,IstRad,IstPKW,IstFuss,IstKrad,IstGkfz,IstSonstig,STRZUSTAND,LINREFX,LINREFY,XGCSWGS84,YGCSWGS84,Teilnehmer,color,symbol
9,7,61,0,2018,11,20,7,3,1,1,2,0,1,0,1,0,0,0,641506069.0,5358207778.0,10.910391738,48.361173317,2,#fc8d62,car
9,1,62,0,2018,11,13,4,3,2,6,0,0,1,0,0,0,0,0,694148.1534,5340249.4847,11.61217079,48.185785771,2,#fc8d62,car
9,1,77,133,2018,11,21,2,3,8,1,2,0,1,0,0,0,0,2,705438.9715,5354904.9696,11.771015942,48.313933646,2,#fc8d62,car
9,1,62,0,2018,11,15,4,3,9,6,0,0,1,0,0,0,0,0,691664.3277,5344868.4958,11.58087381,48.228054423,2,#fc8d62,car
9,1,87,182,2018,11,8,6,2,6,4,0,0,1,1,0,0,0,0,740786759.0,5327841.2825,12.231727119,48.058368122,2,#fc8d62,car
9,1,78,124,2018,11,7,3,3,2,6,0,0,1,0,0,0,0,1,701748.8416,5358531.4887,11.723037267,48.347711236,2,#fc8d62,car
9,1,63,0,2018,11,13,6,3,5,3,0,1,1,0,0,0,0,0,733988.1034,5304767.0843,12.128072792,47.853603553,1,#66c2a5,bicycle
9,1,90,159,2018,11,11,3,2,5,3,0,0,1,0,0,0,0,1,663282.0593,5305793.1244,11.184089521,47.884689141,2,#fc8d62,car
9,1,62,0,2018,11,16,1,3,2,6,2,0,1,0,0,0,0,0,690879.0359,5330150.5855,11.56370603,48.09600822,2,#fc8d62,car
9,1,62,0,2018,11,16,3,3,6,2,2,0,1,1,0,0,0,1,695474.5194,5331071.5972,11.625783588,48.102892909,2,#fc8d62,car
9,1,86,125,2018,11,5,6,3,5,1,2,0,1,0,1,0,0,0,671366.7578,5370159.8439,11.318092037,48.461214753,2,#fc8d62,car
9,1,62,0,2018,11,17,2,3,2,6,2,0,1,0,0,0,0,1,691867.8799,5339252.0458,11.581072919,48.177513809,2,#fc8d62,car
9,7,71,113,2018,11,19,4,3,9,1,2,0,1,0,0,0,0,1,660293.1766,5366325.2289,11.166946559,48.429660261,2,#fc8d62,car
9,1,74,146,2018,11,18,6,3,2,6,2,0,1,0,0,0,0,0,665388.6591,5351545.0597,11.229966748,48.295472467,2,#fc8d62,car
9,1,81,113,2018,11,9,6,3,2,6,0,0,1,0,0,0,0,1,639465.6152,5310626.4787,10.867269689,47.933770088,2,#fc8d62,car
9,1,88,124,2018,11,6,6,3,0,1,1,1,0,0,0,0,0,1,661978.5369,5317485.8257,11.171065109,47.990146486,1,#66c2a5,bicycle
9,1,88,132,2018,11,16,6,3,5,3,1,0,1,0,0,0,0,1,663259.7914,5323019.8155,11.190332526,48.039574543,2,#fc8d62,car
9,1,88,132,2018,11,13,6,2,8,1,0,0,1,0,0,0,0,1,664735.9751,5323945.8534,11.210478507,48.047520847,2,#fc8d62,car
9,7,78,209,2018,11,17,2,3,5,3,2,0,1,0,0,0,0,1,618779.2929,5323591.3566,10.594014188,48.054541189,2,#fc8d62,car
9,1,88,139,2018,11,22,5,3,5,3,2,0,1,0,0,0,0,0,674195.5778,5319916.9266,11.335666054,48.008790884,2,#fc8d62,car
9,1,74,126,2018,11,7,6,3,2,6,0,0,1,0,0,0,0,1,683879.8799,5343770.6249,11.475679154,48.22049066,2,#fc8d62,car
9,7,72,147,2018,11,16,1,3,5,3,2,0,1,0,0,0,0,1,635993139.0,5364427849.0,10.838019192,48.418315483,2,#fc8d62,car
9,1,75,139,2018,11,14,6,3,5,3,0,0,1,0,0,0,0,0,709861.6189,5329972334.0,11.818269154,48.088438819,2,#fc8d62,car
9,1,88,127,2018,11,16,2,3,6,4,2,0,1,1,0,0,0,1,679603.9203,5329729.5734,11.41223577,48.095501363,2,#fc8d62,car
9,1,88,144,2018,11,16,5,3,2,6,1,0,1,0,0,0,0,0,666542.8722,5328840.9865,11.236612003,48.091060297,2,#fc8d62,car
9,1,75,122,2018,11,9,6,2,9,1,0,0,1,0,0,0,0,1,722198.4071,5324430426.0,11.980837259,48.034465108,2,#fc8d62,car
9,1,77,115,2018,11,18,6,3,8,7,2,0,1,0,0,0,0,0,731154.6184,5348835.4895,12.114052944,48.25053507,2,#fc8d62,car
9,1,62,0,2018,11,15,5,3,2,6,0,0,1,0,0,0,0,0,688677.1622,5336149.3925,11.536817968,48.15058225,2,#fc8d62,car
9,1,84,149,2018,11,14,5,3,5,3,0,1,1,0,0,0,0,0,690142.8746,5351002458.0,11.563163851,48.283643008,1,#66c2a5,bicycle
9,1,85,158,2018,11,16,2,3,5,3,2,0,1,0,0,0,0,1,666545.0262,5381423.3146,11.257417001,48.56376149,2,#fc8d62,car
9,1,62,0,2018,11,17,5,3,1,6,1,0,1,0,0,1,1,0,694636.9803,5334497.1284,11.61610888,48.133936681,2,#fc8d62,car
9,1,63,0,2018,11,16,3,3,2,6,1,0,1,0,0,0,0,1,734422.2166,5303746366.0,12.133314341,47.844275293,2,#fc8d62,car
9,7,71,113,2018,11,7,3,3,5,3,1,1,1,0,0,0,0,1,657470201.0,5368851764.0,11.129761197,48.453086621,1,#66c2a5,bicycle
9,7,71,130,2018,11,10,2,3,2,6,0,0,1,0,0,0,0,1,645878671.0,5357829.1145,10.96925672,48.356773439,2,#fc8d62,car
9,1,77,130,2018,11,13,5,3,5,3,0,0,1,0,0,0,0,0,707171.0093,5350840.0065,11.792355299,48.276840856,2,#fc8d62,car
9,1,84,131,2018,11,17,2,3,0,6,2,0,1,0,0,1,0,1,704397.7797,5337540.2371,11.748611562,48.158224207,2,#fc8d62,car
9,1,62,0,2018,11,9,4,3,8,1,0,0,1,0,0,0,0,1,681886.7017,5338262.3455,11.446509693,48.171553116,2,#fc8d62,car
9,1,84,122,2018,11,16,4,1,5,3,1,1,1,0,0,0,0,1,690171478.0,5323193185.0,11.551118561,48.03368563,1,#66c2a5,bicycle
9,1,78,124,2018,11,11,1,3,1,1,0,0,1,0,0,0,0,1,703225.7667,5365152.5541,11.746148367,48.406736467,2,#fc8d62,car
9,7,61,0,2018,11,11,5,3,9,1,0,0,1,0,0,0,0,0,639801092.0,5352958.2635,10.885644741,48.314350731,2,#fc8d62,car
9,7,72,115,2018,11,17,5,3,4,6,2,0,1,0,1,0,0,0,617474.4003,5368831.3316,10.589071579,48.461641419,2,#fc8d62,car
9,1,75,112,2018,11,11,2,3,5,3,0,0,1,0,0,0,1,1,721693.7962,5319717.2104,11.971640904,47.992292017,2,#fc8d62,car
9,1,78,157,2018,11,6,4,1,9,6,2,0,1,0,0,1,0,1,703849555.0,5373222.2935,11.758494165,48.479050299,2,#fc8d62,car
9,7,72,141,2018,11,17,5,3,1,2,2,0,1,0,1,0,0,0,622699.4966,5352534.4448,10.65496118,48.314089211,2,#fc8d62,car
9,1,77,113,2018,11,7,3,3,2,6,0,0,1,0,0,0,0,1,721078.0171,5352985.8904,11.980668411,48.291419129,2,#fc8d62,car
9,1,84,132,2018,11,21,5,3,9,6,2,0,1,0,0,0,0,0,684533.2026,5326544.1858,11.477001224,48.065460805,2,#fc8d62,car
9,7,61,0,2018,11,10,5,3,5,1,0,1,0,0,1,0,0,0,641358.1465,5352523.5352,10.906488686,48.310095633,1,#66c2a5,bicycle
9,1,78,113,2018,11,7,4,3,4,2,1,0,1,0,0,0,0,1,691389.9112,5367181.4504,11.587313412,48.428675477,2,#fc8d62,car
9,1,81,120,2018,11,7,3,3,8,1,0,0,0,0,0,1,0,2,648931.4795,5319778.2229,10.997100565,48.013930463,5,#a6d854,bus
9,7,62,0,2018,11,7,4,3,6,4,1,0,1,1,0,0,0,0,622071012.0,5304375304.0,10.632713104,47.88109907,2,#fc8d62,car
9,1,73,141,2018,11,3,2,3,8,1,2,0,1,0,0,0,0,1,698414.1121,5297949.5593,11.649951969,47.804297596,2,#fc8d62,car
9,1,62,0,2018,11,18,3,3,2,6,2,0,1,0,0,0,0,0,688546.3668,5335376.1923,11.53471873,48.143671403,2,#fc8d62,car
9,1,62,0,2018,11,11,2,3,2,6,0,0,1,0,0,0,0,1,688678.0464,5336242.7563,11.536871231,48.151421153,2,#fc8d62,car
9,1,87,122,2018,11,19,2,3,5,3,2,0,1,0,0,0,1,1,718842434.0,5307990148.0,11.927512318,47.88790041,2,#fc8d62,car
9,1,62,0,2018,11,8,4,3,2,6,0,0,1,0,0,0,0,0,687008.2278,5331325.9646,11.512284402,48.107720626,2,#fc8d62,car
9,7,61,0,2018,11,7,4,3,2,6,0,0,1,0,0,0,0,1,639201.6494,5356483.2261,10.878728275,48.34617883,2,#fc8d62,car
9,1,79,142,2018,11,8,5,3,2,6,0,0,1,0,0,0,0,1,675156.0041,5344262.6397,11.358533835,48.227381832,2,#fc8d62,car
9,1,84,114,2018,11,7,4,3,8,1,1,0,1,0,0,0,0,2,697857.5646,5322652.5368,11.653864088,48.026491799,2,#fc8d62,car
9,1,82,136,2018,11,6,3,3,9,1,2,0,1,0,0,0,0,1,703679.6593,5300240.6376,11.721272354,47.823244012,2,#fc8d62,car
9,1,63,0,2018,11,21,1,3,1,6,2,0,1,0,0,0,0,1,732689.6551,5305623.3918,12.111201665,47.861768092,2,#fc8d62,car
9,7,72,147,2018,11,10,3,3,8,6,0,0,1,0,0,1,0,1,632132204.0,5364509.0298,10.785888952,48.419867011,2,#fc8d62,car
9,1,74,115,2018,11,13,5,3,6,7,0,0,1,1,0,0,0,0,681216.1183,5347190.9148,11.4413125,48.252000808,2,#fc8d62,car
9,1,77,133,2018,11,12,2,3,5,3,0,0,1,0,0,1,0,1,709267211.0,5360135698.0,11.825185459,48.359680487,2,#fc8d62,car
9,1,74,146,2018,11,19,4,3,9,1,2,0,1,0,0,0,0,1,666934324.0,5352376804.0,11.251119487,48.302543803,2,#fc8d62,car
9,1,79,142,2018,11,18,3,3,4,6,2,0,1,0,0,0,0,1,671170.3516,5341496.4287,11.303794847,48.20360285,2,#fc8d62,car
9,1,77,117,2018,11,14,1,3,2,6,0,0,1,0,0,0,0,1,716325.3102,5352035.5832,11.916190998,48.284522645,2,#fc8d62,car
9,2,74,134,2018,11,7,2,2,2,6,0,0,1,0,0,0,0,1,738776.2312,5376003.1628,12.231985377,48.491739793,2,#fc8d62,car
9,1,62,0,2018,12,19,3,2,6,2,2,0,1,1,0,0,0,0,681476.8926,5335795.1738,11.439950148,48.149493437,2,#fc8d62,car
9,1,77,120,2018,12,7,2,3,2,6,1,0,1,0,0,0,0,1,721661955.0,5361880.7809,11.993207795,48.371130137,2,#fc8d62,car
9,7,72,163,2018,12,18,2,3,2,6,2,0,1,0,0,0,0,1,639570.3117,5346148.7584,10.880284242,48.253171427,2,#fc8d62,car
9,7,71,122,2018,12,11,3,3,5,3,0,0,1,0,0,0,0,0,649213.8139,5360370.1681,11.015151642,48.378840844,2,#fc8d62,car
9,7,72,147,2018,12,1,1,3,2,6,2,0,1,0,0,0,1,0,636727.0255,5364217.6802,10.847864191,48.416266847,2,#fc8d62,car
9,1,78,123,2018,12,16,3,3,2,6,1,0,1,0,0,0,0,1,692232.9737,5359855.9255,11.595345266,48.362581981,2,#fc8d62,car
9,2,74,124,2018,12,20,7,2,0,1,2,0,1,0,0,0,0,1,722886408.0,5374704.5566,12.016535551,48.485908564,2,#fc8d62,car
9,1,79,142,2018,12,13,4,3,2,6,0,0,1,0,0,0,0,0,678323712.0,5341998.5707,11.400197551,48.206147675,2,#fc8d62,car
9,1,90,148,2018,12,19,7,3,1,6,2,0,1,0,0,0,0,0,642167.2089,5297521.6608,10.899107778,47.815332327,2,#fc8d62,car
9,1,81,130,2018,12,16,3,3,2,6,2,0,1,0,0,0,0,1,642248.0139,5324570.9404,10.909123163,48.058549951,2,#fc8d62,car
9,1,82,125,2018,12,14,4,3,3,2,0,1,1,0,0,0,0,0,712509235.0,5296450.6121,11.837237027,47.786329572,1,#66c2a5,bicycle
9,1,62,0,2018,12,22,7,3,6,2,2,0,1,1,0,0,0,0,694588771.0,5336160.46,11.616221632,48.148900744,2,#fc8d62,car
9,1,84,148,2018,12,17,7,3,8,1,2,0,0,0,0,0,1,1,693446.9557,5328292.7696,11.597317955,48.078536248,6,#ffd92f,circle
9,1,62,0,2018,12,12,2,3,1,3,0,0,1,0,0,0,0,0,689197.8754,5329870.2034,11.541025148,48.093989428,2,#fc8d62,car
9,7,71,122,2018,12,15,4,3,3,6,0,0,1,0,0,0,0,0,649604.5471,5362523.3576,11.021191917,48.398107589,2,#fc8d62,car
9,1,84,147,2018,12,10,4,3,2,6,0,0,1,0,0,0,1,0,698055.6614,5342053.63,11.665527422,48.200793744,2,#fc8d62,car
9,7,72,211,2018,12,7,7,2,9,1,1,0,1,0,0,0,0,1,622664.7445,5353042.8753,10.65464053,48.318668235,2,#fc8d62,car
9,1,84,120,2018,12,1,7,3,2,6,2,0,1,0,0,0,0,1,682630.2914,5333078.2694,11.454277918,48.12474187,2,#fc8d62,car
9,1,88,121,2018,12,11,7,3,5,3,0,0,1,0,0,0,0,0,671949838.0,5329723875.0,11.30952105,48.09756145,2,#fc8d62,car
9,1,74,141,2018,12,23,7,3,9,1,2,0,1,0,0,0,0,0,680856565.0,5356011922.0,11.44025038,48.331391765,2,#fc8d62,car
9,7,71,163,2018,12,13,4,3,4,2,0,0,1,0,0,0,0,0,644212479.0,5343969782.0,10.942044487,48.232539489,2,#fc8d62,car
9,1,74,115,2018,12,9,7,3,2,6,0,1,1,0,0,0,0,1,680916.9068,5347641.1893,11.437477841,48.256133642,1,#66c2a5,bicycle
9,1,62,0,2018,12,12,3,3,1,3,0,1,1,0,0,0,0,1,694886.0812,5331861.0942,11.618248356,48.110168868,1,#66c2a5,bicycle
9,1,62,0,2018,12,9,7,3,2,6,0,0,1,0,0,0,0,1,700507.6243,5335576882.0,11.695435046,48.141818076,2,#fc8d62,car
9,1,62,0,2018,12,5,7,3,2,6,2,0,1,0,0,1,0,1,690972.2202,5344755.51,11.571513029,48.227247672,2,#fc8d62,car
9,1,74,126,2018,12,16,2,3,1,6,2,0,1,0,0,0,0,1,683620.3435,5347142.4788,11.473649655,48.250873483,2,#fc8d62,car
9,1,87,124,2018,12,17,3,3,3,6,2,1,1,0,0,0,0,1,734545.0715,5324723.5944,12.146378873,48.032684716,1,#66c2a5,bicycle
9,1,78,140,2018,12,17,7,3,9,1,2,0,1,0,0,0,0,0,708363.8855,5363633.8457,11.81473906,48.391412625,2,#fc8d62,car
9,1,78,124,2018,12,15,7,3,0,3,0,1,0,0,0,0,0,0,703515.1109,5364799.8639,11.749882548,48.403473792,1,#66c2a5,bicycle
9,1,73,147,2018,12,21,3,3,5,3,2,1,1,0,0,0,0,1,681455.4951,5309529.3688,11.428537309,47.913395981,1,#66c2a5,bicycle
9,1,78,124,2018,12,9,7,3,2,6,0,0,1,0,0,0,0,1,704077.5345,5368393.0564,11.759221025,48.435580754,2,#fc8d62,car
9,1,78,136,2018,12,9,7,2,9,1,0,0,1,0,0,0,0,1,694874.8087,5372389.2498,11.636796549,48.474409275,2,#fc8d62,car
9,7,62,0,2018,12,18,2,3,5,3,2,0,1,0,0,0,0,0,622501.2834,5306708.8593,10.639127928,47.902004342,2,#fc8d62,car
9,1,77,115,2018,12,12,7,3,5,3,0,0,1,0,0,0,0,1,733951.4131,5351559942.0,12.153178131,48.273983273,2,#fc8d62,car
9,1,84,127,2018,11,17,6,3,5,3,2,1,1,0,0,0,0,1,702211.7582,5322005.4184,11.711894565,48.019312756,1,#66c2a5,bicycle
9,1,62,0,2018,11,18,6,3,6,2,2,0,1,1,0,0,0,1,692061.4,5341564433.0,11.584719005,48.198238463,2,#fc8d62,car
9,1,84,122,2018,11,18,6,2,6,4,2,0,1,1,0,0,0,1,688138.2823,5323865.41,11.524166451,48.040330034,2,#fc8d62,car
9,1,62,0,2018,12,19,1,3,3,7,2,0,1,0,0,0,0,1,692068.0788,5340441.2001,11.584300764,48.188141141,2,#fc8d62,car
9,7,77,158,2018,11,18,5,3,5,3,2,0,1,0,0,0,0,2,621567.8752,5309215.3674,10.627350527,47.92472467,2,#fc8d62,car
9,7,61,0,2018,12,13,2,3,2,1,0,0,1,0,0,0,0,0,640602.4438,5354180.8124,10.896854926,48.325165915,2,#fc8d62,car
9,1,62,0,2018,12,15,1,3,8,1,0,0,1,0,0,0,0,1,692810.2637,5339095.0586,11.593665532,48.175817628,2,#fc8d62,car
9,7,61,0,2018,12,10,2,2,4,2,0,0,1,0,0,0,0,1,641424.0484,5352717.0478,10.907441859,48.311820909,2,#fc8d62,car
9,7,62,0,2018,12,16,3,2,6,4,2,0,1,1,0,0,0,1,622178.6781,5307856.5671,10.635138299,47.912387966,2,#fc8d62,car
9,7,62,0,2018,11,17,6,3,6,4,2,0,1,1,0,0,0,0,621625.6167,5303690.1915,10.626565458,47.87502188,2,#fc8d62,car
9,7,77,130,2018,11,15,6,3,1,1,1,0,1,0,0,0,0,1,624822.6679,5311796.6483,10.67164972,47.947313753,2,#fc8d62,car
9,1,88,124,2018,12,9,3,3,2,6,0,0,1,0,0,0,0,1,662420.4,5318455264.0,11.177349988,47.998750351,2,#fc8d62,car
9,1,62,0,2018,12,9,7,3,4,2,0,0,1,0,0,0,0,0,698794048.0,5333052745.0,11.671247847,48.119670872,2,#fc8d62,car
9,7,72,141,2018,11,19,6,3,5,3,2,0,1,0,0,0,0,1,622831.3788,5349919.0648,10.655978074,48.290543631,2,#fc8d62,car
9,7,72,125,2018,11,9,6,3,5,3,0,0,1,0,0,0,0,0,636137.5007,5348069308.0,10.834680625,48.271188083,2,#fc8d62,car
9,7,61,0,2018,11,18,6,3,2,6,2,0,1,0,0,1,0,0,638454.4098,5362592.6546,10.870660729,48.401277845,2,#fc8d62,car
9,1,84,130,2018,12,20,2,3,0,1,1,1,0,0,0,0,0,1,698889.5081,5346156641.0,11.67866137,48.237406895,1,#66c2a5,bicycle
9,7,71,130,2018,12,21,1,2,8,1,2,0,1,0,0,0,0,1,653769.3898,5356959.3382,11.0753872,48.347081306,2,#fc8d62,car
9,1,77,116,2018,12,13,3,3,2,6,0,0,1,0,0,0,0,1,711455.8408,5364472.6488,11.856876228,48.397920671,2,#fc8d62,car
9,1,81,126,2018,12,9,4,3,2,6,0,0,1,0,0,0,0,0,636603.1172,5330423.0879,10.835275378,48.112408597,2,#fc8d62,car
9,1,62,0,2018,12,16,1,3,2,6,2,0,1,0,0,0,0,1,686338.9407,5333319.0033,11.504172988,48.125830994,2,#fc8d62,car
9,1,62,0,2018,12,6,3,3,0,7,2,1,0,0,0,0,0,0,688595.4759,5340170.7511,11.537504364,48.186750827,1,#66c2a5,bicycle
9,7,72,170,2018,12,18,4,3,7,1,2,0,1,0,0,0,1,1,631906.1082,5331740.8214,10.772610226,48.125248808,2,#fc8d62,car
9,1,78,157,2018,12,16,4,3,5,3,1,0,1,0,0,0,0,1,705139476.0,5370633811.0,11.774658908,48.455371019,2,#fc8d62,car
9,1,83,139,2018,12,17,3,3,5,3,2,0,1,0,0,0,0,1,734836356.0,5334465627.0,12.155632695,48.120094563,2,#fc8d62,car
9,1,81,130,2018,12,17,3,3,4,2,2,0,1,0,0,0,0,1,642255.6933,5324567.5349,10.909225037,48.058517616,2,#fc8d62,car
9,1,62,0,2018,12,7,2,3,2,6,1,0,1,0,0,0,0,1,686264.3905,5343509.4335,11.507636727,48.217447512,2,#fc8d62,car
9,1,87,169,2018,12,11,3,3,4,2,0,0,1,0,0,0,0,1,740631293.0,5298592767.0,12.213311185,47.795685435,2,#fc8d62,car
9,7,72,121,2018,12,18,2,3,5,3,2,0,1,0,0,0,0,1,632349011.0,5376053975.0,10.792471696,48.523634188,2,#fc8d62,car
9,7,72,184,2018,12,8,3,3,4,2,0,1,1,0,0,0,0,1,635874816.0,5361526245.0,10.835481481,48.392250004,1,#66c2a5,bicycle
9,1,74,121,2018,12,17,3,3,4,1,2,0,1,0,0,0,0,1,690334.5889,5353673.0486,11.566949204,48.307587835,2,#fc8d62,car
9,1,87,177,2018,12,18,4,3,4,6,2,0,1,0,0,0,1,2,735732.3183,5305437763.0,12.151719501,47.858991496,2,#fc8d62,car
9,7,71,113,2018,12,17,2,3,3,2,2,1,1,0,0,0,0,0,657542659.0,5369826.9,11.131107538,48.461835191,1,#66c2a5,bicycle
9,1,62,0,2018,12,19,7,3,4,2,2,0,1,0,0,0,0,0,689648181.0,5340122.5057,11.55163217,48.186003803,2,#fc8d62,car
9,1,90,139,2018,12,11,2,2,6,4,0,0,1,1,0,0,0,1,655443.9589,5296630.9772,11.076027632,47.804253533,2,#fc8d62,car
9,1,62,0,2018,12,19,2,3,4,7,2,0,1,0,0,0,0,0,692067.9963,5340442.0877,11.584300056,48.188149143,2,#fc8d62,car
9,1,74,115,2018,12,11,4,3,0,1,0,0,0,0,1,0,0,0,681215.0221,5347192.4491,11.441298403,48.252014913,4,#e78ac3,marker
9,1,74,150,2018,12,16,1,2,9,1,1,0,1,0,0,0,0,1,683486.2838,5359981.9635,11.477428339,48.366317456,2,#fc8d62,car
9,7,72,115,2018,12,20,7,3,8,1,2,0,1,0,0,0,0,1,620756456.0,5370109.23,10.633818217,48.472511852,2,#fc8d62,car
9,1,84,127,2018,12,6,2,2,4,2,2,0,1,0,0,0,1,1,703001665.0,5320836804.0,11.721922575,48.00855997,2,#fc8d62,car
9,7,71,130,2018,12,16,4,3,2,6,2,0,1,0,0,0,0,0,644466.1835,5361550.6919,10.951479481,48.390560297,2,#fc8d62,car
9,1,62,0,2018,12,20,3,3,6,4,2,0,1,1,0,0,0,1,694562.8121,5334824.4815,11.615262575,48.136901474,2,#fc8d62,car
9,1,81,130,2018,12,7,2,3,2,6,1,0,1,0,0,0,0,0,642247.9144,5324571.0243,10.909121857,48.058550728,2,#fc8d62,car
9,1,84,114,2018,12,13,3,3,8,1,0,0,1,0,0,0,0,1,700787.0379,5315361.6443,11.689702675,47.960052652,2,#fc8d62,car
9,1,62,0,2018,12,2,1,3,6,7,2,0,1,1,0,0,0,0,687042.8333,5335125.7852,11.51441629,48.141864481,2,#fc8d62,car
9,7,61,0,2018,12,14,2,3,5,1,0,0,1,0,0,0,0,0,641011.4368,5352323.9609,10.901748612,48.308378511,2,#fc8d62,car
9,1,81,121,2018,12,7,3,3,5,3,1,0,1,0,0,0,0,1,639012.0824,5313187.1905,10.862027919,47.956895882,2,#fc8d62,car
9,1,62,0,2018,12,11,7,3,2,6,0,0,1,0,0,0,0,0,694813.0727,5332405.7593,11.617517337,48.115086439,2,#fc8d62,car
9,1,73,126,2018,12,8,2,2,5,3,0,0,1,0,0,0,0,1,685050.7646,5303867.6769,11.474182624,47.861475987,2,#fc8d62,car
9,1,62,0,2018,12,15,2,3,2,6,1,0,1,0,0,0,0,0,691524.4517,5331946.3415,11.573171576,48.11195473,2,#fc8d62,car
9,7,72,130,2018,12,18,4,3,9,7,2,0,1,0,0,0,0,0,631953196.0,5357582.2293,10.781294895,48.357617232,2,#fc8d62,car
9,1,78,145,2018,12,20,4,3,7,7,2,1,0,0,0,0,1,0,699518.8604,5354858.7857,11.691234955,48.315413913,1,#66c2a5,bicycle
9,7,72,145,2018,12,5,1,3,4,6,2,0,1,0,0,0,0,1,632258.1979,5367038.6385,10.788389292,48.442587127,2,#fc8d62,car
9,1,78,123,2018,12,16,3,3,2,6,1,0,1,0,0,0,0,1,692232.9737,5359855.9255,11.595345266,48.362581981,2,#fc8d62,car
9,1,81,130,2018,12,18,4,2,5,3,2,0,1,0,0,0,0,0,638928.1076,5325441.1487,10.864873876,48.067106686,2,#fc8d62,car
9,7,71,156,2018,12,17,4,3,5,2,2,0,1,0,0,0,0,1,655951576.0,5383724562.0,11.114797625,48.587174953,2,#fc8d62,car
9,1,84,118,2018,12,8,3,3,5,3,0,1,1,0,0,0,0,1,703558.0724,5336297.6618,11.73673881,48.147326938,1,#66c2a5,bicycle
9,1,73,118,2018,12,10,3,2,5,3,0,0,1,0,0,0,1,1,689366218.0,5301084516.0,11.530605904,47.835201786,2,#fc8d62,car
9,7,62,0,2018,12,12,2,3,3,6,0,0,1,0,0,0,0,1,623351.7448,5306204.9765,10.650358584,47.897309648,2,#fc8d62,car
9,7,72,141,2018,11,17,5,3,5,3,2,0,1,0,0,0,0,0,622878.8597,5349623.0287,10.656531794,48.287872171,2,#fc8d62,car
9,1,62,0,2018,12,1,1,3,3,6,2,0,1,0,0,0,0,0,688689.2909,5336280.5454,11.537039019,48.15175747,2,#fc8d62,car
9,1,84,120,2018,12,17,3,3,1,6,2,0,1,0,0,0,0,1,683319.3903,5333013.8014,11.463501789,48.123964333,2,#fc8d62,car
9,1,84,114,2018,11,0,6,3,2,6,2,0,1,0,0,0,1,0,700592.1837,5316209.1242,11.687490764,47.967730309,2,#fc8d62,car
9,7,61,0,2018,12,15,2,3,2,6,0,0,1,0,1,0,0,1,640535.9707,5360235.0638,10.897980026,48.379618685,2,#fc8d62,car
9,1,87,134,2018,11,17,6,3,2,2,2,0,1,0,1,0,0,1,736432.0105,5319817.9878,12.168948072,47.98792016,2,#fc8d62,car
9,1,77,139,2018,12,17,1,3,5,3,2,0,1,0,0,0,0,1,734632.2227,5357742.3136,12.165775178,48.329267579,2,#fc8d62,car
9,1,84,121,2018,12,8,2,3,9,1,0,0,1,0,0,0,0,1,705070.7786,5332045.0532,11.755005839,48.108624767,2,#fc8d62,car
9,1,63,0,2018,12,16,3,3,6,2,2,0,1,1,0,0,0,1,732589.6776,5306178.3667,12.110165478,47.866790255,2,#fc8d62,car
9,7,72,130,2018,12,7,2,2,6,4,2,0,1,1,0,0,0,1,631122.9807,5356698.8456,10.769817815,48.349846512,2,#fc8d62,car
9,2,74,185,2018,12,7,2,2,4,6,0,0,1,0,1,0,0,1,732128369.0,5368619607.0,12.138050328,48.427903812,2,#fc8d62,car
9,1,88,120,2018,12,12,3,3,2,6,0,0,1,0,0,0,0,1,677222.2936,5326308.9431,11.378858389,48.065419103,2,#fc8d62,car
9,1,62,0,2018,11,17,6,3,2,6,1,0,1,0,0,0,0,1,686933.9016,5333227.0922,11.512120284,48.124830441,2,#fc8d62,car
9,1,63,0,2018,12,14,2,3,0,1,0,1,0,0,0,0,0,0,733025.0069,5302703093.0,12.11410617,47.835410272,1,#66c2a5,bicycle
9,1,74,135,2018,11,11,6,3,2,6,0,0,1,0,0,0,0,1,661677.5968,5354459.3067,11.181084548,48.322631107,2,#fc8d62,car
9,1,88,139,2018,11,11,6,2,6,4,0,0,1,1,0,0,0,1,674569.2595,5319216.1471,11.340386998,48.002389165,2,#fc8d62,car
9,1,73,147,2018,12,18,2,3,3,6,2,0,1,0,0,0,0,0,681611.3244,5308839.9994,11.430330608,47.907154977,2,#fc8d62,car
9,1,88,141,2018,11,9,6,3,3,6,0,0,1,0,0,0,0,0,667796.6709,5311007.1346,11.246459032,47.930401094,2,#fc8d62,car
9,7,71,140,2018,12,21,1,3,8,1,2,0,1,0,0,0,0,1,655404.0991,5372600.5118,11.103230127,48.487302894,2,#fc8d62,car
9,1,78,124,2018,12,7,3,3,2,6,0,0,1,0,0,0,0,0,703231.7113,5361471.9361,11.744448141,48.373659654,2,#fc8d62,car
9,1,79,123,2018,11,18,6,3,5,2,2,0,1,0,0,0,0,1,677443.1596,5331964.8893,11.384170727,48.116200441,2,#fc8d62,car