ULAND,UREGBEZ,UKREIS,UGEMEINDE,UJAHR,UMONAT,USTUNDE,UWOCHENTAG,UKATEGORIE,UART,UTYP1,ULICHTVERH,IstRad,IstPKW,IstFuss,IstKrad,IstGkfz,IstSonstig,STRZUSTAND,LINREFX,LINREFY,XGCSWGS84,YGCSWGS84,Teilnehmer,color,symbol
9,1,81,122,2018,12,14,4,3,5,3,0,0,1,0,0,0,0,0,649862.4173,5331994.5085,11.013858598,48.123555882,2,#fc8d62,car
9,1,74,135,2018,12,3,1,3,8,1,2,0,1,0,0,0,0,1,663023.1424,5353492.0399,11.198848668,48.313589795,2,#fc8d62,car
9,1,79,119,2018,11,12,6,2,9,1,0,0,1,0,0,0,0,1,671427.1489,5339097.9636,11.306279935,48.181972357,2,#fc8d62,car
9,1,74,115,2018,11,18,6,2,6,4,2,0,1,1,0,0,0,1,680637.0557,5348406.1132,11.434037538,48.26308911,2,#fc8d62,car
9,1,78,124,2018,11,19,6,2,6,4,2,0,1,1,0,0,0,1,702884.1829,5363618.5779,11.740796945,48.393061793,2,#fc8d62,car
9,1,75,124,2018,11,8,6,3,5,3,0,0,1,0,0,0,0,0,715460.2629,5328551.6684,11.892639924,48.073805729,2,#fc8d62,car
9,1,62,0,2018,11,17,5,3,6,7,2,1,0,1,0,0,0,1,696970.7,5329694046.0,11.64522387,48.090051475,1,#66c2a5,bicycle
9,1,62,0,2018,12,14,2,3,5,6,0,0,1,0,0,0,0,0,687400.6206,5335067.6545,11.519195625,48.141236706,2,#fc8d62,car
9,7,72,200,2018,12,5,4,3,5,2,2,0,1,0,0,0,0,1,631283.0394,5337535.7863,10.766029027,48.177489851,2,#fc8d62,car
9,1,84,130,2018,11,7,5,3,1,7,0,0,1,0,0,0,0,1,701653.8214,5348849.3194,11.717130743,48.260732144,2,#fc8d62,car
9,1,75,113,2018,12,13,4,1,5,3,0,0,1,0,0,1,0,0,716726.1401,5318687.6901,11.904623228,47.984743615,2,#fc8d62,car
9,1,62,0,2018,11,23,5,3,6,4,2,0,1,1,0,0,0,0,690046.7187,5339321.8678,11.556630683,48.178688625,2,#fc8d62,car
9,1,84,135,2018,11,17,5,3,0,6,1,0,1,0,0,0,1,1,692202.8646,5343766.1128,11.5876181,48.217983649,2,#fc8d62,car
9,1,88,139,2018,12,17,2,3,0,7,2,1,0,0,0,0,0,1,680307.6101,5321630.3619,11.418264232,48.022498354,1,#66c2a5,bicycle
9,1,62,0,2018,11,20,5,3,2,6,2,0,1,0,0,0,0,0,686020.2855,5335248.9308,11.500737598,48.143271145,2,#fc8d62,car
9,7,78,116,2018,11,7,5,2,5,3,0,0,1,0,0,0,0,0,622191.9215,5318003.37,10.638198525,48.003641502,2,#fc8d62,car
9,7,72,157,2018,12,11,6,3,9,1,0,0,1,0,0,0,0,0,627444.7446,5335673.4474,10.713862056,48.161523549,2,#fc8d62,car
9,7,71,130,2018,12,7,6,3,5,3,2,1,1,0,0,0,0,0,647464082.0,5357166217.0,10.990413019,48.350444934,1,#66c2a5,bicycle
9,1,79,125,2018,12,7,2,2,4,6,0,0,1,0,0,0,0,1,662669.6393,5333084.1815,11.186253813,48.130208928,2,#fc8d62,car
9,1,84,122,2018,12,3,4,3,9,1,2,0,1,0,0,0,0,1,687680966.0,5324147.4244,11.518160609,48.042999484,2,#fc8d62,car
9,7,61,0,2018,12,16,6,3,2,6,1,0,1,0,0,0,0,0,637478826.0,5359473453.0,10.85646609,48.373443962,2,#fc8d62,car
9,1,87,177,2018,12,11,3,3,5,3,0,0,1,0,0,0,0,0,736635967.0,5305892.7506,12.164031148,47.862746862,2,#fc8d62,car
9,7,72,202,2018,12,7,6,2,6,4,2,0,1,1,0,0,0,0,636722695.0,5358897222.0,10.846073727,48.368426811,2,#fc8d62,car
9,7,61,0,2018,12,5,6,3,5,2,2,1,1,0,0,0,0,1,641652.2278,5359826.9296,10.912909167,48.375699286,1,#66c2a5,bicycle
9,7,61,0,2018,12,17,5,3,2,6,1,0,1,0,0,0,0,0,640695581.0,5360369.5099,10.900179386,48.380792003,2,#fc8d62,car
9,7,72,125,2018,12,16,4,3,5,3,2,1,1,0,0,0,0,1,636550.1809,5348853.8511,10.840492641,48.278153934,1,#66c2a5,bicycle
9,1,62,0,2018,12,11,3,3,2,6,0,0,1,0,0,0,0,0,692791.74,5339143.7509,11.593438703,48.176260879,2,#fc8d62,car
9,7,78,204,2018,12,23,4,3,4,6,2,0,1,0,0,0,0,1,617155.1346,5330967.4965,10.574250305,48.121179902,2,#fc8d62,car
9,1,87,177,2018,12,11,7,3,2,6,0,0,1,0,1,0,0,0,736731.5877,5303445.4233,12.163968671,47.840725634,2,#fc8d62,car
9,1,88,141,2018,12,2,5,3,8,1,2,0,1,0,0,0,0,1,668839274.0,5312293.2919,11.260910468,47.9416902,2,#fc8d62,car
9,7,71,112,2018,12,13,3,3,0,3,0,1,1,0,0,0,0,1,644005.8866,5366984.3435,10.947130758,48.439521365,1,#66c2a5,bicycle
9,2,61,0,2018,12,17,5,3,4,2,2,0,1,0,0,0,0,0,732907292.0,5381266411.0,12.155610331,48.541220021,2,#fc8d62,car
9,1,77,127,2018,12,18,3,3,4,6,2,0,1,0,0,0,0,0,728572.5052,5348752.7583,12.079275209,48.250728112,2,#fc8d62,car
9,1,74,146,2018,12,17,6,3,2,6,0,0,1,0,0,0,0,1,668341.0556,5350049059.0,11.269146143,48.28124542,2,#fc8d62,car
9,1,77,130,2018,12,10,1,1,4,6,0,0,1,0,0,0,0,1,707755579.0,5350948.0869,11.800277779,48.277620568,2,#fc8d62,car
9,1,84,123,2018,12,12,4,3,2,6,0,0,1,0,0,1,0,1,705108.0071,5332134.8182,11.755548539,48.109419463,2,#fc8d62,car
9,2,61,0,2018,12,11,7,3,2,6,0,0,1,0,1,0,0,0,732010.7972,5379648.7463,12.142582677,48.527020956,2,#fc8d62,car
9,1,79,117,2018,12,23,5,3,8,7,2,0,1,0,0,0,0,1,659582483.0,5350154.1315,11.151213839,48.28445838,2,#fc8d62,car
9,1,87,167,2018,12,0,5,2,4,6,2,1,0,0,0,0,0,1,739053.9275,5303916.2527,12.195217588,47.844096216,1,#66c2a5,bicycle
9,1,84,130,2018,12,10,2,3,3,2,0,0,1,0,0,0,0,1,701659.2924,5348852.3877,11.717205837,48.260757977,2,#fc8d62,car
9,1,62,0,2018,12,7,5,3,2,6,1,0,1,0,0,0,0,1,682657.2282,5341228702.0,11.458139338,48.197995572,2,#fc8d62,car
9,7,72,147,2018,12,17,7,3,5,3,2,0,1,0,0,0,0,1,638046.0947,5365072.3258,10.865962937,48.423664003,2,#fc8d62,car
9,1,62,0,2018,12,7,3,3,5,3,1,0,1,0,0,0,0,1,687108643.0,5331939297.0,11.513901073,48.113203982,2,#fc8d62,car
9,1,81,128,2018,12,19,2,3,4,6,2,0,1,0,0,0,0,2,638089.8908,5328854.5612,10.854731832,48.097983276,2,#fc8d62,car
9,1,77,142,2018,12,17,5,3,1,5,1,0,1,0,0,0,0,0,719507.6416,5348601.8557,11.957249658,48.252576168,2,#fc8d62,car
9,1,84,114,2018,12,8,3,3,2,6,0,0,1,0,0,0,0,1,700721.3386,5315655.2152,11.688960602,47.962711668,2,#fc8d62,car
9,1,79,119,2018,12,5,5,3,5,3,2,1,1,0,0,0,0,1,669497.7811,5338868948.0,11.280253454,48.180431222,1,#66c2a5,bicycle
9,1,74,126,2018,12,19,2,3,1,6,2,0,1,0,0,0,0,1,683753.8284,5346874433.0,11.475329813,48.248425499,2,#fc8d62,car
9,1,84,136,2018,12,10,4,2,6,2,0,0,1,1,0,0,0,1,697666.7048,5326715777.0,11.653183007,48.063069115,2,#fc8d62,car
9,1,75,135,2018,12,8,5,3,0,6,0,0,1,0,0,0,0,0,706925.8346,5338551.2413,11.783057681,48.166491831,2,#fc8d62,car
9,7,72,200,2018,12,11,2,3,5,3,0,0,1,0,0,0,0,1,628390.2057,5339107.6766,10.727608086,48.192216701,2,#fc8d62,car
9,7,71,130,2018,12,15,5,3,2,6,1,0,1,0,0,0,0,0,648632.5837,5362709.2271,11.008134684,48.400008617,2,#fc8d62,car
9,1,78,145,2018,12,17,2,3,6,1,2,0,1,1,0,0,0,1,696818.6784,5354610.5993,11.654738332,48.314029552,2,#fc8d62,car
9,1,62,0,2018,12,11,3,3,2,6,0,0,1,0,0,0,0,1,687328.5789,5333159.6793,11.517389243,48.124108502,2,#fc8d62,car
9,1,87,124,2018,12,23,6,3,5,3,2,0,1,0,0,0,0,0,735227.7231,5328517.0253,12.157606734,48.066511762,2,#fc8d62,car
9,1,87,122,2018,12,12,1,3,2,6,0,0,1,0,0,0,0,0,720158345.0,5305226308.0,11.943683453,47.862616033,2,#fc8d62,car
9,1,86,162,2018,12,13,7,3,2,6,0,0,1,0,0,0,0,0,690525.2165,5384309.4909,11.583453483,48.582871826,2,#fc8d62,car
9,1,87,182,2018,12,17,2,2,5,3,2,0,1,0,0,0,0,1,741717.7982,5328649.6638,12.244659146,48.065277596,2,#fc8d62,car
9,1,90,157,2018,12,11,5,3,2,6,0,0,1,0,0,0,0,0,660472.0483,5300014037.0,11.144385089,47.833437436,2,#fc8d62,car
9,1,62,0,2018,12,9,2,3,2,6,0,0,1,0,0,0,0,1,692875.6003,5339010.5918,11.594505172,48.175038642,2,#fc8d62,car
9,1,78,143,2018,12,17,6,3,1,6,2,0,1,0,0,0,0,0,721213.2162,5374103727.0,11.993604987,48.481101561,2,#fc8d62,car
9,1,84,132,2018,12,12,7,3,2,6,0,0,1,0,0,0,0,0,683979.9305,5329335.6196,11.470783627,48.090711948,2,#fc8d62,car
9,1,75,135,2018,12,17,3,2,6,3,2,0,1,1,0,0,0,1,708145.3727,5338952.8208,11.799636209,48.169702387,2,#fc8d62,car
9,1,74,122,2018,12,14,1,3,9,1,0,0,1,0,0,0,0,1,684369.6069,5354586.3818,11.486981576,48.317563763,2,#fc8d62,car
9,1,86,143,2018,12,16,2,3,8,1,0,0,1,0,0,0,0,1,689966.9316,5378372.0374,11.57318196,48.529680146,2,#fc8d62,car
9,1,86,152,2018,12,14,7,3,2,6,0,0,1,0,0,0,0,0,690881.7588,5377868.5362,11.585330074,48.524877559,2,#fc8d62,car
9,2,61,0,2018,12,10,6,3,6,4,0,1,0,1,0,0,0,0,734357053.0,5381677.0101,12.175452436,48.544368494,1,#66c2a5,bicycle
9,7,78,203,2018,12,18,2,2,8,1,2,0,1,0,0,0,0,1,620382839.0,5322118.4374,10.615110591,48.040993931,2,#fc8d62,car
9,7,61,0,2018,12,14,7,3,2,6,0,0,1,0,1,0,0,0,641221014.0,5360886445.0,10.90744532,48.385322677,2,#fc8d62,car
9,2,61,0,2018,12,13,6,3,0,1,0,0,0,0,1,0,0,1,731005.3548,5383608.3987,12.131180714,48.562960824,4,#e78ac3,marker
9,7,78,203,2018,12,21,3,3,9,1,2,0,1,0,0,0,0,1,620850316.0,5322120.0111,10.621380321,48.04091976,2,#fc8d62,car
9,1,75,135,2018,12,7,4,3,5,3,1,0,1,0,0,1,0,2,709395.7993,5337939.0883,11.815934849,48.160182275,2,#fc8d62,car
9,1,73,134,2018,12,15,6,3,5,3,0,0,1,0,0,0,1,0,685719.9061,5298875.2142,11.48097878,47.816405726,2,#fc8d62,car
9,1,81,146,2018,12,17,2,3,2,6,2,0,1,0,0,0,0,1,651335.1786,5326218752.0,11.031588955,48.071275535,2,#fc8d62,car
9,1,84,135,2018,12,13,5,3,3,6,0,0,1,0,0,1,0,0,692263.0834,5344972.0316,11.588974844,48.228803774,2,#fc8d62,car
9,1,87,170,2018,12,22,6,3,8,1,2,0,1,0,0,0,0,0,732251.35,5319836644.0,12.113010296,47.989619114,2,#fc8d62,car
9,1,88,139,2018,12,14,7,3,6,4,0,0,1,1,0,0,0,0,674781244.0,5319095.7829,11.343177508,48.001249216,2,#fc8d62,car
9,1,87,134,2018,12,7,6,3,1,2,2,0,1,0,0,0,0,0,736691.6613,5319805.0699,12.172415586,47.987708108,2,#fc8d62,car
9,1,87,137,2018,12,15,6,3,5,3,0,0,1,0,0,0,0,0,729817.8818,5308160.2235,12.074210881,47.885593567,2,#fc8d62,car
9,1,77,130,2018,12,16,5,3,4,6,1,0,1,0,0,0,0,0,713060.4996,5348026.1302,11.870217655,48.249602951,2,#fc8d62,car
9,1,86,162,2018,12,12,6,2,9,6,0,0,1,0,0,0,0,0,691073217.0,5383956.4455,11.590714007,48.579532102,2,#fc8d62,car
9,1,84,121,2018,12,19,2,3,2,6,2,0,1,0,0,0,0,1,705051.8314,5331361.6652,11.7544232,48.102489523,2,#fc8d62,car
9,1,62,0,2018,12,17,4,3,3,6,2,0,1,0,0,1,0,1,694668.5559,5334419.4527,11.616497336,48.133228906,2,#fc8d62,car
9,1,79,126,2018,12,18,7,3,2,6,2,0,1,0,0,0,0,0,677381.0699,5339567753.0,11.386505724,48.184561,2,#fc8d62,car
9,1,87,179,2018,12,12,3,3,4,6,0,0,1,0,0,0,1,1,724484.1023,5312800.0084,12.005379659,47.9291689,2,#fc8d62,car
9,1,90,151,2018,12,5,6,3,7,7,2,0,1,0,0,0,0,0,635476.2831,5299699.3305,10.810456939,47.836359597,2,#fc8d62,car
9,1,86,128,2018,12,13,6,3,4,1,0,0,1,0,0,0,0,0,675710.8768,5385507.0556,11.383271539,48.597966301,2,#fc8d62,car
9,1,88,132,2018,12,14,2,3,5,3,0,0,1,0,0,0,0,1,664310.6953,5322372.5122,11.204172577,48.033485408,2,#fc8d62,car
9,1,62,0,2018,12,17,4,3,5,3,2,1,1,0,0,0,0,0,688654.2742,5337955.0344,11.537311207,48.166818344,1,#66c2a5,bicycle
9,1,62,0,2018,12,21,6,3,2,6,2,0,1,0,0,0,0,1,683977.5188,5333011.3436,11.472336336,48.123752396,2,#fc8d62,car
9,1,74,111,2018,12,14,6,2,0,1,0,0,0,0,1,0,0,0,662130.4723,5357524.5807,11.188368948,48.350072224,4,#e78ac3,marker
9,1,79,123,2018,12,2,7,3,8,1,2,0,1,0,0,0,0,1,677583.2262,5334079.0439,11.386931897,48.135165904,2,#fc8d62,car
9,1,74,143,2018,12,20,6,3,4,2,2,0,1,0,0,0,0,1,674669.9966,5352677399.0,11.355470319,48.303157542,2,#fc8d62,car
9,7,61,0,2018,12,16,5,3,6,4,0,0,1,1,0,0,0,0,636922.3084,5359562.6257,10.848984189,48.374366791,2,#fc8d62,car
9,1,78,150,2018,12,18,6,3,0,1,1,0,1,0,0,0,0,0,691277.1295,5371374.4205,11.58770545,48.466393232,2,#fc8d62,car
9,1,90,158,2018,12,15,2,2,4,1,0,0,1,0,0,0,0,2,651632.8195,5300973.9711,11.026681505,47.844214031,2,#fc8d62,car
9,1,62,0,2018,12,13,6,3,2,6,0,0,1,0,0,0,0,0,694809.0112,5342586.5856,11.622124973,48.206588046,2,#fc8d62,car
9,7,72,159,2018,12,9,4,3,2,6,0,0,1,0,0,0,0,1,625944.2828,5360790.3889,10.701176965,48.387694264,2,#fc8d62,car
9,1,74,147,2018,12,15,7,3,4,6,0,0,1,0,0,0,0,0,672879.5581,5367648147.0,11.33750114,48.438223302,2,#fc8d62,car
9,1,78,113,2018,12,17,6,3,2,6,2,0,1,0,0,0,0,1,691564.5297,5366880.6226,11.589534041,48.425918764,2,#fc8d62,car
9,1,79,123,2018,12,14,3,3,8,1,0,0,1,0,0,0,0,1,677204.0562,5333891559.0,11.38176198,48.133586261,2,#fc8d62,car
9,1,85,158,2018,12,9,6,2,4,6,0,0,1,0,0,0,0,0,668485.4632,5380323.4556,11.283251596,48.553356193,2,#fc8d62,car
9,1,78,113,2018,12,17,6,3,2,6,1,0,1,0,0,0,0,1,691564.4867,5366881.6176,11.589533915,48.425927719,2,#fc8d62,car
9,1,78,137,2018,12,2,7,3,8,1,2,0,1,0,0,0,0,1,692295.5482,5362299.7117,11.597306747,48.384526086,2,#fc8d62,car
9,1,63,0,2018,12,13,4,3,2,6,0,0,1,0,0,0,1,1,732606.8891,5306706.6054,12.110679528,47.871529783,2,#fc8d62,car
9,1,84,119,2018,12,13,6,3,2,6,0,0,1,0,0,0,0,0,696102.7706,5346943.4,11.641535325,48.245345574,2,#fc8d62,car
9,1,77,137,2018,12,15,6,3,5,3,0,0,1,0,0,0,0,0,734698.0502,5344752.6722,12.159453403,48.212556717,2,#fc8d62,car
9,1,87,142,2018,12,7,2,3,5,3,0,0,1,0,0,1,0,1,733658.8875,5311459.2226,12.12729868,47.913845271,2,#fc8d62,car
9,7,72,184,2018,12,17,3,3,2,2,2,0,1,0,0,0,0,1,632943.1308,5358931.8225,10.795078192,48.369545379,2,#fc8d62,car
9,1,78,115,2018,12,0,7,3,2,6,2,0,1,0,0,1,0,1,703419.6063,5377798.0152,11.754911917,48.520306958,2,#fc8d62,car
9,1,77,133,2018,12,8,3,3,4,2,0,0,1,0,0,0,0,0,711330.3533,5361550.6847,11.853713696,48.371707704,2,#fc8d62,car
9,1,79,142,2018,12,18,6,3,3,6,2,0,1,0,0,0,0,0,674592.8149,5344728304.0,11.351148788,48.231723062,2,#fc8d62,car
9,1,75,132,2018,12,14,1,3,9,1,0,0,1,0,0,0,0,1,705228.9501,5336004.6914,11.75903482,48.144157326,2,#fc8d62,car
9,1,74,121,2018,12,10,4,3,4,2,0,0,1,0,0,0,1,1,690754128.0,5353286779.0,11.572426821,48.303989817,2,#fc8d62,car
9,7,72,147,2018,12,16,5,3,2,6,2,0,1,0,0,0,0,0,638118.6597,5365609.88,10.867120356,48.428481642,2,#fc8d62,car
9,7,61,0,2018,12,7,5,3,3,1,0,0,1,0,0,1,0,1,641247.4972,5357368.5078,10.906621213,48.353684808,2,#fc8d62,car
9,2,74,146,2018,12,13,3,3,5,3,0,0,1,0,0,0,0,0,735596.0135,5379727.3994,12.191110951,48.526392404,2,#fc8d62,car
9,1,63,0,2018,12,7,5,3,2,6,0,0,1,0,0,0,0,1,732839.2727,5303168.5198,12.111878107,47.839659005,2,#fc8d62,car
9,1,62,0,2018,12,18,6,3,5,3,2,0,1,0,0,0,0,0,685232768.0,5328901646.0,11.487404171,48.086448292,2,#fc8d62,car
9,1,62,0,2018,12,16,2,3,4,7,1,0,1,0,0,0,0,1,692043.1841,5341282.6068,11.584346641,48.195710998,2,#fc8d62,car
9,1,75,123,2018,12,11,6,1,4,1,0,0,1,0,0,1,0,0,720389.2223,5337981.5056,11.96359527,48.156848604,2,#fc8d62,car
9,1,62,0,2018,12,16,3,3,3,6,2,0,1,0,0,1,0,0,687394.9368,5332706.2351,11.518080764,48.120013283,2,#fc8d62,car
9,1,83,119,2018,12,19,7,3,2,1,2,0,1,0,0,0,0,0,732124.9046,5339160.9716,12.121812749,48.163269789,2,#fc8d62,car
9,1,88,139,2018,12,17,2,3,6,4,2,0,1,1,0,0,0,1,674187.1891,5318247431.0,11.334875953,47.993784899,2,#fc8d62,car
9,1,62,0,2018,12,17,5,3,2,6,2,0,1,0,0,0,0,0,693055.2782,5339599.0438,11.597186862,48.18027289,2,#fc8d62,car
9,1,84,130,2018,12,8,6,3,1,6,0,0,1,0,0,0,0,0,698384375.0,5345180.6056,11.671408927,48.22879346,2,#fc8d62,car
9,7,61,0,2018,12,15,5,3,3,6,0,0,1,0,0,1,0,0,639830.9168,5354675.6015,10.886616352,48.329786095,2,#fc8d62,car
9,1,84,112,2018,12,12,6,3,2,6,0,0,1,0,0,0,0,0,700803.2363,5342258.5026,11.702560106,48.201771968,2,#fc8d62,car
9,1,79,121,2018,12,16,2,3,5,3,1,0,1,0,0,0,0,0,666851.6241,5338327.8913,11.244470847,48.176267547,2,#fc8d62,car
9,1,62,0,2018,12,17,4,3,3,2,2,0,1,0,0,0,1,1,694717.5629,5334141.9837,11.617028513,48.13072014,2,#fc8d62,car
9,1,62,0,2018,12,5,6,3,5,3,2,1,1,0,0,0,0,0,694725767.0,5332198007.0,11.616250707,48.113245941,1,#66c2a5,bicycle
9,1,62,0,2018,12,8,6,3,5,2,0,1,1,0,0,0,0,0,686219602.0,5335256157.0,11.50341759,48.143277788,1,#66c2a5,bicycle
9,1,87,124,2018,12,19,7,2,5,3,2,0,1,0,1,0,0,0,735228.5795,5328516.8276,12.157618103,48.066509671,2,#fc8d62,car
9,7,61,0,2018,12,8,2,3,2,1,0,0,1,0,0,0,0,1,637551.2906,5357151.5791,10.856684892,48.352550147,2,#fc8d62,car
9,7,71,169,2018,12,18,4,2,5,3,2,0,1,0,0,0,0,1,641560.1279,5375574577.0,10.916989567,48.517314258,2,#fc8d62,car
9,1,62,0,2018,12,8,6,3,0,7,0,0,0,0,0,0,1,0,686220922.0,5335216198.0,11.503417842,48.142918236,6,#ffd92f,circle
9,1,62,0,2018,12,11,2,3,2,6,0,0,1,0,0,0,0,1,693745.6774,5340115.3862,11.606700335,48.184703422,2,#fc8d62,car
9,1,84,123,2018,12,18,6,3,2,6,2,0,1,0,0,0,0,0,703662.5106,5331723.3962,11.735955486,48.106185911,2,#fc8d62,car
9,1,87,142,2018,12,11,1,3,8,1,0,0,1,0,0,0,0,0,731452.1624,5311755.8201,12.097967885,47.917310023,2,#fc8d62,car
9,1,84,148,2018,12,23,2,3,8,1,2,0,1,0,0,0,0,2,693442.9967,5328312.2998,11.597273698,48.078712983,2,#fc8d62,car
9,1,83,119,2018,12,20,7,3,1,1,2,0,1,0,0,1,0,1,732316.8101,5339220.4093,12.124422137,48.163733666,2,#fc8d62,car
9,1,73,123,2018,12,6,5,3,8,1,2,0,1,0,0,0,0,1,680614.6764,5299199.0401,11.412977834,47.82076994,2,#fc8d62,car
9,1,84,142,2018,12,7,2,3,4,2,0,0,1,0,0,0,0,1,680762.2634,5322432.6815,11.424694778,48.029581998,2,#fc8d62,car
9,1,79,134,2018,12,7,6,3,6,4,2,0,1,1,0,0,0,0,667844.3875,5342915.6835,11.259628456,48.217249797,2,#fc8d62,car
9,1,77,137,2018,12,14,1,2,4,6,0,0,1,0,1,0,0,1,733934.6292,5347717.2536,12.15082837,48.239470003,2,#fc8d62,car
9,1,62,0,2018,12,17,4,3,2,6,2,0,1,0,0,1,0,1,685711.2738,5343031.3556,11.499988276,48.213312531,2,#fc8d62,car
9,1,75,132,2018,12,19,3,3,5,3,2,1,1,0,0,0,0,1,706297.0299,5332145.5311,11.771508469,48.10913178,1,#66c2a5,bicycle
9,1,81,124,2018,12,16,1,3,5,3,0,0,1,0,0,0,0,1,646014.7605,5317702.0439,10.957305937,47.995934745,2,#fc8d62,car
9,1,62,0,2018,12,18,5,3,2,6,2,0,1,0,0,1,0,1,688465.9293,5340179.6251,11.535767057,48.186869033,2,#fc8d62,car
9,7,61,0,2018,12,16,7,3,6,2,1,0,1,1,0,0,0,0,639222345.0,5360874659.0,10.880461005,48.385660998,2,#fc8d62,car
9,1,62,0,2018,12,8,3,3,6,2,0,0,1,1,0,0,0,1,692141615.0,5339731.03,11.584967976,48.181736087,2,#fc8d62,car
9,1,81,137,2018,12,15,2,3,8,1,0,0,0,0,1,0,0,1,646739.9359,5307709.3051,10.963612706,47.905914381,4,#e78ac3,marker
9,1,77,115,2018,12,12,5,2,6,4,0,0,1,1,0,0,0,0,733784.1324,5351390.5132,12.150833408,48.272523032,2,#fc8d62,car
9,1,74,151,2018,12,17,5,3,4,2,2,0,1,0,0,0,1,0,678965.9725,5360666.8555,11.4167438,48.373771384,2,#fc8d62,car
9,7,62,0,2018,12,13,6,3,5,3,0,1,1,0,0,0,0,0,622559.6414,5306597.4815,10.639876811,47.900991502,1,#66c2a5,bicycle
9,2,74,126,2018,12,23,2,3,8,7,2,0,1,0,0,0,0,0,733740.7671,5382537.8664,12.167598356,48.552331067,2,#fc8d62,car
9,1,75,121,2018,12,13,5,3,9,1,0,0,1,0,0,0,0,0,713873.6617,5318866.2339,11.866532307,47.987307892,2,#fc8d62,car
9,1,74,146,2018,12,7,2,3,4,2,2,0,1,0,0,0,0,1,668396274.0,5349724575.0,11.269760559,48.278313729,2,#fc8d62,car
9,1,62,0,2018,12,17,4,3,2,6,2,0,1,0,0,0,0,1,694721.3137,5332168.8585,11.616177632,48.112985327,2,#fc8d62,car
9,7,77,155,2018,12,18,6,2,4,6,2,0,1,0,0,0,0,0,631102.3257,5311858.9122,10.75572721,47.946619114,2,#fc8d62,car
9,1,82,120,2018,12,9,3,3,1,1,0,0,1,0,0,0,0,2,702098.3858,5306626.6509,11.703153291,47.88113635,2,#fc8d62,car
9,1,90,157,2018,12,12,6,2,4,6,0,0,1,0,0,0,1,0,661193.6462,5302091459.0,11.154794499,47.851935207,2,#fc8d62,car
9,1,62,0,2018,12,19,1,3,2,6,2,0,1,0,0,0,0,1,685873.2238,5330412.6732,11.496653903,48.099843729,2,#fc8d62,car
9,2,61,0,2018,12,18,5,3,5,3,2,1,1,0,0,0,0,1,734366.2304,5381681.3154,12.175579009,48.544403739,1,#66c2a5,bicycle
9,2,74,111,2018,12,16,5,3,2,6,2,0,1,0,0,0,0,1,739488.4978,5381785.9957,12.244929353,48.543409944,2,#fc8d62,car
9,7,72,185,2018,12,18,2,3,1,5,2,0,1,0,0,0,1,1,635679.4292,5383492.6945,10.839978155,48.589809742,2,#fc8d62,car
9,1,84,114,2018,12,12,3,3,2,6,0,0,1,0,0,0,0,1,699607.3001,5319608.1276,11.67588992,47.998586354,2,#fc8d62,car
9,7,72,130,2018,12,9,5,3,2,6,0,0,1,0,0,0,0,0,631672.8837,5357234.28,10.77740386,48.35454689,2,#fc8d62,car
9,2,61,0,2018,12,11,5,3,2,6,0,0,1,0,0,0,0,0,734247.0695,5381624.5185,12.173935071,48.543938056,2,#fc8d62,car
9,1,62,0,2018,12,16,1,3,4,2,2,0,1,0,0,0,0,1,693258.8426,5331417.4408,11.596209188,48.106677205,2,#fc8d62,car
9,7,62,0,2018,12,13,4,3,0,6,0,0,1,0,0,1,0,0,622678.4259,5306463.9781,10.641427537,47.899768115,2,#fc8d62,car
9,1,81,138,2018,12,18,3,2,5,3,2,0,1,0,0,0,0,1,639971.8402,5334743.8,10.881929055,48.150529469,2,#fc8d62,car
9,1,90,157,2018,12,8,5,3,5,3,0,0,1,0,0,0,0,1,660299.5291,5300930.5185,11.142420745,47.841720682,2,#fc8d62,car
9,1,87,181,2018,12,16,4,3,2,6,2,0,1,0,0,0,0,1,737093.5602,5312103275.0,12.173550186,47.918370793,2,#fc8d62,car
9,7,72,223,2018,12,17,3,3,8,1,2,0,1,0,0,0,0,1,618423.1256,5364394.7558,10.600645395,48.421565524,2,#fc8d62,car
9,1,77,112,2018,12,16,3,3,5,7,1,0,1,0,0,0,0,1,716747.6067,5363408.6059,11.927725784,48.386563976,2,#fc8d62,car
9,1,74,143,2018,12,7,1,3,0,1,0,0,0,0,1,0,0,1,674998.5851,5352663.4075,11.359891718,48.302940967,4,#e78ac3,marker
9,1,88,120,2018,12,12,4,3,5,3,0,0,1,0,0,0,0,1,676551625.0,5325340.7368,11.369464317,48.056901486,2,#fc8d62,car
9,1,84,114,2018,12,23,5,3,8,1,2,0,1,0,0,0,0,1,700148.1662,5318080.6662,11.682420382,47.984689502,2,#fc8d62,car
9,1,87,182,2018,12,18,5,3,2,6,2,0,1,0,0,0,0,1,738455.9781,5328290873.0,12.2007459,48.063281914,2,#fc8d62,car