ULAND,UREGBEZ,UKREIS,UGEMEINDE,UJAHR,UMONAT,USTUNDE,UWOCHENTAG,UKATEGORIE,UART,UTYP1,ULICHTVERH,IstRad,IstPKW,IstFuss,IstKrad,IstGkfz,IstSonstig,STRZUSTAND,LINREFX,LINREFY,XGCSWGS84,YGCSWGS84,Teilnehmer,color,symbol
9,1,62,0,2018,12,15,7,3,0,6,0,0,0,0,0,0,1,0,684639.7861,5329123.4598,11.47954493,48.088614118,6,#ffd92f,circle
9,1,75,118,2018,12,21,7,3,8,1,2,0,1,0,0,0,0,1,715676.9974,5339942.2551,11.901309021,48.176082207,2,#fc8d62,car
9,7,61,0,2018,12,12,5,3,2,1,0,0,1,0,0,0,0,0,641018.2966,5357026.5423,10.903414574,48.350661194,2,#fc8d62,car
9,1,62,0,2018,12,13,5,2,5,6,0,0,1,0,0,0,0,0,681107.4514,5340012.8907,11.436784103,48.187510871,2,#fc8d62,car
9,1,78,150,2018,12,11,5,3,2,6,0,0,1,0,0,0,0,0,691361.3458,5371095.0304,11.58871578,48.463856668,2,#fc8d62,car
9,2,61,0,2018,12,7,2,3,5,3,1,0,1,0,0,0,0,1,731822.0673,5381189.4571,12.140887117,48.540930597,2,#fc8d62,car
9,1,87,170,2018,12,14,6,3,8,1,0,1,0,0,0,0,0,1,733515.0875,5319317.8643,12.129640816,47.984498485,1,#66c2a5,bicycle
9,1,84,141,2018,12,14,4,3,2,6,0,0,1,0,0,0,0,0,697709.1083,5317635.6217,11.64956328,47.981448029,2,#fc8d62,car
9,1,87,117,2018,12,10,2,3,6,4,0,0,1,1,0,0,0,1,725742.1354,5305248.6347,12.018248814,47.860879269,2,#fc8d62,car
9,1,86,152,2018,12,14,4,1,8,1,0,0,1,0,0,0,0,0,691463.9876,5379973.8776,11.594174558,48.543621221,2,#fc8d62,car
9,1,63,0,2018,12,21,1,3,5,3,2,0,1,0,0,0,0,1,733963811.0,5304789611.0,12.127760721,47.853814775,2,#fc8d62,car
9,1,86,151,2018,12,12,2,3,0,1,0,1,0,0,0,0,0,1,681885.6804,5376469.4243,11.462995999,48.51497319,1,#66c2a5,bicycle
9,7,71,122,2018,12,10,4,2,4,2,0,0,1,0,0,0,0,0,653577.3812,5361551883.0,11.074474462,48.388418256,2,#fc8d62,car
9,1,62,0,2018,12,15,1,3,5,3,0,0,1,0,0,0,0,0,685940.5807,5340765.8077,11.502079529,48.192882022,2,#fc8d62,car
9,1,84,132,2018,12,14,3,3,6,4,0,1,0,1,0,0,0,0,683388.9237,5329711.1935,11.463015544,48.094258196,1,#66c2a5,bicycle
9,1,81,130,2018,12,7,2,3,3,1,1,0,1,0,0,0,0,1,640824.7721,5324488.3795,10.890005352,48.058123273,2,#fc8d62,car
9,1,77,131,2018,12,18,2,2,6,4,2,0,1,1,0,0,0,0,711188.8551,5348190.7746,11.845118589,48.2517087,2,#fc8d62,car
9,7,71,122,2018,12,11,4,2,0,6,0,0,1,0,0,0,1,1,652421.8959,5362331071.0,11.059159816,48.395704032,2,#fc8d62,car
9,1,77,115,2018,12,20,2,2,8,1,2,0,1,0,0,0,0,0,729318.6503,5353357.6128,12.091808902,48.29182708,2,#fc8d62,car
9,1,77,123,2018,12,17,6,3,6,6,2,0,1,1,0,0,0,0,726695134.0,5342440.4768,12.050646373,48.194692365,2,#fc8d62,car
9,1,62,0,2018,12,12,1,3,9,1,0,0,1,0,0,0,0,1,692589.0527,5339013.1131,11.590655853,48.175148202,2,#fc8d62,car
9,7,72,125,2018,12,9,1,3,6,7,0,0,1,1,0,0,0,1,635250.2348,5347045.4998,10.822402101,48.262171894,2,#fc8d62,car
9,1,62,0,2018,12,20,6,2,6,4,2,0,1,1,0,0,0,0,695297.4281,5331262.8618,11.623494864,48.104666222,2,#fc8d62,car
9,1,81,130,2018,12,15,5,3,0,7,0,1,1,0,0,0,0,0,639401.4305,5322964.5475,10.870416878,48.04473308,1,#66c2a5,bicycle
9,7,72,179,2018,12,15,1,3,2,6,0,0,1,0,0,0,0,1,619535.6275,5337039121.0,10.607930034,48.175341982,2,#fc8d62,car
9,1,75,121,2018,12,18,5,2,6,4,2,0,1,1,0,0,0,0,713695.2524,5318994.9741,11.864208256,47.988524364,2,#fc8d62,car
9,1,81,146,2018,12,11,6,3,2,1,0,0,1,0,0,0,0,0,651937707.0,5326528231.0,11.039782271,48.073914915,2,#fc8d62,car
9,7,78,203,2018,12,19,1,3,4,2,2,0,1,0,0,0,0,1,620790.3428,5322251.5652,10.620613147,48.042114244,2,#fc8d62,car
9,1,81,130,2018,12,12,7,2,8,1,0,0,1,0,0,0,0,1,640745.7911,5326000.3662,10.889443653,48.071736769,2,#fc8d62,car
9,1,77,133,2018,12,12,2,2,4,6,0,0,1,0,0,1,0,1,712794704.0,5357279.6142,11.871303162,48.332838834,2,#fc8d62,car
9,1,82,137,2018,12,15,7,2,2,6,0,0,1,0,0,0,0,1,710359.4825,5305158.3507,11.812799251,47.865288271,2,#fc8d62,car
9,1,81,140,2018,12,16,4,3,3,6,1,1,1,0,0,0,0,2,643362655.0,5324287.6699,10.923979215,48.055753297,1,#66c2a5,bicycle
9,1,86,152,2018,12,19,1,3,4,2,2,0,1,0,0,0,0,0,691392.4505,5375632.2318,11.591213819,48.504624045,2,#fc8d62,car
9,1,62,0,2018,12,17,7,3,6,4,2,0,1,1,0,0,0,0,692032.5108,5340995333.0,11.584073245,48.193132289,2,#fc8d62,car
9,1,81,130,2018,12,19,1,3,0,1,2,1,0,0,0,0,0,1,639906.46,5323541045.0,10.877377797,48.049806616,1,#66c2a5,bicycle
9,1,79,145,2018,12,14,1,3,5,3,1,1,1,0,0,0,0,1,673326323.0,5336861029.0,11.330896478,48.16134825,1,#66c2a5,bicycle
9,1,88,121,2018,12,5,1,2,5,3,2,0,1,0,0,0,0,1,670070039.0,5329288892.0,11.284120404,48.0941555,2,#fc8d62,car
9,1,78,120,2018,12,11,1,2,8,1,0,0,1,0,0,0,0,0,692565.8894,5353430.2404,11.596898938,48.304730326,2,#fc8d62,car
9,1,78,144,2018,12,23,1,2,9,1,2,0,1,0,0,0,0,1,706594.5143,5379032.5689,11.798468278,48.530363678,2,#fc8d62,car
9,1,77,117,2018,12,20,1,3,4,2,2,0,1,0,0,0,0,1,715745.4737,5355110.6587,11.90995611,48.312350374,2,#fc8d62,car
9,7,72,171,2018,12,17,5,3,8,1,2,0,1,0,0,0,0,1,637620565.0,5371967.6073,10.862481318,48.485757544,2,#fc8d62,car
9,7,71,146,2018,12,16,7,3,4,2,2,0,1,0,0,0,0,1,646781.3661,5348719.4505,10.978264655,48.274656404,2,#fc8d62,car
9,1,62,0,2018,12,10,7,3,2,6,0,0,1,0,0,0,0,0,696047941.0,5333813.8469,11.634738462,48.127362659,2,#fc8d62,car
9,1,62,0,2018,12,11,7,3,1,5,0,1,1,0,0,0,0,1,698083.7057,5333323.7789,11.661839419,48.122328096,1,#66c2a5,bicycle
9,1,62,0,2018,12,11,4,3,5,2,0,0,1,0,0,0,0,0,682677.7761,5337595.3556,11.45685355,48.165330909,2,#fc8d62,car
9,7,77,112,2018,12,19,7,1,6,7,2,0,1,1,0,0,0,0,624845.2738,5297586.1644,10.667843652,47.819506727,2,#fc8d62,car
9,1,78,113,2018,12,22,5,3,9,6,2,0,1,0,0,0,0,0,691533.9934,5367256.7305,11.58929352,48.42930825,2,#fc8d62,car
9,7,71,168,2018,12,14,6,3,5,3,0,1,1,0,0,0,0,0,650843.5028,5340849.8438,11.030174696,48.202945007,1,#66c2a5,bicycle
9,1,63,0,2018,12,14,2,3,2,6,0,0,1,0,0,0,0,1,730821.2116,5303389.5179,12.085065306,47.842372043,2,#fc8d62,car
9,1,77,115,2018,12,17,6,3,6,2,2,0,1,1,0,0,0,0,733812.1715,5351752.7665,12.15141102,48.275766853,2,#fc8d62,car
9,1,85,143,2018,12,21,6,2,9,1,2,0,1,0,0,0,0,2,664184.1612,5384444714.0,11.226635339,48.59154505,2,#fc8d62,car
9,1,75,121,2018,12,12,2,2,9,1,0,0,1,0,0,0,0,1,710524.3913,5320238.1155,11.822371869,48.000746943,2,#fc8d62,car
9,1,87,137,2018,12,11,7,3,2,6,0,0,1,0,0,0,0,1,729644.8322,5308278.6409,12.071962455,47.886719396,2,#fc8d62,car
9,1,84,121,2018,12,19,3,3,4,2,2,0,1,0,0,0,0,0,705437.4032,5331137.1128,11.759488206,48.100347364,2,#fc8d62,car
9,1,84,118,2018,12,19,7,3,2,6,2,0,1,0,0,0,0,0,704220218.0,5336020.5822,11.745497547,48.144624715,2,#fc8d62,car
9,1,62,0,2018,12,12,1,3,9,1,0,0,0,0,0,0,1,1,678819.8742,5333374768.0,11.403243229,48.128488843,6,#ffd92f,circle
9,1,78,124,2018,12,19,7,3,2,6,2,0,1,0,0,0,0,1,703810.1394,5361823.6282,11.752420366,48.376633515,2,#fc8d62,car
9,7,71,129,2018,12,10,5,3,2,6,0,0,1,0,0,0,0,0,659987.7333,5356053.3972,11.158909761,48.337392323,2,#fc8d62,car
9,1,78,155,2018,12,14,5,3,2,6,0,0,1,0,0,0,0,0,716303857.0,5374322094.0,11.927372556,48.484771447,2,#fc8d62,car
9,1,87,159,2018,12,13,6,1,5,3,0,1,1,0,0,0,0,0,731894.72,5326124828.0,12.111638215,48.046240844,1,#66c2a5,bicycle
9,1,84,122,2018,12,18,4,3,6,2,2,0,1,1,0,0,0,1,688043.1559,5323769.3423,11.522849279,48.039494562,2,#fc8d62,car
9,1,62,0,2018,12,22,6,3,9,1,2,0,1,0,0,0,0,1,678851.1171,5333350186.0,11.403652417,48.128259096,2,#fc8d62,car
9,1,86,143,2018,12,3,1,3,8,1,2,0,1,0,0,0,0,1,685413.1,5377412229.0,11.511134099,48.522415357,2,#fc8d62,car
9,1,62,0,2018,12,17,1,3,2,6,2,0,1,0,0,0,0,1,694844.9087,5332518.0817,11.617995943,48.116086209,2,#fc8d62,car
9,1,74,135,2018,12,12,7,3,0,6,0,0,1,0,0,0,0,0,663074456.0,5353445.4241,11.199522233,48.313157486,2,#fc8d62,car
9,2,74,126,2018,12,0,7,3,2,6,2,0,1,0,0,0,0,1,733565.9067,5383253.0502,12.165633633,48.558820387,2,#fc8d62,car
9,1,62,0,2018,12,15,2,3,2,6,0,0,1,0,0,0,0,1,695986941.0,5339119215.0,11.636362473,48.175063028,2,#fc8d62,car
9,1,84,140,2018,12,12,2,3,2,6,0,0,1,0,0,0,0,1,700505504.0,5328917.5773,11.692276298,48.081971203,2,#fc8d62,car
9,7,72,223,2018,12,15,2,3,9,6,0,0,1,0,0,0,0,1,624481.3371,5364344.4683,10.682479378,48.419945362,2,#fc8d62,car
9,7,72,163,2018,12,8,2,2,2,7,0,0,1,0,0,0,0,1,638585.5681,5348039.3251,10.867644555,48.270387506,2,#fc8d62,car
9,7,71,130,2018,12,14,2,3,2,6,0,0,1,0,0,0,0,1,646936.4237,5358137.8722,10.983634565,48.359304292,2,#fc8d62,car
9,7,71,145,2018,12,1,2,3,8,1,2,0,1,0,0,0,0,1,649090605.0,5344427.98,11.00785606,48.235531245,2,#fc8d62,car
9,7,61,0,2018,12,7,2,2,6,2,2,0,1,1,0,0,0,1,642833.5982,5360343.7759,10.929028969,48.380080198,2,#fc8d62,car
9,1,62,0,2018,1,10,4,3,0,7,0,1,0,0,0,0,1,1,686215862.0,5334652.7203,11.503103501,48.137854971,1,#66c2a5,bicycle
9,1,62,0,2018,1,11,4,3,6,4,0,0,1,1,0,0,0,1,691547.5064,5332851.0589,11.573887371,48.120079322,2,#fc8d62,car
9,7,61,0,2018,1,12,4,3,2,5,0,0,1,0,0,0,0,1,639659.9613,5358880.9512,10.885706134,48.367637407,2,#fc8d62,car
9,7,71,130,2018,1,9,4,3,4,1,0,0,1,0,0,0,0,1,646870.5972,5363628.3267,10.98466551,48.408685299,2,#fc8d62,car
9,7,61,0,2018,1,11,4,3,6,2,0,0,0,1,0,0,1,0,641971.3428,5360695.9517,10.917509618,48.383441421,3,#8da0cb,toilet
9,7,61,0,2018,1,18,4,3,2,6,2,0,1,0,0,0,0,0,639568.7772,5355757.4983,10.883439906,48.339572232,2,#fc8d62,car
9,7,61,0,2018,1,15,4,2,6,4,0,0,1,1,0,0,0,1,640605.2902,5359234.6937,10.898581092,48.370608262,2,#fc8d62,car
9,7,61,0,2018,1,21,4,3,5,3,2,0,1,0,0,0,0,1,639627.1885,5360153.7517,10.885686576,48.379089327,2,#fc8d62,car
9,7,71,112,2018,1,9,4,3,7,7,0,0,1,0,0,0,0,1,647322.1731,5365342.7866,10.991365988,48.42399478,2,#fc8d62,car
9,2,74,182,2018,1,20,4,3,0,1,2,1,0,0,0,0,0,1,729495.3218,5378141.6679,12.107734031,48.514407222,1,#66c2a5,bicycle
9,2,61,0,2018,1,7,4,2,6,4,1,0,1,1,0,0,0,1,735246.4983,5382504.5705,12.187952049,48.551469135,2,#fc8d62,car
9,1,63,0,2018,1,1,4,3,0,1,2,1,0,0,0,0,0,0,732651616.0,5304858.3636,12.110282328,47.854908748,1,#66c2a5,bicycle
9,1,79,121,2018,1,15,4,3,5,2,0,0,1,0,0,0,0,1,665838.3324,5338581477.0,11.230949861,48.178812557,2,#fc8d62,car
9,1,74,115,2018,1,12,4,3,8,1,0,0,1,0,0,0,0,1,682122.9432,5348752.8,11.454189755,48.265779918,2,#fc8d62,car
9,1,78,130,2018,1,9,4,3,5,1,0,0,1,0,0,0,1,1,702767.0751,5356607037.0,11.735838078,48.330091374,2,#fc8d62,car
9,1,62,0,2018,1,14,3,3,1,7,0,0,1,0,0,0,1,1,691579.9929,5342980.6529,11.578886474,48.211112505,2,#fc8d62,car
9,1,62,0,2018,1,21,3,3,5,2,2,1,1,0,0,0,0,0,687442429.0,5332800.3694,11.518759678,48.120845411,1,#66c2a5,bicycle
9,1,62,0,2018,1,18,3,3,5,3,2,1,1,0,0,0,0,0,692474.9543,5336671.8217,11.58806312,48.15413986,1,#66c2a5,bicycle
9,7,61,0,2018,1,10,3,3,2,6,0,0,1,0,0,0,0,1,640773.6845,5358013.3036,10.900444839,48.359588402,2,#fc8d62,car
9,2,61,0,2018,1,15,3,3,0,3,0,0,1,0,1,0,0,1,732404.6997,5381706.8996,12.149057237,48.545363145,2,#fc8d62,car
9,2,61,0,2018,1,15,3,3,8,6,0,0,1,0,0,0,0,1,734541.0167,5379568.2393,12.17675461,48.525357727,2,#fc8d62,car
9,1,73,126,2018,1,22,3,2,0,1,2,1,0,0,0,0,0,2,685140.2157,5303543.7062,11.475238747,47.858538044,1,#66c2a5,bicycle
9,1,87,150,2018,1,20,3,3,5,3,2,0,1,0,0,0,0,1,729463.4159,5304175.2097,12.067361065,47.849917076,2,#fc8d62,car
9,1,82,120,2018,1,21,3,3,8,1,2,0,1,0,0,0,0,2,702722.3921,5310468.9877,11.713294988,47.915471698,2,#fc8d62,car
9,1,79,123,2018,1,17,3,3,1,6,2,0,1,0,0,0,0,0,676589.2942,5334281.4821,11.373668106,48.137262252,2,#fc8d62,car
9,1,75,128,2018,1,22,3,2,8,1,2,0,1,0,0,0,0,2,716355.6553,5326142643.0,11.903426377,48.051856291,2,#fc8d62,car
9,1,62,0,2018,1,17,2,3,5,7,1,0,1,1,0,0,0,0,690807.1291,5336512.2173,11.56558902,48.153207915,2,#fc8d62,car
9,1,84,145,2018,1,13,2,3,2,6,0,0,1,0,0,0,0,0,695609.3156,5324292.3224,11.624490089,48.041922044,2,#fc8d62,car
9,1,62,0,2018,1,16,2,3,1,5,2,0,1,0,0,0,0,0,692216486.0,5331554225.0,11.582282743,48.108221969,2,#fc8d62,car
9,7,61,0,2018,1,4,2,3,6,4,2,0,1,1,0,0,0,1,640760.9756,5355859.4878,10.899553206,48.340224803,2,#fc8d62,car
9,7,72,163,2018,1,0,2,3,9,1,2,0,1,1,0,0,0,0,640293.98,5348742.8414,10.890888449,48.276337281,2,#fc8d62,car
9,1,74,113,2018,1,1,2,2,9,1,2,0,1,0,0,0,0,0,675443.0939,5345919.4101,11.363082254,48.242195467,2,#fc8d62,car
9,1,77,115,2018,1,13,2,3,2,6,0,0,1,0,1,0,0,0,737342.5183,5349971.9966,12.197918826,48.25845766,2,#fc8d62,car
9,1,62,0,2018,1,7,2,2,5,3,1,1,0,0,0,0,0,0,692065093.0,5332452.5521,11.580655544,48.116341686,1,#66c2a5,bicycle
9,1,62,0,2018,1,15,2,3,0,7,0,1,0,0,0,0,0,1,687415.1593,5339594.8811,11.52138548,48.181924124,1,#66c2a5,bicycle
9,1,84,142,2018,1,17,2,3,5,2,1,1,1,0,0,0,0,1,683322.4451,5318261.6369,11.457220993,47.991359324,1,#66c2a5,bicycle
9,1,62,0,2018,1,18,2,3,5,2,1,0,1,0,0,0,0,0,684349415.0,5337519.7419,11.479281091,48.164168712,2,#fc8d62,car
9,1,62,0,2018,1,7,2,3,0,7,1,1,0,0,0,0,0,1,687178.3625,5337551.3285,11.517303171,48.163626031,1,#66c2a5,bicycle
9,1,84,123,2018,1,15,2,3,6,7,0,0,1,1,0,0,0,0,702783804.0,5331733544.0,11.72416983,48.10655741,2,#fc8d62,car
9,1,62,0,2018,1,11,2,3,2,6,0,0,1,0,0,0,0,0,696624.9998,5338098772.0,11.6444641,48.165694892,2,#fc8d62,car
9,1,62,0,2018,1,19,2,3,5,3,2,1,1,0,0,0,0,0,690175199.0,5334177544.0,11.556058202,48.132413152,1,#66c2a5,bicycle
9,7,72,147,2018,1,20,2,3,5,3,2,0,1,0,1,0,0,0,638400.6775,5365785.6992,10.870988679,48.43000065,2,#fc8d62,car
9,7,61,0,2018,1,13,2,3,0,1,0,0,1,0,0,0,0,0,638733.6355,5355114.3285,10.87196438,48.333972884,2,#fc8d62,car
9,1,79,134,2018,1,19,2,2,0,7,2,1,0,1,0,0,0,0,670695925.0,5342456.1054,11.297800931,48.212357715,1,#66c2a5,bicycle
9,1,79,123,2018,1,11,2,3,0,1,0,1,0,0,0,0,0,0,676013279.0,5333395.68,11.36556634,48.129459102,1,#66c2a5,bicycle
9,1,79,121,2018,1,11,2,2,5,3,0,0,1,0,0,1,0,0,668377.9932,5339940.1649,11.265625802,48.190359049,2,#fc8d62,car
9,1,62,0,2018,1,18,1,3,5,6,2,0,1,0,0,0,0,0,691571.8068,5341318.7699,11.578026253,48.196178393,2,#fc8d62,car
9,1,62,0,2018,1,10,1,3,1,6,0,0,1,0,0,0,1,0,690888.0276,5334276.4811,11.56567339,48.133089005,2,#fc8d62,car
9,1,62,0,2018,1,11,1,3,1,1,0,0,1,0,0,0,0,0,680044.7407,5336699.2201,11.421095308,48.158026819,2,#fc8d62,car
9,1,62,0,2018,1,15,1,3,6,4,0,0,1,1,0,0,0,0,690156731.0,5333710.0198,11.555601601,48.128216553,2,#fc8d62,car
9,7,61,0,2018,1,19,1,3,6,2,2,0,1,1,0,0,0,0,637588071.0,5361459.2606,10.858590664,48.391276233,2,#fc8d62,car
9,7,61,0,2018,1,13,1,3,5,3,0,0,1,0,0,0,0,0,642350.5582,5359852.5198,10.922342764,48.375772229,2,#fc8d62,car
9,1,82,120,2018,1,17,1,3,6,6,2,0,1,1,0,0,0,0,702717.8698,5308536.1437,11.712326146,47.8981022,2,#fc8d62,car
9,1,62,0,2018,1,12,7,3,6,4,0,0,1,1,0,0,0,1,688884.2343,5334405.49,11.538825723,48.134846392,2,#fc8d62,car
9,1,62,0,2018,1,20,7,3,0,7,2,1,1,0,0,0,0,1,690924.5982,5336249.2757,11.567048909,48.150809368,1,#66c2a5,bicycle
9,2,61,0,2018,1,12,5,3,0,6,0,1,1,0,0,0,0,0,734809.0504,5382051.5918,12.18177813,48.547564174,1,#66c2a5,bicycle
9,1,62,0,2018,1,16,7,3,0,7,2,1,1,0,0,0,0,0,691929.3727,5334621.7375,11.579810693,48.135878942,1,#66c2a5,bicycle
9,1,87,177,2018,1,11,5,3,0,7,0,1,0,0,0,0,1,0,738599.9076,5305089.4537,12.189805715,47.854804263,1,#66c2a5,bicycle
9,1,62,0,2018,1,16,7,3,6,7,0,1,0,1,0,0,0,0,691751.7189,5335281.5623,11.577722335,48.141862905,1,#66c2a5,bicycle
9,1,79,118,2018,1,18,5,2,6,2,2,0,1,1,0,0,0,0,672980.4442,5337301.5337,11.326428229,48.165402367,2,#fc8d62,car
9,1,74,137,2018,1,17,5,3,5,3,2,0,1,0,0,0,0,0,660215.9583,5352163.7153,11.160509371,48.302365183,2,#fc8d62,car
9,1,62,0,2018,1,16,4,3,5,3,1,1,1,0,0,0,0,0,691372.0562,5338082.6653,11.573883535,48.167153132,1,#66c2a5,bicycle
9,1,62,0,2018,1,15,4,3,0,7,0,1,0,0,0,0,0,0,685250.2229,5333296.1468,11.489546351,48.125943294,1,#66c2a5,bicycle
9,7,61,0,2018,1,17,7,3,2,2,2,0,1,0,0,0,0,0,641410.9172,5359235.1201,10.909453283,48.370432098,2,#fc8d62,car
9,1,62,0,2018,1,12,4,3,6,4,0,1,0,1,0,0,0,0,691790238.0,5335559933.0,11.578364985,48.144353247,1,#66c2a5,bicycle
9,1,62,0,2018,1,8,4,3,3,6,0,0,1,0,0,0,0,0,685101803.0,5339250452.0,11.490143456,48.179506434,2,#fc8d62,car
9,1,62,0,2018,1,20,4,2,5,3,2,0,1,0,0,0,1,1,686246472.0,5331796.4182,11.502266452,48.112172438,2,#fc8d62,car
9,1,62,0,2018,1,14,4,3,5,3,0,1,1,0,0,0,0,0,693523.9677,5331482.9429,11.599796748,48.107185436,1,#66c2a5,bicycle
9,1,84,135,2018,1,16,4,3,3,3,1,1,0,0,0,0,1,0,689550.32,5348721517.0,11.554161753,48.263320042,1,#66c2a5,bicycle
9,1,62,0,2018,1,17,4,3,4,6,2,0,1,0,0,0,0,1,689435112.0,5337165506.0,11.547450731,48.159489838,2,#fc8d62,car
9,1,62,0,2018,1,5,4,3,5,3,2,0,0,0,0,1,1,0,686458868.0,5328447586.0,11.503654459,48.08200955,5,#a6d854,bus
9,1,62,0,2018,1,6,4,3,0,7,2,0,0,0,0,0,1,0,692975.3878,5331856.5475,11.59260397,48.110709734,6,#ffd92f,circle
9,1,62,0,2018,1,10,4,3,0,4,0,0,0,1,0,0,1,0,693830.7263,5333932.9489,11.605027041,48.129112081,3,#8da0cb,toilet
9,7,72,141,2018,1,12,4,3,5,3,0,0,1,0,0,0,0,0,623225303.0,5349679587.0,10.661216664,48.288313441,2,#fc8d62,car
9,7,72,147,2018,1,13,4,3,6,1,0,1,0,1,0,0,0,0,638786.3174,5364080.4086,10.875634679,48.414582333,1,#66c2a5,bicycle
9,1,62,0,2018,1,18,6,3,2,6,2,0,1,0,0,0,0,1,683079.1671,5335524.6107,11.461355776,48.146602287,2,#fc8d62,car
9,7,61,0,2018,1,18,4,3,4,6,2,1,1,0,0,0,0,0,637195.9689,5360720.5979,10.853055658,48.384719699,1,#66c2a5,bicycle
9,1,62,0,2018,1,10,6,3,4,3,0,0,1,0,0,1,0,1,692279654.0,5334894516.0,11.584637154,48.138224886,2,#fc8d62,car
9,1,62,0,2018,1,10,6,2,0,7,0,1,0,0,0,0,0,0,695875.6661,5332814.4725,11.631966549,48.118433824,1,#66c2a5,bicycle
9,7,61,0,2018,1,13,4,3,2,6,0,0,1,0,0,0,0,0,640081.3781,5358612.0003,10.891303363,48.365125693,2,#fc8d62,car
9,1,62,0,2018,1,12,6,3,3,7,0,0,0,0,0,0,1,0,690272155.0,5336163344.0,11.558247252,48.150232524,6,#ffd92f,circle
9,1,62,0,2018,1,17,6,3,6,7,2,0,1,1,0,0,0,1,688268.3917,5336453.9301,11.531462217,48.153440606,2,#fc8d62,car
9,1,62,0,2018,1,17,6,3,6,2,2,0,1,1,0,0,0,1,691824419.0,5335664219.0,11.578871004,48.145280247,2,#fc8d62,car
9,1,62,0,2018,1,9,6,3,5,3,0,1,1,0,0,0,0,0,690700.2418,5338148.0801,11.564886625,48.167942964,1,#66c2a5,bicycle
9,1,62,0,2018,1,15,6,3,4,2,0,1,1,0,0,0,0,1,689915.6652,5343965.6027,11.55694701,48.220465283,1,#66c2a5,bicycle
9,1,62,0,2018,1,13,6,2,1,5,0,1,1,0,0,0,0,0,698514.4792,5333461.6434,11.667685833,48.123432955,1,#66c2a5,bicycle
9,1,62,0,2018,1,17,6,3,6,2,2,0,1,1,0,0,0,1,689082.3137,5334944.2671,11.541724594,48.13963016,2,#fc8d62,car
9,1,62,0,2018,1,19,6,3,0,7,2,1,0,0,0,0,0,1,690945943.0,5335735.0528,11.567104941,48.146181171,1,#66c2a5,bicycle
9,7,72,184,2018,1,15,6,3,5,3,0,0,1,0,0,0,0,1,636158.3032,5363085494.0,10.839814629,48.406209498,2,#fc8d62,car
9,7,61,0,2018,1,12,6,3,1,6,0,1,1,0,0,0,0,0,637858.3563,5357536.3343,10.86095346,48.355942862,1,#66c2a5,bicycle
9,1,90,139,2018,1,12,4,2,1,5,0,0,1,0,0,0,0,0,654164.2599,5296443.1975,11.058881349,47.802872823,2,#fc8d62,car
9,1,73,126,2018,1,18,4,3,5,3,2,0,1,0,0,0,0,0,684893.5949,5304847.9462,11.472502528,47.870332888,2,#fc8d62,car
9,1,87,182,2018,1,7,4,3,0,6,0,1,1,0,0,0,0,1,740374.2922,5327537085.0,12.226029396,48.055791051,1,#66c2a5,bicycle
9,1,88,137,2018,1,12,4,2,5,2,0,0,1,0,1,0,0,0,671842.3282,5315419.3758,11.302339591,47.968995234,2,#fc8d62,car
9,1,88,120,2018,1,15,4,3,0,7,0,1,0,0,0,0,1,0,677520072.0,5326591414.0,11.382969171,48.067875522,1,#66c2a5,bicycle
9,1,75,127,2018,1,8,4,3,6,6,0,0,1,1,0,0,0,0,713442.6828,5341910.4114,11.872280929,48.194521542,2,#fc8d62,car
9,1,62,0,2018,1,18,3,2,4,2,2,0,1,0,1,0,0,0,690741.2485,5342733134.0,11.567496525,48.209140457,2,#fc8d62,car
9,1,84,145,2018,1,11,3,3,1,7,0,0,1,0,0,0,0,0,695206459.0,5323270227.0,11.618624954,48.032859031,2,#fc8d62,car
9,2,61,0,2018,1,12,6,3,0,1,0,1,0,0,0,0,0,1,734615.1122,5382124.0241,12.179195184,48.548287346,1,#66c2a5,bicycle
9,1,62,0,2018,1,18,3,3,2,6,2,0,1,0,0,0,0,0,688903.43,5340144.74,11.541632014,48.186425539,2,#fc8d62,car
9,1,90,157,2018,1,17,6,3,5,3,2,1,1,0,0,0,0,0,660587.1554,5301537.2483,11.146487265,47.847104076,1,#66c2a5,bicycle
9,1,62,0,2018,1,19,3,3,6,2,2,0,1,1,0,0,0,0,688575.82,5334961.5885,11.534930682,48.139936154,2,#fc8d62,car
9,1,62,0,2018,1,17,3,3,0,2,2,0,1,0,1,0,0,0,690862.4031,5337189.3303,11.566635178,48.159277157,2,#fc8d62,car
9,1,82,136,2018,1,19,6,2,5,3,2,0,1,0,0,0,1,0,702917983.0,5304135118.0,11.712933313,47.858485732,2,#fc8d62,car
9,1,62,0,2018,1,8,3,3,5,3,0,0,1,0,0,0,0,0,692917.9886,5335339.0377,11.593409952,48.142026931,2,#fc8d62,car
9,1,62,0,2018,1,17,3,3,3,5,2,1,1,0,0,0,0,0,691550.0722,5336115.8002,11.575389764,48.149421657,1,#66c2a5,bicycle
9,1,78,120,2018,1,12,6,3,4,3,0,0,1,0,0,0,0,1,695327.2359,5353638527.0,11.634193601,48.30575574,2,#fc8d62,car