ULAND,UREGBEZ,UKREIS,UGEMEINDE,UJAHR,UMONAT,USTUNDE,UWOCHENTAG,UKATEGORIE,UART,UTYP1,ULICHTVERH,IstRad,IstPKW,IstFuss,IstKrad,IstGkfz,IstSonstig,STRZUSTAND,LINREFX,LINREFY,XGCSWGS84,YGCSWGS84,Teilnehmer,color,symbol
9,1,62,0,2018,1,17,5,3,2,6,2,0,1,0,0,0,0,1,686460.5705,5336296.2412,11.507109371,48.152555835,2,#fc8d62,car
9,7,77,121,2018,1,14,3,3,5,3,0,0,1,0,0,0,1,0,627314.0646,5320983.0213,10.707723864,48.029438359,2,#fc8d62,car
9,1,62,0,2018,1,18,5,3,4,2,2,0,1,0,0,0,0,1,690144.7991,5334736.7295,11.555899623,48.137448202,2,#fc8d62,car
9,1,62,0,2018,1,10,5,3,4,2,0,0,1,0,0,0,0,0,689683923.0,5343196493.0,11.553486153,48.213621923,2,#fc8d62,car
9,1,84,146,2018,1,17,5,3,1,5,2,0,1,0,0,0,0,1,698613.6378,5328122.6351,11.666532547,48.075418938,2,#fc8d62,car
9,7,61,0,2018,1,10,3,3,5,3,0,0,1,0,0,0,0,0,643442.2063,5359800.0547,10.937058063,48.375053281,2,#fc8d62,car
9,1,62,0,2018,1,10,5,3,5,3,0,0,1,0,0,0,0,1,691242.3731,5329782.7986,11.568416209,48.092593625,2,#fc8d62,car
9,1,62,0,2018,1,21,5,3,6,4,2,0,1,1,0,0,0,1,692278148.0,5337332.5699,11.585718203,48.160138043,2,#fc8d62,car
9,7,71,130,2018,1,17,5,3,6,4,2,0,1,1,0,0,0,1,646074868.0,5357793.2308,10.971891152,48.35640544,2,#fc8d62,car
9,7,61,0,2018,1,7,5,3,5,3,1,1,1,0,0,0,0,1,638852.2729,5359237.5871,10.87492447,48.371022399,1,#66c2a5,bicycle
9,1,79,123,2018,1,16,5,2,6,1,1,0,1,1,0,0,0,1,675989.9447,5333417.9556,11.365262211,48.129665797,2,#fc8d62,car
9,1,79,121,2018,1,9,5,3,5,3,0,0,1,0,0,0,0,1,667755.2425,5338985.6785,11.256876141,48.181943095,2,#fc8d62,car
9,1,78,145,2018,1,13,5,3,5,3,0,0,1,0,0,0,0,1,697819.96,5355442.1581,11.66861868,48.321190321,2,#fc8d62,car
9,1,63,0,2018,1,8,3,3,3,2,0,1,1,0,0,0,0,0,733920.4566,5304611513.0,12.127085735,47.852230521,1,#66c2a5,bicycle
9,1,62,0,2018,1,8,4,3,2,6,0,0,1,0,0,0,0,1,690675813.0,5337769192.0,11.564388526,48.164544882,2,#fc8d62,car
9,1,62,0,2018,1,17,4,3,5,3,2,0,1,0,0,0,0,0,689532.5289,5331894.5505,11.546414208,48.112085093,2,#fc8d62,car
9,1,87,117,2018,1,14,3,3,0,7,0,1,0,0,0,0,0,0,725000.1289,5305606.0916,12.008528101,47.864351251,1,#66c2a5,bicycle
9,1,86,143,2018,1,15,3,3,6,4,0,1,0,1,0,0,0,0,685071.4328,5378328.1706,11.506917894,48.530748407,1,#66c2a5,bicycle
9,1,62,0,2018,1,8,4,3,0,7,0,0,0,0,1,0,0,1,693342.2274,5336454.2701,11.599613419,48.151921518,4,#e78ac3,marker
9,1,62,0,2018,1,14,4,2,6,2,0,0,1,1,0,0,0,1,692434846.0,5334539.6711,11.586560748,48.134988701,2,#fc8d62,car
9,1,62,0,2018,1,10,2,3,0,7,0,1,0,0,0,0,0,0,681974.9443,5337104.2648,11.447199944,48.161118208,1,#66c2a5,bicycle
9,1,62,0,2018,1,16,4,1,5,3,0,1,1,0,0,0,0,1,696305363.0,5330878.6871,11.63684324,48.100903687,1,#66c2a5,bicycle
9,1,62,0,2018,1,12,2,3,5,3,0,0,1,0,0,0,1,0,686962.8026,5339544163.0,11.515283487,48.181601531,2,#fc8d62,car
9,1,62,0,2018,1,14,4,3,6,7,0,0,0,1,0,0,1,1,688956.7718,5343574.8385,11.543875983,48.21723939,3,#8da0cb,toilet
9,1,62,0,2018,1,17,2,3,0,5,2,1,1,0,0,0,0,1,683316.5385,5336351.9145,11.464900295,48.153970245,1,#66c2a5,bicycle
9,1,62,0,2018,1,16,2,3,2,6,1,0,1,0,0,0,0,1,696949.4951,5334173.0572,11.647007311,48.130312732,2,#fc8d62,car
9,1,78,145,2018,1,20,4,3,2,6,2,0,1,0,0,0,0,2,696818.9637,5354605.7927,11.654739934,48.313986267,2,#fc8d62,car
9,1,62,0,2018,1,17,5,3,6,4,1,1,0,1,0,0,0,0,688590.0589,5334157.9904,11.534766116,48.132709068,1,#66c2a5,bicycle
9,1,62,0,2018,1,15,2,3,5,3,0,0,1,0,0,0,0,0,691843125.0,5333566641.0,11.578177572,48.126421888,2,#fc8d62,car
9,1,62,0,2018,1,15,3,3,5,2,1,0,1,0,0,0,0,1,689038019.0,5335543.8596,11.54139595,48.14503252,2,#fc8d62,car
9,1,62,0,2018,1,11,2,3,5,2,0,1,0,0,0,0,1,0,693176.1177,5336208.1839,11.59727066,48.149760242,1,#66c2a5,bicycle
9,1,62,0,2018,1,18,2,3,3,6,2,0,1,0,0,0,0,0,693822.7685,5340290.2567,11.607816204,48.186251568,2,#fc8d62,car
9,1,62,0,2018,1,12,3,3,3,6,0,1,0,0,0,0,0,0,691922.0834,5336031934.0,11.580348384,48.148555749,1,#66c2a5,bicycle
9,1,62,0,2018,1,8,2,3,0,7,0,0,1,1,0,0,0,0,689568.2599,5339677.1457,11.55035926,48.182024773,2,#fc8d62,car
9,1,62,0,2018,1,14,2,3,2,2,0,0,1,0,0,1,0,0,690750.0525,5340172.0581,11.566464222,48.186119281,2,#fc8d62,car
9,1,62,0,2018,1,7,2,3,0,7,0,1,0,0,0,0,0,0,688236.8963,5336784.1207,11.531185218,48.156417732,1,#66c2a5,bicycle
9,1,62,0,2018,1,18,2,3,5,2,2,1,1,0,0,0,0,0,687813.4959,5334453.8501,11.524469594,48.135597955,1,#66c2a5,bicycle
9,1,62,0,2018,1,5,2,3,1,6,2,0,1,0,0,0,0,0,692243.4509,5330469.0972,11.582155772,48.098460839,2,#fc8d62,car
9,1,62,0,2018,1,16,3,3,0,5,1,1,1,0,0,0,0,1,690426.5893,5335419.4173,11.559988747,48.143499922,1,#66c2a5,bicycle
9,1,62,0,2018,1,6,2,3,0,6,1,1,1,0,0,0,0,0,691565.1458,5333854.3118,11.574575036,48.129091152,1,#66c2a5,bicycle
9,1,62,0,2018,1,13,2,3,6,3,0,0,1,1,0,0,0,0,690697.2586,5334630.1711,11.563270304,48.136325144,2,#fc8d62,car
9,1,62,0,2018,1,12,2,3,6,4,0,1,0,1,0,0,0,0,690789.5072,5334753.3835,11.564564169,48.137404921,1,#66c2a5,bicycle
9,7,61,0,2018,1,12,2,3,5,3,0,1,1,0,0,0,0,0,641775.4521,5361962.9336,10.915292998,48.3948776,1,#66c2a5,bicycle
9,7,61,0,2018,1,16,2,3,5,3,0,1,1,0,0,0,0,0,639729.4925,5356445.0202,10.885835601,48.345718747,1,#66c2a5,bicycle
9,1,81,130,2018,1,18,4,3,5,3,2,0,1,0,0,0,0,2,641155.2529,5324091.5072,10.894307258,48.0544815,2,#fc8d62,car
9,1,78,143,2018,1,11,4,2,5,3,0,1,0,0,1,0,0,2,717496.0622,5374014.2854,11.943325138,48.481594651,1,#66c2a5,bicycle
9,1,62,0,2018,1,9,5,3,5,2,0,1,1,0,0,0,0,0,692158.1912,5333633.3156,11.582437348,48.126926125,1,#66c2a5,bicycle
9,7,61,0,2018,1,15,5,3,2,6,0,0,1,0,0,0,0,0,639152.6311,5361098.3451,10.879594001,48.387687707,2,#fc8d62,car
9,1,62,0,2018,1,2,5,3,5,3,2,1,1,0,0,0,0,0,696868.4897,5330453.44,11.644202888,48.096908066,1,#66c2a5,bicycle
9,1,62,0,2018,1,14,3,3,1,5,0,1,1,0,0,0,0,1,691648364.0,5334459688.0,11.575964586,48.134507149,1,#66c2a5,bicycle
9,1,90,157,2018,1,12,2,2,8,1,0,1,0,0,0,0,0,0,661877.4944,5302169.3892,11.163958439,47.852463992,1,#66c2a5,bicycle
9,1,90,148,2018,1,10,2,2,6,7,0,0,1,1,0,0,0,0,641769403.0,5297428799.0,10.89376641,47.814585031,2,#fc8d62,car
9,2,61,0,2018,1,7,4,3,6,4,2,0,1,1,0,0,0,1,731461257.0,5382257.3864,12.136599575,48.550656815,2,#fc8d62,car
9,1,81,146,2018,1,16,2,3,0,1,0,1,0,0,0,0,0,0,651880.0994,5325409.6017,11.038611961,48.063870621,1,#66c2a5,bicycle
9,1,62,0,2018,1,12,3,3,2,6,0,0,1,0,0,0,0,1,690992.8665,5329594215.0,11.564984428,48.09097345,2,#fc8d62,car
9,1,79,123,2018,1,13,2,3,0,6,0,1,1,0,0,0,0,0,675535.6065,5332489144.0,11.35877885,48.12144184,1,#66c2a5,bicycle
9,1,74,115,2018,1,10,2,3,5,3,0,0,1,0,0,0,0,0,681844.3913,5346712.1498,11.449562811,48.247517453,2,#fc8d62,car
9,1,74,115,2018,1,23,2,3,1,6,2,0,1,0,0,0,0,1,681781.2145,5348801077.0,11.44960993,48.266312008,2,#fc8d62,car
9,1,78,124,2018,1,20,2,3,9,1,2,0,1,0,0,0,0,1,705371.0874,5363381.2761,11.774236237,48.390124558,2,#fc8d62,car
9,1,62,0,2018,1,4,1,3,6,4,2,0,1,1,0,0,0,0,691424018.0,5335711714.0,11.57351504,48.14582773,2,#fc8d62,car
9,1,87,150,2018,1,13,4,3,2,1,0,0,1,0,0,0,0,2,725656.7289,5304106.7998,12.016512882,47.850649962,2,#fc8d62,car
9,1,62,0,2018,1,17,1,3,0,2,2,1,1,0,0,0,0,1,684074568.0,5335084757.0,11.474535086,48.142361386,1,#66c2a5,bicycle
9,7,72,202,2018,1,11,3,3,8,1,0,0,0,0,1,0,0,1,637035.4699,5357738038.0,10.849917018,48.357935689,4,#e78ac3,marker
9,1,62,0,2018,1,14,1,3,1,6,0,0,1,0,0,0,0,1,692180.8994,5333509.2041,11.582686241,48.125803776,2,#fc8d62,car
9,1,62,0,2018,1,17,1,2,6,2,2,0,1,1,0,0,0,1,680106.6078,5335538.2975,11.421435166,48.14757388,2,#fc8d62,car
9,1,62,0,2018,1,23,1,3,6,2,2,0,1,1,0,0,0,1,694850129.0,5334103.4668,11.618790675,48.130333399,2,#fc8d62,car
9,1,62,0,2018,1,11,1,3,5,3,0,1,0,0,0,0,0,0,693779.6617,5331981.6627,11.6034546,48.111590061,1,#66c2a5,bicycle
9,7,77,139,2018,1,23,1,3,9,7,2,0,1,0,0,0,0,0,616972.7154,5307823.2186,10.565484462,47.913058808,2,#fc8d62,car
9,1,62,0,2018,1,17,3,3,5,3,2,0,1,0,0,0,0,1,690439.4122,5335580169.0,11.56023285,48.144940915,2,#fc8d62,car
9,1,74,115,2018,1,7,4,3,5,3,1,1,1,0,0,0,0,2,679853.8957,5347579.9326,11.423143292,48.25588561,1,#66c2a5,bicycle
9,1,62,0,2018,1,7,3,3,0,2,2,1,1,0,0,0,0,1,680318.1877,5335608.4624,11.424306823,48.148144644,1,#66c2a5,bicycle
9,1,62,0,2018,1,14,7,3,4,2,0,0,1,0,0,0,0,0,690069.9078,5331942.0203,11.553647748,48.112351617,2,#fc8d62,car
9,1,62,0,2018,1,20,7,3,5,3,2,1,1,0,0,0,0,0,692602.3531,5338057.8033,11.590401824,48.166558123,1,#66c2a5,bicycle
9,1,62,0,2018,1,14,3,3,6,2,0,0,1,1,0,0,0,1,689682.3495,5334897.9048,11.54976161,48.139034867,2,#fc8d62,car
9,1,62,0,2018,1,4,7,2,6,7,2,0,1,1,0,0,0,0,691481986.0,5334328.5594,11.573671687,48.13337866,2,#fc8d62,car
9,1,62,0,2018,1,15,7,3,8,7,0,0,1,1,0,0,0,0,691068.8907,5335063.9545,11.568455014,48.140112484,2,#fc8d62,car
9,1,62,0,2018,1,20,7,3,6,7,2,0,1,1,0,0,0,0,691378037.0,5334733.4042,11.572457865,48.137048629,2,#fc8d62,car
9,1,62,0,2018,1,14,7,3,5,3,0,0,1,0,0,0,0,0,687231.8351,5334809.1185,11.516815279,48.138962603,2,#fc8d62,car
9,1,62,0,2018,1,15,7,3,1,6,0,0,1,0,0,0,0,0,688305.7816,5330590.4782,11.529373732,48.100727651,2,#fc8d62,car
9,7,61,0,2018,1,20,7,3,5,3,2,1,1,0,0,0,0,1,644722.3443,5360476.4029,10.954567628,48.380842272,1,#66c2a5,bicycle
9,7,61,0,2018,1,17,7,3,5,3,2,0,1,0,0,0,0,0,639729457.0,5356436843.0,10.885832408,48.345645228,2,#fc8d62,car
9,7,61,0,2018,1,5,7,3,4,2,2,0,1,0,0,0,0,1,639976.7802,5359175.0919,10.890079349,48.370212052,2,#fc8d62,car
9,7,61,0,2018,1,17,7,2,6,2,2,0,1,1,0,0,0,0,640760058.0,5359968376.0,10.900915351,48.377170771,2,#fc8d62,car
9,1,81,121,2018,1,12,4,3,5,7,0,0,1,0,0,1,0,1,637813824.0,5311403873.0,10.845415056,47.941118265,2,#fc8d62,car
9,1,78,145,2018,1,7,4,2,5,3,0,0,1,0,0,0,0,1,697315861.0,5354415754.0,11.661345816,48.312123567,2,#fc8d62,car
9,2,61,0,2018,1,18,3,3,5,3,2,0,1,0,0,0,0,1,734109.7985,5379360.3125,12.170806569,48.523650938,2,#fc8d62,car
9,1,63,0,2018,1,11,3,3,0,3,0,0,1,0,0,0,1,0,733709.0475,5305084.2679,12.124519325,47.85655466,2,#fc8d62,car
9,1,63,0,2018,1,3,7,3,0,1,2,1,0,0,0,0,0,0,732866.6439,5306186.0271,12.113867517,47.866758751,1,#66c2a5,bicycle
9,1,62,0,2018,1,15,3,3,5,3,0,1,1,0,0,0,0,1,686388.6712,5328410.0036,11.502696436,48.081692267,1,#66c2a5,bicycle
9,1,63,0,2018,1,13,3,3,6,4,0,0,1,1,0,0,0,0,732905.3845,5305635.0303,12.114087963,47.861794501,2,#fc8d62,car
9,1,86,143,2018,1,7,7,3,8,1,2,0,1,0,0,0,0,1,677718.5909,5381627.4194,11.408819974,48.562528335,2,#fc8d62,car
9,1,84,123,2018,1,7,3,3,5,2,1,1,1,0,0,0,0,0,704148621.0,5332906026.0,11.743044019,48.116658255,1,#66c2a5,bicycle
9,1,63,0,2018,1,17,3,3,3,2,1,1,1,0,0,0,0,1,734031.46,5305079.5184,12.128820534,47.856394672,1,#66c2a5,bicycle
9,1,88,121,2018,1,21,7,3,6,7,2,0,1,1,0,0,0,0,671212.9682,5330873.5465,11.300093445,48.108095149,2,#fc8d62,car
9,1,79,121,2018,1,14,7,3,4,6,0,0,1,0,0,0,0,0,666142356.0,5339601037.0,11.235435239,48.187899024,2,#fc8d62,car
9,1,78,155,2018,1,6,7,3,8,1,2,0,1,0,0,0,0,0,711456.7429,5376240.0917,11.862830658,48.503653893,2,#fc8d62,car
9,1,77,130,2018,1,7,7,3,2,6,0,0,1,0,0,0,0,0,707131.4755,5350832.7362,11.791819538,48.276788456,2,#fc8d62,car
9,1,62,0,2018,1,9,2,3,0,7,0,0,0,0,0,0,1,1,684568.6204,5335032.6304,11.481147644,48.141749716,6,#ffd92f,circle
9,1,62,0,2018,1,21,6,3,5,3,2,0,1,0,0,0,0,0,691454.3306,5334596.8864,11.573420954,48.135798674,2,#fc8d62,car
9,1,62,0,2018,1,13,6,3,6,4,0,1,0,1,0,0,0,0,686240.1433,5332847165.0,11.502640428,48.121618834,1,#66c2a5,bicycle
9,1,77,139,2018,1,18,3,3,5,3,2,0,1,0,0,0,1,0,731336.1698,5359106.8193,12.122121338,48.342740037,2,#fc8d62,car
9,1,62,0,2018,1,11,6,3,6,4,0,0,1,1,0,0,0,0,697177.3159,5332160.07,11.649134833,48.11215075,2,#fc8d62,car
9,1,62,0,2018,1,10,6,3,0,2,0,1,1,0,0,0,0,0,688944.7564,5336745.7642,11.540676953,48.15586306,1,#66c2a5,bicycle
9,1,62,0,2018,1,12,2,2,6,2,0,0,1,1,0,0,0,0,690341.2116,5334622.2277,11.558485877,48.136360342,2,#fc8d62,car
9,1,62,0,2018,1,13,6,3,1,6,0,0,1,0,0,0,0,0,689415.2837,5336089.4734,11.546705406,48.149824316,2,#fc8d62,car
9,1,62,0,2018,1,12,6,3,1,5,0,1,1,0,0,0,0,0,691672.2413,5334270.4079,11.57620003,48.132798733,1,#66c2a5,bicycle
9,1,62,0,2018,1,19,6,3,6,2,2,0,1,1,0,0,0,0,695816.2133,5334172.1313,11.631792256,48.130654055,2,#fc8d62,car
9,1,84,123,2018,1,13,6,3,0,7,0,0,0,0,0,0,1,1,702461.9603,5331898.4133,11.719929516,48.108141433,6,#ffd92f,circle
9,7,72,163,2018,1,13,3,2,4,2,0,0,1,0,0,0,0,1,639276.6036,5348416.1517,10.877076237,48.273624312,2,#fc8d62,car
9,1,62,0,2018,1,21,2,3,2,6,2,0,1,0,0,0,0,0,690709.5786,5340294.2407,11.565975081,48.187229593,2,#fc8d62,car
9,1,88,120,2018,1,21,4,3,1,5,2,0,1,0,0,0,0,1,673186.8152,5326221.6313,11.324701467,48.065742546,2,#fc8d62,car
9,7,72,211,2018,1,18,6,3,8,1,2,0,1,0,0,0,0,1,619986.4168,5354339.2979,10.618896389,48.330841043,2,#fc8d62,car
9,1,62,0,2018,1,7,2,3,5,2,2,1,1,0,0,0,0,0,689225081.0,5341699986.0,11.546648313,48.200308344,1,#66c2a5,bicycle
9,7,72,200,2018,1,14,6,3,5,3,0,0,1,0,0,0,0,0,630666.5095,5337944.0973,10.757865045,48.181288746,2,#fc8d62,car
9,7,72,125,2018,1,13,6,3,5,3,0,1,1,0,0,0,0,0,636785.9117,5348872.5085,10.843674271,48.278270819,1,#66c2a5,bicycle
9,7,61,0,2018,1,10,6,3,6,7,0,1,0,1,0,0,0,0,639522.7597,5358780.3464,10.883821288,48.366763138,1,#66c2a5,bicycle
9,1,78,143,2018,1,13,4,3,5,3,0,0,1,0,0,0,0,0,717253.2283,5372212.8936,11.93910769,48.465493831,2,#fc8d62,car
9,1,74,126,2018,1,18,3,3,5,3,2,0,1,0,1,0,0,1,684573.79,5344212.5108,11.485204926,48.224261017,2,#fc8d62,car
9,1,62,0,2018,1,18,3,3,5,3,2,0,1,0,0,0,0,1,687294.0311,5327427.8996,11.514410435,48.072599424,2,#fc8d62,car
9,1,62,0,2018,1,17,3,3,6,7,0,0,1,1,0,0,0,1,694406.1202,5336506.3708,11.613926554,48.152065491,2,#fc8d62,car
9,1,87,177,2018,1,21,6,2,0,7,2,1,0,0,0,0,0,0,737186.5576,5305917081.0,12.171394727,47.862762444,1,#66c2a5,bicycle
9,1,77,117,2018,1,13,6,3,0,6,0,0,1,0,0,0,0,0,714807.4628,5353626.7424,11.896565947,48.299336341,2,#fc8d62,car
9,1,62,0,2018,1,22,5,3,0,7,2,1,0,0,0,0,0,0,692376.8303,5336975.6257,11.586882463,48.156900067,1,#66c2a5,bicycle
9,1,62,0,2018,1,9,5,3,1,6,0,0,1,0,0,0,0,0,689377.1653,5334918.01,11.545672385,48.139306474,2,#fc8d62,car
9,1,88,139,2018,1,9,4,3,2,6,0,0,1,0,0,0,0,2,674789.5937,5319461.4361,11.343438311,48.004534027,2,#fc8d62,car
9,1,62,0,2018,1,9,5,3,5,3,0,1,1,0,0,0,0,0,688554.2278,5333685.9822,11.534076145,48.128477193,1,#66c2a5,bicycle
9,1,62,0,2018,1,7,5,3,4,2,1,0,1,0,0,0,0,1,682778.3752,5334803.0412,11.457005983,48.140202827,2,#fc8d62,car
9,1,62,0,2018,1,10,5,3,6,4,0,0,1,1,0,0,0,0,691532.8201,5334286.8344,11.574335465,48.132988345,2,#fc8d62,car
9,1,62,0,2018,1,8,5,3,0,5,0,1,1,0,0,0,0,1,692813.8204,5338853.9806,11.593603975,48.173649816,1,#66c2a5,bicycle
9,1,84,145,2018,1,21,6,3,6,7,2,0,0,1,0,0,1,0,694430.2673,5325660.6543,11.609309411,48.054580429,3,#8da0cb,toilet
9,1,62,0,2018,1,14,5,3,3,6,0,0,1,0,0,0,0,0,684286.7124,5337520983.0,11.478439172,48.164198046,2,#fc8d62,car
9,1,62,0,2018,1,7,5,3,1,6,0,0,1,0,0,1,0,1,686725.9198,5330211.5298,11.508007994,48.097786462,2,#fc8d62,car
9,7,72,163,2018,1,10,6,3,2,6,0,0,1,0,0,0,0,0,640344.9642,5348933.2613,10.891638458,48.278038209,2,#fc8d62,car
9,1,62,0,2018,1,18,5,3,6,4,2,0,1,1,0,0,0,0,689689.6029,5331905.9361,11.548527434,48.112140667,2,#fc8d62,car
9,1,79,123,2018,1,7,6,3,4,2,1,1,1,0,0,0,0,1,674858.8794,5332880.3577,11.349853687,48.12514484,1,#66c2a5,bicycle
9,1,62,0,2018,1,9,5,3,2,6,0,0,1,0,0,0,0,1,689008.3707,5331959.2851,11.539407887,48.112822701,2,#fc8d62,car
9,1,62,0,2018,1,18,7,3,1,5,2,0,1,0,0,0,0,1,697889.9614,5332886.8041,11.65903598,48.118461119,2,#fc8d62,car
9,7,61,0,2018,1,18,7,3,2,6,2,0,1,0,0,0,0,2,641470921.0,5358554049.0,10.910033945,48.364294729,2,#fc8d62,car
9,1,62,0,2018,1,13,5,3,2,6,0,0,1,0,0,0,0,0,692467.8295,5335471.7594,11.587424828,48.143356137,2,#fc8d62,car
9,1,62,0,2018,1,15,5,3,5,3,0,0,1,0,0,0,0,0,688967.7674,5330582.5306,11.538253153,48.100460234,2,#fc8d62,car
9,1,62,0,2018,1,10,5,3,5,3,0,0,1,0,0,0,0,1,694161.4969,5336574.4183,11.61067201,48.152751797,2,#fc8d62,car
9,7,78,203,2018,1,5,5,2,9,1,2,0,1,0,0,0,0,2,623770.2759,5322368.2171,10.660610684,48.042592528,2,#fc8d62,car
9,7,72,163,2018,1,19,5,3,5,3,2,1,1,0,0,0,0,1,640066.12,5348732047.0,10.887815498,48.276290664,1,#66c2a5,bicycle
9,7,72,125,2018,1,7,5,3,5,3,1,1,1,0,0,0,0,1,636493.3534,5347987.5291,10.839447371,48.270376122,1,#66c2a5,bicycle
9,1,81,128,2018,1,8,7,3,0,1,0,1,0,0,0,0,0,2,639679.2909,5327851.4639,10.875739608,48.088616758,1,#66c2a5,bicycle
9,7,72,209,2018,1,23,7,3,9,1,2,0,1,0,0,0,0,2,635738.9485,5336688.9493,10.825668747,48.1689385,2,#fc8d62,car
9,7,61,0,2018,1,7,5,3,5,2,0,1,1,0,0,0,0,1,639199.3774,5356982.0843,10.878862566,48.350664963,1,#66c2a5,bicycle
9,7,71,113,2018,1,7,5,3,6,3,1,1,0,1,0,0,0,1,657404.3555,5369317.1306,11.129046285,48.457286857,1,#66c2a5,bicycle
9,1,62,0,2018,1,20,6,3,4,3,2,1,1,0,0,0,0,0,690674.7229,5340766.0681,11.565718402,48.191480774,1,#66c2a5,bicycle
9,1,62,0,2018,1,5,5,3,5,3,2,0,1,0,0,0,0,1,690880.2843,5334271.2467,11.565567078,48.13304428,2,#fc8d62,car
9,1,62,0,2018,1,8,7,2,6,4,0,0,1,1,0,0,0,1,684561.1326,5335033.5218,11.48104747,48.1417599,2,#fc8d62,car
9,1,78,143,2018,1,19,1,3,2,6,2,0,1,0,0,0,0,2,717474.7028,5372136.5973,11.942060141,48.464731826,2,#fc8d62,car
9,1,84,145,2018,1,17,5,3,5,3,2,0,1,0,0,0,0,1,697800.4772,5324501.9532,11.653953252,48.043131056,2,#fc8d62,car
9,1,62,0,2018,1,14,3,3,6,4,0,0,1,1,0,0,0,1,692292.5898,5337527.5933,11.586000364,48.161886499,2,#fc8d62,car
9,1,62,0,2018,1,18,3,3,1,6,2,0,1,0,0,0,0,0,691517.4797,5334382.7729,11.574172622,48.133855245,2,#fc8d62,car
9,1,62,0,2018,1,12,3,3,8,7,0,0,1,0,1,0,0,1,685788.3565,5340175.5716,11.499774979,48.187621343,2,#fc8d62,car
9,1,62,0,2018,1,15,3,3,6,7,0,0,1,1,0,0,0,1,698672.8613,5333318.2071,11.669744967,48.12209446,2,#fc8d62,car
9,1,84,130,2018,1,19,5,3,1,3,2,1,1,0,0,0,0,1,699505502.0,5345538008.0,11.686656887,48.231653802,1,#66c2a5,bicycle
9,1,62,0,2018,1,13,3,3,5,3,0,1,1,0,0,0,0,0,683440.3002,5337556968.0,11.46708242,48.164766289,1,#66c2a5,bicycle
9,1,62,0,2018,1,11,3,3,6,4,0,0,0,1,0,0,1,0,689038.7091,5332375.1889,11.539999435,48.116551905,3,#8da0cb,toilet
9,1,62,0,2018,1,22,3,3,0,1,2,1,0,0,0,0,0,0,691064.2165,5333165.3299,11.567540864,48.123049177,1,#66c2a5,bicycle
9,7,72,149,2018,1,18,3,3,5,3,1,1,1,0,0,0,0,0,636629.0438,5338508.8791,10.838219142,48.185113086,1,#66c2a5,bicycle
9,7,61,0,2018,1,14,3,3,5,3,0,0,1,0,0,0,0,0,638363.7762,5359293.0756,10.868350203,48.371628629,2,#fc8d62,car
9,1,62,0,2018,1,15,6,3,1,7,0,1,1,0,0,0,0,0,692238.7923,5337166.0327,11.585114263,48.158653145,1,#66c2a5,bicycle
9,1,82,136,2018,1,10,6,2,7,1,0,0,1,0,0,0,0,1,701510.5743,5299060.4842,11.691776724,47.813320371,2,#fc8d62,car
9,7,61,0,2018,1,21,6,3,1,2,2,1,1,0,0,0,0,1,638803249.0,5362302.1289,10.875275227,48.398588808,1,#66c2a5,bicycle
9,1,62,0,2018,1,20,5,2,6,2,2,0,1,1,0,0,0,1,693276.0367,5334639651.0,11.597900717,48.135632385,2,#fc8d62,car
9,1,62,0,2018,1,12,7,2,0,5,0,1,1,0,0,0,0,1,695480.6156,5333726966.0,11.627082506,48.126756279,1,#66c2a5,bicycle
9,7,61,0,2018,1,14,7,3,5,3,0,1,1,0,0,0,0,0,641795.5889,5361578.4412,10.915435063,48.391415895,1,#66c2a5,bicycle
9,2,61,0,2018,1,15,3,3,5,3,0,0,1,0,0,0,0,0,735099.7792,5382285.4747,12.185843311,48.549556131,2,#fc8d62,car
9,1,90,148,2018,1,7,3,2,5,3,1,0,0,0,0,1,1,1,642503975.0,5296755689.0,10.903352027,47.808369823,5,#a6d854,bus
9,1,62,0,2018,1,9,5,3,0,7,0,0,1,1,0,0,0,0,689519.7684,5333581.9544,11.54699301,48.127255448,2,#fc8d62,car
9,1,86,143,2018,1,19,3,3,2,6,2,0,1,0,1,0,0,0,685385.7376,5378579.1272,11.511282714,48.532911177,2,#fc8d62,car
9,1,62,0,2018,1,18,2,2,6,4,2,0,1,1,0,0,0,1,691247.0552,5335938.5286,11.571240319,48.147919537,2,#fc8d62,car
9,1,62,0,2018,1,19,2,1,6,2,2,0,0,1,0,0,1,1,696946872.0,5330700401.0,11.645368444,48.099103392,3,#8da0cb,toilet
9,1,84,146,2018,1,16,2,3,6,7,2,0,1,1,0,0,0,1,697651.5487,5328091.1039,11.653615613,48.075434451,2,#fc8d62,car
9,1,62,0,2018,1,13,2,3,6,7,0,1,0,1,0,0,0,1,688113746.0,5336743.0268,11.529512747,48.156084814,1,#66c2a5,bicycle
9,1,62,0,2018,1,18,2,3,6,2,2,0,1,1,0,0,0,1,688502.4912,5330015964.0,11.531759606,48.095505616,2,#fc8d62,car
9,1,84,136,2018,1,17,2,3,6,7,2,0,1,1,0,0,0,1,698628.4258,5326356.2747,11.665910322,48.059539472,2,#fc8d62,car
9,1,87,165,2018,1,8,7,3,4,1,0,0,1,0,0,0,0,2,733342.9857,5299233.2231,12.116481027,47.8041212,2,#fc8d62,car
9,1,62,0,2018,1,19,2,3,6,4,2,0,1,1,0,0,0,1,690456.9615,5335310.9051,11.560348096,48.142515527,2,#fc8d62,car
9,7,62,0,2018,1,16,2,3,5,3,0,0,1,0,0,0,0,1,621679.8906,5304175.6163,10.627427737,47.879377385,2,#fc8d62,car