ULAND,UREGBEZ,UKREIS,UGEMEINDE,UJAHR,UMONAT,USTUNDE,UWOCHENTAG,UKATEGORIE,UART,UTYP1,ULICHTVERH,IstRad,IstPKW,IstFuss,IstKrad,IstGkfz,IstSonstig,STRZUSTAND,LINREFX,LINREFY,XGCSWGS84,YGCSWGS84,Teilnehmer,color,symbol
9,2,74,126,2018,1,12,5,3,4,2,0,1,1,0,0,0,0,0,732757.4613,5384286.9358,12.155271912,48.568407979,1,#66c2a5,bicycle
9,1,62,0,2018,1,18,6,3,5,7,2,0,1,0,0,0,1,1,690652.9924,5340760204.0,11.565423668,48.191434592,2,#fc8d62,car
9,7,61,0,2018,1,12,2,3,5,3,0,0,1,0,0,0,0,2,642406.7029,5359909.7761,10.92311991,48.376274382,2,#fc8d62,car
9,7,72,147,2018,1,18,2,3,5,3,2,0,1,0,0,0,0,1,637884.4373,5365151.8128,10.863805166,48.424414136,2,#fc8d62,car
9,1,79,145,2018,1,21,5,3,5,3,2,1,1,0,0,0,0,1,675461.6638,5338451.1337,11.360243617,48.17505645,1,#66c2a5,bicycle
9,1,75,132,2018,1,19,5,3,0,7,2,1,0,0,0,0,0,1,706081531.0,5331774.1927,11.768437484,48.105864499,1,#66c2a5,bicycle
9,7,72,184,2018,1,16,2,3,1,6,1,0,1,0,0,1,0,1,635512.9001,5361199.2232,10.83048959,48.389387306,2,#fc8d62,car
9,1,62,0,2018,1,19,4,3,5,5,2,1,1,0,0,0,0,1,691282.9881,5335014.7052,11.571307907,48.139605511,1,#66c2a5,bicycle
9,7,72,125,2018,1,8,2,3,5,3,0,0,1,0,0,0,0,1,636785.6036,5348871.9322,10.843669934,48.278265704,2,#fc8d62,car
9,7,61,0,2018,1,7,2,3,4,2,1,0,1,0,0,0,1,1,638507.6596,5362333044.0,10.871294138,48.398931793,2,#fc8d62,car
9,7,61,0,2018,1,13,2,3,0,7,0,0,1,1,0,0,0,1,641772.6559,5361133.1663,10.914975176,48.387417342,2,#fc8d62,car
9,1,62,0,2018,1,17,5,3,5,2,2,0,1,0,0,0,1,1,689078.2306,5334941.4311,11.541668505,48.139605883,2,#fc8d62,car
9,1,62,0,2018,1,8,4,3,5,3,0,1,1,0,0,0,0,1,691701.8926,5336930.1299,11.577795656,48.156694979,1,#66c2a5,bicycle
9,1,62,0,2018,1,23,7,3,1,2,2,0,1,0,0,0,0,0,688992.7659,5335567.2867,11.540798594,48.14525653,2,#fc8d62,car
9,1,62,0,2018,1,9,4,3,5,3,0,0,1,0,0,0,0,0,690868.9893,5337195.2606,11.566726315,48.159328481,2,#fc8d62,car
9,1,62,0,2018,1,9,5,3,2,4,0,0,1,1,0,0,0,1,687416.5577,5330987.2199,11.51761566,48.104555875,2,#fc8d62,car
9,7,72,125,2018,1,13,6,3,6,4,0,0,1,1,0,0,0,0,635946.0003,5347683.5504,10.831977181,48.267760426,2,#fc8d62,car
9,1,62,0,2018,1,15,5,3,0,5,0,1,1,0,0,0,0,0,690907.2907,5334663.9223,11.566105656,48.136565526,1,#66c2a5,bicycle
9,1,62,0,2018,1,14,4,3,5,4,0,1,0,1,0,0,0,0,693047.6132,5335575.9962,11.595258078,48.144117333,1,#66c2a5,bicycle
9,7,77,152,2018,1,6,4,3,5,3,2,1,1,0,0,0,0,2,624654.9102,5306105.2791,10.667757606,47.896161152,1,#66c2a5,bicycle
9,1,73,126,2018,1,15,7,3,5,3,0,0,1,0,0,0,0,1,685554.2311,5303107809.0,11.480581568,47.854500355,2,#fc8d62,car
9,7,72,184,2018,1,16,4,3,8,1,1,0,1,0,0,0,0,2,634340.0107,5358870.2452,10.813910256,48.368695882,2,#fc8d62,car
9,2,61,0,2018,1,7,2,3,6,4,1,0,1,1,0,0,0,0,733631.9617,5380168.7017,12.164797876,48.531090361,2,#fc8d62,car
9,7,71,130,2018,1,7,4,3,4,6,0,0,1,0,0,0,0,2,646098.3199,5362528047.0,10.973853203,48.398971943,2,#fc8d62,car
9,7,72,125,2018,1,16,4,2,4,2,0,0,1,0,0,0,0,2,635273.7505,5347841.8917,10.822973527,48.269328196,2,#fc8d62,car
9,1,62,0,2018,1,7,6,3,6,4,0,1,0,1,0,0,0,1,693634.5089,5333344.8026,11.602125551,48.123885718,1,#66c2a5,bicycle
9,1,90,157,2018,1,16,2,2,5,2,1,1,1,0,0,0,0,1,659897.5741,5300819.8,11.137011538,47.84082529,1,#66c2a5,bicycle
9,1,86,143,2018,1,8,6,2,6,4,0,0,1,1,0,0,0,1,685164616.0,5378728.9445,11.50835689,48.534322968,2,#fc8d62,car
9,1,87,163,2018,1,7,2,3,8,7,1,0,1,0,0,0,0,2,737374.0075,5309908.8534,12.17609048,47.898553497,2,#fc8d62,car
9,1,79,145,2018,1,17,7,3,0,7,2,1,0,0,0,0,0,1,675071.0579,5338234.1102,11.354904562,48.173213287,1,#66c2a5,bicycle
9,1,87,117,2018,1,12,2,3,5,2,0,1,1,0,0,0,0,1,725280.1572,5305376.7493,12.012147587,47.862192499,1,#66c2a5,bicycle
9,7,61,0,2018,1,7,4,2,5,3,2,1,1,0,0,0,0,1,639108.1366,5359126.8873,10.878340851,48.369970667,1,#66c2a5,bicycle
9,7,71,130,2018,1,23,4,3,4,1,2,0,1,0,0,0,0,2,648381.8299,5361617525.0,11.00436324,48.39025213,2,#fc8d62,car
9,7,72,147,2018,1,20,6,3,5,3,2,0,1,0,0,0,0,1,636060.0261,5364145.5217,10.838831138,48.415762386,2,#fc8d62,car
9,1,79,145,2018,1,17,2,3,6,4,2,0,1,1,0,0,0,1,675871.3722,5338709.0745,11.365856721,48.177261886,2,#fc8d62,car
9,1,88,127,2018,1,8,2,2,4,6,0,0,1,0,0,0,0,2,674234.6839,5328532.9722,11.339697333,48.086235143,2,#fc8d62,car
9,1,62,0,2018,1,14,5,3,2,6,0,0,1,0,0,0,0,1,692207662.0,5339091927.0,11.585566552,48.175972023,2,#fc8d62,car
9,1,78,145,2018,1,16,2,3,2,1,1,0,1,0,0,0,0,2,697353242.0,5354432.89,11.661857451,48.312265905,2,#fc8d62,car
9,1,62,0,2018,1,21,1,3,5,3,2,0,1,0,0,0,0,0,690878946.0,5334270342.0,11.565548703,48.13303655,2,#fc8d62,car
9,7,61,0,2018,1,8,4,3,5,3,0,1,1,0,0,0,0,1,638939064.0,5356333.7721,10.875136965,48.34489278,1,#66c2a5,bicycle
9,1,62,0,2018,1,18,7,3,6,4,2,0,1,1,0,0,0,2,686204.6082,5333888.8536,11.5026185,48.130992339,2,#fc8d62,car
9,1,62,0,2018,1,13,1,3,0,7,0,1,0,0,0,0,0,1,690803.6256,5335943.4978,11.565287018,48.14809736,1,#66c2a5,bicycle
9,1,62,0,2018,1,7,1,2,4,3,0,0,1,0,0,0,1,1,686251302.0,5333286491.0,11.502982187,48.125564407,2,#fc8d62,car
9,7,61,0,2018,1,13,4,2,0,7,0,0,0,0,0,0,1,1,639186.4732,5356157321.0,10.878415842,48.3432517,6,#ffd92f,circle
9,1,75,122,2018,1,17,1,3,2,6,2,0,1,0,0,0,0,1,721328277.0,5325870593.0,11.969924903,48.047707157,2,#fc8d62,car
9,1,62,0,2018,1,12,1,2,8,7,0,0,1,0,0,0,0,1,685984.5697,5329877.3692,11.497914802,48.094999673,2,#fc8d62,car
9,7,72,151,2018,1,0,7,3,8,1,2,0,1,0,0,0,0,2,628565.7114,5343566.9033,10.731320231,48.232281878,2,#fc8d62,car
9,7,61,0,2018,1,14,4,3,3,5,0,0,1,0,0,0,1,1,639714.5781,5360036.1812,10.88682704,48.378012821,2,#fc8d62,car
9,7,78,116,2018,1,10,1,3,9,1,0,0,1,0,0,0,0,1,620558.5266,5318386.4206,10.616416729,48.007396653,2,#fc8d62,car
9,7,61,0,2018,1,18,1,2,0,3,2,0,1,0,0,0,1,1,641418.4987,5362134.6448,10.910531412,48.396501705,2,#fc8d62,car
9,1,62,0,2018,1,21,5,3,1,6,2,0,1,0,0,0,0,0,686659.0822,5338224.8397,11.510622121,48.169832408,2,#fc8d62,car
9,7,61,0,2018,1,14,1,3,0,1,0,1,0,0,0,0,0,0,642416752.0,5357322398.0,10.92237953,48.353007597,1,#66c2a5,bicycle
9,7,61,0,2018,1,5,1,3,5,3,2,0,1,0,0,1,0,1,641009.88,5358707.4193,10.903864311,48.365776935,2,#fc8d62,car
9,7,61,0,2018,1,16,4,3,0,1,1,1,0,0,0,0,0,1,639847.1082,5358631608.0,10.888148683,48.365353945,1,#66c2a5,bicycle
9,1,63,0,2018,1,12,7,3,3,6,0,0,1,0,0,0,1,0,733338.0064,5304471568.0,12.119235923,47.851184936,2,#fc8d62,car
9,1,63,0,2018,1,20,1,3,6,2,2,0,1,1,0,0,0,1,732874.4995,5304910.0917,12.113285322,47.855292765,2,#fc8d62,car
9,1,90,148,2018,1,16,7,3,5,3,0,0,1,0,0,0,0,0,641027.0078,5297516.4726,10.883883521,47.81553658,2,#fc8d62,car
9,1,86,143,2018,1,11,7,3,5,3,0,0,1,0,0,0,0,0,685245.9244,5378367.7008,11.509296706,48.53105222,2,#fc8d62,car
9,1,79,121,2018,1,9,7,3,0,7,0,1,0,0,0,0,0,1,668403.0495,5338825.9591,11.26552098,48.18033586,1,#66c2a5,bicycle
9,1,62,0,2018,1,18,6,3,1,6,1,0,1,0,0,0,0,0,688041.0142,5339008.8311,11.52953759,48.176471715,2,#fc8d62,car
9,1,62,0,2018,1,13,6,3,5,2,0,0,1,0,0,0,0,0,686404.9264,5337527482.0,11.506901372,48.16363893,2,#fc8d62,car
9,1,62,0,2018,1,21,6,3,5,3,2,1,1,0,0,0,0,0,688972.5936,5337574.8345,11.541419155,48.163306536,1,#66c2a5,bicycle
9,1,62,0,2018,1,17,6,3,5,3,2,0,1,0,1,0,0,0,686268.9839,5339504.5637,11.505941196,48.181449384,2,#fc8d62,car
9,1,62,0,2018,1,7,6,3,3,2,0,1,1,0,0,0,0,0,693178.0293,5336203.7805,11.597294336,48.149720085,1,#66c2a5,bicycle
9,1,62,0,2018,1,13,6,3,5,3,0,0,1,0,0,0,0,0,680323.5915,5335389.5947,11.424286698,48.146175734,2,#fc8d62,car
9,1,84,118,2018,1,10,6,3,5,3,0,0,1,0,0,0,0,0,703761.0192,5336543203.0,11.739581622,48.149468562,2,#fc8d62,car
9,1,62,0,2018,1,11,6,3,2,6,0,0,1,0,0,0,0,0,688347.2169,5333929.1045,11.531404298,48.130723709,2,#fc8d62,car
9,1,62,0,2018,1,9,6,2,0,7,0,1,0,0,0,0,0,0,691922.4351,5336084.1142,11.580376634,48.149024629,1,#66c2a5,bicycle
9,7,71,130,2018,1,3,6,3,0,7,2,0,1,0,0,0,0,0,647415.9775,5360311.1046,10.990866254,48.378732411,2,#fc8d62,car
9,7,61,0,2018,1,15,6,3,5,3,0,0,1,0,0,0,0,0,640340385.0,5363164133.0,10.896318835,48.405999353,2,#fc8d62,car
9,7,61,0,2018,1,12,6,2,6,4,0,0,1,1,0,0,0,0,640144.7483,5359124124.0,10.892329118,48.369716489,2,#fc8d62,car
9,7,61,0,2018,1,9,6,3,5,3,0,1,1,0,0,0,0,0,640818.72,5359788.5102,10.901646855,48.375540395,1,#66c2a5,bicycle
9,1,81,130,2018,1,14,4,3,1,6,0,0,1,0,0,0,0,0,638905.1772,5322602.5479,10.863644598,48.041586033,2,#fc8d62,car
9,1,88,120,2018,1,14,4,2,0,7,0,1,0,0,0,0,0,0,676789424.0,5326480486.0,11.37312407,48.06708127,1,#66c2a5,bicycle
9,1,78,120,2018,1,14,4,3,5,2,0,0,1,0,0,0,0,0,695780.3478,5353937.1226,11.640436076,48.308299201,2,#fc8d62,car
9,1,78,124,2018,1,18,4,3,0,1,2,1,0,0,0,0,0,1,703828.2037,5363913.4374,11.753677684,48.395407087,1,#66c2a5,bicycle
9,1,62,0,2018,1,18,3,3,1,5,2,1,1,0,0,0,0,1,693746341.0,5336456.6781,11.605042268,48.151820191,1,#66c2a5,bicycle
9,1,84,149,2018,1,16,3,3,5,3,0,1,1,0,0,0,0,0,690839.4156,5350641.5575,11.572380573,48.280189783,1,#66c2a5,bicycle
9,1,62,0,2018,1,16,3,3,1,6,0,0,1,0,0,0,0,0,690189.3588,5336192.1514,11.557148063,48.150516206,2,#fc8d62,car
9,1,62,0,2018,1,18,3,2,5,3,2,1,1,0,0,0,0,0,692919.4319,5335344.2266,11.593431685,48.14207313,1,#66c2a5,bicycle
9,1,62,0,2018,1,16,3,3,6,4,1,0,1,1,0,0,0,0,690525.4745,5334705.4444,11.560997318,48.137053152,2,#fc8d62,car
9,1,62,0,2018,1,20,3,3,0,5,2,1,1,0,0,0,0,0,690314234.0,5335379.6143,11.558462077,48.143175792,1,#66c2a5,bicycle
9,1,62,0,2018,1,15,3,3,3,5,0,1,1,0,0,0,0,0,690541.9666,5339205.0294,11.563233784,48.177490184,1,#66c2a5,bicycle
9,1,62,0,2018,1,8,3,3,6,7,0,1,0,1,0,0,0,0,694541.6904,5337225.6128,11.616076234,48.158488267,1,#66c2a5,bicycle
9,1,62,0,2018,1,11,3,3,1,5,0,1,1,0,0,0,0,0,690856.0028,5335411.3921,11.565751948,48.143299121,1,#66c2a5,bicycle
9,7,72,147,2018,1,7,3,3,2,6,0,0,1,0,1,0,0,1,637964.7064,5365773.6247,10.865094224,48.429987734,2,#fc8d62,car
9,7,72,163,2018,1,16,3,3,5,3,0,1,1,0,0,0,0,0,641075.6834,5348409.4072,10.901306992,48.273165429,1,#66c2a5,bicycle
9,7,61,0,2018,1,17,3,3,5,3,1,0,1,0,0,0,0,0,639448.0489,5357483.5953,10.882383313,48.355119577,2,#fc8d62,car
9,7,61,0,2018,1,7,3,3,6,4,1,0,1,1,0,0,0,0,639822125.0,5360018.9133,10.888272883,48.37783373,2,#fc8d62,car
9,1,87,122,2018,1,9,6,3,4,2,0,0,1,0,0,0,0,0,718840.4967,5307203.1154,11.927087643,47.8808291,2,#fc8d62,car
9,1,79,121,2018,1,17,6,3,4,2,1,0,1,0,0,0,0,0,666503.1503,5337769647.0,11.239568267,48.171340317,2,#fc8d62,car
9,1,78,124,2018,1,12,6,3,5,3,0,1,1,0,0,0,0,0,702959.3982,5364367782.0,11.742173888,48.39977013,1,#66c2a5,bicycle
9,1,77,139,2018,1,21,6,3,5,3,2,0,1,0,1,0,0,0,730882.6925,5359633.8125,12.116299482,48.347640041,2,#fc8d62,car
9,1,62,0,2018,1,9,5,3,5,2,0,0,0,0,0,1,1,0,689545.3264,5337269.3905,11.548977617,48.16039071,5,#a6d854,bus
9,1,62,0,2018,1,17,5,3,5,3,1,1,1,0,0,0,0,0,690688.8391,5338154.14,11.564736137,48.16800085,1,#66c2a5,bicycle
9,1,62,0,2018,1,14,5,3,6,4,0,1,0,1,0,0,0,0,692955.6088,5332246.2612,11.592514824,48.114218391,1,#66c2a5,bicycle
9,1,62,0,2018,1,16,5,2,3,2,0,1,0,0,0,0,0,0,691102.2647,5335212.8984,11.568970014,48.141441156,1,#66c2a5,bicycle
9,1,62,0,2018,1,17,5,3,0,2,1,0,1,0,0,0,1,0,693934.76,5331205931.0,11.605183508,48.104570808,2,#fc8d62,car
9,1,62,0,2018,1,18,5,3,2,2,2,1,1,0,0,0,0,0,688712.3799,5333410.0926,11.536077309,48.125950587,1,#66c2a5,bicycle
9,1,62,0,2018,1,8,5,3,5,2,0,1,1,0,0,0,0,0,689437.8404,5337147.1187,11.547479197,48.159323759,1,#66c2a5,bicycle
9,1,62,0,2018,1,16,5,3,5,7,0,1,0,0,0,0,0,0,700669.4493,5334437.7092,11.697071328,48.131529325,1,#66c2a5,bicycle
9,1,62,0,2018,1,7,5,3,5,3,1,1,1,0,0,0,0,1,701101218.0,5331599.3491,11.701529114,48.105884763,1,#66c2a5,bicycle
9,1,62,0,2018,1,8,5,3,0,7,0,0,1,0,0,0,1,0,690357.6211,5334035.3865,11.558444009,48.131080907,2,#fc8d62,car
9,1,62,0,2018,1,9,5,3,0,1,0,1,0,0,0,0,0,0,692567.1515,5335065.4537,11.588574914,48.1396743,1,#66c2a5,bicycle
9,1,62,0,2018,1,19,5,3,5,3,2,1,1,0,0,0,0,0,691817071.0,5334930.6766,11.578441904,48.1386895,1,#66c2a5,bicycle
9,7,62,0,2018,1,17,5,3,6,4,1,1,0,1,0,0,0,0,620944.3489,5304363.6907,10.617646851,47.881207874,1,#66c2a5,bicycle
9,1,63,0,2018,1,18,3,3,6,7,2,0,1,1,0,0,0,0,733577.2699,5304441.3923,12.122413172,47.850826944,2,#fc8d62,car
9,7,72,163,2018,1,17,5,3,5,2,2,1,1,0,0,0,0,1,639392.2653,5349499422.0,10.878991468,48.283339528,1,#66c2a5,bicycle
9,1,63,0,2018,1,20,3,3,5,2,2,1,1,0,0,0,0,0,733386.7221,5305051.1587,12.120198817,47.856374331,1,#66c2a5,bicycle
9,1,63,0,2018,1,19,3,3,1,7,2,1,0,1,0,0,0,0,733966.0701,5305149.1675,12.127985341,47.857044206,1,#66c2a5,bicycle
9,7,61,0,2018,1,10,5,2,6,2,0,0,1,1,0,0,0,0,641424.1352,5359224.2105,10.909627992,48.370331041,2,#fc8d62,car
9,1,86,143,2018,1,18,3,3,5,3,2,0,1,0,0,0,0,0,685451.0278,5379353.4254,11.51251082,48.539851037,2,#fc8d62,car
9,1,86,143,2018,1,6,3,3,5,2,2,0,1,0,1,0,0,1,685308.7813,5378042.3613,11.510002692,48.528109607,2,#fc8d62,car
9,1,74,115,2018,1,12,3,3,4,6,0,0,1,0,0,0,1,0,681753753.0,5347807.6224,11.448813411,48.257390174,2,#fc8d62,car
9,1,88,139,2018,1,15,3,3,6,4,0,0,1,1,0,0,0,0,674761.4482,5318839.7563,11.342808081,47.998953036,2,#fc8d62,car
9,1,81,116,2018,1,15,3,3,5,3,0,0,1,0,0,0,0,0,648000.4123,5340227.8163,10.991717398,48.198021283,2,#fc8d62,car
9,1,79,126,2018,1,17,3,3,0,7,2,1,0,0,0,0,0,0,676708.3062,5340656.3712,11.377915315,48.194534223,1,#66c2a5,bicycle
9,1,77,117,2018,1,7,3,3,2,6,0,0,1,0,0,0,0,0,715285.7147,5352861.7875,11.90261638,48.292300578,2,#fc8d62,car
9,1,62,0,2018,1,13,2,2,6,4,0,0,1,1,0,0,0,0,690622.5581,5334747.8159,11.562319901,48.137404912,2,#fc8d62,car
9,1,62,0,2018,1,12,2,3,1,6,0,0,1,0,0,0,0,0,684202.9416,5341212.4058,11.478913834,48.197402595,2,#fc8d62,car
9,1,62,0,2018,1,11,2,3,5,3,0,0,1,0,0,0,0,0,691201.95,5335821782.0,11.570582096,48.146883791,2,#fc8d62,car
9,1,62,0,2018,1,7,2,3,5,7,0,1,0,0,0,0,0,0,690432.0753,5337037.3561,11.560786295,48.158040243,1,#66c2a5,bicycle
9,1,62,0,2018,1,16,2,3,3,5,0,0,0,0,0,0,1,0,690235.7016,5343867.1984,11.561207236,48.219484971,6,#ffd92f,circle
9,1,62,0,2018,1,16,2,3,0,4,2,0,0,1,0,0,1,0,694944.8247,5336703.8415,11.621252414,48.15367538,3,#8da0cb,toilet
9,1,62,0,2018,1,19,2,3,5,3,2,1,1,0,0,0,0,0,689604034.0,5337301401.0,11.549780564,48.160660917,1,#66c2a5,bicycle
9,7,62,0,2018,1,15,2,3,2,6,0,0,1,0,0,1,0,0,623286.3373,5306062575.0,10.649443165,47.896041515,2,#fc8d62,car
9,2,61,0,2018,1,18,5,3,9,1,2,1,0,0,0,0,0,0,732128.8858,5381010.2141,12.144937747,48.539207081,1,#66c2a5,bicycle
9,7,71,146,2018,1,13,2,3,5,3,0,1,1,0,0,0,0,0,646588377.0,5348203.32,10.975486269,48.27006037,1,#66c2a5,bicycle
9,7,61,0,2018,1,17,2,3,6,2,2,0,0,1,0,0,1,0,641727.3028,5360050.4453,10.913997771,48.377692185,3,#8da0cb,toilet
9,7,61,0,2018,1,15,2,3,0,7,0,1,1,0,0,0,0,0,642185.4061,5358979.6532,10.919818643,48.367961046,1,#66c2a5,bicycle
9,1,63,0,2018,1,15,5,3,2,6,0,0,1,0,0,0,0,0,733024.7081,5304597.4444,12.115121984,47.852429469,2,#fc8d62,car
9,7,61,0,2018,1,12,2,3,2,6,0,0,1,0,0,0,0,0,641017.7468,5351432.0247,10.90153563,48.300357039,2,#fc8d62,car
9,1,63,0,2018,1,22,5,3,5,2,2,1,1,0,0,0,0,1,732046.7879,5306512969.0,12.103096646,47.86999269,1,#66c2a5,bicycle
9,1,82,120,2018,1,7,5,3,0,1,0,1,0,0,0,0,0,2,701577913.0,5306182.1492,11.695992305,47.877305041,1,#66c2a5,bicycle
9,1,87,122,2018,1,9,5,2,0,1,0,1,0,0,0,0,0,2,718306.9079,5307206.5627,11.919961998,47.881041702,1,#66c2a5,bicycle
9,1,86,143,2018,1,17,5,3,0,7,0,1,1,0,0,0,0,0,685194.9895,5378709.2029,11.508759167,48.534136574,1,#66c2a5,bicycle
9,1,88,139,2018,1,14,5,3,6,4,0,0,1,1,0,0,0,0,675116.9767,5319531.5005,11.347852385,48.005074284,2,#fc8d62,car
9,1,79,121,2018,1,13,5,3,6,7,0,0,1,1,0,0,0,0,667869.9717,5340359.3997,11.258961324,48.194262396,2,#fc8d62,car
9,1,78,124,2018,1,7,5,3,0,1,1,1,0,0,0,0,0,2,704186.0485,5365307.6763,11.759184305,48.407820126,1,#66c2a5,bicycle
9,1,62,0,2018,1,18,4,3,5,3,2,1,1,0,0,0,0,0,687985581.0,5338192746.0,11.528431787,48.169153026,1,#66c2a5,bicycle
9,1,62,0,2018,1,16,4,3,2,6,1,0,1,0,0,0,0,0,690074.1176,5338191.5228,11.556493489,48.16852095,2,#fc8d62,car
9,1,62,0,2018,1,14,4,3,5,2,0,0,1,0,0,0,0,0,683367.9908,5335479.8402,11.465215775,48.146116674,2,#fc8d62,car
9,1,62,0,2018,1,16,4,3,5,2,0,0,1,0,0,0,0,0,693020.7156,5341950735.0,11.59779117,48.201419526,2,#fc8d62,car
9,1,62,0,2018,1,7,4,3,6,7,0,1,0,1,0,0,0,0,693977.3114,5335910.3012,11.607895495,48.146839165,1,#66c2a5,bicycle
9,1,84,138,2018,1,11,4,3,4,6,0,0,1,0,0,0,0,0,682095.8344,5331252.6621,11.446322817,48.108484966,2,#fc8d62,car
9,1,62,0,2018,1,5,4,3,6,2,2,0,1,1,0,0,0,1,687475.0941,5335785.5576,11.520511856,48.147667456,2,#fc8d62,car
9,1,62,0,2018,1,17,4,3,6,2,2,0,1,1,0,0,0,0,680098.6727,5335525.7172,11.421323259,48.147463044,2,#fc8d62,car
9,1,62,0,2018,1,11,4,3,6,4,0,0,1,1,0,0,0,0,692245.3483,5338595776.0,11.585848597,48.171501347,2,#fc8d62,car
9,1,62,0,2018,1,16,4,3,5,3,1,0,1,0,0,0,0,0,690395.6583,5342938.6581,11.562941733,48.211091428,2,#fc8d62,car
9,2,61,0,2018,1,12,2,3,0,1,0,1,0,0,0,0,0,0,733630431.0,5381932.1469,12.165765732,48.546931249,1,#66c2a5,bicycle
9,1,62,0,2018,1,12,4,3,2,6,0,0,1,0,0,0,0,0,691431.5155,5335446.01,11.57349627,48.14343736,2,#fc8d62,car
9,1,87,150,2018,1,17,2,3,5,3,2,1,1,0,0,0,0,1,725729.9734,5304276.5767,12.017579164,47.85214968,1,#66c2a5,bicycle
9,1,62,0,2018,1,15,4,2,8,1,0,1,0,0,0,0,0,0,690808.8165,5334843839.0,11.564863974,48.138212141,1,#66c2a5,bicycle
9,1,79,142,2018,1,6,2,3,2,6,0,0,1,0,0,0,0,0,674428.9856,5343869.6944,11.348591147,48.224049875,2,#fc8d62,car
9,1,81,130,2018,1,14,2,3,6,7,0,0,1,1,0,0,0,0,639789.5314,5323481.2198,10.875790084,48.049294273,2,#fc8d62,car
9,7,77,121,2018,1,17,4,3,0,1,1,1,0,0,0,0,0,1,628939.7781,5321577.1457,10.729698948,48.034455191,1,#66c2a5,bicycle
9,1,88,124,2018,1,12,2,3,6,2,0,0,1,1,0,0,0,0,661948.4282,5318085.7634,11.170888182,47.995547991,2,#fc8d62,car
9,7,72,151,2018,1,12,4,3,5,3,0,1,1,0,0,0,0,0,630532.4981,5343433.9498,10.757752007,48.230684498,1,#66c2a5,bicycle
9,1,79,126,2018,1,18,2,3,5,3,2,1,1,0,0,0,0,0,676348.5189,5341142.2319,11.373279885,48.199001708,1,#66c2a5,bicycle
9,1,79,121,2018,1,19,2,3,5,3,2,0,1,0,0,0,0,0,667197.9197,5338915.5788,11.249356683,48.181459816,2,#fc8d62,car
9,7,72,185,2018,1,8,4,3,1,5,0,0,1,0,0,0,1,0,634972.0417,5384024.3762,10.830562981,48.594743291,2,#fc8d62,car
9,1,77,117,2018,1,9,2,3,5,3,0,1,1,0,0,0,0,0,714760.0301,5354912.2423,11.896581237,48.310902914,1,#66c2a5,bicycle
9,7,61,0,2018,1,12,4,3,6,7,0,0,1,1,0,0,0,0,637514.2029,5361930494.0,10.85774767,48.395529597,2,#fc8d62,car
9,7,61,0,2018,1,10,4,3,3,5,0,0,1,0,0,0,0,0,642539.4022,5360011.6642,10.924945435,48.377160548,2,#fc8d62,car
9,7,77,114,2018,1,0,1,3,8,1,2,0,1,0,0,0,0,0,616970.1232,5312850.8145,10.566815606,47.958277091,2,#fc8d62,car
9,7,61,0,2018,1,12,4,3,3,1,0,0,1,0,1,0,0,1,641074.7124,5357901.0487,10.904468748,48.358511854,2,#fc8d62,car
9,7,61,0,2018,1,7,4,3,0,3,1,0,1,0,1,0,0,0,640136.0239,5358268.6615,10.891926366,48.362026363,2,#fc8d62,car
9,1,63,0,2018,1,14,1,3,0,5,0,1,1,0,0,0,0,0,733221.0418,5304762.5734,12.117831611,47.853841799,1,#66c2a5,bicycle
9,1,62,0,2018,1,11,7,3,1,5,0,0,1,0,1,0,0,0,693915.3491,5331203.7985,11.604922066,48.10455755,2,#fc8d62,car
9,1,62,0,2018,1,10,7,3,3,7,0,0,1,0,0,0,0,0,691277.0503,5329954.2864,11.568958269,48.094124549,2,#fc8d62,car
9,7,72,147,2018,1,11,7,3,5,3,0,0,1,0,0,0,0,1,638386.6644,5365785.2741,10.870799206,48.429999907,2,#fc8d62,car
9,7,61,0,2018,1,5,7,3,0,3,2,1,1,0,0,0,0,1,641347.5474,5363061.3705,10.909885451,48.404850317,1,#66c2a5,bicycle
9,7,71,113,2018,1,8,7,3,0,7,0,1,0,0,0,0,0,0,657433882.0,5369755.94,11.129610452,48.461224474,1,#66c2a5,bicycle
9,1,81,138,2018,2,20,7,2,6,7,2,0,0,1,0,1,0,1,640531.6932,5336894.7096,10.89016269,48.169747061,3,#8da0cb,toilet
9,1,88,124,2018,2,15,7,3,0,7,0,1,0,0,0,0,1,0,659953.1488,5321929.0065,11.145594996,48.030604241,1,#66c2a5,bicycle
9,1,79,145,2018,2,12,7,3,0,7,0,1,0,0,0,0,0,0,675035.3355,5338211.9442,11.354415349,48.173023869,1,#66c2a5,bicycle
9,1,62,0,2018,2,12,6,3,6,7,0,0,1,1,0,0,0,0,693667.4725,5333802.8707,11.602776193,48.127992668,2,#fc8d62,car
9,1,62,0,2018,2,12,6,3,6,4,0,0,1,1,0,0,0,0,686933.8615,5339281.1229,11.514778808,48.179245782,2,#fc8d62,car
9,1,62,0,2018,2,13,6,3,5,7,0,1,1,0,0,0,0,0,693048.1121,5342025173.0,11.598193351,48.202080217,1,#66c2a5,bicycle
9,1,62,0,2018,2,8,6,3,5,3,0,1,1,0,0,0,0,0,688677.7689,5337165.6117,11.5372767,48.159715963,1,#66c2a5,bicycle