ULAND,UREGBEZ,UKREIS,UGEMEINDE,UJAHR,UMONAT,USTUNDE,UWOCHENTAG,UKATEGORIE,UART,UTYP1,ULICHTVERH,IstRad,IstPKW,IstFuss,IstKrad,IstGkfz,IstSonstig,STRZUSTAND,LINREFX,LINREFY,XGCSWGS84,YGCSWGS84,Teilnehmer,color,symbol
9,1,62,0,2018,2,17,3,3,5,3,0,0,1,0,0,0,0,1,692575.8292,5338024.0082,11.590030166,48.166262417,2,#fc8d62,car
9,1,62,0,2018,2,6,5,2,5,3,2,1,1,0,0,0,0,0,686059.4214,5339758.4052,11.50323583,48.18379239,1,#66c2a5,bicycle
9,1,62,0,2018,2,15,5,3,4,2,0,0,1,0,0,0,0,1,683142.5909,5337542.9676,11.46307635,48.164726278,2,#fc8d62,car
9,1,62,0,2018,2,9,5,3,2,6,0,0,1,0,0,0,0,1,687346.0425,5334972.5689,11.518420846,48.140398124,2,#fc8d62,car
9,7,61,0,2018,2,7,3,3,1,6,0,0,1,0,0,0,0,0,641413.0851,5359198.7645,10.909470313,48.370104717,2,#fc8d62,car
9,1,62,0,2018,2,14,5,3,2,6,0,0,1,0,0,0,0,0,696642.9908,5338044.8884,11.644680885,48.165205058,2,#fc8d62,car
9,7,61,0,2018,2,16,3,3,8,7,0,0,1,0,0,0,0,2,640429.9709,5359798.4201,10.896403407,48.375716137,2,#fc8d62,car
9,7,61,0,2018,2,7,5,3,2,2,0,0,1,0,0,0,0,0,641863.2415,5361178.4781,10.916213338,48.387804398,2,#fc8d62,car
9,7,72,177,2018,2,14,5,3,3,7,0,1,1,0,0,0,0,0,636784.5362,5378157.7813,10.853202574,48.541600049,1,#66c2a5,bicycle
9,1,73,126,2018,2,9,3,3,4,2,0,0,1,0,0,0,0,1,685615.7256,5303609.3766,11.481618123,47.85899117,2,#fc8d62,car
9,1,81,130,2018,2,11,3,3,6,4,0,0,1,1,0,0,0,0,640951.9749,5324053.4359,10.89156826,48.054184089,2,#fc8d62,car
9,1,81,126,2018,2,17,3,3,2,6,0,0,1,0,0,0,0,0,634366.2983,5331647778.0,10.805625098,48.123897549,2,#fc8d62,car
9,1,75,132,2018,2,16,3,3,2,2,0,1,1,0,0,0,0,1,707459.5428,5330970.3991,11.786535939,48.098194075,1,#66c2a5,bicycle
9,1,62,0,2018,2,20,2,3,6,4,2,0,1,1,0,0,0,1,686440.3338,5329818.9904,11.504004515,48.094341768,2,#fc8d62,car
9,1,62,0,2018,2,16,2,3,5,3,0,0,1,0,0,0,1,0,700467.4355,5331924.4222,11.69317759,48.109005963,2,#fc8d62,car
9,1,62,0,2018,2,22,2,3,0,7,2,1,0,0,0,0,0,2,691420287.0,5334955.9371,11.573125195,48.139036022,1,#66c2a5,bicycle
9,2,74,113,2018,2,15,5,3,6,6,0,0,1,1,0,0,0,0,729041.3457,5383022.2537,12.10427777,48.558415898,2,#fc8d62,car
9,1,88,127,2018,2,8,2,3,1,6,0,0,1,0,0,0,0,0,678139928.0,5330615.8999,11.392960873,48.103879632,2,#fc8d62,car
9,1,62,0,2018,2,8,2,2,5,3,0,0,1,0,0,0,1,0,689973.8572,5337226.6121,11.554715396,48.15987833,2,#fc8d62,car
9,1,83,119,2018,2,15,5,3,8,1,0,0,1,0,0,0,0,2,738364.3421,5339010.2144,12.205507073,48.15960738,2,#fc8d62,car
9,1,62,0,2018,2,16,2,3,5,6,0,0,1,0,0,0,0,0,694447.2086,5333043.9382,11.612897897,48.12093397,2,#fc8d62,car
9,1,62,0,2018,2,15,2,3,6,4,0,0,1,1,0,0,0,2,689652.8884,5343484.5478,11.553197602,48.216220207,2,#fc8d62,car
9,1,82,125,2018,2,16,5,3,4,2,0,0,1,0,0,0,0,1,712570173.0,5297234.6172,11.838433499,47.793354903,2,#fc8d62,car
9,1,87,165,2018,2,8,5,3,3,6,0,1,1,0,0,0,0,1,733320.4514,5298376.72,12.115719943,47.796434387,1,#66c2a5,bicycle
9,1,81,128,2018,2,20,5,3,8,1,2,0,1,0,0,0,0,2,640767.6201,5327520957.0,10.890237519,48.085405351,2,#fc8d62,car
9,1,77,117,2018,2,9,5,3,0,7,0,0,0,0,1,1,0,0,715102.6641,5351501.6846,11.89945927,48.28014201,4,#e78ac3,marker
9,1,62,0,2018,2,8,4,3,4,7,0,0,1,0,0,0,0,1,693518521.0,5332382.2662,11.600131655,48.115269974,2,#fc8d62,car
9,1,62,0,2018,2,7,4,3,0,7,0,1,1,0,0,0,0,2,691009.93,5335895563.0,11.568036311,48.147604613,1,#66c2a5,bicycle
9,1,62,0,2018,2,8,4,3,5,3,0,0,1,0,0,0,0,2,694287.6981,5335846.0612,11.612034627,48.146167083,2,#fc8d62,car
9,1,62,0,2018,2,0,4,3,6,2,2,0,1,1,0,0,0,1,692312.3821,5334227.0928,11.584775323,48.132216325,2,#fc8d62,car
9,7,77,121,2018,2,17,4,3,5,3,0,0,1,0,0,0,0,0,628640.0859,5322191.9509,10.725865232,48.040044606,2,#fc8d62,car
9,7,72,163,2018,2,18,4,3,2,6,2,0,1,0,0,0,0,1,640671197.0,5350152.8202,10.896439127,48.288931852,2,#fc8d62,car
9,7,61,0,2018,2,16,4,3,1,6,0,0,1,0,0,0,0,0,637320.0516,5360188.0941,10.854556677,48.379904497,2,#fc8d62,car
9,7,61,0,2018,2,18,4,3,0,7,2,0,0,1,0,0,1,0,641036.5911,5357896.5384,10.903952905,48.358479816,3,#8da0cb,toilet
9,7,61,0,2018,2,9,4,3,4,2,0,0,1,0,0,0,0,1,640793.1072,5356507.8759,10.900203338,48.346047751,2,#fc8d62,car
9,7,61,0,2018,2,12,4,3,0,7,0,1,1,0,0,0,0,0,639070.4033,5356723.0417,10.877037119,48.348364116,1,#66c2a5,bicycle
9,1,63,0,2018,2,12,2,3,0,1,0,0,0,0,1,0,0,1,734447.5044,5304979.9898,12.134320188,47.855348887,4,#e78ac3,marker
9,7,61,0,2018,2,14,4,3,6,4,0,0,1,1,0,0,0,0,640981.0453,5358781.5693,10.903500072,48.366450106,2,#fc8d62,car
9,1,81,130,2018,2,8,2,2,1,6,0,1,0,0,0,0,1,0,638559.3982,5325454.5445,10.859931627,48.067307348,1,#66c2a5,bicycle
9,1,79,145,2018,2,7,2,3,0,7,0,0,1,0,0,0,1,0,675896.0275,5338635.4845,11.36615764,48.176593545,2,#fc8d62,car
9,1,74,115,2018,2,12,2,3,1,6,0,0,1,0,0,0,0,0,681278379.0,5347375.7006,11.442229616,48.253643971,2,#fc8d62,car
9,1,77,117,2018,2,12,2,2,6,2,0,0,1,1,0,0,0,0,715765.0925,5353475.8669,11.909384726,48.297654926,2,#fc8d62,car
9,1,62,0,2018,2,16,1,3,4,6,0,0,1,0,0,0,0,0,687504.2009,5331051.8794,11.518820228,48.105111266,2,#fc8d62,car
9,1,62,0,2018,2,16,1,3,6,7,0,0,1,1,0,0,0,0,701432.2023,5334682.6314,11.707426951,48.133489497,2,#fc8d62,car
9,1,62,0,2018,2,14,1,3,5,3,0,0,1,0,0,0,0,0,692093.1603,5331206.5061,11.580471147,48.105133914,2,#fc8d62,car
9,1,90,152,2018,3,19,6,3,0,3,2,1,1,0,0,0,0,0,671977.3262,5299270.3537,11.297711092,47.823777872,1,#66c2a5,bicycle
9,7,61,0,2018,3,14,2,3,2,6,0,0,1,0,1,0,0,0,641899.8641,5360508.5835,10.916481497,48.381772774,2,#fc8d62,car
9,1,73,126,2018,3,7,6,3,2,6,0,0,1,0,0,0,0,0,684539.0879,5306003.2487,11.468259874,47.880819883,2,#fc8d62,car
9,1,87,159,2018,3,20,6,3,6,7,2,0,1,1,0,0,0,0,732224.7367,5328452.5557,12.117323021,48.067032674,2,#fc8d62,car
9,1,87,122,2018,3,8,6,3,5,3,0,0,1,0,0,0,0,0,721158826.0,5308420362.0,11.958677151,47.890972243,2,#fc8d62,car
9,1,81,130,2018,3,13,6,3,5,2,0,0,1,0,1,0,0,0,639069.4883,5324905.6973,10.866596473,48.062260933,2,#fc8d62,car
9,1,74,122,2018,3,8,6,3,2,7,0,0,1,0,0,0,0,1,685900.0466,5351170.3671,11.506101047,48.28641225,2,#fc8d62,car
9,1,78,120,2018,3,13,6,3,5,2,1,0,1,0,0,0,0,0,695211.3798,5353467.7937,11.632553909,48.304257086,2,#fc8d62,car
9,1,78,124,2018,3,8,6,3,5,3,0,0,1,0,0,0,0,1,701515.7741,5364074.5644,11.722551437,48.397598158,2,#fc8d62,car
9,1,62,0,2018,3,17,5,3,6,2,0,0,1,1,0,0,0,0,691128.6491,5334775.2384,11.569127921,48.137499582,2,#fc8d62,car
9,1,62,0,2018,3,8,5,3,5,3,0,1,1,0,0,0,0,0,696452.7831,5336994.6642,11.641640596,48.155825119,1,#66c2a5,bicycle
9,1,62,0,2018,3,6,5,3,5,3,1,0,1,0,0,0,0,0,693664534.0,5331102478.0,11.601510412,48.1037232,2,#fc8d62,car
9,1,62,0,2018,3,6,5,3,0,3,0,0,0,0,1,0,1,0,688410.08,5334308.4448,11.532416078,48.134114683,4,#e78ac3,marker
9,1,62,0,2018,3,19,5,3,2,6,2,1,1,0,0,0,0,0,691680706.0,5336173.9539,11.57717048,48.149904981,1,#66c2a5,bicycle
9,1,84,138,2018,3,17,5,3,5,3,0,0,1,0,0,0,1,0,682515.7685,5331312762.0,11.451984683,48.108905005,2,#fc8d62,car
9,1,84,149,2018,3,10,5,3,5,2,0,1,1,0,0,0,0,0,690605.5634,5350809.0025,11.569307224,48.281765164,1,#66c2a5,bicycle
9,1,62,0,2018,3,13,5,3,5,3,0,0,1,0,0,0,0,0,686536166.0,5336331.5252,11.508140268,48.152850812,2,#fc8d62,car
9,1,62,0,2018,3,8,5,3,5,3,0,1,1,0,0,0,0,0,693757.2347,5332075.4398,11.603196212,48.112439725,1,#66c2a5,bicycle
9,1,62,0,2018,3,15,5,3,5,3,0,1,1,0,0,0,0,0,688742261.0,5334292.09,11.536869135,48.133869258,1,#66c2a5,bicycle
9,7,72,125,2018,3,15,5,3,1,7,0,0,1,0,0,0,1,0,636878.5362,5348468.4602,10.844791194,48.274617566,2,#fc8d62,car
9,7,61,0,2018,3,7,5,3,2,2,0,0,1,0,0,0,1,0,643145156.0,5360676204.0,10.933347432,48.3829986,2,#fc8d62,car
9,2,61,0,2018,3,7,2,2,1,7,0,1,0,1,0,0,0,0,733721.0721,5381386.2917,12.166685786,48.541994306,1,#66c2a5,bicycle
9,7,61,0,2018,3,15,5,2,6,7,0,0,1,1,0,0,0,0,639666.1826,5356082.2728,10.884861321,48.342471007,2,#fc8d62,car
9,1,79,134,2018,3,20,2,3,5,3,2,1,1,0,0,0,0,0,669569.2227,5342626.75,11.282714731,48.214193795,1,#66c2a5,bicycle
9,1,62,0,2018,3,20,1,2,5,3,2,0,1,0,0,0,0,0,699769446.0,5334844023.0,11.685179275,48.135464007,2,#fc8d62,car
9,1,62,0,2018,3,15,1,3,3,2,0,1,1,0,0,0,0,0,688108.7681,5333892.0852,11.528186418,48.130461486,1,#66c2a5,bicycle
9,1,62,0,2018,3,17,1,2,5,3,0,0,1,0,0,0,1,1,695770.0406,5332837964.0,11.630559605,48.118677435,2,#fc8d62,car
9,1,62,0,2018,3,18,1,3,4,2,1,0,1,0,0,0,0,0,696868.5909,5335237444.0,11.646413037,48.139903796,2,#fc8d62,car
9,1,62,0,2018,3,10,1,3,6,4,0,0,1,1,0,0,0,0,686244.4041,5339035.2889,11.505405182,48.17723861,2,#fc8d62,car
9,7,61,0,2018,3,15,1,3,0,1,0,1,0,0,0,0,0,0,642135.0065,5361718.6383,10.920064829,48.392600074,1,#66c2a5,bicycle
9,2,74,113,2018,3,15,5,3,5,3,0,0,1,0,0,0,0,0,729417762.0,5382840.5187,12.109271507,48.556645781,2,#fc8d62,car
9,1,90,148,2018,3,13,1,3,0,3,0,0,1,0,0,0,0,0,640772649.0,5296397545.0,10.880124272,47.805530172,2,#fc8d62,car
9,1,87,150,2018,3,23,5,3,6,4,2,0,1,1,0,0,0,0,729588.9337,5304172.3745,12.069034937,47.849846788,2,#fc8d62,car
9,1,88,117,2018,3,12,5,3,2,6,0,1,1,0,0,0,0,0,663076.3005,5315268.4607,11.184926083,47.969931941,1,#66c2a5,bicycle
9,1,78,145,2018,3,7,5,3,5,1,0,1,1,0,0,0,0,0,696770.2035,5354580.3194,11.654071097,48.313772509,1,#66c2a5,bicycle
9,1,62,0,2018,3,8,4,3,5,3,0,0,1,0,0,0,0,0,692278.1752,5338247.6237,11.586132239,48.168362314,2,#fc8d62,car
9,1,62,0,2018,3,8,4,3,0,6,0,0,1,0,1,0,0,0,688666.5074,5337892.7955,11.537447959,48.166255304,2,#fc8d62,car
9,1,74,115,2018,3,20,1,3,1,1,2,0,1,0,0,0,0,1,682323.3443,5348649.5019,11.456843148,48.26479378,2,#fc8d62,car
9,1,62,0,2018,3,13,4,2,0,7,0,0,0,0,0,0,1,0,684495.9806,5334595.9901,11.479982943,48.13784603,6,#ffd92f,circle
9,1,62,0,2018,3,20,7,3,6,4,2,0,1,1,0,0,0,0,688540.3122,5339634.7484,11.536525041,48.181949572,2,#fc8d62,car
9,1,62,0,2018,3,7,4,3,5,3,0,1,1,0,0,0,0,0,696780.7971,5332477.5308,11.643959844,48.115126532,1,#66c2a5,bicycle
9,1,62,0,2018,3,12,7,3,1,5,0,0,0,0,0,0,1,1,690540.4574,5335200.5033,11.561419985,48.14149824,6,#ffd92f,circle
9,1,62,0,2018,3,13,7,3,5,2,0,0,1,0,0,0,0,1,687314157.0,5334818038.0,11.517924685,48.139018546,2,#fc8d62,car
9,1,62,0,2018,3,12,4,3,2,6,0,0,1,0,0,0,1,0,686663.0949,5338198.2904,11.510664384,48.169592597,2,#fc8d62,car
9,1,62,0,2018,3,15,7,2,6,4,0,0,1,1,0,0,0,0,697011.7043,5330980.0447,11.64636738,48.101596627,2,#fc8d62,car
9,1,84,118,2018,3,16,4,3,6,7,0,0,0,1,0,0,1,0,703763.2042,5336074.9178,11.739386836,48.145259542,3,#8da0cb,toilet
9,1,84,149,2018,3,8,4,3,6,4,0,0,1,1,0,0,0,0,691596.7535,5351510.3874,11.582972146,48.287769763,2,#fc8d62,car
9,1,62,0,2018,3,18,7,3,6,7,1,0,0,1,0,0,1,0,695821.1424,5338353.7995,11.633782106,48.168235041,3,#8da0cb,toilet
9,1,62,0,2018,3,11,4,3,6,6,0,0,1,1,0,0,0,0,688448.4032,5336661.6143,11.533972172,48.155253987,2,#fc8d62,car
9,1,62,0,2018,3,11,7,3,5,7,0,0,1,0,0,0,1,0,684465.9477,5332858.1054,11.478827292,48.122233673,2,#fc8d62,car
9,1,62,0,2018,3,6,4,3,5,3,2,1,1,0,0,0,0,0,686833.4692,5339524.3826,11.513536555,48.181461784,1,#66c2a5,bicycle
9,1,62,0,2018,3,0,7,3,1,7,2,0,1,0,0,0,0,1,680432.3961,5335658416.0,11.425862057,48.148561286,2,#fc8d62,car
9,1,62,0,2018,3,3,4,3,1,7,2,0,1,0,0,0,0,0,696408.3127,5332938.9011,11.639173135,48.119388056,2,#fc8d62,car
9,1,62,0,2018,3,0,7,3,8,6,2,0,1,0,0,0,0,2,689304.8894,5332584.1003,11.543665034,48.118350557,2,#fc8d62,car
9,1,62,0,2018,3,18,7,3,3,6,2,0,1,0,0,0,0,0,684498556.0,5333002288.0,11.479327457,48.123520218,2,#fc8d62,car
9,1,62,0,2018,3,15,7,3,6,7,0,1,0,1,0,0,0,0,693828.2207,5341132.6204,11.608273899,48.193820696,1,#66c2a5,bicycle
9,7,71,142,2018,3,11,4,3,1,2,0,0,1,0,0,0,0,0,645355.2392,5352764944.0,10.960448061,48.311360248,2,#fc8d62,car
9,7,71,142,2018,3,18,4,3,5,3,2,0,1,0,0,0,0,0,646196.3686,5352247.4,10.971606329,48.306512939,2,#fc8d62,car
9,7,72,147,2018,3,16,7,3,4,2,0,0,1,0,0,0,0,0,636003.3005,5364444583.0,10.838161883,48.41846376,2,#fc8d62,car
9,7,71,142,2018,3,16,4,3,5,3,0,1,0,0,0,0,0,0,645909.5498,5351947.5132,10.967636974,48.303882764,1,#66c2a5,bicycle
9,7,61,0,2018,3,10,7,3,2,2,0,0,1,0,0,0,0,0,639623.2526,5360051.7004,10.885599551,48.378172582,2,#fc8d62,car
9,7,72,163,2018,3,17,4,3,0,1,1,1,0,0,0,0,0,0,639652.1763,5346307.7714,10.881438974,48.254583225,1,#66c2a5,bicycle
9,7,61,0,2018,3,12,7,3,5,3,0,0,1,0,0,0,0,0,640784.9151,5359243.2751,10.901008037,48.370645379,2,#fc8d62,car
9,7,61,0,2018,3,13,4,3,8,6,0,1,1,0,0,0,0,0,639357.4214,5360966.2317,10.882314817,48.386454567,1,#66c2a5,bicycle
9,7,61,0,2018,3,16,4,3,9,1,0,1,0,0,0,0,0,0,639740.1147,5359804.2154,10.887094601,48.375921397,1,#66c2a5,bicycle
9,7,61,0,2018,3,9,4,3,0,1,0,1,0,0,0,0,0,1,640150.1599,5358320.6496,10.892134422,48.362490687,1,#66c2a5,bicycle
9,2,61,0,2018,3,23,7,3,1,5,2,1,1,0,0,0,0,1,730907.7717,5381979.3764,12.128956678,48.548363453,1,#66c2a5,bicycle
9,1,63,0,2018,3,10,7,3,5,3,0,0,1,0,0,0,0,1,731958.1555,5306491.2794,12.101901547,47.869829835,2,#fc8d62,car
9,1,87,169,2018,3,14,7,3,6,7,0,0,1,1,0,0,0,0,741981.3522,5298382.5595,12.231192699,47.793291319,2,#fc8d62,car
9,1,77,133,2018,3,5,7,3,8,1,2,0,1,0,0,0,0,2,706327.9542,5359975604.0,11.785475009,48.359209112,2,#fc8d62,car
9,1,75,132,2018,3,10,7,3,0,7,0,1,0,0,0,0,0,1,706655.8796,5331887.6189,11.776198668,48.106697754,1,#66c2a5,bicycle
9,1,62,0,2018,3,20,6,3,6,4,2,0,1,1,0,0,0,1,686459.1509,5328444.1504,11.503656755,48.081978587,2,#fc8d62,car
9,1,62,0,2018,3,9,6,3,1,3,0,1,1,0,0,0,0,0,698509981.0,5333465.5194,11.667627258,48.123469192,1,#66c2a5,bicycle
9,1,62,0,2018,3,22,6,3,5,3,2,0,1,0,0,0,0,1,692319613.0,5334236.4102,11.584876613,48.132297883,2,#fc8d62,car
9,1,73,147,2018,3,10,4,3,5,3,0,0,1,0,0,0,0,0,682318.4235,5309052.7435,11.439874114,47.908866788,2,#fc8d62,car
9,1,62,0,2018,3,9,6,3,4,2,0,0,1,0,0,0,0,0,696009.2161,5338797.8832,11.636513625,48.172168229,2,#fc8d62,car
9,1,62,0,2018,3,12,6,2,5,3,0,0,1,0,0,0,0,0,686185.5942,5335256.5955,11.502961055,48.143291683,2,#fc8d62,car
9,1,62,0,2018,3,9,6,3,6,4,0,0,1,1,0,0,0,1,687984.6155,5337767.5603,11.528230859,48.165331676,2,#fc8d62,car
9,1,62,0,2018,3,11,6,3,5,7,0,0,1,0,0,0,0,0,691584.2313,5336912.8368,11.57620735,48.156575009,2,#fc8d62,car
9,1,81,130,2018,3,12,4,3,0,7,0,0,0,0,0,0,1,0,640982.9437,5324054.6427,10.891984023,48.0541881,6,#ffd92f,circle
9,1,62,0,2018,3,8,6,3,1,1,0,1,1,0,0,0,0,1,692251.5262,5337537.7819,11.585453318,48.161990489,1,#66c2a5,bicycle
9,1,88,121,2018,3,12,4,3,0,6,0,1,1,0,0,0,0,0,670790.5653,5330960.8316,11.294458509,48.108993222,1,#66c2a5,bicycle
9,7,78,116,2018,3,17,6,3,5,3,0,0,1,0,0,0,0,2,620299036.0,5318639488.0,10.613009964,48.009721535,2,#fc8d62,car
9,1,88,120,2018,3,10,4,3,0,7,0,0,0,0,0,0,1,1,677335.5681,5325551.0208,11.380063249,48.05857442,6,#ffd92f,circle
9,7,61,0,2018,3,21,6,3,0,7,2,0,0,0,0,0,1,1,641749.7565,5360076.9981,10.914309782,48.377925893,6,#ffd92f,circle
9,7,61,0,2018,3,18,6,3,2,6,2,0,1,0,0,0,0,0,639731.2549,5356791.6095,10.885974397,48.348834806,2,#fc8d62,car
9,1,62,0,2018,3,23,3,3,5,3,2,0,1,0,0,0,0,0,687907.2227,5343608.4178,11.529775393,48.217852855,2,#fc8d62,car
9,1,62,0,2018,3,12,3,2,0,1,0,1,0,0,0,0,0,0,683122.9178,5340282236.0,11.46399226,48.189354088,1,#66c2a5,bicycle
9,7,71,113,2018,3,14,6,3,5,3,0,1,1,0,0,0,0,1,657272849.0,5368987274.0,11.127144868,48.454354242,1,#66c2a5,bicycle
9,1,62,0,2018,3,0,3,3,6,5,2,0,1,1,0,0,0,0,690886.7969,5337191.1909,11.566963709,48.159286558,2,#fc8d62,car
9,1,62,0,2018,3,7,3,3,5,3,0,0,1,0,0,0,0,0,689655.5057,5333215.4136,11.548652239,48.123920526,2,#fc8d62,car
9,7,61,0,2018,3,17,3,3,2,5,0,0,1,0,0,0,0,0,641119.0511,5357922.9059,10.905074294,48.358698478,2,#fc8d62,car
9,1,73,147,2018,3,14,6,3,6,7,0,0,1,1,0,0,0,0,680699.5852,5309399.2194,11.418375273,47.912439458,2,#fc8d62,car
9,1,90,157,2018,3,16,6,3,5,3,0,1,1,0,0,0,0,0,660173.0953,5301112.5872,11.140799546,47.843389201,1,#66c2a5,bicycle
9,1,63,0,2018,3,20,6,3,6,4,2,0,1,1,0,0,0,1,732672.4921,5304857.7803,12.110560678,47.85489595,2,#fc8d62,car
9,1,63,0,2018,3,20,6,3,5,3,2,1,1,0,0,0,0,0,732729.7498,5303920467.0,12.110820843,47.846454263,1,#66c2a5,bicycle
9,1,90,157,2018,3,8,6,2,8,1,0,1,0,0,0,0,0,0,661247.9978,5301258.4862,11.155210085,47.844432271,1,#66c2a5,bicycle
9,1,87,117,2018,3,15,6,3,0,7,0,0,0,0,0,0,1,0,725009.7659,5305597.2766,12.008652188,47.864268673,6,#ffd92f,circle
9,1,74,136,2018,3,20,6,3,8,1,2,0,0,0,1,0,0,1,683244.5486,5366608.4147,11.477058953,48.425947254,4,#e78ac3,marker
9,1,62,0,2018,3,16,5,3,2,6,0,0,1,0,0,0,0,0,693580145.0,5332883.3381,11.60118623,48.119754739,2,#fc8d62,car
9,1,62,0,2018,3,14,5,3,1,1,0,0,1,0,1,0,0,1,693339302.0,5338104.5006,11.600324064,48.166754123,2,#fc8d62,car
9,1,62,0,2018,3,12,5,3,2,6,0,0,1,0,0,0,1,2,689795.6085,5343178.3974,11.554979992,48.213425892,2,#fc8d62,car
9,1,62,0,2018,3,7,5,3,1,1,0,1,1,0,0,0,0,2,689366.8607,5341392.1437,11.548417149,48.197499201,1,#66c2a5,bicycle
9,1,62,0,2018,3,21,5,3,0,7,2,0,0,0,0,0,1,0,690130.0601,5333197.5015,11.555014898,48.123617988,6,#ffd92f,circle
9,1,83,139,2018,3,19,3,3,4,6,2,0,1,0,0,0,0,0,735967.4601,5335044.9552,12.171128544,48.124880688,2,#fc8d62,car
9,1,62,0,2018,3,18,5,3,2,6,1,0,1,0,0,0,0,1,692698.5966,5335402.3944,11.590492449,48.142662849,2,#fc8d62,car
9,1,62,0,2018,3,16,5,3,5,3,0,0,1,0,0,0,1,0,699291.5789,5332460.5317,11.677648971,48.114193034,2,#fc8d62,car
9,1,62,0,2018,3,12,5,3,1,5,0,1,1,0,0,0,0,0,689002.8834,5337168.8521,11.541645714,48.159648534,1,#66c2a5,bicycle
9,1,62,0,2018,3,18,5,3,2,6,1,0,1,0,0,0,0,0,691425.6724,5334291.8599,11.572899089,48.133065749,2,#fc8d62,car
9,1,62,0,2018,3,16,5,3,6,3,0,0,1,1,0,0,0,0,688637.9939,5331514.6394,11.534240134,48.108935942,2,#fc8d62,car
9,1,62,0,2018,3,12,5,3,5,3,0,1,1,0,0,0,0,0,691223551.0,5336442496.0,11.571151051,48.152456203,1,#66c2a5,bicycle
9,7,61,0,2018,3,18,5,3,0,7,2,0,1,0,1,0,0,1,639455.6186,5360078.1564,10.883345719,48.37844754,2,#fc8d62,car
9,1,81,130,2018,3,19,3,3,1,6,2,0,1,0,0,0,0,0,639245.2084,5324222.5373,10.868731285,48.056079421,2,#fc8d62,car
9,1,78,124,2018,3,16,3,3,3,2,0,0,1,0,0,0,0,0,703150.0655,5364791.1888,11.744951775,48.40351356,2,#fc8d62,car
9,1,62,0,2018,3,15,2,3,0,1,0,1,0,0,0,0,0,0,691739.4702,5335059.1285,11.577457702,48.139867394,1,#66c2a5,bicycle
9,1,62,0,2018,3,11,2,3,5,5,0,1,1,0,0,0,0,0,690164.6406,5333796.4938,11.55574638,48.12899142,1,#66c2a5,bicycle
9,1,62,0,2018,3,16,2,3,0,7,0,0,0,0,0,0,1,0,696294.3431,5329545.4242,11.636082386,48.088924378,6,#ffd92f,circle
9,1,62,0,2018,3,8,2,3,5,3,0,0,1,0,0,0,0,0,690185995.0,5333725.6691,11.556001471,48.128348466,2,#fc8d62,car
9,1,62,0,2018,3,14,2,3,0,7,0,0,0,0,0,0,1,0,696261.5375,5331625.6013,11.636598732,48.107630069,6,#ffd92f,circle
9,1,62,0,2018,3,16,2,3,0,7,0,0,1,0,1,0,0,0,689609889.0,5334736582.0,11.54871676,48.137606484,2,#fc8d62,car
9,1,84,149,2018,3,8,2,3,0,7,1,0,0,0,0,0,1,1,691421009.0,5350400.9474,11.580102828,48.277851719,6,#ffd92f,circle
9,1,62,0,2018,3,14,2,3,2,6,0,0,1,0,0,0,0,0,698807118.0,5333071.74,11.671432131,48.119837503,2,#fc8d62,car
9,1,62,0,2018,3,16,2,3,5,3,0,0,1,0,0,1,0,0,701306.9671,5335902.1794,11.706322029,48.144489103,2,#fc8d62,car
9,1,62,0,2018,3,11,2,3,1,5,0,1,1,0,0,0,0,1,693253.9625,5334319.9638,11.597459308,48.13276583,1,#66c2a5,bicycle
9,1,62,0,2018,3,1,2,2,0,7,2,1,0,0,0,0,0,1,693249.8246,5334344.4447,11.597414855,48.132987113,1,#66c2a5,bicycle
9,1,62,0,2018,3,5,2,3,1,5,2,1,0,0,0,0,1,1,685403.7748,5341699.8544,11.495271106,48.20143448,1,#66c2a5,bicycle
9,1,62,0,2018,3,8,2,3,0,7,0,0,0,0,0,1,1,0,692101.8554,5336674.9099,11.583053033,48.154280421,5,#a6d854,bus
9,1,62,0,2018,3,22,2,3,5,3,2,1,1,0,0,0,0,0,691701.3416,5333712.8152,11.576339895,48.127778395,1,#66c2a5,bicycle
9,1,62,0,2018,3,15,2,3,5,3,0,0,1,0,0,0,0,0,685059805.0,5339236.9895,11.489573155,48.179397661,2,#fc8d62,car
9,1,84,122,2018,3,16,2,3,6,2,0,0,1,1,0,0,0,0,687941.8789,5323276.5851,11.521275635,48.035095278,2,#fc8d62,car
9,1,62,0,2018,3,19,2,3,5,2,2,1,1,0,0,0,0,0,695683.9942,5330903.4548,11.628517271,48.101317419,1,#66c2a5,bicycle
9,1,62,0,2018,3,17,2,3,6,6,0,1,0,1,0,0,0,0,693532.2404,5333837.5898,11.600976463,48.128345841,1,#66c2a5,bicycle
9,1,62,0,2018,3,19,2,3,5,2,2,0,1,0,1,0,0,0,692065.8672,5334948.6186,11.581790841,48.138775713,2,#fc8d62,car
9,7,62,0,2018,3,14,2,3,0,1,0,1,0,0,0,0,0,0,621774.8923,5308587.3566,10.629943089,47.919037256,1,#66c2a5,bicycle
9,7,72,185,2018,3,6,2,3,3,6,2,1,1,0,0,0,0,0,635119.7045,5382807.2685,10.832168788,48.583767633,1,#66c2a5,bicycle
9,7,72,171,2018,3,6,5,2,5,3,0,1,1,0,0,0,0,0,638022791.0,5369604003.0,10.867141555,48.464416637,1,#66c2a5,bicycle
9,7,61,0,2018,3,11,5,3,5,3,0,1,1,0,0,0,0,0,638684.2893,5362309.0725,10.873671232,48.39867742,1,#66c2a5,bicycle