ULAND,UREGBEZ,UKREIS,UGEMEINDE,UJAHR,UMONAT,USTUNDE,UWOCHENTAG,UKATEGORIE,UART,UTYP1,ULICHTVERH,IstRad,IstPKW,IstFuss,IstKrad,IstGkfz,IstSonstig,STRZUSTAND,LINREFX,LINREFY,XGCSWGS84,YGCSWGS84,Teilnehmer,color,symbol
9,7,72,184,2018,3,16,2,3,5,3,0,0,1,0,0,0,0,0,635910.8734,5360942722.0,10.835779508,48.386995224,2,#fc8d62,car
9,7,61,0,2018,3,20,5,2,6,4,2,0,0,1,0,0,1,1,639230.8459,5360505.1025,10.880453309,48.382336169,3,#8da0cb,toilet
9,7,61,0,2018,3,17,2,3,3,6,0,0,1,0,0,0,0,0,640970.0107,5351267.5996,10.900837398,48.298889207,2,#fc8d62,car
9,7,61,0,2018,3,14,5,3,4,6,0,0,1,0,1,0,0,0,640319.7742,5353666.2213,10.892872352,48.320601644,2,#fc8d62,car
9,7,61,0,2018,3,7,2,3,3,6,0,0,1,0,0,1,0,1,639408.3203,5360027.7326,10.882690591,48.378004596,2,#fc8d62,car
9,2,61,0,2018,3,10,2,3,6,4,0,0,1,1,0,0,0,0,732354.3864,5382612.4126,12.148881704,48.553515753,2,#fc8d62,car
9,1,90,157,2018,3,10,2,2,6,4,0,1,0,1,0,0,0,0,660332.6677,5300511.7764,11.142708221,47.837947449,1,#66c2a5,bicycle
9,1,87,122,2018,3,13,2,3,5,3,0,1,1,0,0,0,0,0,718200.3531,5307336.7601,11.918604458,47.882247832,1,#66c2a5,bicycle
9,1,74,115,2018,3,6,2,2,6,2,2,0,1,1,0,0,0,0,681270.8715,5347836.5443,11.442325965,48.257788459,2,#fc8d62,car
9,1,78,145,2018,3,15,2,3,6,1,0,0,1,1,0,0,0,0,697634.7342,5354028.7203,11.665460586,48.308545758,2,#fc8d62,car
9,1,84,147,2018,3,1,1,2,0,1,2,1,0,0,0,0,0,1,696445.0887,5341510.8227,11.643624442,48.196415703,1,#66c2a5,bicycle
9,1,62,0,2018,3,12,1,3,5,3,0,1,1,0,0,0,0,0,682085.8509,5334800.2939,11.44770435,48.140376691,1,#66c2a5,bicycle
9,1,62,0,2018,3,15,1,3,4,6,0,0,1,0,0,0,0,0,696433.1435,5331915.7584,11.639035172,48.110184952,2,#fc8d62,car
9,1,62,0,2018,3,18,1,3,0,1,1,1,0,0,0,0,0,0,686791.9162,5339766.1909,11.513084389,48.183647431,1,#66c2a5,bicycle
9,1,62,0,2018,3,18,1,3,1,6,2,0,1,0,0,0,0,0,690436.1419,5342685878.0,11.563372659,48.208807336,2,#fc8d62,car
9,7,72,216,2018,3,3,1,3,6,6,2,0,1,1,0,0,0,0,623307.2846,5368573.3469,10.667862772,48.458205211,2,#fc8d62,car
9,1,87,117,2018,3,8,5,3,5,3,0,0,1,1,0,0,0,0,725412.3901,5305120445.0,12.013779503,47.859843245,2,#fc8d62,car
9,1,88,141,2018,3,7,5,3,0,7,0,0,1,0,0,0,0,0,669858.9991,5309822.7299,11.273580171,47.919209809,2,#fc8d62,car
9,1,81,131,2018,3,7,5,2,5,3,0,0,1,0,0,0,0,0,634864.7111,5334392.6168,10.813188489,48.148475014,2,#fc8d62,car
9,1,79,145,2018,3,3,5,3,0,1,2,1,0,0,0,0,0,0,674843.0874,5338088.4225,11.351780863,48.171966411,1,#66c2a5,bicycle
9,1,87,117,2018,3,8,3,3,6,4,0,0,1,1,0,0,0,0,724653.9141,5304616.6897,12.003391404,47.85558259,2,#fc8d62,car
9,1,79,121,2018,3,13,5,3,5,2,0,1,1,0,0,0,0,0,665742.8555,5337203.5373,11.229129214,48.166449659,1,#66c2a5,bicycle
9,1,88,118,2018,3,11,1,3,0,1,0,1,0,0,0,0,0,0,671444.3287,5313710.15,11.296330196,47.953736004,1,#66c2a5,bicycle
9,1,81,130,2018,3,20,1,3,5,3,2,0,1,0,0,0,0,0,638920.8535,5324972.5546,10.864624306,48.06289452,2,#fc8d62,car
9,1,62,0,2018,3,13,4,3,2,6,0,0,1,0,0,0,0,0,689681.7265,5340133208.0,11.552087824,48.18608998,2,#fc8d62,car
9,1,81,122,2018,3,14,1,2,2,6,0,0,1,0,1,0,0,0,651664.8566,5330139.5215,11.037404315,48.106450255,2,#fc8d62,car
9,1,79,123,2018,3,9,1,3,5,3,0,1,1,0,0,0,0,0,676585.6174,5333422.4165,11.373262646,48.129540918,1,#66c2a5,bicycle
9,1,62,0,2018,3,7,4,3,6,2,0,0,1,1,0,0,0,1,689680.1262,5332188.5076,11.548525911,48.11468327,2,#fc8d62,car
9,1,62,0,2018,3,18,4,3,1,5,0,1,1,0,0,0,0,0,689987.2462,5333316.2498,11.553150634,48.124727937,1,#66c2a5,bicycle
9,1,78,124,2018,3,18,1,3,6,4,2,0,1,1,0,0,0,0,703908.9389,5364985.3048,11.755287604,48.405012946,2,#fc8d62,car
9,1,62,0,2018,3,15,4,3,2,6,0,1,1,0,0,0,0,0,691789.8262,5336717.0361,11.578880803,48.154753217,1,#66c2a5,bicycle
9,1,62,0,2018,3,16,4,3,5,3,0,0,1,0,0,0,0,0,690493.4635,5338614.5984,11.562317388,48.172197988,2,#fc8d62,car
9,1,62,0,2018,3,22,7,3,2,6,2,0,1,0,0,0,0,1,692531.4823,5334556.9481,11.587866093,48.135114756,2,#fc8d62,car
9,1,62,0,2018,3,19,4,3,5,3,2,0,1,0,0,0,0,0,690366.1442,5342209.1899,11.562217581,48.204543928,2,#fc8d62,car
9,1,62,0,2018,3,9,7,3,0,1,0,1,0,0,0,0,0,0,698162.6537,5333678.8362,11.663064188,48.125494524,1,#66c2a5,bicycle
9,1,62,0,2018,3,17,7,3,1,6,0,0,1,0,0,0,0,1,690342.9602,5343112.8757,11.562311263,48.212673075,2,#fc8d62,car
9,1,62,0,2018,3,14,4,3,0,6,0,0,1,0,1,0,0,0,690721.2501,5340168.7088,11.566075597,48.186097826,2,#fc8d62,car
9,1,62,0,2018,3,13,7,3,6,2,0,0,1,1,0,0,0,0,686699.1672,5339490.6598,11.511716728,48.181198153,2,#fc8d62,car
9,1,62,0,2018,3,21,7,3,0,6,2,1,0,0,0,0,0,0,689532.9796,5338340.0506,11.549288883,48.170017497,1,#66c2a5,bicycle
9,1,62,0,2018,3,14,4,3,3,6,0,0,1,0,0,0,0,0,691195.5761,5340467.9825,11.572585492,48.188645065,2,#fc8d62,car
9,1,62,0,2018,3,8,4,3,5,3,0,0,1,0,0,0,0,1,689368109.0,5341389525.0,11.548432762,48.197475292,2,#fc8d62,car
9,1,62,0,2018,3,19,7,3,6,7,2,0,1,1,0,0,0,0,692831.9096,5331451.2314,11.590495193,48.107110283,2,#fc8d62,car
9,1,62,0,2018,3,18,4,3,5,3,1,1,1,0,0,0,0,0,688006.3769,5339179.2642,11.529147509,48.178013839,1,#66c2a5,bicycle
9,1,62,0,2018,3,16,4,3,5,2,0,1,1,0,0,0,0,0,686560163.0,5329817.6315,11.505611704,48.094294487,1,#66c2a5,bicycle
9,1,62,0,2018,3,15,4,3,6,7,0,0,1,1,0,0,0,0,684683.9374,5328671.3089,11.479941759,48.084537119,2,#fc8d62,car
9,1,62,0,2018,3,8,4,3,6,4,0,0,1,1,0,0,0,1,681870.1542,5336640.3845,11.445593753,48.156978496,2,#fc8d62,car
9,1,62,0,2018,3,19,7,3,6,2,2,0,1,1,0,0,0,1,696983.5492,5335236.3021,11.647956129,48.139857956,2,#fc8d62,car
9,1,62,0,2018,3,12,4,3,5,3,0,1,1,0,0,0,0,1,686886212.0,5333911529.0,11.511780192,48.130996387,1,#66c2a5,bicycle
9,1,62,0,2018,3,11,4,3,1,5,0,1,1,0,0,0,0,1,691153.1579,5333800.9273,11.569019881,48.128735188,1,#66c2a5,bicycle
9,1,62,0,2018,3,16,7,3,3,6,0,0,1,0,1,0,0,0,692493574.0,5334490.3115,11.587326987,48.134527307,2,#fc8d62,car
9,7,72,147,2018,3,18,7,3,2,6,2,0,1,0,0,0,0,1,639020.6955,5364867.7662,10.879061405,48.421610342,2,#fc8d62,car
9,7,61,0,2018,3,12,7,3,1,5,0,1,1,0,0,0,0,1,642187.3657,5360893.3891,10.920492398,48.385168031,1,#66c2a5,bicycle
9,7,61,0,2018,3,4,4,3,6,4,2,0,1,1,0,0,0,0,638337.1937,5360885.4591,10.868515553,48.385952855,2,#fc8d62,car
9,1,88,117,2018,3,20,3,2,4,6,2,0,0,0,0,0,1,0,665374.31,5317605.3288,11.216591177,47.990351876,6,#ffd92f,circle
9,7,61,0,2018,3,10,7,3,5,2,0,0,1,0,0,0,1,1,641509.7466,5358207.1138,10.910441135,48.361166521,2,#fc8d62,car
9,7,61,0,2018,3,9,4,3,5,3,0,0,1,0,0,0,0,1,639367232.0,5360258.3237,10.882212471,48.380087086,2,#fc8d62,car
9,7,61,0,2018,3,5,7,3,0,1,2,1,0,0,0,0,0,0,641182995.0,5358002202.0,10.905963632,48.359397184,1,#66c2a5,bicycle
9,1,79,121,2018,3,8,3,3,6,3,0,0,1,1,0,0,0,0,665463.1535,5337014.2577,11.225296712,48.164820877,2,#fc8d62,car
9,7,61,0,2018,3,7,4,3,3,2,0,1,1,0,0,0,0,0,643234.06,5359056.0122,10.933995448,48.368410525,1,#66c2a5,bicycle
9,7,61,0,2018,3,17,4,3,5,2,0,1,1,0,0,0,0,0,639125.2911,5356886.9768,10.877831702,48.3498261,1,#66c2a5,bicycle
9,7,61,0,2018,3,15,4,3,6,4,0,1,0,1,0,0,0,0,640785762.0,5359235627.0,10.901016906,48.370576421,1,#66c2a5,bicycle
9,1,78,140,2018,3,7,3,3,0,1,0,0,0,0,1,0,0,1,706072619.0,5365785.4957,11.784881136,48.411499901,4,#e78ac3,marker
9,1,78,129,2018,3,21,3,2,1,1,2,0,1,0,1,0,0,0,709741.8007,5370986.1224,11.837006622,48.4570198,2,#fc8d62,car
9,1,62,0,2018,3,6,2,3,1,5,1,0,1,0,0,0,0,1,690176.4257,5336325.5076,11.557033939,48.151718676,2,#fc8d62,car
9,1,63,0,2018,3,1,7,3,1,5,2,1,1,0,0,0,0,0,732464.6758,5304486.0386,12.1075869,47.851631355,1,#66c2a5,bicycle
9,1,79,123,2018,3,10,7,2,0,7,0,0,1,0,0,0,1,0,674769.0171,5333320.8107,11.348827747,48.129128933,2,#fc8d62,car
9,1,74,115,2018,3,19,7,3,2,6,1,0,1,0,0,0,0,1,683287.8182,5348448.7194,11.469740119,48.262710764,2,#fc8d62,car
9,1,77,117,2018,3,19,7,3,0,4,2,0,1,0,0,0,1,1,716244.9624,5354180.9587,11.916207746,48.303826426,2,#fc8d62,car
9,1,62,0,2018,3,11,6,3,5,3,0,1,1,0,0,0,0,0,682833.1013,5341501.7745,11.460621526,48.200399489,1,#66c2a5,bicycle
9,1,62,0,2018,3,14,6,3,8,1,0,0,1,1,0,0,0,0,691719.7297,5334902.3335,11.577122038,48.138464091,2,#fc8d62,car
9,1,62,0,2018,3,8,6,2,5,3,0,1,1,0,0,0,0,0,689270.3724,5336127.3068,11.544775878,48.150207501,1,#66c2a5,bicycle
9,1,62,0,2018,3,11,6,2,6,2,0,0,1,1,0,0,0,0,684149.4623,5337532.7538,11.476600206,48.164343618,2,#fc8d62,car
9,1,81,128,2018,3,8,4,2,8,1,0,0,1,0,0,0,0,1,639387.1313,5332143.2066,10.873220775,48.127272956,2,#fc8d62,car
9,1,62,0,2018,3,18,6,3,5,3,1,1,1,0,0,0,0,0,688052.3073,5343556.1936,11.531703515,48.217340483,1,#66c2a5,bicycle
9,1,62,0,2018,3,22,6,3,6,2,2,0,1,1,0,0,0,0,688543.5892,5336333.9272,11.535105612,48.152280481,2,#fc8d62,car
9,1,88,127,2018,3,17,4,3,5,3,0,1,1,0,0,0,0,0,675791167.0,5329377113.0,11.360927633,48.093396142,1,#66c2a5,bicycle
9,1,62,0,2018,3,16,6,3,6,4,0,1,0,1,0,0,0,0,691781.4751,5337887.8953,11.579296453,48.165279196,1,#66c2a5,bicycle
9,1,79,138,2018,3,10,4,2,9,7,0,0,1,0,0,0,0,1,653840.1072,5334248.9377,11.068089489,48.142876904,2,#fc8d62,car
9,1,74,141,2018,3,7,4,3,6,2,0,0,1,1,0,0,0,1,683684.86,5355810323.0,11.478287145,48.328764132,2,#fc8d62,car
9,1,62,0,2018,3,9,2,3,3,6,0,0,1,0,0,0,0,1,693588.1326,5332639.5557,11.601182764,48.117561264,2,#fc8d62,car
9,1,74,115,2018,3,8,4,3,5,3,0,0,1,0,0,0,0,0,681123281.0,5347244.32,11.440085843,48.252507385,2,#fc8d62,car
9,1,62,0,2018,3,15,3,3,5,3,0,0,1,0,1,0,0,0,689356.1242,5340880.8305,11.548044786,48.192906734,2,#fc8d62,car
9,1,62,0,2018,3,17,3,3,5,3,0,1,1,0,0,0,0,0,693525.9266,5331477.5243,11.599820578,48.10713614,1,#66c2a5,bicycle
9,1,62,0,2018,3,10,2,3,0,1,0,0,1,0,0,0,0,0,696396.9339,5336135.1472,11.64049382,48.148117562,2,#fc8d62,car
9,1,62,0,2018,3,11,3,3,0,1,0,1,0,0,0,0,0,0,691741.8443,5335202.4419,11.577554106,48.141154758,1,#66c2a5,bicycle
9,1,62,0,2018,3,19,2,3,5,3,2,0,1,0,0,1,0,0,680236.5311,5338498.9467,11.424434713,48.174149985,2,#fc8d62,car
9,1,62,0,2018,3,13,3,3,9,1,0,0,0,0,1,0,0,0,679691.2229,5338232.1337,11.416993553,48.171906047,4,#e78ac3,marker
9,7,61,0,2018,3,13,6,3,5,3,0,1,1,0,0,0,0,0,638480.7083,5359784.7987,10.870090248,48.376024458,1,#66c2a5,bicycle
9,1,62,0,2018,3,23,3,3,3,6,2,0,1,0,0,0,0,0,691123487.0,5335161.7639,11.569232057,48.14097519,2,#fc8d62,car
9,7,61,0,2018,3,12,6,2,6,4,0,0,1,1,0,0,0,0,639844.0347,5359058.2649,10.888249074,48.369191005,2,#fc8d62,car
9,1,62,0,2018,3,16,3,3,1,7,0,0,1,0,0,0,0,0,696948.3028,5332286.9043,11.646119945,48.113361516,2,#fc8d62,car
9,1,62,0,2018,3,23,3,3,5,3,2,0,1,0,0,0,0,1,684883.6433,5334493.9713,11.485144519,48.136816519,2,#fc8d62,car
9,1,62,0,2018,3,8,3,2,0,7,0,1,0,0,0,0,0,0,688745536.0,5336265191.0,11.537787689,48.151602775,1,#66c2a5,bicycle
9,1,62,0,2018,3,8,3,3,5,2,0,1,1,0,0,0,0,0,690907.5885,5335639.9602,11.566547195,48.145337997,1,#66c2a5,bicycle
9,7,62,0,2018,3,7,3,3,0,1,0,1,0,0,0,0,0,0,621544.6956,5305560056.0,10.626010051,47.891854286,1,#66c2a5,bicycle
9,7,62,0,2018,3,7,3,3,6,4,0,0,1,1,0,0,0,0,622043.8477,5307332.6726,10.63318631,47.907701908,2,#fc8d62,car
9,7,61,0,2018,3,10,3,3,5,3,0,0,1,0,0,0,1,0,640785.0171,5359242.3545,10.901009106,48.370637078,2,#fc8d62,car
9,7,72,200,2018,3,9,3,3,4,2,0,0,1,0,0,0,0,0,630619.9676,5338452.1086,10.757395422,48.185866691,2,#fc8d62,car
9,7,72,184,2018,3,12,3,3,5,3,0,0,1,1,0,0,0,0,635816.8938,5361493.1032,10.834688732,48.391964472,2,#fc8d62,car
9,7,61,0,2018,3,10,3,3,0,2,0,0,1,0,0,0,1,0,641438.9903,5359320.0988,10.909860715,48.371189902,2,#fc8d62,car
9,1,62,0,2018,3,15,3,3,3,6,0,0,1,0,0,0,0,0,698700.2098,5333296.0341,11.670101725,48.121886652,2,#fc8d62,car
9,1,62,0,2018,3,12,4,3,2,6,0,1,1,0,0,0,0,0,694204.4186,5334331.1257,11.61022543,48.132576849,1,#66c2a5,bicycle
9,2,61,0,2018,3,15,3,3,6,2,0,0,1,1,0,0,0,0,731759.6654,5380652.9056,12.139744608,48.536133901,2,#fc8d62,car
9,1,84,141,2018,3,21,3,3,1,5,2,0,1,0,0,0,0,0,698406.7135,5318933.6549,11.659501392,47.992898174,2,#fc8d62,car
9,1,73,126,2018,3,6,3,3,4,2,0,0,1,0,0,0,0,2,686080747.0,5303322.4419,11.487705786,47.856277438,2,#fc8d62,car
9,1,63,0,2018,3,8,3,3,3,2,0,1,1,0,0,0,0,2,733391.5704,5304446.7327,12.119937467,47.850942369,1,#66c2a5,bicycle
9,2,61,0,2018,3,21,4,3,0,1,2,1,0,0,0,0,0,0,730335.2991,5382491.4171,12.121494475,48.553173531,1,#66c2a5,bicycle
9,1,63,0,2018,3,15,3,3,0,1,0,1,0,0,0,0,0,1,733833.1263,5305646.3644,12.126479511,47.861559405,1,#66c2a5,bicycle
9,1,87,117,2018,3,7,3,3,3,6,0,1,1,0,0,0,0,2,724958.9997,5306738.1294,12.008568094,47.874536986,1,#66c2a5,bicycle
9,1,81,130,2018,3,7,3,3,2,6,0,0,1,0,0,0,0,2,639163.73,5324535.6757,10.867740289,48.058913035,2,#fc8d62,car
9,1,75,115,2018,3,7,3,3,5,1,1,0,1,0,0,0,0,2,720570663.0,5328967.4576,11.961369759,48.075794891,2,#fc8d62,car
9,1,62,0,2018,3,18,2,3,3,2,1,0,1,0,0,0,1,2,686504.3672,5334866.1539,11.507071187,48.139688894,2,#fc8d62,car
9,1,62,0,2018,3,22,2,3,5,2,2,0,1,0,0,0,0,2,693837.3623,5331640.3317,11.604073887,48.10850472,2,#fc8d62,car
9,1,84,122,2018,3,17,2,2,6,4,0,0,1,1,0,0,0,0,689783.9419,5326626.2335,11.547447452,48.064657875,2,#fc8d62,car
9,1,84,119,2018,3,8,2,3,5,3,0,0,1,0,0,0,0,1,695882.9601,5348923.8196,11.639494262,48.26321202,2,#fc8d62,car
9,1,62,0,2018,3,11,2,3,6,7,0,0,0,1,0,0,1,0,692766.3786,5335208.0102,11.591314701,48.14089524,3,#8da0cb,toilet
9,1,62,0,2018,3,19,2,3,6,2,2,0,1,1,0,0,0,1,689715.7833,5333354.9796,11.549523556,48.125156996,2,#fc8d62,car
9,1,79,123,2018,3,11,4,3,0,7,0,1,0,0,0,0,0,1,676424.3021,5333664495.0,11.371196773,48.13176176,1,#66c2a5,bicycle
9,1,62,0,2018,3,6,2,3,5,2,1,0,1,0,0,0,0,0,694066.0042,5341797346.0,11.611774049,48.199722319,2,#fc8d62,car
9,1,84,149,2018,3,15,2,3,6,7,0,1,0,1,0,0,0,1,690838.6075,5349908.4501,11.572038727,48.273601095,1,#66c2a5,bicycle
9,1,62,0,2018,3,19,2,3,5,3,2,0,1,0,0,0,0,1,691796.9837,5332397.1874,11.577032012,48.115924878,2,#fc8d62,car
9,1,62,0,2018,3,17,2,3,5,3,1,1,1,0,0,0,0,1,691456.9273,5336779.0144,11.574437091,48.155410573,1,#66c2a5,bicycle
9,1,62,0,2018,3,9,2,3,5,3,0,0,1,0,0,0,0,0,697641.5885,5329880.5234,11.654309886,48.091519755,2,#fc8d62,car
9,1,62,0,2018,3,11,3,3,7,7,0,0,1,0,0,0,1,0,694528.2178,5342622.1606,11.618365908,48.206993879,2,#fc8d62,car
9,1,62,0,2018,3,8,2,3,0,3,0,0,1,0,0,0,1,0,693024673.0,5342419.3151,11.598057484,48.205629737,2,#fc8d62,car
9,1,62,0,2018,3,16,2,3,1,6,1,0,1,0,0,0,0,2,687840.4097,5343623.4764,11.528883476,48.218007984,2,#fc8d62,car
9,1,62,0,2018,3,14,2,3,5,3,0,0,1,0,0,0,0,1,697596.0743,5333018.6209,11.655152524,48.119737061,2,#fc8d62,car
9,1,62,0,2018,3,8,2,2,5,2,0,1,1,0,0,0,0,0,693890.1531,5333610.3183,11.605678081,48.126194285,1,#66c2a5,bicycle
9,1,62,0,2018,3,19,2,3,0,7,2,1,0,0,0,0,0,2,688791.3176,5332406.9152,11.536692811,48.116910456,1,#66c2a5,bicycle
9,7,61,0,2018,3,7,3,3,2,6,0,0,1,0,0,0,0,1,640131.3473,5352588.7104,10.889973964,48.310954687,2,#fc8d62,car
9,1,62,0,2018,3,17,3,3,6,7,0,0,1,1,0,0,0,1,688955.6829,5337376.0694,11.541103666,48.161525047,2,#fc8d62,car
9,7,61,0,2018,3,14,2,3,1,3,0,1,1,0,0,0,0,0,640784477.0,5359247232.0,10.90100345,48.370681056,1,#66c2a5,bicycle
9,2,61,0,2018,3,8,4,3,0,2,0,1,1,0,0,0,0,0,732157.2886,5381599.7631,12.145650411,48.544492355,1,#66c2a5,bicycle
9,7,72,202,2018,3,13,2,2,5,3,0,1,1,0,0,0,0,0,636905.1486,5358742.4053,10.848485545,48.366995161,1,#66c2a5,bicycle
9,7,61,0,2018,3,13,2,3,6,4,0,0,1,1,0,0,0,0,640622874.0,5359816002.0,10.899012815,48.375831267,2,#fc8d62,car
9,7,61,0,2018,3,15,4,3,1,1,0,1,1,0,0,0,0,0,638968.1781,5356939.8755,10.875729728,48.350336345,1,#66c2a5,bicycle
9,1,73,137,2018,3,18,2,3,8,1,2,0,1,0,0,0,0,2,679463566.0,5305874824.0,11.400382534,47.881104178,2,#fc8d62,car
9,1,73,123,2018,3,6,2,3,8,1,0,0,1,0,0,0,0,1,678112.0966,5304064.2591,11.381576087,47.865204258,2,#fc8d62,car
9,1,84,119,2018,3,16,3,3,5,2,0,1,1,0,0,0,0,0,696957.3886,5347348.8326,11.653222967,48.248724328,1,#66c2a5,bicycle
9,1,90,157,2018,3,17,2,2,1,5,0,0,1,0,0,1,0,1,660231668.0,5301256.9847,11.1416353,47.844672902,2,#fc8d62,car
9,1,62,0,2018,3,6,3,3,2,6,1,0,1,0,0,0,0,2,697422.2256,5331310.2854,11.652028379,48.10443756,2,#fc8d62,car
9,1,63,0,2018,3,7,2,3,5,2,0,0,1,0,0,0,0,1,733511.0431,5306132.1868,12.12244206,47.866041167,2,#fc8d62,car
9,1,62,0,2018,3,1,3,3,8,1,2,0,1,0,0,0,0,2,684510622.0,5337512.0119,11.481443672,48.164052465,2,#fc8d62,car
9,1,88,120,2018,3,16,2,3,6,7,0,0,1,1,0,0,0,1,677004.3131,5326151.8264,11.375870006,48.064067246,2,#fc8d62,car
9,1,62,0,2018,3,14,1,3,2,6,0,0,1,0,0,0,1,1,689718.4617,5331910.4162,11.548916754,48.112172339,2,#fc8d62,car
9,1,62,0,2018,3,22,1,3,2,6,2,0,1,0,0,0,0,1,686399.6519,5333353.0501,11.505002956,48.126119246,2,#fc8d62,car
9,1,62,0,2018,3,14,1,3,2,6,0,0,1,0,0,0,0,0,687127247.0,5338006.37,11.516816643,48.167731099,2,#fc8d62,car
9,1,62,0,2018,3,6,1,3,8,1,0,0,1,0,0,0,0,1,692517.2611,5334167.3894,11.587499113,48.131617786,2,#fc8d62,car
9,1,62,0,2018,3,10,1,3,5,3,0,0,1,0,0,0,0,1,685880125.0,5339727374.0,11.500812393,48.183565955,2,#fc8d62,car
9,1,62,0,2018,3,21,1,3,5,3,2,0,1,0,0,0,0,0,691666.4656,5337437963.0,11.577548554,48.161269971,2,#fc8d62,car
9,1,84,136,2018,3,9,1,3,5,3,0,1,1,0,0,0,0,1,698301.7361,5326344.7571,11.661525193,48.059537567,1,#66c2a5,bicycle
9,1,90,148,2018,3,15,6,3,0,1,0,0,1,0,0,0,0,0,641006.1295,5297335.6428,10.883545948,47.813915024,2,#fc8d62,car
9,2,74,113,2018,3,6,1,3,4,6,1,0,1,0,0,0,0,2,729337.81,5383059274.0,12.108310091,48.558640113,2,#fc8d62,car
9,1,79,142,2018,3,14,4,3,1,3,0,0,1,0,1,0,0,0,673161.5197,5342156.1417,11.330840465,48.208993304,2,#fc8d62,car
9,1,74,122,2018,3,9,1,3,8,1,0,0,1,0,0,0,0,2,685902.8177,5351168.6006,11.506137589,48.286395559,2,#fc8d62,car
9,1,62,0,2018,3,20,7,3,2,6,2,0,1,0,0,0,0,1,690361.4831,5334953.5987,11.558906174,48.139332637,2,#fc8d62,car
9,1,63,0,2018,3,5,6,3,0,1,2,1,0,0,0,0,0,0,733450.6322,5306105.7711,12.121621239,47.8658258,1,#66c2a5,bicycle
9,1,62,0,2018,3,9,7,3,4,6,0,0,1,0,0,0,0,0,700300.0307,5332155.0894,11.69103947,48.111131648,2,#fc8d62,car
9,1,62,0,2018,3,8,7,3,0,7,0,1,0,1,0,0,1,0,691789.4599,5334654.1529,11.577946631,48.136212468,1,#66c2a5,bicycle
9,1,62,0,2018,3,14,7,3,1,7,0,0,1,0,0,0,0,0,697829.6795,5332837.34,11.658203931,48.118035301,2,#fc8d62,car
9,1,62,0,2018,3,7,3,3,5,3,0,0,1,0,0,0,0,2,682320.2293,5334800.5347,11.450852116,48.140311739,2,#fc8d62,car
9,1,88,121,2018,3,9,6,3,5,3,0,1,0,0,0,0,1,0,671297.3893,5330741.3254,11.301173529,48.106883816,1,#66c2a5,bicycle
9,1,62,0,2018,3,19,7,3,1,7,2,0,1,0,0,0,0,1,689650.7445,5332945.9412,11.548468436,48.121499904,2,#fc8d62,car
9,1,78,144,2018,3,7,6,3,5,3,0,0,1,0,0,0,0,0,706979.6835,5379652.5013,11.803986974,48.535807237,2,#fc8d62,car
9,1,62,0,2018,3,14,7,3,5,3,0,0,1,0,0,0,0,0,692525.0936,5340852.0526,11.590629675,48.191695407,2,#fc8d62,car
9,7,61,0,2018,3,15,3,3,2,6,0,0,1,0,0,0,0,0,640784.8746,5356471.7255,10.900080204,48.345724533,2,#fc8d62,car
9,1,62,0,2018,3,2,7,3,5,3,2,1,1,0,0,0,0,0,692600365.0,5330690.5439,11.587044596,48.100343392,1,#66c2a5,bicycle
9,1,78,124,2018,3,18,6,3,6,4,2,0,1,1,0,0,0,1,702253.3022,5362905.0156,11.731940852,48.386852102,2,#fc8d62,car
9,1,62,0,2018,3,13,3,2,6,4,0,0,1,1,0,0,0,0,692761.0181,5335182.8653,11.591231336,48.140670868,2,#fc8d62,car
9,1,62,0,2018,3,19,5,3,6,4,2,0,1,1,0,0,0,0,700886082.0,5334443.1551,11.699982168,48.131509934,2,#fc8d62,car
9,7,72,163,2018,3,10,7,3,4,2,0,0,1,0,0,0,1,0,638776.6916,5346429414.0,10.869690599,48.255869373,2,#fc8d62,car
9,1,62,0,2018,3,17,5,3,5,2,0,1,1,0,0,0,0,0,694528.9071,5335208.6688,11.614982792,48.140364757,1,#66c2a5,bicycle
9,7,72,163,2018,3,10,7,3,2,6,0,0,1,0,0,0,0,0,640127.9535,5348114.8711,10.888443843,48.270727422,2,#fc8d62,car
9,7,61,0,2018,3,11,7,3,5,3,0,1,1,0,0,0,0,0,641787.4357,5362034.1135,10.915478828,48.395514922,1,#66c2a5,bicycle
9,1,62,0,2018,3,8,5,3,4,2,0,0,1,0,0,1,0,0,701856954.0,5335315051.0,11.713429032,48.139038403,2,#fc8d62,car
9,1,62,0,2018,3,17,5,3,2,6,0,0,1,0,0,0,0,0,696373.7369,5335981.0798,11.64011122,48.146740059,2,#fc8d62,car
9,1,62,0,2018,3,16,5,3,0,7,0,1,0,0,0,0,0,0,691689.9193,5336467.4588,11.577426409,48.152540179,1,#66c2a5,bicycle
9,7,71,146,2018,3,12,4,3,8,1,0,0,1,0,0,0,0,0,649005.6634,5348035.2038,11.007982777,48.267984708,2,#fc8d62,car
9,1,62,0,2018,3,9,5,3,3,6,0,1,1,0,0,0,0,0,691741.6286,5336599.6575,11.578180513,48.153712771,1,#66c2a5,bicycle
9,1,90,157,2018,3,1,7,3,0,7,2,1,0,0,0,0,0,0,660292017.0,5300399.5492,11.142123798,47.836948533,1,#66c2a5,bicycle
9,1,78,145,2018,3,16,4,3,6,5,0,0,1,1,0,0,0,0,697635.0516,5354027819.0,11.665464439,48.308537558,2,#fc8d62,car