ULAND,UREGBEZ,UKREIS,UGEMEINDE,UJAHR,UMONAT,USTUNDE,UWOCHENTAG,UKATEGORIE,UART,UTYP1,ULICHTVERH,IstRad,IstPKW,IstFuss,IstKrad,IstGkfz,IstSonstig,STRZUSTAND,LINREFX,LINREFY,XGCSWGS84,YGCSWGS84,Teilnehmer,color,symbol
9,1,82,120,2018,3,7,4,3,8,1,0,0,1,0,0,0,0,2,702131.7724,5310180036.0,11.705263632,47.91306123,2,#fc8d62,car
9,1,82,136,2018,3,17,7,3,5,3,0,0,1,0,0,0,0,0,704892.8115,5302147.6124,11.73836381,47.839997126,2,#fc8d62,car
9,1,62,0,2018,3,7,5,3,5,3,0,1,1,0,0,0,0,0,694345.4447,5334212.6464,11.612064822,48.131468956,1,#66c2a5,bicycle
9,1,81,130,2018,3,20,7,3,6,2,2,0,1,1,0,0,0,1,638905.7948,5322583.6713,10.863646755,48.041416154,2,#fc8d62,car
9,1,88,144,2018,3,11,7,2,4,2,0,0,1,0,1,0,0,0,668889.7198,5329079.3241,11.268198186,48.092585387,2,#fc8d62,car
9,1,74,115,2018,3,23,7,3,5,3,2,0,1,0,0,0,0,1,681762.5226,5347961.9533,11.448997747,48.258774871,2,#fc8d62,car
9,1,62,0,2018,3,15,3,3,1,6,0,0,1,0,0,0,0,1,687191.4377,5343622.0018,11.520154546,48.218186503,2,#fc8d62,car
9,1,62,0,2018,3,9,5,3,6,4,0,0,1,1,0,0,0,0,690670532.0,5334749.4158,11.562964806,48.137404919,2,#fc8d62,car
9,1,62,0,2018,3,11,6,2,5,2,0,1,1,0,0,0,0,0,686741305.0,5330245906.0,11.508229474,48.098090941,1,#66c2a5,bicycle
9,1,62,0,2018,3,8,5,3,5,3,0,1,1,0,0,0,0,0,690976.6909,5340304.4736,11.569569898,48.187241319,1,#66c2a5,bicycle
9,1,62,0,2018,3,10,6,3,4,2,0,1,1,0,0,0,0,0,689577.5651,5333523.2615,11.547742847,48.126710702,1,#66c2a5,bicycle
9,1,62,0,2018,3,7,6,3,3,6,0,1,1,0,0,0,0,1,693639.9661,5333351.1098,11.602201673,48.123940745,1,#66c2a5,bicycle
9,1,62,0,2018,3,23,6,3,5,3,2,0,1,0,0,0,0,1,687905246.0,5343608.9127,11.529749027,48.217857889,2,#fc8d62,car
9,1,62,0,2018,3,19,6,3,5,3,2,0,1,0,0,0,0,1,688406.3089,5343364.3412,11.536379284,48.215511106,2,#fc8d62,car
9,1,62,0,2018,3,7,6,3,0,7,0,0,0,0,0,0,1,0,687334.7931,5334907.9717,11.518241361,48.139820819,6,#ffd92f,circle
9,1,62,0,2018,3,16,6,3,5,3,0,0,1,0,0,0,0,0,699767.2905,5334843.9117,11.685150283,48.135463684,2,#fc8d62,car
9,1,62,0,2018,3,10,3,3,2,6,0,0,1,0,0,1,0,2,692955.7119,5340311.4913,11.596172368,48.186706364,2,#fc8d62,car
9,1,62,0,2018,3,14,6,3,5,3,0,1,1,0,0,0,0,0,691485486.0,5330757275.0,11.572114959,48.101279186,1,#66c2a5,bicycle
9,1,62,0,2018,3,15,6,3,2,6,0,0,1,0,0,0,0,0,688717851.0,5336790.9,11.537648957,48.156336121,2,#fc8d62,car
9,1,62,0,2018,3,7,6,3,2,6,0,0,1,0,0,0,0,0,698807.6123,5333207.4692,11.671502056,48.121057176,2,#fc8d62,car
9,7,77,158,2018,3,14,4,3,5,3,0,0,1,0,0,0,0,0,620781464.0,5308279564.0,10.616565407,47.916456978,2,#fc8d62,car
9,1,62,0,2018,3,12,6,3,2,6,0,0,1,0,0,1,1,1,694324.8995,5334976.6365,11.612137481,48.138341678,2,#fc8d62,car
9,1,62,0,2018,3,16,6,2,0,1,0,1,0,0,0,0,0,0,693244.4567,5334377.1289,11.597357608,48.1332825,1,#66c2a5,bicycle
9,1,73,118,2018,3,8,4,3,4,1,0,0,1,0,0,0,0,2,689421.0184,5302811.6469,11.532093365,47.850710205,2,#fc8d62,car
9,1,62,0,2018,3,14,6,2,6,4,0,0,1,1,0,0,0,0,691151.3543,5335692.7541,11.569844649,48.145739307,2,#fc8d62,car
9,7,61,0,2018,3,15,4,3,2,6,0,0,1,0,0,0,0,0,640659.8742,5360172.7245,10.899631561,48.379030541,2,#fc8d62,car
9,7,61,0,2018,3,12,6,3,0,6,0,0,1,0,0,0,1,0,639719.0203,5360035.4801,10.886886764,48.378005534,2,#fc8d62,car
9,7,72,163,2018,3,17,3,3,4,2,0,0,1,0,0,0,0,0,640487.8846,5350595.3392,10.894116431,48.292951614,2,#fc8d62,car
9,1,86,152,2018,3,18,4,3,5,3,0,0,1,0,0,0,1,0,692072.9019,5375067.7762,11.600156766,48.499343552,2,#fc8d62,car
9,7,72,167,2018,3,14,6,3,4,6,0,0,1,0,0,1,0,0,626558.1685,5355799.9746,10.707963569,48.342694547,2,#fc8d62,car
9,1,77,115,2018,3,14,2,3,0,7,0,0,1,1,0,0,0,0,733991.4015,5351884.1813,12.153895681,48.27688118,2,#fc8d62,car
9,7,61,0,2018,3,23,6,3,1,5,2,0,0,0,0,1,0,0,637865.8856,5362873.6345,10.862805829,48.403933333,5,#a6d854,bus
9,1,84,123,2018,3,17,6,3,5,3,0,1,1,0,0,0,0,0,704011.9804,5331896.44,11.74072736,48.107629192,1,#66c2a5,bicycle
9,7,61,0,2018,3,18,6,3,5,3,0,0,1,0,0,0,0,0,636965202.0,5360749.4009,10.849949854,48.385028841,2,#fc8d62,car
9,7,61,0,2018,3,13,6,2,5,3,0,1,1,0,0,0,0,0,637620721.0,5360762996.0,10.85880338,48.385008412,1,#66c2a5,bicycle
9,1,62,0,2018,3,15,1,3,3,6,0,0,1,0,1,0,0,0,689581.7182,5333198.6856,11.547654235,48.12379215,2,#fc8d62,car
9,7,61,0,2018,3,10,6,3,5,3,0,0,1,0,0,0,1,0,639592.4544,5359514.4698,10.885005466,48.373348769,2,#fc8d62,car
9,7,72,184,2018,3,9,7,3,1,7,0,1,1,0,0,0,0,0,635339.1995,5359810.7683,10.827697322,48.376939617,1,#66c2a5,bicycle
9,1,81,130,2018,3,20,2,3,5,2,2,0,1,0,1,0,0,0,639180.4334,5324439.0098,10.86793289,48.058040142,2,#fc8d62,car
9,1,62,0,2018,3,21,7,2,1,7,2,0,1,0,0,0,0,0,698146.4908,5334398.8431,11.663181996,48.131970441,2,#fc8d62,car
9,1,62,0,2018,3,14,7,3,5,3,0,1,1,0,0,0,0,0,688123.1624,5336872.6416,11.529696545,48.157247028,1,#66c2a5,bicycle
9,1,88,137,2018,3,16,7,3,2,2,0,1,0,0,0,0,0,0,671751.7728,5314898916.0,11.300919413,47.964340619,1,#66c2a5,bicycle
9,1,62,0,2018,3,19,6,3,0,1,2,1,0,0,0,0,0,1,691792.1816,5332545.4775,11.577034252,48.11725914,1,#66c2a5,bicycle
9,1,62,0,2018,3,16,1,3,2,6,0,0,1,0,0,0,0,0,692729.7234,5330082.8652,11.588505963,48.094842559,2,#fc8d62,car
9,1,62,0,2018,3,15,6,3,4,2,0,0,1,0,0,0,0,0,689555.6879,5340421.5898,11.550522459,48.188719567,2,#fc8d62,car
9,1,62,0,2018,3,0,1,3,6,2,2,0,1,1,0,0,0,0,691338.8027,5334090.3357,11.571642218,48.13128059,2,#fc8d62,car
9,7,71,112,2018,3,6,7,3,8,1,0,0,1,0,0,0,0,0,647385.9415,5366948.9788,10.992792237,48.438421239,2,#fc8d62,car
9,1,90,140,2018,3,8,6,2,9,1,0,0,1,0,0,0,0,1,643735.6244,5296790.4769,10.919804561,47.808408773,2,#fc8d62,car
9,1,74,115,2018,3,18,5,2,5,3,0,1,1,0,0,0,0,0,681755.1454,5347599.0939,11.44874259,48.255515405,1,#66c2a5,bicycle
9,1,78,145,2018,3,17,5,3,6,7,0,1,0,1,0,0,0,0,696642888.0,5354504.4116,11.652320375,48.31312992,1,#66c2a5,bicycle
9,1,63,0,2018,3,22,6,3,6,2,2,0,1,1,0,0,0,0,733980.1517,5305320.2737,12.128265873,47.858576295,2,#fc8d62,car
9,1,62,0,2018,3,20,4,3,2,6,1,0,1,0,0,0,0,0,688095.0194,5338998.8569,11.530258922,48.176366084,2,#fc8d62,car
9,1,62,0,2018,3,19,4,3,3,6,2,0,1,0,0,0,0,1,691276.0626,5340005.6821,11.573459167,48.184465768,2,#fc8d62,car
9,1,62,0,2018,3,10,4,3,5,3,0,0,1,0,0,0,0,0,690732.5526,5340286.4145,11.566280358,48.187152355,2,#fc8d62,car
9,1,62,0,2018,3,8,4,3,1,5,0,1,1,0,0,0,0,0,692133.9332,5336790.7599,11.583536211,48.155311966,1,#66c2a5,bicycle
9,1,62,0,2018,3,19,4,3,5,2,2,0,1,0,0,0,0,1,692327318.0,5337782.1772,11.586582016,48.164164132,2,#fc8d62,car
9,1,62,0,2018,3,17,4,3,4,2,0,0,1,0,1,0,0,1,687985.2528,5343316493.0,11.530695446,48.215205907,2,#fc8d62,car
9,1,63,0,2018,3,8,6,3,0,1,0,1,0,0,0,0,0,1,734127866.0,5304659355.0,12.12988003,47.852584823,1,#66c2a5,bicycle
9,1,62,0,2018,3,14,4,3,5,3,0,1,1,0,0,0,0,0,692178652.0,5335582636.0,11.583591441,48.144440088,1,#66c2a5,bicycle
9,1,62,0,2018,3,16,4,3,5,3,0,0,1,0,0,0,0,0,694909.8806,5334973.4287,11.619990881,48.13813394,2,#fc8d62,car
9,1,87,179,2018,3,12,6,3,4,6,0,0,1,0,0,0,0,0,725012.06,5311292321.0,12.011650731,47.915437443,2,#fc8d62,car
9,1,84,135,2018,3,8,4,3,6,4,0,0,1,1,0,0,0,0,689719.6163,5348411.7635,11.556301731,48.260485363,2,#fc8d62,car
9,1,90,139,2018,3,12,7,2,6,4,0,0,1,1,0,0,0,0,655294.4799,5296281.9619,11.073907657,47.801151407,2,#fc8d62,car
9,1,62,0,2018,3,18,4,3,5,3,2,0,1,0,0,0,0,1,687423.1334,5336430.8221,11.520098103,48.153482559,2,#fc8d62,car
9,1,62,0,2018,3,7,6,3,5,3,0,0,1,0,0,0,0,1,686231528.0,5333524511.0,11.502820719,48.12770961,2,#fc8d62,car
9,1,62,0,2018,3,15,4,3,9,7,0,0,1,0,0,0,0,0,700434866.0,5334633.1745,11.69401401,48.133359889,2,#fc8d62,car
9,1,62,0,2018,3,18,4,3,5,3,1,0,1,0,0,0,0,1,693296.35,5332344347.0,11.597132541,48.114996637,2,#fc8d62,car
9,1,79,142,2018,3,8,6,3,5,3,0,1,1,0,0,0,0,0,673391.1063,5341664.7226,11.333727344,48.204513072,1,#66c2a5,bicycle
9,7,62,0,2018,3,7,4,3,0,1,0,1,0,0,0,0,0,0,621869.0062,5303852.5133,10.629864872,47.876435611,1,#66c2a5,bicycle
9,1,77,117,2018,3,7,6,3,2,5,0,0,1,0,0,0,0,0,714769.8645,5354816.0696,11.896664755,48.310035446,2,#fc8d62,car
9,1,62,0,2018,3,23,7,3,2,6,2,0,1,0,0,0,0,0,694308.2788,5334978.5494,11.611915177,48.138363946,2,#fc8d62,car
9,7,61,0,2018,3,19,4,3,5,3,1,1,1,0,0,0,0,1,640213.1035,5359239.0129,10.89328988,48.370734352,1,#66c2a5,bicycle
9,1,62,0,2018,3,14,6,3,5,3,0,1,1,0,0,0,0,0,689668.4924,5332302.0567,11.548420262,48.115707325,1,#66c2a5,bicycle
9,7,61,0,2018,3,17,4,3,0,7,0,1,0,0,0,0,0,1,640087.6415,5359055.5372,10.891535613,48.369112455,1,#66c2a5,bicycle
9,1,62,0,2018,3,11,6,3,0,7,0,1,0,0,0,0,0,0,690389.0529,5335598.4632,11.55956471,48.145120416,1,#66c2a5,bicycle
9,1,62,0,2018,3,17,5,3,5,2,0,1,1,0,0,0,0,0,691026.5208,5335095.5869,11.567900236,48.140409515,1,#66c2a5,bicycle
9,1,62,0,2018,3,14,1,3,5,2,0,1,1,0,0,0,0,0,684757.3362,5329735.9082,11.48138698,48.09408511,1,#66c2a5,bicycle
9,1,62,0,2018,3,11,5,3,6,4,0,0,1,1,0,0,0,0,691194.3286,5340872.3619,11.572750762,48.192279925,2,#fc8d62,car
9,7,72,184,2018,3,17,7,2,5,3,0,1,1,0,0,0,0,0,634496.7945,5361801.1134,10.816964124,48.395017034,1,#66c2a5,bicycle
9,1,74,115,2018,3,17,2,3,5,3,0,1,1,0,0,0,0,0,681620.9067,5348789.8606,11.447446918,48.26625717,1,#66c2a5,bicycle
9,1,84,148,2018,3,11,5,2,6,4,0,1,0,1,0,0,0,0,694613.0281,5326537.4378,11.612158348,48.062405023,1,#66c2a5,bicycle
9,1,62,0,2018,3,9,7,3,2,6,0,0,1,0,0,0,1,0,692269.2827,5337284.5608,11.585577413,48.159709229,2,#fc8d62,car
9,1,62,0,2018,3,18,6,3,1,3,0,0,1,0,1,0,0,0,691852775.0,5332980131.0,11.578043147,48.121147502,2,#fc8d62,car
9,1,62,0,2018,3,18,5,3,6,7,1,0,0,1,0,0,1,2,691848057.0,5336112068.0,11.579390278,48.149298309,3,#8da0cb,toilet
9,1,62,0,2018,3,16,1,3,5,3,0,1,1,0,0,0,0,0,686772.2362,5336344.4229,11.511316935,48.152897459,1,#66c2a5,bicycle
9,1,62,0,2018,3,19,5,3,1,7,2,0,1,0,0,0,0,1,692431.2004,5338107.0425,11.588124627,48.167052502,2,#fc8d62,car
9,1,62,0,2018,3,15,5,3,6,4,0,0,1,1,0,0,0,0,684576.0837,5334678.1514,11.481094242,48.138561309,2,#fc8d62,car
9,1,62,0,2018,3,9,5,3,5,3,0,1,1,0,0,0,0,0,693321.5795,5331225.7602,11.596964241,48.104935389,1,#66c2a5,bicycle
9,1,62,0,2018,3,20,5,3,2,6,2,1,0,0,0,0,0,1,691000.6527,5333209.3102,11.566707282,48.123463542,1,#66c2a5,bicycle
9,1,63,0,2018,3,9,4,3,6,6,0,1,0,1,0,0,0,1,734146.5315,5303913.7987,12.129725763,47.845879958,1,#66c2a5,bicycle
9,1,87,122,2018,3,17,4,3,4,2,0,0,1,0,0,0,0,0,719195.0211,5307697.1952,11.932073886,47.885147773,2,#fc8d62,car
9,1,79,126,2018,3,14,4,3,6,4,0,1,0,1,0,0,0,0,676360.7155,5340910.1526,11.373347467,48.196912125,1,#66c2a5,bicycle
9,1,62,0,2018,3,19,3,3,5,3,1,1,1,0,0,0,0,0,697697.6902,5334206.5216,11.657067408,48.130381548,1,#66c2a5,bicycle
9,1,79,134,2018,3,17,1,3,1,1,0,1,1,0,0,0,0,0,667372.0984,5342689.1579,11.253185909,48.215338108,1,#66c2a5,bicycle
9,1,62,0,2018,3,6,3,3,3,5,1,1,1,0,0,0,0,1,688875.2404,5342606.5708,11.542348343,48.208560888,1,#66c2a5,bicycle
9,1,62,0,2018,3,15,3,3,0,7,0,0,0,0,0,0,1,0,689556.6099,5342608782.0,11.551511457,48.208377659,6,#ffd92f,circle
9,1,62,0,2018,3,6,3,3,5,3,2,1,1,0,0,0,0,1,693574.11,5342069.8793,11.605285447,48.202321872,1,#66c2a5,bicycle
9,1,62,0,2018,3,18,3,3,5,2,0,1,0,0,0,1,0,0,686648.0249,5338266.2364,11.510491718,48.170207739,1,#66c2a5,bicycle
9,7,77,121,2018,3,15,5,2,5,3,0,0,1,0,0,0,0,0,627785.8456,5321715.8313,10.714267789,48.035934373,2,#fc8d62,car
9,1,62,0,2018,3,17,3,3,5,3,0,1,1,0,0,0,0,0,690395.7698,5342937.8759,11.562942881,48.211084365,1,#66c2a5,bicycle
9,1,87,150,2018,3,17,2,3,5,3,0,0,1,0,0,0,0,0,728797644.0,5304256.8615,12.058517637,47.850887983,2,#fc8d62,car
9,1,62,0,2018,3,17,3,3,5,3,0,1,1,0,0,0,0,0,690381.1982,5343045.2187,11.562795107,48.212053516,1,#66c2a5,bicycle
9,1,62,0,2018,3,16,7,3,5,3,0,0,1,0,0,0,1,0,679791639.0,5338534.7824,11.418470985,48.174598125,2,#fc8d62,car
9,1,62,0,2018,3,6,3,3,5,2,2,1,1,0,0,0,0,1,690852.8203,5339291.6074,11.567450017,48.178175052,1,#66c2a5,bicycle
9,1,62,0,2018,3,17,6,3,5,3,0,0,1,0,0,0,0,0,689065.7815,5332578.9841,11.540453181,48.11837561,2,#fc8d62,car
9,1,62,0,2018,3,9,3,3,8,1,0,0,1,0,0,0,0,1,688198.9015,5333785.3265,11.529349438,48.129475273,2,#fc8d62,car
9,1,62,0,2018,3,16,3,2,6,4,0,0,1,1,0,0,0,0,690533.0908,5335269.4124,11.56135189,48.142119798,2,#fc8d62,car
9,1,88,113,2018,3,16,7,3,6,7,0,0,1,1,0,0,0,0,676936.4763,5317822.6436,11.371521012,47.989211559,2,#fc8d62,car
9,1,62,0,2018,3,9,6,3,5,3,0,1,0,0,0,0,1,0,690230.4413,5335891.5895,11.557565539,48.147802477,1,#66c2a5,bicycle
9,1,62,0,2018,3,15,1,3,3,5,0,1,1,0,0,0,0,0,689345.9773,5334820.1104,11.545210051,48.138435826,1,#66c2a5,bicycle
9,7,61,0,2018,3,12,5,3,6,4,0,0,1,1,0,0,0,0,644146962.0,5357771.09,10.945874126,48.35664942,2,#fc8d62,car
9,7,78,209,2018,3,16,7,3,0,7,0,1,0,0,0,0,1,1,617766.1255,5324923.5384,10.580789754,48.066710182,1,#66c2a5,bicycle
9,1,62,0,2018,3,17,6,3,1,7,0,0,1,0,0,1,0,0,696358.1034,5337206.69,11.640466713,48.157759915,2,#fc8d62,car
9,7,61,0,2018,3,17,5,2,6,4,0,0,1,1,0,0,0,0,639552.2842,5358803.3375,10.884227329,48.366963341,2,#fc8d62,car
9,7,61,0,2018,3,14,3,3,0,7,0,1,1,0,0,0,0,0,640116.7033,5357304.4192,10.891344603,48.353360459,1,#66c2a5,bicycle
9,7,71,113,2018,3,18,5,3,1,5,2,1,1,0,0,0,0,1,657783623.0,5369664.22,11.134303406,48.460312277,1,#66c2a5,bicycle
9,7,61,0,2018,3,16,3,2,4,2,0,0,1,0,1,0,0,0,639975.2144,5359176512.0,10.890058691,48.370225169,2,#fc8d62,car
9,1,62,0,2018,3,15,1,3,3,2,0,0,1,0,1,0,0,0,682696974.0,5335564448.0,11.456239488,48.147070251,2,#fc8d62,car
9,7,61,0,2018,3,20,7,3,0,7,2,0,0,0,0,0,1,0,643004.0929,5359440.0262,10.931022779,48.371915529,6,#ffd92f,circle
9,1,90,157,2018,3,16,1,2,0,6,0,1,0,0,0,0,0,0,660135.2348,5299556.5856,11.139718347,47.829408371,1,#66c2a5,bicycle
9,2,61,0,2018,3,13,3,3,4,2,0,0,1,0,0,0,0,0,732845972.0,5382627735.0,12.155541755,48.553471103,2,#fc8d62,car
9,1,90,157,2018,3,14,7,3,2,6,0,0,1,0,0,0,0,0,660318.3071,5300968.1833,11.142685485,47.842054649,2,#fc8d62,car
9,1,63,0,2018,3,19,3,3,2,6,0,0,1,0,0,0,0,0,731272.0783,5303954.5076,12.091384238,47.847286092,2,#fc8d62,car
9,1,79,126,2018,3,15,2,3,1,1,0,0,1,0,0,0,0,0,676739.9249,5339324.3241,11.377786141,48.182551477,2,#fc8d62,car
9,1,88,139,2018,3,6,3,3,6,4,2,0,1,1,0,0,0,1,674914.0122,5319261.4521,11.345023436,48.002702214,2,#fc8d62,car
9,1,88,144,2018,3,16,3,3,4,6,0,0,0,0,0,1,1,0,669264.1717,5327780.3556,11.272708201,48.080808368,5,#a6d854,bus
9,1,62,0,2018,3,18,7,3,1,6,1,0,1,0,0,0,0,0,690944.7897,5333233.5971,11.565968243,48.123698588,2,#fc8d62,car
9,1,79,136,2018,3,19,3,3,8,7,2,0,0,0,0,0,1,1,661596.0891,5342666.0553,11.175478912,48.216627589,6,#ffd92f,circle
9,1,78,124,2018,3,11,7,3,1,3,0,0,1,0,0,0,0,0,703857.5353,5362588.2839,11.753430497,48.383489549,2,#fc8d62,car
9,1,79,121,2018,3,9,3,3,5,2,0,0,1,0,0,0,0,0,666506.5805,5337765.1144,11.239612593,48.17129867,2,#fc8d62,car
9,1,62,0,2018,3,7,6,3,3,5,0,1,1,0,0,0,0,1,693325.8275,5334208.3188,11.598373532,48.131740571,1,#66c2a5,bicycle
9,1,74,113,2018,3,17,3,3,9,1,0,0,1,0,0,0,0,0,673569.1992,5345113.8844,11.337534199,48.235470126,2,#fc8d62,car
9,1,62,0,2018,3,15,1,3,0,7,0,0,1,0,1,0,0,0,692209.3267,5337060.6897,11.584670855,48.157715253,2,#fc8d62,car
9,1,74,115,2018,3,11,3,3,4,2,0,0,1,0,0,0,1,0,681211.01,5346470208.0,11.44093526,48.245524108,2,#fc8d62,car
9,1,78,124,2018,3,9,3,2,5,3,0,1,1,0,0,0,0,0,704201.8448,5363853.7541,11.758690402,48.394749899,1,#66c2a5,bicycle
9,1,62,0,2018,3,18,2,3,6,4,0,1,0,1,0,0,0,0,693403.0413,5333842434.0,11.599244144,48.128428646,1,#66c2a5,bicycle
9,1,62,0,2018,3,9,2,3,6,2,0,0,1,1,0,0,0,0,686247.8987,5333362.2082,11.502969583,48.126245979,2,#fc8d62,car
9,1,62,0,2018,3,15,7,3,6,7,0,0,1,1,0,0,0,0,691451.3872,5335047.0829,11.573583787,48.139845873,2,#fc8d62,car
9,1,62,0,2018,3,11,2,3,6,4,0,0,1,1,0,0,0,0,692021194.0,5334579.5278,11.58102458,48.13547187,2,#fc8d62,car
9,1,62,0,2018,3,19,6,2,4,6,2,1,0,0,0,0,0,0,690928857.0,5335098.3051,11.566589962,48.140463259,1,#66c2a5,bicycle
9,1,62,0,2018,3,14,2,3,5,3,0,0,1,0,0,0,0,0,695353.5184,5334275.4,11.625627709,48.131724359,2,#fc8d62,car
9,1,62,0,2018,3,14,2,3,5,3,0,1,1,0,0,0,0,0,690485.8968,5337255.88,11.561607136,48.159988202,1,#66c2a5,bicycle
9,1,62,0,2018,3,13,1,3,3,6,0,0,1,0,0,0,0,0,696157.3312,5332755.2965,11.635719889,48.117815279,2,#fc8d62,car
9,1,62,0,2018,3,20,2,2,3,6,2,1,1,0,0,0,0,1,692631615.0,5334183.1904,11.589041586,48.131725203,1,#66c2a5,bicycle
9,2,61,0,2018,3,12,5,3,5,3,0,1,1,0,0,0,0,0,730482.3991,5381162.4881,12.122749608,48.541181798,1,#66c2a5,bicycle
9,1,62,0,2018,3,14,2,3,0,1,0,1,0,0,0,0,0,0,691852.9932,5337053.6064,11.57988103,48.157759195,1,#66c2a5,bicycle
9,1,62,0,2018,3,10,2,3,2,6,0,0,1,0,0,0,0,0,692068.6552,5334496.9742,11.581624631,48.13471557,2,#fc8d62,car
9,1,62,0,2018,3,14,4,3,5,3,0,1,1,0,0,0,0,0,687807.1199,5343625.3576,11.528436584,48.218034746,1,#66c2a5,bicycle
9,7,72,184,2018,3,12,2,3,5,3,0,0,1,0,0,0,0,0,636191.6431,5362842.0777,10.8401859,48.40401352,2,#fc8d62,car
9,7,72,147,2018,3,5,2,3,4,6,2,0,1,0,1,0,0,0,639240.4176,5365533.7844,10.882250784,48.427550426,2,#fc8d62,car
9,7,71,142,2018,3,15,2,3,0,7,0,1,0,0,0,0,0,0,645495914.0,5351857.1737,10.962031224,48.303165754,1,#66c2a5,bicycle
9,7,61,0,2018,3,21,2,3,1,6,2,0,1,0,0,0,0,0,638785.0615,5360402.3098,10.87440195,48.381510109,2,#fc8d62,car
9,1,62,0,2018,3,19,4,2,8,2,2,0,1,1,0,0,0,0,690889.9676,5339131.5901,11.567877351,48.17672568,2,#fc8d62,car
9,1,84,144,2018,3,9,4,3,5,3,0,0,1,0,0,0,1,2,687317.2624,5320271.3468,11.511591326,48.008266225,2,#fc8d62,car
9,1,62,0,2018,3,6,6,3,5,3,0,0,1,0,0,0,0,1,690662.7987,5340762.5782,11.56555655,48.191452987,2,#fc8d62,car
9,1,62,0,2018,3,8,4,3,5,3,0,1,1,0,0,0,0,2,686307.8533,5328026.0458,11.501444922,48.078264692,1,#66c2a5,bicycle
9,1,62,0,2018,3,17,4,3,4,2,1,1,1,0,0,0,0,0,696949.9643,5334174.5212,11.647014286,48.130325745,1,#66c2a5,bicycle
9,1,62,0,2018,3,15,7,3,4,7,0,0,1,0,0,0,0,0,690419.1806,5342629.0455,11.563119082,48.208301622,2,#fc8d62,car
9,1,62,0,2018,3,23,6,3,5,3,2,1,1,0,0,0,0,0,691397.9747,5335750.1006,11.573182535,48.14618058,1,#66c2a5,bicycle
9,1,62,0,2018,3,7,4,3,5,2,0,0,1,0,0,1,0,1,694444.8406,5333461.3428,11.613056502,48.12468617,2,#fc8d62,car
9,1,62,0,2018,3,19,1,3,0,3,1,1,1,0,0,0,0,0,691457.3143,5334590.7158,11.573458244,48.135742315,1,#66c2a5,bicycle
9,1,63,0,2018,4,19,3,3,2,7,1,0,1,0,0,0,0,0,733315477.0,5304648933.0,12.119030857,47.852786574,2,#fc8d62,car
9,1,63,0,2018,4,18,3,3,8,1,0,0,0,0,1,0,0,0,731690.5236,5304475.3683,12.097247982,47.851814983,4,#e78ac3,marker
9,1,79,123,2018,4,13,3,3,5,3,0,0,1,0,0,0,0,0,675611.0068,5332415.5568,11.359760846,48.120759546,2,#fc8d62,car
9,1,74,115,2018,4,6,3,3,1,7,0,1,1,0,0,0,0,0,681677799.0,5348391.9629,11.44804195,48.262664333,1,#66c2a5,bicycle
9,1,78,142,2018,4,17,3,3,0,6,0,1,1,0,0,0,0,0,714249.1217,5377869.1454,11.90142166,48.517344738,1,#66c2a5,bicycle
9,1,78,124,2018,4,15,3,3,0,1,0,1,0,0,0,0,0,0,702771.2414,5363358.9471,11.739147693,48.390764998,1,#66c2a5,bicycle
9,1,77,130,2018,4,16,3,3,0,7,0,1,0,0,0,0,0,0,710526.8304,5350716.0138,11.837467843,48.274620051,1,#66c2a5,bicycle
9,1,62,0,2018,4,13,2,3,5,2,0,1,1,0,0,0,0,0,687971.4401,5338584.3681,11.528414923,48.172677165,1,#66c2a5,bicycle
9,1,62,0,2018,4,17,2,3,0,7,0,1,0,0,0,0,0,0,688020868.0,5332412.1439,11.526353435,48.117185399,1,#66c2a5,bicycle
9,1,62,0,2018,4,14,2,3,5,3,0,0,1,0,0,0,0,0,692622.3647,5334817.3355,11.589204119,48.137427559,2,#fc8d62,car
9,1,84,131,2018,4,2,2,3,0,7,2,0,1,0,0,0,0,0,704728.0286,5340254211.0,11.754353958,48.182507145,2,#fc8d62,car
9,7,61,0,2018,4,17,2,3,5,3,0,1,1,0,0,0,0,0,639456.2799,5359785.9831,10.883257713,48.375820251,1,#66c2a5,bicycle
9,7,71,113,2018,4,15,2,3,3,6,0,1,1,0,0,0,0,0,657791.8994,5370481111.0,11.13472337,48.467654221,1,#66c2a5,bicycle
9,1,87,150,2018,4,14,2,3,4,2,0,0,1,0,1,0,0,0,728560247.0,5304039.09,12.055233805,47.849015841,2,#fc8d62,car
9,1,79,142,2018,4,16,2,3,5,3,0,0,1,0,1,0,0,0,674891.0157,5343693.9554,11.354734184,48.222342915,2,#fc8d62,car
9,1,79,145,2018,4,16,2,3,5,4,0,0,1,1,0,0,0,0,675477.4556,5338459.2783,11.360459217,48.175125304,2,#fc8d62,car
9,1,79,145,2018,4,16,2,3,8,1,0,0,0,0,1,0,0,0,674827.1371,5337928.4513,11.351500722,48.170532764,4,#e78ac3,marker
9,1,79,123,2018,4,14,2,2,6,7,0,1,0,1,0,0,0,0,674208.4201,5334179.0644,11.341651029,48.136997845,1,#66c2a5,bicycle
9,1,77,133,2018,4,8,2,3,5,3,0,0,1,0,0,0,0,0,706449.0844,5359482.4592,11.786866397,48.354738138,2,#fc8d62,car
9,1,77,133,2018,4,14,2,2,5,3,0,0,1,0,1,0,0,0,706375.9546,5359067.5636,11.785677039,48.351033792,2,#fc8d62,car