ULAND,UREGBEZ,UKREIS,UGEMEINDE,UJAHR,UMONAT,USTUNDE,UWOCHENTAG,UKATEGORIE,UART,UTYP1,ULICHTVERH,IstRad,IstPKW,IstFuss,IstKrad,IstGkfz,IstSonstig,STRZUSTAND,LINREFX,LINREFY,XGCSWGS84,YGCSWGS84,Teilnehmer,color,symbol
9,1,62,0,2018,4,15,1,3,5,2,0,1,1,0,0,0,0,1,690699.0597,5340370.8024,11.565868069,48.187920877,1,#66c2a5,bicycle
9,1,62,0,2018,4,15,1,3,2,6,0,0,1,0,0,0,0,1,686252835.0,5331457.4479,11.502203849,48.109123769,2,#fc8d62,car
9,7,61,0,2018,4,13,1,3,0,7,0,1,0,0,0,0,0,0,641555.0359,5358539.4738,10.91116404,48.364144818,1,#66c2a5,bicycle
9,7,72,171,2018,4,17,4,3,0,7,0,1,0,0,0,0,0,0,637751.9992,5370214.2119,10.86368132,48.469962803,1,#66c2a5,bicycle
9,7,71,122,2018,4,17,4,3,0,1,0,1,0,0,0,0,0,1,649737.0157,5360621733.0,11.022302603,48.38097871,1,#66c2a5,bicycle
9,7,72,163,2018,4,13,4,3,1,1,0,0,1,0,0,0,0,0,639366.7357,5349471042.0,10.878638163,48.283089959,2,#fc8d62,car
9,1,77,144,2018,4,19,1,3,8,1,1,0,1,0,0,0,0,1,715523055.0,5348783.6631,11.903733357,48.255577122,2,#fc8d62,car
9,1,84,149,2018,3,14,7,3,5,3,0,1,1,0,0,0,0,0,690322.5254,5350766.6331,11.565476849,48.281469502,1,#66c2a5,bicycle
9,7,61,0,2018,4,19,4,3,0,7,1,1,0,0,0,0,0,0,644217.5164,5356161.3644,10.946274551,48.342159559,1,#66c2a5,bicycle
9,1,62,0,2018,3,19,7,2,6,7,1,0,0,1,0,0,1,0,690530.2554,5334991.9412,11.561189674,48.139626746,3,#8da0cb,toilet
9,7,61,0,2018,4,11,4,3,0,7,0,1,0,1,0,0,0,0,641521.9472,5357885389.0,10.91049754,48.358270961,1,#66c2a5,bicycle
9,1,62,0,2018,3,20,7,3,6,7,1,0,1,1,0,0,0,0,689695.7285,5331992.9934,11.548648367,48.112921323,2,#fc8d62,car
9,7,61,0,2018,4,15,4,3,6,7,0,1,0,1,0,0,0,0,640587.3755,5359019808.0,10.89826749,48.368680073,1,#66c2a5,bicycle
9,7,72,184,2018,3,17,7,3,5,3,0,1,1,0,0,0,0,0,634344.7549,5361861.5962,10.81493059,48.395593309,1,#66c2a5,bicycle
9,7,61,0,2018,3,19,7,3,1,7,0,0,1,0,0,0,0,0,639247.1372,5362253.4542,10.881252795,48.398053262,2,#fc8d62,car
9,1,62,0,2018,3,16,6,3,7,7,0,1,0,0,0,0,0,0,692570.5533,5330652.2544,11.586627307,48.100008262,1,#66c2a5,bicycle
9,1,84,147,2018,3,11,6,3,6,7,0,0,1,1,0,0,0,0,696146.3862,5340460.3031,11.639123951,48.187066666,2,#fc8d62,car
9,2,61,0,2018,4,19,4,3,1,5,0,1,1,0,0,0,0,0,731910215.0,5381495.4869,12.142249857,48.54364703,1,#66c2a5,bicycle
9,1,84,134,2018,3,14,6,3,2,6,0,1,1,0,0,0,0,0,692916.5305,5320929.8672,11.586885645,48.012519742,1,#66c2a5,bicycle
9,2,61,0,2018,4,12,4,3,5,3,0,0,1,0,0,0,0,0,732709.5215,5382444.4843,12.153593091,48.551875658,2,#fc8d62,car
9,2,74,124,2018,4,6,4,2,0,6,0,0,1,0,1,0,0,0,726996484.0,5375640503.0,12.072587039,48.4928462,2,#fc8d62,car
9,7,72,202,2018,3,22,6,3,0,1,2,1,0,0,0,0,0,0,637423.0192,5358341.2496,10.855342937,48.363275475,1,#66c2a5,bicycle
9,7,61,0,2018,3,13,6,3,0,7,0,1,1,0,0,0,0,0,637204.6262,5361507.2901,10.853429462,48.391791646,1,#66c2a5,bicycle
9,7,61,0,2018,3,16,6,3,2,7,0,0,1,0,0,0,0,0,641742.7174,5360028.2575,10.914198339,48.37748922,2,#fc8d62,car
9,7,61,0,2018,3,17,6,2,1,5,0,0,1,0,1,0,0,0,640914.0866,5357685.9366,10.902229554,48.356613509,2,#fc8d62,car
9,1,63,0,2018,4,16,4,3,3,6,0,1,0,0,0,0,1,0,732663.9774,5304757.8718,12.110393288,47.85400144,1,#66c2a5,bicycle
9,1,63,0,2018,4,15,4,3,0,7,0,1,0,0,0,0,0,0,733747.2666,5304820.1961,12.124886812,47.854168336,1,#66c2a5,bicycle
9,1,87,117,2018,4,18,4,3,5,2,0,1,1,0,0,0,0,0,724809.7518,5305157.7363,12.005753051,47.860389413,1,#66c2a5,bicycle
9,1,81,122,2018,4,22,4,2,9,1,2,0,0,0,1,0,0,0,649240.9617,5332943.2284,11.005845038,48.132232261,4,#e78ac3,marker
9,1,79,123,2018,4,18,4,3,1,5,0,1,1,0,0,0,0,1,675682.8866,5333297.4587,11.361089383,48.128667436,1,#66c2a5,bicycle
9,1,77,133,2018,4,16,4,3,1,6,0,0,1,0,0,0,0,0,707458.9975,5360148.0399,11.800810444,48.360388036,2,#fc8d62,car
9,1,78,145,2018,4,22,4,3,6,5,2,0,1,1,0,0,0,0,694077.3289,5356423.0819,11.618636964,48.331166001,2,#fc8d62,car
9,1,62,0,2018,4,6,3,3,5,3,0,1,0,0,0,0,1,0,690675813.0,5337769192.0,11.564388526,48.164544882,1,#66c2a5,bicycle
9,1,62,0,2018,4,12,3,3,5,3,0,0,1,0,0,0,0,0,690820.6363,5337751.9825,11.566326499,48.164346753,2,#fc8d62,car
9,1,62,0,2018,4,15,3,3,5,2,0,1,0,0,0,0,1,0,685386.3165,5341729.5325,11.495049335,48.201706334,1,#66c2a5,bicycle
9,1,62,0,2018,4,14,3,3,0,7,0,1,0,0,0,0,0,0,689745.2422,5336442837.0,11.551294701,48.152902013,1,#66c2a5,bicycle
9,1,62,0,2018,4,9,3,3,2,6,0,0,1,0,0,1,0,0,686257.9927,5331758.8355,11.502404671,48.11183126,2,#fc8d62,car
9,1,62,0,2018,4,18,3,3,2,6,0,0,1,0,1,0,0,0,687669848.0,5334615.7466,11.522612039,48.137095498,2,#fc8d62,car
9,1,84,114,2018,4,16,3,3,2,6,0,0,1,0,0,0,1,0,699844.1705,5322410905.0,11.680367708,48.023701824,2,#fc8d62,car
9,1,84,112,2018,4,11,3,3,5,3,0,0,1,0,1,0,0,0,701831.4776,5338839.7563,11.714758653,48.170722444,2,#fc8d62,car
9,1,62,0,2018,4,9,3,3,1,6,0,0,1,0,0,0,0,0,690142.9206,5335218.1755,11.556089342,48.141776002,2,#fc8d62,car
9,2,74,126,2018,3,18,6,3,5,3,0,0,1,0,0,0,0,0,733294.3721,5383718.9635,12.162220357,48.563106561,2,#fc8d62,car
9,7,73,122,2018,4,19,3,3,5,3,0,1,1,0,0,0,0,0,626698.5949,5382695.5619,10.718003166,48.584523037,1,#66c2a5,bicycle
9,1,77,117,2018,3,15,6,3,1,7,0,1,1,0,0,0,0,0,714801.4172,5354806.3965,11.897084826,48.309937818,1,#66c2a5,bicycle
9,7,61,0,2018,4,17,3,3,4,2,0,1,1,0,0,0,0,0,640988.6647,5352593.5056,10.901531746,48.310807263,1,#66c2a5,bicycle
9,7,61,0,2018,4,11,3,2,0,1,0,0,1,0,1,0,0,0,640578.2717,5358036.9414,10.89781617,48.359844487,2,#fc8d62,car
9,1,62,0,2018,3,11,5,3,1,5,0,0,1,0,0,0,0,0,687754.5939,5337519.7158,11.525030976,48.16317198,2,#fc8d62,car
9,7,61,0,2018,4,18,3,3,1,5,0,1,1,0,0,0,0,0,639263.8594,5358630.1028,10.880277857,48.365469359,1,#66c2a5,bicycle
9,1,62,0,2018,3,12,5,3,1,5,0,1,1,0,0,0,0,0,690527.5369,5334800.5531,11.561067554,48.137907369,1,#66c2a5,bicycle
9,7,61,0,2018,4,11,3,3,5,3,0,0,1,0,0,0,0,0,640073.5802,5359379.5962,10.891453804,48.372029416,2,#fc8d62,car
9,1,62,0,2018,3,15,5,3,4,2,0,0,1,0,0,0,0,0,700042.8478,5335224.15,11.689028497,48.138794351,2,#fc8d62,car
9,1,62,0,2018,3,7,5,3,5,3,0,0,1,0,0,1,0,0,683613.9614,5336087.3012,11.468781472,48.151505946,2,#fc8d62,car
9,1,62,0,2018,3,10,5,3,0,7,0,0,0,0,0,0,1,0,692354.5438,5332723.5544,11.584662858,48.118690048,6,#ffd92f,circle
9,1,62,0,2018,3,17,5,3,6,7,0,1,0,1,0,0,0,0,692145.2664,5334518.9733,11.582663211,48.134890168,1,#66c2a5,bicycle
9,7,61,0,2018,3,13,5,3,4,6,0,0,1,0,0,0,1,0,639836732.0,5357092.0794,10.887497043,48.351513212,2,#fc8d62,car
9,7,72,163,2018,3,17,5,3,0,1,0,1,0,0,0,0,0,0,640292425.0,5347329159.0,10.890398442,48.263625994,1,#66c2a5,bicycle
9,7,61,0,2018,3,18,5,2,4,2,1,0,1,0,0,0,0,0,641037.8326,5358632.9642,10.904216534,48.365101217,2,#fc8d62,car
9,7,61,0,2018,3,11,5,3,0,6,0,0,1,0,0,0,1,0,639130.1999,5356884.6714,10.87789716,48.349804289,2,#fc8d62,car
9,7,61,0,2018,3,8,5,3,6,4,0,0,0,1,1,0,0,0,639871.8779,5359048.2403,10.888621482,48.369094697,3,#8da0cb,toilet
9,7,61,0,2018,3,11,5,3,1,2,0,0,1,0,0,0,0,0,640946.3549,5358286.8987,10.90286621,48.36200995,2,#fc8d62,car
9,7,61,0,2018,3,7,5,3,5,3,0,0,1,0,0,0,0,0,639555.9895,5360062.6747,10.884695324,48.378286141,2,#fc8d62,car
9,2,61,0,2018,4,18,3,3,0,1,0,1,0,0,0,0,0,0,731373.9928,5383321.6325,12.136010252,48.560248945,1,#66c2a5,bicycle
9,1,88,113,2018,3,16,5,3,0,1,0,0,0,0,1,0,0,0,675867202.0,5312589.6421,11.355061209,47.942463736,4,#e78ac3,marker
9,1,90,157,2018,4,14,3,3,0,1,0,0,0,0,1,0,0,0,661532193.0,5300920.3321,11.158879586,47.841320564,4,#e78ac3,marker
9,1,81,130,2018,3,21,5,3,5,3,2,0,1,0,0,0,0,0,639058015.0,5324951.2887,10.866457388,48.062673406,2,#fc8d62,car
9,1,88,120,2018,4,10,7,2,8,1,0,0,0,0,1,0,0,0,672635.9327,5327102.3731,11.317668875,48.073809478,4,#e78ac3,marker
9,1,74,136,2018,4,9,7,3,5,3,0,0,1,0,0,1,0,0,683433.4779,5365693.3591,11.479210127,48.417667667,2,#fc8d62,car
9,1,77,144,2018,4,8,7,2,3,6,0,1,1,0,0,0,0,0,715277.8174,5346940.9326,11.89949682,48.239103053,1,#66c2a5,bicycle
9,1,77,144,2018,4,7,7,3,1,2,0,1,1,0,0,0,0,0,714366.4195,5346341.2305,11.886934332,48.234023242,1,#66c2a5,bicycle
9,1,62,0,2018,4,18,6,3,2,6,0,0,1,0,0,0,0,0,686227.2877,5333824.3164,11.502894808,48.130405618,2,#fc8d62,car
9,1,62,0,2018,4,17,6,3,5,3,0,0,1,0,0,0,0,0,692824.4183,5335368.5997,11.592166802,48.142320991,2,#fc8d62,car
9,1,62,0,2018,4,16,6,2,0,1,0,1,0,0,0,0,0,0,686750.8595,5330232.5212,11.508351822,48.097967833,1,#66c2a5,bicycle
9,1,62,0,2018,4,7,6,3,1,1,0,0,0,0,0,0,1,0,685977.1191,5339735.4424,11.502119583,48.183610091,6,#ffd92f,circle
9,1,62,0,2018,4,16,6,3,3,6,0,0,1,0,1,0,0,0,692059.4139,5334569.0051,11.581533022,48.13536576,2,#fc8d62,car
9,1,62,0,2018,4,9,6,3,5,2,0,1,1,0,0,0,0,0,692133.2853,5334529.8789,11.582507259,48.134991803,1,#66c2a5,bicycle
9,1,62,0,2018,4,7,6,3,2,6,0,1,1,0,0,0,0,0,687984.7961,5337107.0457,11.527941378,48.15939481,1,#66c2a5,bicycle
9,1,84,129,2018,4,16,6,3,0,7,0,1,0,0,0,0,0,0,700349.2404,5326970.9762,11.689268088,48.064525933,1,#66c2a5,bicycle
9,1,62,0,2018,4,21,6,3,9,1,2,0,0,0,1,0,0,0,697835.8272,5330697.8785,11.657294338,48.098805353,4,#e78ac3,marker
9,1,62,0,2018,4,13,6,3,1,7,0,1,1,0,0,0,0,0,694346.1687,5334213.8293,11.612075082,48.131479366,1,#66c2a5,bicycle
9,1,62,0,2018,4,19,6,3,3,6,2,1,1,0,0,0,0,0,690243.9157,5335235.4782,11.557453346,48.141901329,1,#66c2a5,bicycle
9,1,62,0,2018,4,9,6,3,3,6,0,0,1,0,0,0,0,0,690284.0163,5333406.3246,11.557174886,48.125448899,2,#fc8d62,car
9,1,62,0,2018,4,16,6,3,5,3,0,0,1,0,1,0,0,0,690143.4789,5334740.6308,11.555883637,48.137483661,2,#fc8d62,car
9,1,62,0,2018,4,12,6,3,6,4,0,0,1,1,0,0,0,0,690808.5512,5335148.1417,11.564996744,48.140947276,2,#fc8d62,car
9,7,78,116,2018,4,8,6,3,5,3,0,0,1,0,0,0,0,0,619177.8475,5320107.6156,10.598390931,48.023135436,2,#fc8d62,car
9,7,61,0,2018,4,22,6,3,5,2,2,1,1,0,0,0,0,0,639124.5589,5359124.5085,10.878561687,48.369945658,1,#66c2a5,bicycle
9,1,73,147,2018,4,12,2,3,0,7,0,1,0,0,0,0,0,0,682201.6912,5309819.8711,11.43863757,47.915795795,1,#66c2a5,bicycle
9,1,90,148,2018,4,15,2,3,2,6,0,0,1,0,0,0,0,0,640488.8056,5296559.8815,10.876388029,47.807052023,2,#fc8d62,car
9,7,61,0,2018,4,17,6,3,0,2,0,0,1,0,0,0,1,0,641781.9712,5361526.0086,10.915233518,48.390947507,2,#fc8d62,car
9,7,61,0,2018,4,22,6,3,0,1,2,1,0,0,0,0,0,0,641082.8324,5351667.7527,10.902491556,48.302462135,1,#66c2a5,bicycle
9,7,61,0,2018,4,16,6,3,1,7,0,0,1,0,1,0,0,0,640942.37,5357917993.0,10.902688863,48.358693768,2,#fc8d62,car
9,7,61,0,2018,4,12,6,3,4,2,0,0,1,0,0,0,0,0,640553.7745,5359229.7901,10.897884238,48.370575645,2,#fc8d62,car
9,1,87,122,2018,4,18,2,3,6,4,0,0,1,1,0,0,0,0,719355.1228,5307097.4574,11.933908019,47.879704113,2,#fc8d62,car
9,1,74,111,2018,4,18,2,3,8,1,0,0,1,0,0,0,0,0,669391.2243,5364179675.0,11.288973913,48.407992151,2,#fc8d62,car
9,1,77,143,2018,4,6,2,3,3,6,1,1,1,0,0,0,0,0,720753.82,5365815.3664,11.983029271,48.406798174,1,#66c2a5,bicycle
9,1,77,137,2018,4,19,2,3,0,1,0,1,0,0,0,0,0,0,732792.7648,5345327.8023,12.134160486,48.218424911,1,#66c2a5,bicycle
9,1,62,0,2018,4,13,1,3,5,3,0,1,1,0,0,0,0,0,688515985.0,5334212327.0,11.53379557,48.133219399,1,#66c2a5,bicycle
9,1,62,0,2018,4,19,1,3,5,3,2,0,1,0,0,0,0,0,690714.1621,5336277.4606,11.564235091,48.151125823,2,#fc8d62,car
9,1,62,0,2018,4,21,1,3,4,6,2,1,0,0,0,0,1,0,691830.8821,5337301.9042,11.579695965,48.159997518,1,#66c2a5,bicycle
9,1,84,140,2018,4,12,1,3,5,3,0,0,1,0,1,0,0,0,700616.2884,5328235.3166,11.693441841,48.075804804,2,#fc8d62,car
9,1,62,0,2018,4,15,1,3,2,6,0,0,1,0,0,0,0,0,695174.4524,5332991.3405,11.62263561,48.120238743,2,#fc8d62,car
9,1,62,0,2018,4,12,1,3,2,5,0,0,1,0,1,0,0,0,693847.8231,5331502.7712,11.604151768,48.107265182,2,#fc8d62,car
9,1,62,0,2018,4,18,1,2,5,3,0,1,1,0,0,0,0,0,690175.4638,5333724.3189,11.55585948,48.128339477,1,#66c2a5,bicycle
9,1,62,0,2018,4,17,1,3,3,2,0,1,1,0,0,0,0,0,686232.7309,5332693.3879,11.502473746,48.120238791,1,#66c2a5,bicycle
9,1,62,0,2018,4,16,1,3,5,3,0,0,0,0,0,0,1,0,700780.1862,5334663.2645,11.69866425,48.133521467,6,#ffd92f,circle
9,1,62,0,2018,4,12,1,3,2,6,0,0,1,0,0,0,0,0,690679.36,5332934859.0,11.562271404,48.121093085,2,#fc8d62,car
9,7,72,184,2018,4,12,1,2,0,1,0,1,0,0,0,0,0,0,632835.5939,5360926.3037,10.794257238,48.387502749,1,#66c2a5,bicycle
9,7,72,171,2018,4,18,1,3,0,7,0,1,0,0,0,0,0,0,637515317.0,5371810134.0,10.86100591,48.48436463,1,#66c2a5,bicycle
9,7,61,0,2018,4,17,1,2,1,7,0,0,1,0,1,0,0,0,641026.3254,5352595.2213,10.902039963,48.310814293,2,#fc8d62,car
9,7,61,0,2018,4,14,1,3,1,5,0,0,1,0,0,0,1,0,641046.3883,5351924.6373,10.902086241,48.304780103,2,#fc8d62,car
9,7,61,0,2018,4,18,1,3,3,6,0,0,1,0,1,0,0,0,639665092.0,5356078075.0,10.884845219,48.342433503,2,#fc8d62,car
9,7,61,0,2018,4,3,1,3,1,5,2,1,1,0,0,0,0,0,640541.4528,5358540.7867,10.897487714,48.364383099,1,#66c2a5,bicycle
9,1,87,117,2018,4,16,1,3,2,6,0,0,1,0,0,0,0,0,725507.7337,5304880.5632,12.014927353,47.857654471,2,#fc8d62,car
9,1,87,117,2018,4,15,1,3,4,6,0,0,1,0,0,0,0,0,724095979.0,5307038.2978,11.997198223,47.877535706,2,#fc8d62,car
9,2,61,0,2018,4,17,6,3,6,4,0,0,1,1,0,0,0,0,732309.6338,5382271228.0,12.148085851,48.550467561,2,#fc8d62,car
9,1,87,179,2018,4,11,1,3,0,1,0,1,0,0,0,0,0,0,722846.8492,5309068.1888,11.981562559,47.896209286,1,#66c2a5,bicycle
9,1,85,158,2018,4,16,1,3,2,6,0,0,1,0,1,0,0,0,669483336.0,5382229956.0,11.29753954,48.570224974,2,#fc8d62,car
9,1,86,143,2018,4,15,1,2,5,3,0,1,1,0,0,0,0,0,687579.9012,5381520988.0,11.542299919,48.558699125,1,#66c2a5,bicycle
9,1,85,158,2018,4,17,6,1,0,7,0,0,0,0,1,0,0,0,667170.4468,5380989.7248,11.26571313,48.559697378,4,#e78ac3,marker
9,1,88,139,2018,4,7,6,2,5,3,0,1,0,0,0,0,0,0,675684156.0,5319019612.0,11.355240507,48.000317007,1,#66c2a5,bicycle
9,1,79,142,2018,4,16,1,2,5,3,0,0,1,0,1,0,0,0,673396.6579,5342408.0522,11.334105779,48.211193633,2,#fc8d62,car
9,1,79,126,2018,4,12,1,3,1,6,0,0,1,0,1,0,0,0,676620.6636,5338930.7061,11.376019472,48.179046348,2,#fc8d62,car
9,1,74,115,2018,4,11,6,3,5,3,0,0,1,0,0,1,0,0,683357452.0,5348008.5626,11.470486747,48.258734308,2,#fc8d62,car
9,1,79,123,2018,4,2,1,3,0,1,2,0,0,0,1,0,0,0,676336.6576,5333682.8902,11.370027463,48.131951408,4,#e78ac3,marker
9,1,77,120,2018,4,16,6,2,8,7,0,1,0,0,0,0,0,0,726586.1207,5360101.4313,12.05864559,48.353396618,1,#66c2a5,bicycle
9,1,88,121,2018,4,14,1,3,5,3,0,1,0,0,1,0,0,0,670496.9603,5331623.7651,11.290782397,48.115031528,1,#66c2a5,bicycle
9,1,62,0,2018,4,9,5,3,6,4,0,0,1,1,0,0,0,0,691766.6953,5335471.9521,11.578009193,48.143569585,2,#fc8d62,car
9,1,74,126,2018,4,0,1,3,0,1,2,0,1,0,0,0,0,0,683162.6034,5344816.9374,11.466483459,48.23010289,2,#fc8d62,car
9,1,62,0,2018,4,16,5,3,3,6,0,0,1,0,1,0,0,0,691331.6542,5334521.72,11.57173997,48.13515998,2,#fc8d62,car
9,1,74,113,2018,4,19,1,2,8,1,0,0,0,0,1,0,0,0,673614331.0,5347124796.0,11.338965965,48.253534459,4,#e78ac3,marker
9,1,62,0,2018,4,17,5,2,5,3,0,1,1,0,0,0,0,0,688357.9424,5341106.8775,11.534726836,48.195235274,1,#66c2a5,bicycle
9,1,74,113,2018,4,13,1,2,5,3,0,0,1,0,0,0,0,0,678145824.0,5345621.7003,11.399327816,48.238765731,2,#fc8d62,car
9,1,78,145,2018,4,11,1,3,4,3,0,0,1,0,0,0,0,0,697232622.0,5354302219.0,11.660171295,48.311129191,2,#fc8d62,car
9,1,62,0,2018,4,17,5,3,5,3,0,1,0,0,0,0,1,0,692239.8934,5337169.9972,11.585130846,48.158688444,1,#66c2a5,bicycle
9,1,84,136,2018,4,10,7,3,6,2,0,0,1,1,0,0,0,0,698484.4121,5326960.3865,11.664259945,48.06501365,2,#fc8d62,car
9,1,62,0,2018,4,10,7,3,5,3,0,1,1,0,0,0,0,0,689541.2653,5330886.2541,11.546083511,48.103019802,1,#66c2a5,bicycle
9,1,84,120,2018,4,11,5,3,0,4,0,0,1,1,0,0,0,0,680748.4828,5332366.2742,11.428711028,48.11887888,2,#fc8d62,car
9,1,84,147,2018,4,17,7,3,5,3,0,1,1,0,0,0,0,0,698887.4291,5340879.5072,11.676159144,48.189981856,1,#66c2a5,bicycle
9,1,62,0,2018,4,18,5,3,5,3,0,0,1,0,0,0,0,1,690055.6903,5342473.6423,11.558161817,48.20701381,2,#fc8d62,car
9,1,84,123,2018,4,17,7,2,0,7,0,0,0,0,1,0,0,0,703404.4487,5332190.6688,11.73271561,48.110467629,4,#e78ac3,marker
9,1,62,0,2018,4,15,5,3,5,3,0,0,1,0,0,0,0,0,685673.2333,5332364.1689,11.494819619,48.117443017,2,#fc8d62,car
9,1,62,0,2018,4,12,7,3,5,3,0,0,1,0,0,0,0,0,683645563.0,5337828036.0,11.469957387,48.167143538,2,#fc8d62,car
9,1,84,112,2018,4,22,7,3,5,3,2,1,0,0,0,0,1,0,702947.1438,5338020.1535,11.729356316,48.16300169,1,#66c2a5,bicycle
9,1,62,0,2018,4,18,5,2,0,5,0,1,1,0,0,0,0,0,690466.6308,5334742666.0,11.560223818,48.137405314,1,#66c2a5,bicycle
9,1,62,0,2018,4,19,7,3,4,2,0,1,1,0,0,0,0,0,692240461.0,5333595903.0,11.583524941,48.126565028,1,#66c2a5,bicycle
9,1,84,139,2018,4,14,5,3,5,3,0,1,1,0,0,0,0,0,687592.6172,5326059.0208,11.517814374,48.060207664,1,#66c2a5,bicycle
9,1,62,0,2018,4,12,5,3,0,1,0,0,0,0,1,0,0,0,689651.7464,5334565.9063,11.549202835,48.136059968,4,#e78ac3,marker
9,1,62,0,2018,4,17,5,3,0,6,0,0,1,0,1,0,0,0,691021371.0,5333920428.0,11.567304132,48.129848815,2,#fc8d62,car
9,7,77,121,2018,4,7,5,3,3,2,0,1,1,0,0,0,0,0,629768.9998,5321111.5337,10.740676408,48.030099972,1,#66c2a5,bicycle
9,7,61,0,2018,4,16,5,3,1,6,0,0,1,0,1,0,0,1,638751.7519,5361127.4897,10.874191798,48.388038082,2,#fc8d62,car
9,7,72,147,2018,4,21,5,3,1,6,2,0,1,0,0,0,0,0,639021.1271,5366445.0419,10.879590355,48.435792586,2,#fc8d62,car
9,7,61,0,2018,4,16,5,3,1,5,0,0,1,0,0,0,0,0,639782.7959,5359870.8329,10.887692808,48.376510949,2,#fc8d62,car
9,7,77,121,2018,4,17,7,3,8,1,0,1,0,0,0,0,0,0,628736.1004,5321614.77,10.726979253,48.034834643,1,#66c2a5,bicycle
9,7,72,184,2018,4,16,7,2,0,7,0,1,0,0,0,0,1,1,634943.8074,5361664.8655,10.822956022,48.393696388,1,#66c2a5,bicycle
9,7,72,147,2018,4,11,7,3,4,2,0,0,1,0,1,0,0,0,638713109.0,5365893047.0,10.875245504,48.430897153,2,#fc8d62,car
9,7,72,202,2018,4,15,7,3,4,1,0,0,1,0,1,0,0,0,636443.0272,5359873.6898,10.842616477,48.377267674,2,#fc8d62,car
9,7,61,0,2018,4,15,7,3,5,3,0,0,1,0,0,0,0,0,641014.3187,5359301.3661,10.90412336,48.371116496,2,#fc8d62,car
9,7,61,0,2018,4,18,7,3,3,5,0,0,1,0,0,0,0,0,639589.9208,5359508.0137,10.884969129,48.373291278,2,#fc8d62,car
9,7,61,0,2018,4,8,7,3,0,7,0,1,0,1,0,0,0,0,640681.4549,5359303.3373,10.899631915,48.371208508,1,#66c2a5,bicycle
9,1,73,147,2018,4,12,5,2,5,7,0,1,1,0,0,0,0,0,682603.2494,5307987.5262,11.4432313,47.899210373,1,#66c2a5,bicycle
9,1,90,139,2018,4,17,5,3,4,6,0,1,0,0,0,0,0,0,655321.0272,5296289.5092,11.07426465,47.801212865,1,#66c2a5,bicycle
9,1,88,124,2018,4,8,5,2,0,7,0,0,1,0,0,0,0,0,661938.9044,5318145.8059,11.170783266,47.996090228,2,#fc8d62,car
9,1,62,0,2018,4,18,4,2,6,4,0,1,0,1,0,0,0,0,682236308.0,5341238.1526,11.452484185,48.198201458,1,#66c2a5,bicycle
9,1,62,0,2018,4,19,4,3,5,3,0,0,1,0,1,0,0,0,689375.2059,5334663.5955,11.545532955,48.137020359,2,#fc8d62,car
9,1,62,0,2018,4,13,4,3,1,5,0,1,1,0,0,0,0,0,686812.7097,5333632.1321,11.510670804,48.128506651,1,#66c2a5,bicycle
9,1,62,0,2018,4,18,4,3,6,4,0,1,0,1,0,0,0,1,690220.6904,5336212.8132,11.557578123,48.150692545,1,#66c2a5,bicycle
9,1,84,136,2018,4,7,4,3,5,3,0,0,1,0,0,0,0,0,697672032.0,5326717084.0,11.653255036,48.063079211,2,#fc8d62,car
9,1,62,0,2018,4,15,4,3,3,2,0,1,1,0,0,0,0,0,692897.1699,5338559.7158,11.594590429,48.170979767,1,#66c2a5,bicycle
9,1,84,112,2018,4,16,4,2,3,6,0,1,0,0,0,0,0,0,703182.6188,5339172787.0,11.733070113,48.17328483,1,#66c2a5,bicycle
9,1,62,0,2018,4,8,4,3,5,3,0,0,1,0,1,0,0,0,694589.8175,5332009.4665,11.614340107,48.111592959,2,#fc8d62,car
9,1,62,0,2018,4,11,4,3,4,2,0,1,1,0,0,0,0,0,699625.7975,5332826.7335,11.682305798,48.11737947,1,#66c2a5,bicycle
9,1,62,0,2018,4,9,4,2,2,6,0,0,1,0,1,0,0,0,691099.6262,5335209.5245,11.568933068,48.141411625,2,#fc8d62,car
9,1,62,0,2018,4,17,4,3,3,2,0,1,1,0,0,0,0,0,683131.0371,5334828.5856,11.461753106,48.140331033,1,#66c2a5,bicycle
9,1,62,0,2018,4,11,4,3,1,7,0,0,1,0,0,0,0,0,690143.1487,5335906.2959,11.556399708,48.147960756,2,#fc8d62,car
9,1,87,182,2018,4,10,7,3,2,6,0,1,0,0,0,0,1,0,737843.8529,5326193.8114,12.19137722,48.044672199,1,#66c2a5,bicycle
9,1,62,0,2018,4,17,4,3,3,5,0,1,1,0,0,0,0,0,690651.4233,5330104.5541,11.560631563,48.095662622,1,#66c2a5,bicycle
9,1,63,0,2018,4,9,7,3,1,6,0,0,1,0,1,0,0,0,731433.7882,5304174.0182,12.093659929,47.84920005,2,#fc8d62,car
9,1,62,0,2018,4,8,4,2,3,6,0,0,1,0,1,0,0,0,688605.3632,5333185.9741,11.534541416,48.123967884,2,#fc8d62,car
9,1,86,143,2018,4,12,7,3,5,3,0,0,1,0,1,0,0,0,683609.6083,5378209.5047,11.487083738,48.530111182,2,#fc8d62,car
9,1,62,0,2018,4,16,4,3,1,7,0,0,1,0,1,0,0,0,692075.4283,5337572.2749,11.583103177,48.162353727,2,#fc8d62,car
9,1,81,130,2018,4,16,7,3,0,1,0,1,0,0,0,0,0,0,640053093.0,5325116906.0,10.879860293,48.063944992,1,#66c2a5,bicycle