ULAND,UREGBEZ,UKREIS,UGEMEINDE,UJAHR,UMONAT,USTUNDE,UWOCHENTAG,UKATEGORIE,UART,UTYP1,ULICHTVERH,IstRad,IstPKW,IstFuss,IstKrad,IstGkfz,IstSonstig,STRZUSTAND,LINREFX,LINREFY,XGCSWGS84,YGCSWGS84,Teilnehmer,color,symbol
9,1,88,121,2018,4,17,4,2,2,6,0,0,1,0,0,0,0,0,670141.7154,5329389.1452,11.285122213,48.095037631,2,#fc8d62,car
9,1,88,120,2018,4,12,4,3,3,6,0,1,1,0,0,0,0,0,677371.6635,5326892396.0,11.381103644,48.070622424,1,#66c2a5,bicycle
9,1,79,121,2018,4,14,4,3,5,6,0,1,1,0,0,0,0,0,667038.3426,5337756.1793,11.246755902,48.171078809,1,#66c2a5,bicycle
9,1,74,115,2018,4,17,4,3,1,6,0,0,1,0,1,0,0,0,681300.6166,5347336.6063,11.442512178,48.253286206,2,#fc8d62,car
9,2,74,126,2018,4,6,6,3,5,3,2,1,1,0,0,0,0,0,732923.4417,5383196.3088,12.156908035,48.558549638,1,#66c2a5,bicycle
9,2,61,0,2018,4,17,6,3,5,3,0,1,1,0,0,0,0,0,731558.2641,5381526849.0,12.137506009,48.544058728,1,#66c2a5,bicycle
9,1,74,131,2018,4,12,4,3,3,6,0,0,1,0,0,0,1,0,670037.4548,5361141546.0,11.296469089,48.380507419,2,#fc8d62,car
9,1,77,117,2018,4,8,4,3,5,3,0,0,1,0,0,0,0,0,714766615.0,5354912433.0,11.89667003,48.310902392,2,#fc8d62,car
9,1,62,0,2018,4,14,3,3,5,3,0,0,1,0,0,0,0,0,690629.6714,5335501.9444,11.562752985,48.144180855,2,#fc8d62,car
9,1,63,0,2018,4,13,6,2,9,1,0,0,1,0,0,0,0,0,733452.1987,5307366.5343,12.122323131,47.87715195,2,#fc8d62,car
9,1,62,0,2018,4,19,3,3,3,2,1,1,1,0,0,0,0,0,689752.6526,5334562.7464,11.550556363,48.136001487,1,#66c2a5,bicycle
9,1,62,0,2018,4,18,3,3,2,6,0,0,1,0,0,0,0,0,698943.8753,5333710.4963,11.673565799,48.125535415,2,#fc8d62,car
9,1,63,0,2018,4,10,6,3,3,6,0,1,1,0,0,0,0,0,732712.5619,5306061.3301,12.111743172,47.865694287,1,#66c2a5,bicycle
9,1,62,0,2018,4,21,3,3,5,3,2,0,1,0,0,0,0,0,688481.7036,5334249.2791,11.533351617,48.133561684,2,#fc8d62,car
9,1,62,0,2018,4,16,3,3,5,2,0,0,1,0,1,0,0,0,699035.2504,5333921.3921,11.674890868,48.127402212,2,#fc8d62,car
9,1,85,131,2018,4,12,6,3,9,1,0,1,1,0,0,0,0,0,665208548.0,5377488.8982,11.237755706,48.52874686,1,#66c2a5,bicycle
9,1,88,120,2018,4,20,6,2,0,7,1,1,0,0,0,0,0,0,676271084.0,5327331661.0,11.366523307,48.074876262,1,#66c2a5,bicycle
9,1,62,0,2018,4,8,3,3,5,3,0,1,1,0,0,0,0,0,692083.9386,5334496.5117,11.581829632,48.1347068,1,#66c2a5,bicycle
9,1,79,121,2018,4,15,6,2,0,1,0,1,0,0,0,0,0,0,666713.88,5338073591.0,11.242519657,48.174017537,1,#66c2a5,bicycle
9,1,74,126,2018,4,7,6,3,3,6,0,0,1,0,1,0,0,0,683902372.0,5344665751.0,11.476370002,48.228529913,2,#fc8d62,car
9,1,62,0,2018,4,23,3,3,5,3,2,0,1,0,0,0,0,0,692226.7577,5330457.4999,11.581926567,48.098361639,2,#fc8d62,car
9,1,62,0,2018,4,23,3,3,5,3,2,0,1,0,0,0,1,0,684490.1697,5333258.0733,11.479325583,48.12582179,2,#fc8d62,car
9,1,62,0,2018,4,14,3,3,1,7,0,0,1,0,1,0,0,0,682892.7797,5335656948.0,11.458909193,48.147845437,2,#fc8d62,car
9,1,62,0,2018,4,8,3,3,5,3,0,0,1,0,0,0,0,0,693215.0954,5329103.2734,11.594574739,48.085891209,2,#fc8d62,car
9,1,62,0,2018,4,17,3,2,0,1,0,1,0,0,0,0,0,0,691000.4905,5334195.6324,11.567147155,48.132328601,1,#66c2a5,bicycle
9,1,84,149,2018,4,13,3,3,5,3,0,1,1,0,0,0,0,0,690266.8933,5349919.5922,11.564346458,48.273873249,1,#66c2a5,bicycle
9,1,84,130,2018,4,17,3,3,5,3,0,0,1,0,0,0,0,0,698269.2266,5344222.1251,11.669411842,48.220215542,2,#fc8d62,car
9,1,62,0,2018,4,14,3,3,3,6,0,1,0,0,0,0,0,0,688271.9374,5336776.1306,11.531652396,48.156335543,1,#66c2a5,bicycle
9,1,62,0,2018,4,8,3,3,0,6,0,1,1,0,0,0,0,0,691734.8468,5335120.8316,11.577423396,48.140423366,1,#66c2a5,bicycle
9,1,88,127,2018,4,19,3,2,0,1,1,1,0,0,0,0,0,0,679127.4701,5330048.2003,11.405976194,48.098499632,1,#66c2a5,bicycle
9,1,84,132,2018,4,17,3,3,6,4,0,0,1,1,0,0,0,0,683286.0269,5328943.1386,11.461305239,48.087383957,2,#fc8d62,car
9,1,78,124,2018,4,16,6,3,0,6,0,1,1,0,0,0,0,0,702017187.0,5364335.5493,11.729443275,48.399783034,1,#66c2a5,bicycle
9,1,62,0,2018,4,17,3,3,5,3,0,0,1,0,0,0,1,0,700097.6208,5333347.7228,11.688882802,48.121913566,2,#fc8d62,car
9,1,62,0,2018,4,16,5,3,1,5,0,0,1,0,1,0,0,0,687608.51,5341226959.0,11.52470499,48.196536418,2,#fc8d62,car
9,1,62,0,2018,4,19,5,3,5,2,0,1,1,0,0,0,0,0,693679.8323,5332924.5182,11.602543028,48.12009454,1,#66c2a5,bicycle
9,1,62,0,2018,4,11,5,3,1,5,0,1,1,0,0,0,0,0,689366.9841,5334928.5134,11.545540336,48.139403909,1,#66c2a5,bicycle
9,1,62,0,2018,4,14,5,3,3,2,0,1,1,0,0,0,0,0,696023.6264,5334986.8487,11.634951724,48.137912447,1,#66c2a5,bicycle
9,1,62,0,2018,4,18,5,3,2,6,0,0,1,0,0,0,0,0,693886.9919,5340281.8367,11.608675534,48.186156295,2,#fc8d62,car
9,1,62,0,2018,4,7,5,2,6,4,0,1,0,1,0,0,0,0,690311.8659,5332943.1464,11.557341974,48.12127752,1,#66c2a5,bicycle
9,1,84,149,2018,4,21,5,3,1,7,2,1,1,0,0,0,0,0,691381.8348,5351042506.0,11.579865887,48.283629641,1,#66c2a5,bicycle
9,7,72,200,2018,4,7,3,3,5,3,0,1,1,0,0,0,0,0,631474.9644,5341044.4498,10.769696012,48.209002134,1,#66c2a5,bicycle
9,1,84,119,2018,4,7,5,3,1,6,0,1,1,0,0,0,0,0,697175.5939,5346455.8055,11.655743335,48.240630747,1,#66c2a5,bicycle
9,7,61,0,2018,4,17,3,2,5,3,0,1,1,0,0,0,0,0,641392.4932,5361015497.0,10.909803549,48.386444645,1,#66c2a5,bicycle
9,1,62,0,2018,4,8,5,3,5,2,0,1,1,0,0,0,0,0,693639.5804,5333350664.0,11.602196293,48.123936856,1,#66c2a5,bicycle
9,7,61,0,2018,4,17,3,3,1,7,0,0,1,0,0,0,0,0,640759.6594,5357127.9967,10.899959503,48.351631138,2,#fc8d62,car
9,1,62,0,2018,4,20,5,3,5,3,2,0,1,0,0,0,0,0,691016.9176,5336915.4998,11.568587919,48.156769602,2,#fc8d62,car
9,7,61,0,2018,4,18,3,3,5,7,0,1,1,0,0,0,0,0,640838.0113,5353009083.0,10.899639774,48.314577596,1,#66c2a5,bicycle
9,1,62,0,2018,4,9,5,3,5,2,0,1,1,0,0,0,0,0,690655.5036,5339223.7312,11.564767924,48.17762422,1,#66c2a5,bicycle
9,7,61,0,2018,4,17,3,3,5,3,0,1,1,0,0,0,0,0,640804.1828,5356910131.0,10.90048726,48.349662234,1,#66c2a5,bicycle
9,1,62,0,2018,4,14,5,3,2,6,0,0,1,0,0,0,0,0,686389.9237,5337542.0061,11.506706171,48.163773876,2,#fc8d62,car
9,1,62,0,2018,4,11,5,3,5,3,0,0,1,0,0,1,0,0,695492.1726,5336032.3583,11.6282957,48.147472439,2,#fc8d62,car
9,1,62,0,2018,4,10,5,3,1,7,0,1,1,0,0,0,0,0,691798039.0,5339993.4288,11.580469009,48.184198271,1,#66c2a5,bicycle
9,1,62,0,2018,4,7,5,3,2,2,0,0,1,0,1,0,0,0,679131.1465,5337944.6597,11.40934587,48.169480057,2,#fc8d62,car
9,1,62,0,2018,4,20,5,3,2,7,2,0,1,0,0,0,0,0,689835.5464,5337393.6809,11.552931901,48.161421251,2,#fc8d62,car
9,1,62,0,2018,4,7,5,3,6,4,0,0,1,1,0,0,0,0,699765.7767,5335443.6369,11.685411229,48.140853936,2,#fc8d62,car
9,1,62,0,2018,4,8,5,3,3,6,0,1,0,0,0,0,1,0,696611985.0,5330556.4043,11.640808911,48.097912643,1,#66c2a5,bicycle
9,1,62,0,2018,4,18,5,3,4,2,0,1,1,0,0,0,0,0,697408.6907,5335240.3743,11.65366664,48.139762803,1,#66c2a5,bicycle
9,1,62,0,2018,4,17,5,3,2,6,0,0,1,0,0,0,0,0,688563963.0,5334961208.0,11.534771288,48.139936248,2,#fc8d62,car
9,1,62,0,2018,4,7,5,3,3,2,1,1,1,0,0,0,0,0,692333.6048,5334254.4398,11.585072611,48.132455702,1,#66c2a5,bicycle
9,7,61,0,2018,4,14,5,3,5,3,0,1,1,0,0,0,0,0,636792.0826,5360770.4958,10.847619713,48.38525609,1,#66c2a5,bicycle
9,7,61,0,2018,4,16,5,3,5,2,0,1,0,0,1,0,0,0,639010.2088,5360277.6005,10.877399795,48.380339184,1,#66c2a5,bicycle
9,7,61,0,2018,4,9,5,3,5,3,0,1,1,0,0,0,0,0,640364.1851,5355597.4886,10.894114305,48.337957257,1,#66c2a5,bicycle
9,7,61,0,2018,4,16,5,3,2,2,0,1,1,0,0,0,0,0,641392.4095,5359225078.0,10.909200144,48.37034595,1,#66c2a5,bicycle
9,2,61,0,2018,4,19,3,3,1,7,0,1,1,0,0,0,0,0,732879.1914,5381102.9993,12.155138884,48.539762574,1,#66c2a5,bicycle
9,1,73,126,2018,4,16,5,3,0,7,0,1,0,0,0,0,0,0,685740.6071,5303530.1135,11.48325208,47.858242592,1,#66c2a5,bicycle
9,1,63,0,2018,4,8,3,3,5,3,0,0,1,0,0,0,0,0,732313.0533,5305217.8351,12.105956077,47.858260762,2,#fc8d62,car
9,1,63,0,2018,4,16,5,3,0,7,0,1,0,0,0,0,0,0,733746.9004,5304055.4009,12.124468778,47.847297528,1,#66c2a5,bicycle
9,1,86,143,2018,4,8,5,3,5,3,0,0,1,0,0,0,0,0,685255.1699,5380079.8646,11.510183006,48.546437904,2,#fc8d62,car
9,1,81,113,2018,4,7,3,3,8,1,0,0,1,0,0,0,0,0,635497414.0,5304706851.0,10.812308406,47.881387309,2,#fc8d62,car
9,1,79,145,2018,4,13,5,3,1,7,0,1,1,0,0,0,0,0,674777.0721,5338049.1714,11.350877542,48.171631727,1,#66c2a5,bicycle
9,1,75,127,2018,4,17,5,3,4,7,0,1,1,0,0,0,0,0,712893.5874,5341313.8131,11.864602341,48.189345023,1,#66c2a5,bicycle
9,1,79,123,2018,4,9,3,3,2,6,0,0,1,0,0,0,0,0,675742.1681,5334098.9271,11.362215996,48.135855731,2,#fc8d62,car
9,1,74,126,2018,4,14,3,3,0,7,0,0,1,0,0,0,0,0,682617.2369,5342973.3437,11.458352461,48.213688917,2,#fc8d62,car
9,1,78,124,2018,4,14,5,3,3,6,0,1,1,0,0,0,0,0,702648.3633,5364560878.0,11.738069701,48.401605376,1,#66c2a5,bicycle
9,1,78,145,2018,4,16,3,3,1,2,0,1,1,0,0,0,0,0,696630.6973,5354497.2167,11.652152776,48.313069049,1,#66c2a5,bicycle
9,1,77,117,2018,4,11,5,3,6,4,0,0,1,1,0,0,0,0,715697.2456,5354893.0263,11.909195236,48.310411376,2,#fc8d62,car
9,1,62,0,2018,4,14,4,3,0,3,0,0,1,0,0,0,1,0,692301.5044,5338069.0752,11.586364942,48.166750508,2,#fc8d62,car
9,1,62,0,2018,4,8,2,2,2,6,0,1,0,0,0,0,0,0,690017.4236,5336494.2564,11.55497361,48.153282911,1,#66c2a5,bicycle
9,1,62,0,2018,4,13,4,3,4,2,0,1,1,0,0,0,0,0,695334.2098,5334280.1871,11.625370671,48.131773309,1,#66c2a5,bicycle
9,1,62,0,2018,4,11,4,2,3,6,0,1,0,0,0,0,0,0,694199.5582,5334400.8644,11.610191961,48.133205118,1,#66c2a5,bicycle
9,1,62,0,2018,4,18,4,3,5,2,0,1,1,0,0,0,0,0,692977.0239,5331844.8072,11.592620616,48.110603719,1,#66c2a5,bicycle
9,1,62,0,2018,4,13,2,3,5,3,0,0,1,0,1,0,0,0,687567855.0,5341295185.0,11.524188576,48.197161652,2,#fc8d62,car
9,1,84,134,2018,4,11,4,3,0,7,0,1,0,0,0,0,0,0,690530899.0,5318517.8184,11.553857983,47.99155532,1,#66c2a5,bicycle
9,1,62,0,2018,4,19,4,2,0,3,0,0,0,0,1,0,0,0,691472.2517,5334338191.0,11.573545316,48.133468156,4,#e78ac3,marker
9,1,62,0,2018,4,10,2,3,1,3,0,0,1,0,0,0,0,0,692235.1717,5338837.9807,11.585821378,48.173681299,2,#fc8d62,car
9,1,62,0,2018,4,0,2,3,5,3,2,0,1,0,0,0,0,0,690908.3272,5336205.4255,11.5668107,48.15042013,2,#fc8d62,car
9,1,62,0,2018,4,13,4,3,5,3,0,1,0,0,0,0,0,0,689393.7409,5333265.4069,11.545160374,48.124447795,1,#66c2a5,bicycle
9,1,62,0,2018,4,11,2,3,0,4,0,1,0,1,0,0,0,0,694591.7851,5341309.6013,11.618618888,48.19517782,1,#66c2a5,bicycle
9,1,62,0,2018,4,11,4,3,0,2,0,0,0,0,0,1,1,0,683320.7116,5337834.8749,11.465595418,48.167298775,5,#a6d854,bus
9,1,62,0,2018,4,19,4,2,3,2,2,0,1,0,0,0,1,0,686497.7936,5334868.0531,11.506983741,48.139707892,2,#fc8d62,car
9,1,62,0,2018,4,13,2,3,5,3,0,1,1,0,0,0,0,0,691633.3698,5337595.9653,11.577175126,48.162700043,1,#66c2a5,bicycle
9,1,62,0,2018,4,13,4,2,6,4,0,0,1,1,0,0,0,0,686124206.0,5328986.1121,11.499399904,48.086947867,2,#fc8d62,car
9,1,62,0,2018,4,13,2,3,0,7,0,1,1,0,0,0,0,0,682970.38,5335594113.0,11.459924489,48.147258318,1,#66c2a5,bicycle
9,1,62,0,2018,4,11,4,3,3,5,0,1,1,0,0,0,0,0,691023189.0,5339825.6138,11.56997956,48.182923426,1,#66c2a5,bicycle
9,1,62,0,2018,4,13,2,3,6,7,0,0,1,1,0,0,0,0,690868.6652,5334341.9184,11.565442732,48.133682959,2,#fc8d62,car
9,1,62,0,2018,4,7,2,2,5,2,0,1,1,0,0,0,0,0,695272892.0,5336087257.0,11.625375974,48.14803319,1,#66c2a5,bicycle
9,1,62,0,2018,4,7,4,3,1,6,0,0,1,0,0,0,0,0,689680.8873,5340133.1421,11.552076515,48.186089638,2,#fc8d62,car
9,1,62,0,2018,4,21,4,3,5,3,2,1,1,0,0,0,0,0,686797479.0,5336661796.0,11.511795321,48.155742687,1,#66c2a5,bicycle
9,1,62,0,2018,4,14,2,3,5,2,0,1,1,0,0,0,0,0,693401.8426,5340530.6723,11.602268322,48.188540612,1,#66c2a5,bicycle
9,1,62,0,2018,4,11,2,3,5,3,0,0,1,0,0,0,0,0,691729.6354,5341296.7765,11.580138024,48.195933091,2,#fc8d62,car
9,1,62,0,2018,4,8,4,3,5,3,0,1,1,0,0,0,0,0,686768236.0,5336993.05,11.5115479,48.158728682,1,#66c2a5,bicycle
9,1,62,0,2018,4,7,2,3,0,7,0,1,0,0,0,0,0,0,688195.0791,5338386.2026,11.53133234,48.170829848,1,#66c2a5,bicycle
9,1,62,0,2018,4,16,4,3,5,3,0,1,0,0,0,0,0,0,689390593.0,5331147.4502,11.544177546,48.105412276,1,#66c2a5,bicycle
9,1,62,0,2018,4,9,2,3,6,7,0,1,0,1,0,0,0,0,689836.1163,5337579.0196,11.553022271,48.163086903,1,#66c2a5,bicycle
9,1,62,0,2018,4,13,4,3,5,3,0,1,1,0,0,0,0,0,691590.6706,5331123.5985,11.573690829,48.10454006,1,#66c2a5,bicycle
9,1,62,0,2018,4,16,2,3,3,3,0,0,1,0,0,0,1,0,693593892.0,5336146964.0,11.602853825,48.149083007,2,#fc8d62,car
9,1,62,0,2018,4,18,4,3,5,7,0,0,1,0,1,0,0,0,693525.2399,5335180.4838,11.601492507,48.140417489,2,#fc8d62,car
9,7,78,116,2018,4,16,2,3,0,7,0,1,0,0,0,0,1,1,619229.8815,5318591.9915,10.598666981,48.009494728,1,#66c2a5,bicycle
9,7,72,125,2018,4,10,2,3,5,3,0,0,1,0,0,0,0,0,633923359.0,5348407195.0,10.804963909,48.274698555,2,#fc8d62,car
9,7,61,0,2018,4,16,2,3,3,6,0,0,1,0,0,1,0,0,637629.7598,5360761.8266,10.858925015,48.384995925,2,#fc8d62,car
9,7,61,0,2018,4,12,2,3,5,3,0,1,1,0,0,0,0,0,640530.9467,5361955.5172,10.898487711,48.395089493,1,#66c2a5,bicycle
9,7,61,0,2018,4,14,2,2,5,7,0,0,1,0,1,0,0,0,641725.1346,5358205.1141,10.913346605,48.361100225,2,#fc8d62,car
9,7,61,0,2018,4,12,4,3,5,3,0,1,1,0,0,0,0,0,638480.8179,5360171.0199,10.870218968,48.379497256,1,#66c2a5,bicycle
9,7,61,0,2018,4,15,2,3,2,6,0,0,1,0,0,0,0,0,639511.3678,5358211.7906,10.883478997,48.361653346,2,#fc8d62,car
9,7,61,0,2018,4,10,4,3,6,4,0,0,1,1,0,0,0,0,639241.3683,5360455.6627,10.880578964,48.381889297,2,#fc8d62,car
9,7,61,0,2018,4,10,2,3,0,7,0,1,0,0,0,0,0,0,638712.3673,5356152.6062,10.872019465,48.343313588,1,#66c2a5,bicycle
9,1,79,123,2018,4,15,4,2,0,7,0,1,0,0,0,0,0,0,676758347.0,5333472323.0,11.375602719,48.129941596,1,#66c2a5,bicycle
9,1,79,123,2018,4,9,4,2,5,3,0,1,1,0,0,0,0,0,676311.4994,5333760.1398,11.369721596,48.132652796,1,#66c2a5,bicycle
9,1,88,120,2018,4,7,4,2,5,7,0,0,1,0,0,0,1,0,676954768.0,5326688.9347,11.375427856,48.068909241,2,#fc8d62,car
9,1,74,115,2018,4,12,4,3,0,1,0,1,0,0,0,0,0,0,682127.4326,5348729.1014,11.45423999,48.265565612,1,#66c2a5,bicycle
9,1,62,0,2018,4,18,3,3,1,6,0,0,1,0,0,0,0,0,690447.7191,5336492.2015,11.560752454,48.153135738,2,#fc8d62,car
9,1,62,0,2018,4,18,3,3,0,7,0,1,0,0,0,0,0,0,696288256.0,5332751.8875,11.637475594,48.117744299,1,#66c2a5,bicycle
9,1,62,0,2018,4,10,3,2,5,3,0,0,1,0,0,0,0,0,698711112.0,5331020.6201,11.669188059,48.101433573,2,#fc8d62,car
9,1,62,0,2018,4,7,3,3,0,7,0,1,1,0,0,0,0,0,693163.4847,5333713.9365,11.595969806,48.127346482,1,#66c2a5,bicycle
9,1,62,0,2018,4,19,3,3,6,4,0,1,0,1,0,0,0,0,691771.5715,5334665.2742,11.577711442,48.136317815,1,#66c2a5,bicycle
9,1,62,0,2018,4,21,3,3,5,3,2,0,1,0,0,0,0,0,685880.0667,5339729.1837,11.500812401,48.183582238,2,#fc8d62,car
9,2,74,113,2018,4,13,1,3,3,6,0,1,0,0,0,0,0,0,727007.1017,5382249399.0,12.076327192,48.55221272,1,#66c2a5,bicycle
9,1,84,120,2018,4,18,3,3,2,6,0,1,1,0,0,0,0,0,680526.6042,5332571.4999,11.425819325,48.120786583,1,#66c2a5,bicycle
9,1,62,0,2018,4,8,3,3,6,4,0,0,1,1,0,0,0,0,686512.1918,5338325.4633,11.508692506,48.17077996,2,#fc8d62,car
9,1,63,0,2018,4,0,1,3,3,6,2,0,1,0,0,0,0,0,733589.4067,5303248199.0,12.121931216,47.840102818,2,#fc8d62,car
9,1,63,0,2018,4,18,1,3,5,3,0,1,1,0,0,0,0,0,732312.0977,5305217.7588,12.10594328,47.858260422,1,#66c2a5,bicycle
9,1,62,0,2018,4,18,3,3,2,3,0,1,0,0,0,0,0,0,689532.1821,5338342.1181,11.549279089,48.170036318,1,#66c2a5,bicycle
9,1,87,165,2018,4,8,1,2,0,1,0,0,0,0,1,0,0,0,733084.5754,5297331.7446,12.112013795,47.787131498,4,#e78ac3,marker
9,1,62,0,2018,4,10,3,3,5,2,0,0,1,0,0,0,0,0,686086.4924,5337617.6661,11.502662553,48.164542819,2,#fc8d62,car
9,1,62,0,2018,4,17,3,3,6,4,0,1,0,1,0,0,0,0,694763.6204,5333472.3632,11.617340844,48.124687776,1,#66c2a5,bicycle
9,1,79,138,2018,4,16,1,2,8,1,0,1,0,0,0,0,0,0,654886.0944,5336974.6533,11.083133401,48.167129993,1,#66c2a5,bicycle
9,1,74,113,2018,4,15,1,3,5,2,0,1,0,0,0,0,0,0,671478.8398,5347530.2883,11.310384965,48.257761035,1,#66c2a5,bicycle
9,1,78,143,2018,4,13,1,3,5,2,0,1,1,0,0,0,0,0,717056.2395,5373520201.0,11.937124764,48.477307475,1,#66c2a5,bicycle
9,1,78,124,2018,4,21,1,3,5,2,2,0,1,0,0,0,0,0,703012.2313,5363866.5254,11.742644551,48.39524871,2,#fc8d62,car
9,1,77,133,2018,4,22,1,3,9,1,2,0,1,0,0,0,0,0,705126.0871,5356172.1196,11.767417092,48.325422037,2,#fc8d62,car
9,1,62,0,2018,4,21,7,2,6,1,2,1,0,1,0,0,0,0,692378.3798,5334315.7708,11.58570147,48.132993401,1,#66c2a5,bicycle
9,7,78,203,2018,4,18,3,2,9,1,0,1,0,0,0,0,0,0,622419.5663,5324111.4117,10.642994868,48.058530243,1,#66c2a5,bicycle
9,1,62,0,2018,4,17,7,3,3,6,0,1,1,0,0,0,0,0,689883.0936,5331526.0452,11.550955256,48.10866852,1,#66c2a5,bicycle
9,1,62,0,2018,4,20,7,3,3,6,1,0,1,0,1,0,0,0,690706.4438,5338116.6807,11.564955872,48.167658889,2,#fc8d62,car
9,1,62,0,2018,4,17,7,2,1,5,0,0,1,0,1,0,0,0,689112.2725,5333107.1316,11.541311514,48.123108867,2,#fc8d62,car
9,7,61,0,2018,4,15,3,2,0,1,0,1,0,0,0,0,0,0,640570145.0,5358854737.0,10.897979796,48.367199648,1,#66c2a5,bicycle
9,1,84,119,2018,4,13,7,3,0,7,0,0,0,0,0,0,1,0,695275.6595,5347256.0218,11.630550404,48.248410506,6,#ffd92f,circle
9,1,62,0,2018,4,15,7,3,5,3,0,0,1,0,0,0,0,0,692868.1459,5340321.8334,11.595000138,48.186825906,2,#fc8d62,car
9,7,61,0,2018,4,16,3,3,5,3,0,1,1,0,0,0,0,0,640245.7201,5358598.7029,10.893516527,48.364969636,1,#66c2a5,bicycle
9,7,72,115,2018,4,15,3,3,5,3,0,0,1,0,0,0,0,0,618386884.0,5368750948.0,10.601386966,48.460747476,2,#fc8d62,car
9,7,71,130,2018,4,19,3,3,0,1,0,1,0,0,0,0,0,0,646836.4444,5357364.7639,10.982015948,48.352376352,1,#66c2a5,bicycle
9,7,61,0,2018,4,15,3,3,2,6,0,0,1,0,0,0,0,0,637203.6,5360812.0632,10.85318854,48.385540484,2,#fc8d62,car
9,7,61,0,2018,4,18,3,3,1,6,0,0,1,0,0,0,0,0,639289.2522,5361508.4366,10.881574348,48.391344978,2,#fc8d62,car
9,7,61,0,2018,4,16,3,3,5,3,0,1,1,0,0,0,0,0,641312.5251,5360730.7382,10.908628264,48.383902133,1,#66c2a5,bicycle
9,7,61,0,2018,4,19,3,3,0,7,0,1,0,0,0,0,0,0,640724.4914,5357229.2216,10.899518922,48.352549157,1,#66c2a5,bicycle
9,7,61,0,2018,4,13,3,3,1,6,0,0,1,0,1,0,0,0,641468.7474,5359301.1088,10.910255906,48.371012482,2,#fc8d62,car
9,7,71,113,2018,4,18,3,3,0,1,0,1,0,0,0,0,0,0,657196.2897,5368035.3018,11.12575272,48.445814875,1,#66c2a5,bicycle
9,1,62,0,2018,4,19,7,3,5,6,0,1,1,0,0,0,0,0,687614.8219,5341767.9325,11.525028929,48.201396893,1,#66c2a5,bicycle
9,1,62,0,2018,4,18,7,3,5,3,0,0,1,0,0,0,0,0,700042.0148,5334856.8047,11.6888448,48.135493261,2,#fc8d62,car
9,1,62,0,2018,4,17,7,3,5,2,0,1,1,0,0,0,0,0,689823.8864,5334898.2023,11.551662364,48.138995334,1,#66c2a5,bicycle
9,1,62,0,2018,4,17,7,3,1,5,0,1,1,0,0,0,0,0,691391.1401,5337945683.0,11.57407829,48.165916213,1,#66c2a5,bicycle
9,7,62,0,2018,4,10,7,3,0,1,0,1,0,0,0,0,0,0,621113.1661,5304632.5519,10.619979279,47.883594123,1,#66c2a5,bicycle
9,7,73,182,2018,4,14,7,3,0,6,0,0,1,0,1,0,0,0,623798.7333,5379398.6428,10.677718185,48.555455569,2,#fc8d62,car
9,7,61,0,2018,4,10,7,3,5,7,0,0,1,0,1,0,0,0,639708.5795,5356248.0964,10.885488177,48.34395268,2,#fc8d62,car
9,7,61,0,2018,4,13,7,3,2,6,0,0,1,0,0,0,0,0,640934.0469,5357195.9514,10.902334772,48.352203271,2,#fc8d62,car
9,7,61,0,2018,4,15,7,3,0,1,0,1,0,0,0,0,0,0,640793.8935,5358290.0426,10.900810113,48.36207224,1,#66c2a5,bicycle
9,2,61,0,2018,4,12,3,3,0,3,0,1,1,0,0,0,0,0,732781597.0,5382685.8003,12.154703178,48.554016577,1,#66c2a5,bicycle
9,2,74,113,2018,4,20,3,3,5,3,1,1,0,0,0,0,0,0,728997.6642,5382706.6485,12.103513055,48.555596736,1,#66c2a5,bicycle
9,1,63,0,2018,4,23,3,3,0,7,2,0,0,0,1,0,1,0,731982.5587,5306237.3377,12.10209111,47.867539563,4,#e78ac3,marker
9,1,79,126,2018,4,18,3,3,0,1,0,0,1,1,0,0,0,0,676127.0318,5340625.3679,11.370087362,48.194417004,2,#fc8d62,car
9,1,74,135,2018,4,12,3,3,5,3,0,1,1,0,0,0,0,0,663482589.0,5352784.5199,11.204766752,48.307110566,1,#66c2a5,bicycle
9,1,77,133,2018,4,16,3,3,2,6,0,0,1,0,0,0,0,0,706825.1207,5360051.0701,11.792215684,48.359724608,2,#fc8d62,car
9,1,78,143,2018,4,18,3,3,0,7,0,1,0,0,0,0,0,0,716782278.0,5373346.6294,11.933332698,48.475842491,1,#66c2a5,bicycle
9,1,62,0,2018,4,16,2,3,5,3,0,0,1,0,1,0,0,1,694283088.0,5341138882.0,11.614391137,48.193737991,2,#fc8d62,car
9,1,62,0,2018,4,5,2,3,5,3,2,0,1,0,0,0,1,1,690233.2054,5343918.57,11.56119671,48.219947439,2,#fc8d62,car
9,1,62,0,2018,4,9,2,3,5,3,0,0,1,0,0,0,0,1,690691.6214,5338139.3958,11.564766908,48.167867496,2,#fc8d62,car
9,1,62,0,2018,4,12,2,3,0,7,0,1,0,0,0,1,0,1,696892.2978,5332338.8054,11.645392276,48.113845289,1,#66c2a5,bicycle
9,1,62,0,2018,4,18,2,3,3,7,0,0,1,0,1,0,0,0,690601.2846,5335768.5327,11.562491104,48.146585443,2,#fc8d62,car
9,1,62,0,2018,4,17,2,3,6,4,0,1,0,1,0,0,0,1,686239.2219,5333894.5889,11.50308576,48.131033763,1,#66c2a5,bicycle
9,2,74,146,2018,4,16,7,3,8,1,0,1,0,0,0,0,0,0,732950.5276,5378100426.0,12.154426722,48.512764871,1,#66c2a5,bicycle