ULAND,UREGBEZ,UKREIS,UGEMEINDE,UJAHR,UMONAT,USTUNDE,UWOCHENTAG,UKATEGORIE,UART,UTYP1,ULICHTVERH,IstRad,IstPKW,IstFuss,IstKrad,IstGkfz,IstSonstig,STRZUSTAND,LINREFX,LINREFY,XGCSWGS84,YGCSWGS84,Teilnehmer,color,symbol
9,1,62,0,2018,4,7,2,3,0,7,0,0,0,0,1,0,0,1,682872.8408,5335658.8518,11.458642198,48.147868282,4,#e78ac3,marker
9,2,61,0,2018,4,15,7,3,0,1,0,1,0,0,0,0,0,0,732448.7101,5381614.4015,12.149601027,48.544515957,1,#66c2a5,bicycle
9,1,62,0,2018,4,9,2,3,2,6,0,0,1,0,0,0,0,0,686757.1209,5337017.2797,11.511409216,48.15894973,2,#fc8d62,car
9,1,62,0,2018,4,10,2,3,0,7,0,1,0,0,0,0,0,1,685319.6317,5334453.9015,11.490981759,48.136329536,1,#66c2a5,bicycle
9,1,84,129,2018,4,9,2,3,0,7,0,1,0,0,0,0,0,1,701064.9943,5325268.5944,11.698064511,48.049001277,1,#66c2a5,bicycle
9,1,62,0,2018,4,7,2,3,5,3,0,1,1,0,0,0,0,0,699577.7024,5335766.7284,11.683037281,48.143816605,1,#66c2a5,bicycle
9,1,62,0,2018,4,16,2,3,5,2,0,1,1,0,0,0,0,1,699624.2566,5332828.12,11.682285766,48.117392414,1,#66c2a5,bicycle
9,1,87,122,2018,4,17,7,3,5,3,0,0,1,0,0,0,0,0,718965.2006,5307208.2497,11.928755962,47.880832724,2,#fc8d62,car
9,1,62,0,2018,4,8,2,3,5,3,0,0,1,0,0,0,0,1,694989.2987,5332742.8132,11.620036671,48.118061809,2,#fc8d62,car
9,1,62,0,2018,4,8,2,3,5,3,0,1,1,0,0,0,0,1,691444.9161,5332923.5499,11.572542824,48.120761719,1,#66c2a5,bicycle
9,1,87,179,2018,4,17,7,1,5,3,0,0,1,0,1,0,0,0,728713.9522,5314272.9065,12.062707819,47.940906969,2,#fc8d62,car
9,1,62,0,2018,4,19,2,3,5,3,1,0,1,0,0,0,0,0,692287241.0,5336784489.0,11.58559266,48.15520927,2,#fc8d62,car
9,1,86,152,2018,4,20,7,3,8,1,2,0,1,0,0,0,0,0,695440.9327,5376045.9201,11.64615862,48.50709543,2,#fc8d62,car
9,1,62,0,2018,4,16,2,3,5,3,0,1,1,0,0,0,0,0,691146991.0,5335565.9794,11.569729135,48.144601179,1,#66c2a5,bicycle
9,1,81,130,2018,4,14,7,3,5,3,0,1,1,0,0,0,0,0,639310.9144,5322440.9737,10.869032668,48.040044694,1,#66c2a5,bicycle
9,1,62,0,2018,4,10,2,3,3,2,0,1,1,0,0,0,0,0,690867.2489,5334474.8166,11.565483257,48.134877865,1,#66c2a5,bicycle
9,1,81,116,2018,4,16,7,3,0,7,0,1,0,0,0,0,0,0,646811987.0,5338818417.0,10.975246774,48.185624529,1,#66c2a5,bicycle
9,1,88,139,2018,4,14,7,3,6,7,0,0,1,1,0,0,0,0,675023.5872,5318662.5523,11.346246934,47.997288336,2,#fc8d62,car
9,7,71,130,2018,4,8,2,3,5,3,0,0,1,0,0,0,0,1,647064.2282,5357207.8989,10.985033881,48.35091294,2,#fc8d62,car
9,7,71,142,2018,4,16,2,3,0,1,0,1,0,0,0,0,0,0,646522.1585,5351801.4407,10.975842395,48.302427779,1,#66c2a5,bicycle
9,1,88,117,2018,4,12,7,2,8,1,0,1,0,0,0,0,0,0,666133.1349,5314178.8409,11.225429374,47.959349628,1,#66c2a5,bicycle
9,1,79,123,2018,4,17,7,3,0,3,0,0,1,0,1,0,0,0,675792388.0,5332769938.0,11.362342139,48.123895145,2,#fc8d62,car
9,1,79,123,2018,4,19,7,2,6,4,0,0,0,1,1,0,0,0,676604.0901,5334285639.0,11.373868536,48.137295514,3,#8da0cb,toilet
9,7,72,125,2018,4,20,2,3,4,1,1,0,1,0,0,0,0,1,636986.6255,5347085605.0,10.845799205,48.262159434,2,#fc8d62,car
9,1,79,121,2018,4,17,7,3,6,1,0,0,1,1,0,0,0,0,668317651.0,5338660585.0,11.264307544,48.178871798,2,#fc8d62,car
9,1,79,114,2018,4,9,7,3,5,2,0,0,1,0,0,0,0,0,654103.9529,5342946.7255,11.074788747,48.221014891,2,#fc8d62,car
9,7,72,163,2018,4,6,2,3,0,1,1,0,0,0,1,0,0,1,639373.1081,5349512.0679,10.878737547,48.283457457,4,#e78ac3,marker
9,7,61,0,2018,4,15,2,3,2,6,0,0,1,0,0,0,1,0,638472.5819,5359327.8436,10.869830062,48.371917392,2,#fc8d62,car
9,1,81,114,2018,4,14,7,2,0,7,0,1,0,0,0,0,0,0,655457.6595,5311644934.0,11.081612098,47.939247605,1,#66c2a5,bicycle
9,7,61,0,2018,4,9,2,3,2,6,0,0,1,0,0,0,0,1,640749.8303,5359244.7434,10.900535052,48.370666407,2,#fc8d62,car
9,1,62,0,2018,4,19,6,3,6,4,1,0,1,1,0,0,0,0,690636.2332,5335219.4281,11.562714627,48.141639646,2,#fc8d62,car
9,1,62,0,2018,4,15,6,2,5,3,0,1,1,0,0,0,0,0,690057.7794,5335503.0462,11.55507312,48.14436186,1,#66c2a5,bicycle
9,1,62,0,2018,4,23,6,3,5,3,2,0,1,0,0,0,0,0,689813933.0,5333432.5078,11.550875727,48.125824568,2,#fc8d62,car
9,1,62,0,2018,4,12,6,3,2,6,0,0,1,0,0,0,0,0,688873.6643,5330563.3815,11.536981953,48.100316019,2,#fc8d62,car
9,1,62,0,2018,4,8,6,3,3,6,0,0,1,0,0,0,0,0,686219.8941,5334338.3228,11.503020201,48.135027868,2,#fc8d62,car
9,1,62,0,2018,4,13,6,3,5,3,0,1,1,0,0,0,0,0,687041.6052,5330263.1463,11.512266516,48.098157828,1,#66c2a5,bicycle
9,1,62,0,2018,4,8,6,3,3,2,0,1,1,0,0,0,0,0,691490.3948,5333548.9857,11.573434266,48.126369403,1,#66c2a5,bicycle
9,1,62,0,2018,4,18,6,3,1,5,0,1,1,0,0,0,0,0,689884.5108,5342742.9121,11.555980614,48.209485205,1,#66c2a5,bicycle
9,1,62,0,2018,4,15,6,3,5,2,0,1,1,0,0,0,0,0,688646.3587,5335660.5762,11.536187605,48.146197843,1,#66c2a5,bicycle
9,1,62,0,2018,4,7,6,3,1,7,0,1,1,0,0,0,0,0,694012.7359,5342317.3963,11.611295637,48.204412557,1,#66c2a5,bicycle
9,1,62,0,2018,4,15,6,3,0,1,0,1,0,0,0,0,0,0,691241.6391,5334427.6196,11.570489073,48.13434127,1,#66c2a5,bicycle
9,1,62,0,2018,4,9,6,2,0,2,0,1,1,0,0,0,0,0,696026.0683,5334986.0618,11.63498415,48.137904623,1,#66c2a5,bicycle
9,1,62,0,2018,4,16,6,3,3,6,0,0,1,0,1,0,0,0,692014.3163,5336360.7509,11.581735459,48.151483258,2,#fc8d62,car
9,1,62,0,2018,4,15,6,3,6,7,0,1,0,1,0,0,0,0,693896.7351,5331300915.0,11.604716416,48.105436071,1,#66c2a5,bicycle
9,1,62,0,2018,4,16,6,3,5,3,0,1,1,0,0,0,0,0,696404.0548,5336173.0,11.640606917,48.148455561,1,#66c2a5,bicycle
9,1,62,0,2018,4,15,6,3,5,3,0,1,1,0,0,0,0,0,689295.5251,5330543.2922,11.542633767,48.100010266,1,#66c2a5,bicycle
9,1,84,130,2018,4,2,6,3,0,7,2,1,0,0,0,0,0,0,700056.0682,5345104.5333,11.693858022,48.227584811,1,#66c2a5,bicycle
9,1,62,0,2018,4,11,6,3,1,5,0,1,0,0,0,1,0,0,690426.6836,5334741.7524,11.559687001,48.137409058,1,#66c2a5,bicycle
9,1,62,0,2018,4,11,6,3,2,6,0,0,1,0,0,0,1,0,690649.2422,5333373.5959,11.562063333,48.125045466,2,#fc8d62,car
9,1,62,0,2018,4,17,6,3,0,7,0,1,0,0,0,0,1,0,689643.2029,5333424551.0,11.54858013,48.125803934,1,#66c2a5,bicycle
9,1,62,0,2018,4,8,6,3,4,2,0,1,1,0,0,0,0,0,692125.3875,5334933.5656,11.582583293,48.138622452,1,#66c2a5,bicycle
9,7,62,0,2018,4,16,6,3,4,2,0,0,1,0,0,0,0,0,621871942.0,5308572.9729,10.631237476,47.918889452,2,#fc8d62,car
9,7,62,0,2018,4,16,6,3,2,6,0,0,1,0,0,0,0,0,621615.3206,5304979.4851,10.6267909,47.886619407,2,#fc8d62,car
9,7,71,146,2018,4,7,6,3,5,3,0,0,1,0,0,0,0,0,646769038.0,5348235.8878,10.977930731,48.27031136,2,#fc8d62,car
9,7,61,0,2018,4,4,6,3,5,3,2,0,1,0,0,0,0,0,639200.9876,5362244.8377,10.880626798,48.397985975,2,#fc8d62,car
9,2,61,0,2018,4,13,2,3,5,3,0,1,1,0,0,0,0,0,731284.1806,5381390.9339,12.133722651,48.542938907,1,#66c2a5,bicycle
9,2,74,126,2018,4,18,2,3,5,3,0,1,1,0,0,0,0,0,733297.2387,5384503.0398,12.16269873,48.570148522,1,#66c2a5,bicycle
9,1,79,142,2018,4,16,2,3,5,6,0,0,1,0,0,0,0,0,673234.3454,5343961.7165,11.332557462,48.225204437,2,#fc8d62,car
9,1,62,0,2018,4,0,1,3,6,2,2,0,1,1,0,0,0,0,690537.6295,5334745.0094,11.561178231,48.137405122,2,#fc8d62,car
9,1,62,0,2018,4,11,1,3,2,5,0,0,1,0,0,0,0,0,684019.1109,5333647.0941,11.473169224,48.129454881,2,#fc8d62,car
9,1,62,0,2018,4,13,1,3,4,2,0,0,1,0,1,0,0,0,691900.7205,5342950557.0,11.58318567,48.210745125,2,#fc8d62,car
9,1,62,0,2018,4,16,1,3,2,6,0,1,0,0,0,0,0,0,682217.4774,5334318.5063,11.449265954,48.136008346,1,#66c2a5,bicycle
9,7,78,116,2018,4,2,1,3,8,1,2,0,1,0,0,0,0,0,621354.0639,5314763.3861,10.626054437,47.974662079,2,#fc8d62,car
9,7,62,0,2018,4,17,1,3,0,7,0,1,0,0,0,0,0,0,620983.6113,5304416.9372,10.618186692,47.881679364,1,#66c2a5,bicycle
9,7,72,147,2018,4,15,1,3,0,1,0,1,0,0,0,0,0,0,638308.9169,5368029.9446,10.870489865,48.450200383,1,#66c2a5,bicycle
9,7,61,0,2018,4,4,1,3,1,5,2,0,1,0,0,0,0,0,639587.4738,5359514.8341,10.884938368,48.373353146,2,#fc8d62,car
9,7,73,182,2018,4,8,5,3,5,3,0,1,1,0,0,0,0,0,624125.4446,5380053.0524,10.682338958,48.56127571,1,#66c2a5,bicycle
9,7,61,0,2018,4,9,5,3,5,3,0,0,1,0,0,1,0,0,644328.2555,5356985.8498,10.948050724,48.349547579,2,#fc8d62,car
9,7,61,0,2018,4,4,5,3,5,5,2,1,1,0,0,0,0,0,641128.5286,5351852.8809,10.903169317,48.304116568,1,#66c2a5,bicycle
9,7,61,0,2018,4,15,5,3,0,1,0,1,0,0,0,0,0,0,637847261.0,5355658314.0,10.860188897,48.339058329,1,#66c2a5,bicycle
9,1,79,121,2018,4,16,7,3,3,6,0,1,1,0,0,0,0,0,667228839.0,5340207.4134,11.250280911,48.193065203,1,#66c2a5,bicycle
9,1,81,115,2018,4,16,7,2,0,1,0,1,0,0,0,0,0,0,657090.9432,5326091.5924,11.108756851,48.06874052,1,#66c2a5,bicycle
9,1,74,115,2018,4,13,7,3,0,7,0,0,0,0,0,0,1,0,680465.1011,5348339024.0,11.431694042,48.262535071,6,#ffd92f,circle
9,1,74,111,2018,4,15,7,3,0,1,0,1,0,0,0,0,0,0,666269617.0,5361122.23,11.245615398,48.381337966,1,#66c2a5,bicycle
9,1,77,117,2018,4,11,7,3,0,7,0,1,0,0,0,0,0,0,714753.3823,5355068.2787,11.896571109,48.312307188,1,#66c2a5,bicycle
9,1,77,127,2018,4,15,7,3,3,6,0,1,1,0,0,0,0,0,728877.83,5347478.6598,12.082693735,48.23917175,1,#66c2a5,bicycle
9,1,62,0,2018,4,11,6,3,5,2,0,1,0,0,0,0,1,0,688828.7418,5335613979.0,11.538616427,48.145724912,1,#66c2a5,bicycle
9,1,62,0,2018,4,12,6,3,5,3,0,0,1,0,1,0,0,0,689926.7434,5343891.9273,11.557063008,48.219799783,2,#fc8d62,car
9,1,62,0,2018,4,8,6,3,2,6,0,0,1,0,0,1,0,0,691021.5707,5340320.4553,11.570180307,48.187371466,2,#fc8d62,car
9,1,62,0,2018,4,17,6,3,6,4,0,1,0,1,0,0,0,0,693103.5588,5336254.2429,11.596317033,48.150196238,1,#66c2a5,bicycle
9,1,62,0,2018,4,7,6,3,5,2,0,1,1,0,0,1,0,0,688318.15,5340265537.0,11.533818824,48.187685042,1,#66c2a5,bicycle
9,1,62,0,2018,4,13,6,3,0,7,0,1,0,0,0,0,0,0,694689.8242,5329736.2835,11.614645294,48.091131836,1,#66c2a5,bicycle
9,1,62,0,2018,4,8,6,3,5,3,0,0,1,0,0,0,1,0,692304.3721,5330898.1435,11.583166497,48.102298671,2,#fc8d62,car
9,1,84,149,2018,4,7,6,3,3,2,0,1,0,0,0,0,1,0,690761.1704,5349736.6359,11.570918638,48.272080211,1,#66c2a5,bicycle
9,1,62,0,2018,4,7,6,3,5,3,0,1,1,0,0,0,0,0,694522.9617,5342677.6465,11.618320673,48.207494166,1,#66c2a5,bicycle
9,1,62,0,2018,4,7,6,3,2,1,0,1,0,0,0,0,0,0,689883516.0,5342614019.0,11.555909553,48.208327025,1,#66c2a5,bicycle
9,1,62,0,2018,4,7,6,3,4,7,0,1,0,0,0,0,0,0,686143.1335,5335691.4179,11.502580911,48.147212451,1,#66c2a5,bicycle
9,1,62,0,2018,4,18,6,3,7,7,0,1,0,0,0,0,0,0,689762.0569,5336457.3026,11.551527007,48.153027013,1,#66c2a5,bicycle
9,1,62,0,2018,4,16,6,3,6,4,0,1,0,1,0,0,0,0,688501.0195,5336442.6254,11.534581957,48.153270093,1,#66c2a5,bicycle
9,1,62,0,2018,4,15,6,3,5,2,0,0,1,0,0,0,1,0,690272155.0,5336163344.0,11.558247252,48.150232524,2,#fc8d62,car
9,1,84,127,2018,4,21,6,3,0,7,2,0,0,0,0,0,1,0,701570591.0,5322241295.0,11.70341661,48.021635183,6,#ffd92f,circle
9,1,62,0,2018,4,10,6,3,6,7,0,1,0,1,0,0,0,0,691622.7764,5332808.2427,11.574878497,48.119671847,1,#66c2a5,bicycle
9,1,62,0,2018,4,10,6,3,5,3,0,1,1,0,0,0,0,0,690181.2826,5334076.1744,11.556094638,48.131500223,1,#66c2a5,bicycle
9,1,62,0,2018,4,19,6,3,1,5,0,1,1,0,0,0,0,0,691733274.0,5335366519.0,11.577512892,48.142632041,1,#66c2a5,bicycle
9,1,62,0,2018,4,15,6,3,6,1,0,1,0,1,0,0,0,0,691656.5445,5334756.9648,11.576208175,48.137176571,1,#66c2a5,bicycle
9,1,62,0,2018,4,18,6,3,2,6,0,0,1,0,0,0,0,0,692141846.0,5334503.7891,11.582610437,48.134754728,2,#fc8d62,car
9,2,61,0,2018,4,7,5,3,0,1,0,0,0,0,1,0,0,0,731678.6183,5382032.1638,12.139415222,48.54855345,4,#e78ac3,marker
9,2,74,182,2018,4,14,5,2,1,5,0,0,0,0,1,0,1,0,728561.6092,5377299.1958,12.094647992,48.507179545,4,#e78ac3,marker
9,1,73,147,2018,4,7,5,3,0,1,0,1,1,0,0,0,0,0,681755.3628,5309458.4365,11.432516994,47.912673443,1,#66c2a5,bicycle
9,1,63,0,2018,4,15,5,3,1,6,0,0,1,0,0,0,0,0,734051072.0,5305034308.0,12.129057865,47.855981361,2,#fc8d62,car
9,1,87,165,2018,4,13,5,3,5,3,0,1,1,0,0,0,0,0,733105.3306,5297909.9286,12.112600936,47.792318526,1,#66c2a5,bicycle
9,1,81,146,2018,4,19,5,3,1,2,0,1,1,0,0,0,0,0,651835.6162,5325133.9705,11.037917412,48.061402903,1,#66c2a5,bicycle
9,7,62,0,2018,4,17,6,3,5,3,0,1,1,0,0,0,0,0,622017.5491,5304406.4484,10.632007132,47.881389338,1,#66c2a5,bicycle
9,1,79,123,2018,4,14,5,3,6,4,0,0,1,1,0,0,0,0,676834.1385,5334008.3765,11.376842928,48.134739252,2,#fc8d62,car
9,7,72,147,2018,4,10,6,3,3,7,0,1,1,0,0,0,0,0,639011187.0,5365162.7868,10.879030765,48.42426517,1,#66c2a5,bicycle
9,7,72,202,2018,4,12,6,3,0,1,0,1,0,0,0,0,0,0,634992.5343,5358309.1246,10.822536163,48.363511029,1,#66c2a5,bicycle
9,1,79,123,2018,4,7,5,3,6,4,0,0,1,1,0,0,0,0,675894372.0,5333361.64,11.363955625,48.129185976,2,#fc8d62,car
9,1,74,115,2018,4,9,5,3,2,6,0,0,1,0,0,0,0,0,682642.5847,5348530.2926,11.461089385,48.263630316,2,#fc8d62,car
9,7,61,0,2018,4,9,6,3,5,3,0,0,1,0,1,0,0,0,640726.3196,5359244.0686,10.900217545,48.370665582,2,#fc8d62,car
9,1,62,0,2018,4,8,5,3,3,2,0,0,1,0,1,0,0,0,691476.0936,5340368.5502,11.576311148,48.187666894,2,#fc8d62,car
9,1,78,120,2018,4,16,5,3,5,3,0,1,1,0,0,0,0,0,696236008.0,5353856.3644,11.646537083,48.307432233,1,#66c2a5,bicycle
9,1,78,124,2018,4,18,5,3,3,3,0,1,1,0,0,0,0,0,704129.0211,5363890.7266,11.757725735,48.395105713,1,#66c2a5,bicycle
9,1,77,130,2018,4,12,5,3,0,7,0,1,1,0,0,0,0,0,711012.2439,5350632.4035,11.843960127,48.273707222,1,#66c2a5,bicycle
9,1,62,0,2018,4,12,4,3,6,4,0,1,0,1,0,0,0,0,691436.7782,5337674.4275,11.574569354,48.163464472,1,#66c2a5,bicycle
9,1,62,0,2018,4,8,4,2,6,4,0,1,0,1,0,0,0,0,689986.0125,5335280.0451,11.554009806,48.142378959,1,#66c2a5,bicycle
9,1,62,0,2018,4,14,4,3,5,2,0,0,1,0,1,0,0,0,688011.5238,5338990.2155,11.52913305,48.176313121,2,#fc8d62,car
9,1,84,130,2018,4,17,4,3,5,3,0,1,1,0,0,0,0,0,698717351.0,5344265006.0,11.675458471,48.220460734,1,#66c2a5,bicycle
9,1,84,119,2018,4,9,4,2,5,3,0,1,0,0,0,0,1,0,693801.3048,5347436.4922,11.610793541,48.250484939,1,#66c2a5,bicycle
9,1,62,0,2018,4,15,4,3,5,3,0,1,1,0,0,0,0,0,686526739.0,5335033.6625,11.507444986,48.141187961,1,#66c2a5,bicycle
9,1,62,0,2018,4,17,4,3,5,6,0,0,1,0,1,0,0,0,691499.1502,5335683.3965,11.574511327,48.145550605,2,#fc8d62,car
9,1,62,0,2018,4,16,4,3,1,6,0,1,1,0,0,0,0,0,686239.7638,5335684.0271,11.503875526,48.147117737,1,#66c2a5,bicycle
9,1,62,0,2018,4,8,4,3,3,2,0,1,1,0,0,0,0,0,686193.8693,5334984.4038,11.502953175,48.140842702,1,#66c2a5,bicycle
9,1,84,134,2018,4,7,4,3,5,3,0,0,1,0,0,0,0,0,691994.0285,5322634.3224,11.575291856,48.028117267,2,#fc8d62,car
9,1,62,0,2018,4,13,4,3,0,7,0,0,0,1,0,0,1,0,693182.9806,5331895.7804,11.59540776,48.110999423,3,#8da0cb,toilet
9,1,62,0,2018,4,19,4,3,5,3,0,1,1,0,0,0,0,0,696527.1315,5338702162.0,11.643428159,48.171148023,1,#66c2a5,bicycle
9,1,62,0,2018,4,15,4,3,2,7,0,0,1,0,1,0,0,0,696393.7768,5336302.6695,11.640528708,48.149624124,2,#fc8d62,car
9,1,62,0,2018,4,7,4,3,5,3,0,0,1,0,0,0,0,0,691779.6742,5333317.7944,11.577213785,48.124204403,2,#fc8d62,car
9,1,62,0,2018,4,16,4,3,5,2,0,1,1,0,0,0,0,0,692562.7941,5338004.2143,11.589846075,48.166088463,1,#66c2a5,bicycle
9,1,62,0,2018,4,12,4,3,0,1,0,0,0,0,1,0,0,0,692317.2314,5337446.3116,11.586294653,48.161148506,4,#e78ac3,marker
9,1,62,0,2018,4,9,4,3,5,3,0,1,1,0,0,0,0,0,691931.0171,5336080.8888,11.580490442,48.14899305,1,#66c2a5,bicycle
9,7,71,130,2018,4,16,4,3,5,3,0,0,1,0,0,0,0,0,644616.5742,5363899.6714,10.954318947,48.411646254,2,#fc8d62,car
9,7,61,0,2018,4,18,4,3,5,3,0,1,0,0,0,0,0,0,638950286.0,5359546191.0,10.876349189,48.373775723,1,#66c2a5,bicycle
9,7,71,113,2018,4,17,4,2,5,3,0,1,1,0,0,0,0,0,655963178.0,5370894.4595,11.110154806,48.471826461,1,#66c2a5,bicycle
9,2,61,0,2018,4,13,6,3,2,6,0,1,0,0,0,0,0,0,732345.0515,5380948.1196,12.147827192,48.53856931,1,#66c2a5,bicycle
9,1,87,124,2018,4,13,6,2,5,3,0,1,1,0,0,0,0,0,735919.5157,5327804.5281,12.166485437,48.059855743,1,#66c2a5,bicycle
9,1,87,169,2018,4,15,6,3,0,4,0,0,1,1,0,0,0,0,741709.7616,5300952.2685,12.229003932,47.816477488,2,#fc8d62,car
9,1,86,143,2018,4,22,6,2,1,5,2,1,1,0,0,0,0,0,683462.4834,5376748.7696,11.484450218,48.517025269,1,#66c2a5,bicycle
9,1,79,121,2018,4,12,6,3,5,3,0,1,1,0,0,0,0,0,668172.3613,5338858.6044,11.262432972,48.18069044,1,#66c2a5,bicycle
9,1,81,130,2018,4,15,6,3,2,1,0,0,1,0,0,0,0,0,639183.4779,5324459.2309,10.867980307,48.058221312,2,#fc8d62,car
9,1,79,113,2018,4,15,6,3,5,3,0,1,1,0,0,0,0,0,671349.6581,5334041.4569,11.303201626,48.136537023,1,#66c2a5,bicycle
9,1,79,149,2018,4,12,6,3,5,2,0,1,1,0,0,0,0,0,657599.3789,5329210.4398,11.116727811,48.096656381,1,#66c2a5,bicycle
9,1,79,121,2018,4,12,6,3,1,5,0,0,1,0,0,0,0,0,665893.2246,5336906.9566,11.231034295,48.163744144,2,#fc8d62,car
9,1,78,145,2018,4,12,6,3,5,5,0,1,1,0,0,0,0,0,697418.8056,5354804.0332,11.662914445,48.315580896,1,#66c2a5,bicycle
9,1,84,123,2018,4,13,5,3,5,3,0,0,1,0,0,0,0,0,703171.8827,5331464.5538,11.729249023,48.104016402,2,#fc8d62,car
9,1,62,0,2018,4,16,5,3,0,7,0,1,0,0,0,0,0,0,683056.3985,5338907.6984,11.462505859,48.177018123,1,#66c2a5,bicycle
9,1,62,0,2018,4,7,5,3,4,7,0,0,1,0,0,0,0,0,690087076.0,5335482035.0,11.555457187,48.144164259,2,#fc8d62,car
9,1,62,0,2018,4,10,5,3,0,2,0,0,1,0,0,0,1,0,690656.5992,5337649.2714,11.564076634,48.163472809,2,#fc8d62,car
9,1,84,149,2018,4,15,5,3,1,3,0,0,1,0,1,0,0,0,690723.4028,5350907.5117,11.570938462,48.282615048,2,#fc8d62,car
9,1,62,0,2018,4,18,5,3,5,3,0,1,1,0,0,0,0,0,689648.4312,5332697682.0,11.54832695,48.119269217,1,#66c2a5,bicycle
9,1,62,0,2018,4,17,5,2,0,7,0,1,0,0,0,0,0,0,694013.6029,5341794.7154,11.611068381,48.199714689,1,#66c2a5,bicycle
9,1,62,0,2018,4,8,5,3,5,3,0,1,0,0,0,0,0,0,691625.9829,5336490.7982,11.576578143,48.152769216,1,#66c2a5,bicycle
9,1,62,0,2018,4,16,5,3,4,1,0,0,1,0,1,0,0,0,692892.9653,5331731791.0,11.591441394,48.109613413,2,#fc8d62,car
9,1,62,0,2018,4,9,5,3,5,3,0,1,1,0,0,0,0,0,687379.0557,5334912.7493,11.518837865,48.139850729,1,#66c2a5,bicycle
9,1,62,0,2018,4,10,5,3,3,2,0,1,0,0,0,1,0,0,690202815.0,5335433657.0,11.55698992,48.143694847,1,#66c2a5,bicycle
9,1,62,0,2018,4,7,5,2,6,4,0,0,1,1,0,0,0,0,688001.3723,5332332273.0,11.52605653,48.116473255,2,#fc8d62,car
9,1,62,0,2018,4,17,5,3,0,7,0,1,0,0,0,0,0,0,683142.6096,5340269.5618,11.464251502,48.189234488,1,#66c2a5,bicycle
9,1,62,0,2018,4,16,5,3,5,3,0,1,1,0,0,0,0,0,689901.1055,5343280.7599,11.556444526,48.214314357,1,#66c2a5,bicycle
9,1,62,0,2018,4,15,5,3,5,3,0,0,1,0,1,0,0,0,688994.2383,5335931.2607,11.54097995,48.148527527,2,#fc8d62,car
9,1,90,157,2018,4,18,4,3,3,7,0,1,1,0,0,0,0,0,660028554.0,5300039.5797,11.138472396,47.83377761,1,#66c2a5,bicycle
9,1,62,0,2018,4,15,5,3,0,7,0,1,0,0,0,0,0,0,688601.3285,5336306.0956,11.535868836,48.152013208,1,#66c2a5,bicycle
9,1,62,0,2018,4,16,5,3,3,6,0,0,1,0,0,0,0,0,684408.1791,5332451.9578,11.477876082,48.11859972,2,#fc8d62,car
9,1,62,0,2018,4,21,5,3,0,1,2,1,0,0,0,0,0,0,686000.7259,5334848.0135,11.500299799,48.139673263,1,#66c2a5,bicycle
9,1,90,139,2018,4,13,4,3,4,1,0,0,1,0,1,0,0,0,655627.4376,5296617.9734,11.078471746,47.804092277,2,#fc8d62,car
9,1,84,136,2018,4,16,5,3,0,5,0,1,1,0,0,0,0,0,699284.0242,5326960464.0,11.67498109,48.064765078,1,#66c2a5,bicycle
9,1,62,0,2018,4,18,5,3,0,1,0,1,0,0,0,0,0,0,695966.6378,5333943149.0,11.633706462,48.128549791,1,#66c2a5,bicycle
9,1,62,0,2018,4,7,5,3,6,7,0,0,1,1,0,0,0,0,695905.2463,5334466.2485,11.63312279,48.133270028,2,#fc8d62,car
9,1,62,0,2018,4,18,5,3,0,5,0,1,1,0,0,0,0,0,693214.9253,5334659.0462,11.597088966,48.13582526,1,#66c2a5,bicycle
9,1,87,186,2018,4,18,4,3,9,1,0,0,0,0,1,0,0,0,730330.6363,5333019311.0,12.094398181,48.108746667,4,#e78ac3,marker
9,1,63,0,2018,4,17,4,3,5,2,0,0,1,0,0,0,0,0,731006.4089,5303458.2406,12.087573539,47.842922968,2,#fc8d62,car
9,1,62,0,2018,4,18,5,3,0,4,0,0,1,1,0,0,0,0,691397.1878,5331484.0515,11.571256128,48.10783795,2,#fc8d62,car
9,1,87,150,2018,4,14,4,3,0,6,0,1,0,0,0,0,1,0,729734.8607,5304931.5572,12.071385858,47.856615516,1,#66c2a5,bicycle
9,1,79,145,2018,4,19,4,3,0,7,0,1,0,0,0,0,0,0,675028.5545,5338590.8366,11.354480235,48.176431717,1,#66c2a5,bicycle
9,1,62,0,2018,4,17,1,3,2,6,0,0,1,0,0,0,0,0,682825428.0,5337525146.0,11.458807258,48.164657375,2,#fc8d62,car
9,1,62,0,2018,4,18,1,3,0,7,0,1,0,0,0,0,0,1,681117143.0,5338025434.0,11.43606737,48.169643333,1,#66c2a5,bicycle
9,1,62,0,2018,4,13,1,3,4,6,0,1,0,0,0,0,0,0,686390.9015,5337541502.0,11.506719087,48.163769058,1,#66c2a5,bicycle
9,1,84,131,2018,4,14,1,3,0,7,0,1,0,0,0,0,0,0,704501.2059,5337971.9392,11.750208222,48.162070473,1,#66c2a5,bicycle
9,1,84,147,2018,4,15,1,3,3,6,0,1,0,0,0,0,0,0,697480.6663,5340634.3026,11.657137439,48.188217064,1,#66c2a5,bicycle
9,1,62,0,2018,4,12,1,3,4,3,0,0,1,0,0,0,0,0,696473.9438,5332675.4035,11.639932648,48.11699964,2,#fc8d62,car
9,1,62,0,2018,4,0,1,3,2,6,2,0,1,0,0,0,0,0,689520791.0,5334913.3477,11.547598997,48.139221807,2,#fc8d62,car
9,1,62,0,2018,4,13,1,3,5,7,0,0,1,0,1,0,0,0,691876142.0,5335866.9789,11.579657013,48.147087021,2,#fc8d62,car