ULAND,UREGBEZ,UKREIS,UGEMEINDE,UJAHR,UMONAT,USTUNDE,UWOCHENTAG,UKATEGORIE,UART,UTYP1,ULICHTVERH,IstRad,IstPKW,IstFuss,IstKrad,IstGkfz,IstSonstig,STRZUSTAND,LINREFX,LINREFY,XGCSWGS84,YGCSWGS84,Teilnehmer,color,symbol
9,7,62,0,2018,4,7,3,2,5,3,0,1,1,0,0,0,0,0,622277935.0,5306780889.0,10.636161096,47.902694766,1,#66c2a5,bicycle
9,1,62,0,2018,4,20,1,3,3,2,2,1,0,0,1,0,0,0,692325.5907,5337428.8539,11.586399058,48.160989072,1,#66c2a5,bicycle
9,1,62,0,2018,4,10,1,3,4,6,0,1,1,0,0,0,0,0,692199.8995,5337006.0268,11.584519528,48.157226804,1,#66c2a5,bicycle
9,7,71,130,2018,4,19,3,2,0,1,0,1,0,0,0,0,0,0,646121.5716,5362252.9221,10.974071406,48.396492847,1,#66c2a5,bicycle
9,7,61,0,2018,4,14,3,3,2,6,0,0,1,0,0,0,0,0,638163.6029,5359386.5296,10.865679428,48.372512807,2,#fc8d62,car
9,7,61,0,2018,4,16,3,3,0,1,0,1,0,0,0,0,0,0,639366.7907,5358726.5712,10.881698775,48.366314061,1,#66c2a5,bicycle
9,7,61,0,2018,4,6,3,3,0,7,0,1,0,0,0,0,0,0,639261.9748,5360164.8313,10.880760747,48.379269669,1,#66c2a5,bicycle
9,7,61,0,2018,4,7,3,3,5,2,0,1,1,0,0,0,0,0,637661.8495,5361438.9749,10.859580097,48.391077727,1,#66c2a5,bicycle
9,7,61,0,2018,4,15,3,3,0,3,0,1,0,0,0,1,0,0,641964.7056,5360704.7595,10.917423002,48.383522111,1,#66c2a5,bicycle
9,7,77,140,2018,4,17,1,3,5,3,0,1,0,0,0,0,0,0,624500861.0,5315932.1145,10.668539655,47.984568388,1,#66c2a5,bicycle
9,7,61,0,2018,4,10,3,2,7,1,0,0,0,0,1,0,0,0,644342.6412,5358462.1467,10.948751128,48.362818294,4,#e78ac3,marker
9,7,61,0,2018,4,14,1,3,0,1,0,1,0,0,0,0,0,0,638164.5334,5358326091.0,10.865343611,48.362977315,1,#66c2a5,bicycle
9,7,72,216,2018,4,13,1,3,0,7,0,1,0,0,0,0,0,0,622759.8491,5368625.2776,10.6604766,48.458779259,1,#66c2a5,bicycle
9,7,72,202,2018,4,15,1,3,7,7,0,1,0,1,0,0,0,0,637396.4084,5358970764.0,10.855189502,48.368941792,1,#66c2a5,bicycle
9,7,61,0,2018,4,17,1,3,0,7,0,1,0,0,0,0,0,0,639087.2217,5355805.2795,10.876960865,48.340108068,1,#66c2a5,bicycle
9,2,61,0,2018,4,7,3,3,4,2,0,1,0,0,1,0,0,0,732411.8961,5381361.2515,12.148961788,48.542255615,1,#66c2a5,bicycle
9,1,82,137,2018,4,19,3,2,0,1,0,1,0,0,0,0,0,0,708836.1557,5309519.4817,11.794564337,47.904977252,1,#66c2a5,bicycle
9,1,87,150,2018,4,20,3,3,5,7,1,1,1,0,0,0,0,0,730367.9476,5304119.2736,12.079404629,47.849091021,1,#66c2a5,bicycle
9,1,88,113,2018,4,7,3,2,0,7,0,1,0,0,0,0,0,0,676242.6088,5317685.6181,11.362172902,47.988171326,1,#66c2a5,bicycle
9,1,88,120,2018,4,14,3,3,2,6,0,1,1,0,0,0,0,0,676402.3013,5327466.7211,11.36833915,48.076054085,1,#66c2a5,bicycle
9,1,74,113,2018,4,18,3,3,8,1,0,0,0,0,1,0,0,0,672841.0064,5344399.7643,11.327444425,48.229249513,4,#e78ac3,marker
9,1,74,113,2018,4,12,3,3,5,3,0,0,1,0,1,0,0,0,677471.4625,5346848.0474,11.390767482,48.249978422,2,#fc8d62,car
9,2,61,0,2018,4,17,1,3,0,3,0,0,1,0,0,0,1,0,730660.5344,5382010.1684,12.125628693,48.548731002,2,#fc8d62,car
9,1,77,134,2018,4,13,3,2,5,3,0,1,1,0,0,0,0,0,716094825.0,5344739607.0,11.909363791,48.219045804,1,#66c2a5,bicycle
9,1,77,117,2018,4,13,3,3,5,6,0,1,1,0,0,0,0,0,715048.9506,5353501.9546,11.899754398,48.298133083,1,#66c2a5,bicycle
9,1,77,117,2018,4,9,3,3,0,5,0,1,1,0,0,0,0,0,715599.0403,5354422.2181,11.907631956,48.306214594,1,#66c2a5,bicycle
9,1,62,0,2018,4,16,2,3,2,6,0,1,1,0,0,0,0,0,691151.0322,5335555.8135,11.569778843,48.144508595,1,#66c2a5,bicycle
9,1,73,147,2018,4,18,1,2,4,2,0,1,1,0,0,0,0,0,681352.6803,5308106.1388,11.426564118,47.900631288,1,#66c2a5,bicycle
9,1,62,0,2018,4,17,2,3,5,3,0,0,1,0,1,0,0,0,687944.7965,5328333101.0,11.523536246,48.08054424,2,#fc8d62,car
9,1,73,126,2018,4,14,1,3,0,7,0,1,0,0,0,0,0,0,685611063.0,5303229.0227,11.481392605,47.85557353,1,#66c2a5,bicycle
9,1,62,0,2018,4,13,2,3,9,1,0,0,1,0,0,0,0,0,692915.8064,5335691.2112,11.593540204,48.145192835,2,#fc8d62,car
9,1,62,0,2018,4,8,2,3,0,7,0,1,0,0,0,0,0,0,691398.1013,5334476.6769,11.572611932,48.134735157,1,#66c2a5,bicycle
9,1,62,0,2018,4,12,2,3,0,1,0,0,0,0,0,0,1,0,692521.2299,5334820.4001,11.587847502,48.137485707,6,#ffd92f,circle
9,1,62,0,2018,4,7,2,3,5,3,0,0,1,0,1,0,0,0,687803.0277,5343625.3966,11.528381564,48.218036307,2,#fc8d62,car
9,1,87,117,2018,4,12,1,3,0,7,0,1,0,0,0,0,1,0,726012.3358,5304639.5596,12.02153802,47.855311824,1,#66c2a5,bicycle
9,1,62,0,2018,4,7,2,3,5,3,0,1,1,0,0,0,0,0,688363.0001,5337751.8773,11.533307703,48.165078716,1,#66c2a5,bicycle
9,1,86,146,2018,4,13,1,3,0,7,0,1,0,0,0,0,0,0,682972.8195,5370362.7775,11.475029261,48.459770797,1,#66c2a5,bicycle
9,1,62,0,2018,4,11,2,2,2,7,0,0,1,0,1,1,0,0,690273.6164,5336264.2808,11.558312003,48.151139304,2,#fc8d62,car
9,1,62,0,2018,4,15,2,3,0,7,0,0,1,0,0,0,1,0,692862.5418,5339951.5138,11.594756705,48.183499301,2,#fc8d62,car
9,1,81,127,2018,4,9,1,3,5,3,0,0,1,0,0,0,0,0,635137.3206,5326793.6339,10.814443481,48.080083414,2,#fc8d62,car
9,1,84,148,2018,4,18,2,2,1,1,0,1,1,0,0,0,0,0,695629.3941,5326420.7112,11.625732141,48.061045108,1,#66c2a5,bicycle
9,1,84,140,2018,4,18,2,3,3,2,0,1,1,0,0,0,0,0,702173.6244,5328431.4016,11.714418914,48.077075225,1,#66c2a5,bicycle
9,1,79,123,2018,4,9,1,3,5,6,0,1,1,0,0,0,0,0,676573.6784,5333274.7304,11.373041135,48.128216642,1,#66c2a5,bicycle
9,1,62,0,2018,4,9,2,3,4,2,0,0,1,0,1,0,0,0,699997.1584,5335306.2895,11.688453599,48.139546904,2,#fc8d62,car
9,1,74,122,2018,4,17,1,3,3,6,0,1,1,0,0,0,0,0,685292.8398,5351539.8155,11.49808549,48.289910937,1,#66c2a5,bicycle
9,1,75,132,2018,4,15,1,3,5,3,0,1,1,0,0,0,0,0,707439.9947,5330920.4477,11.786249423,48.097751557,1,#66c2a5,bicycle
9,1,62,0,2018,4,7,2,2,5,2,0,1,1,0,0,0,0,0,699624.2566,5332828.12,11.682285766,48.117392414,1,#66c2a5,bicycle
9,1,78,124,2018,4,20,1,3,0,1,2,1,0,0,0,0,0,0,703718.5476,5364035.8964,11.752257429,48.396542955,1,#66c2a5,bicycle
9,1,62,0,2018,4,16,2,3,4,6,0,1,0,0,0,0,0,0,690422.8054,5330162.5307,11.55759004,48.096252072,1,#66c2a5,bicycle
9,1,77,117,2018,4,1,1,2,0,1,2,1,0,0,0,0,0,0,715185.9116,5353338.6559,11.901515529,48.296619261,1,#66c2a5,bicycle
9,1,62,0,2018,4,20,2,3,6,4,1,0,1,1,0,0,0,0,693756.4332,5336468.6841,11.605183284,48.151925022,2,#fc8d62,car
9,1,62,0,2018,4,8,2,3,0,7,0,1,0,0,0,0,0,0,692936914.0,5334667179.0,11.593359748,48.135982701,1,#66c2a5,bicycle
9,1,84,122,2018,4,15,7,3,5,3,0,1,1,0,0,0,0,0,689439.1504,5324460.9199,11.541865371,48.045298007,1,#66c2a5,bicycle
9,1,62,0,2018,4,10,2,3,3,6,0,1,0,0,0,0,0,0,692483.5178,5337541.5705,11.58857162,48.161954351,1,#66c2a5,bicycle
9,1,62,0,2018,4,12,7,3,5,3,0,1,1,0,0,0,0,0,683802.0256,5337832.2833,11.472061549,48.167136495,1,#66c2a5,bicycle
9,1,62,0,2018,4,7,2,3,5,2,0,1,1,0,0,0,0,0,692338.6482,5337784.3866,11.586735232,48.164180562,1,#66c2a5,bicycle
9,1,62,0,2018,4,18,7,3,3,2,0,1,1,0,0,0,0,0,688759.7456,5336261.5499,11.537976935,48.151565831,1,#66c2a5,bicycle
9,1,62,0,2018,4,14,7,3,5,3,0,1,1,0,0,0,0,0,694309.1615,5341572.6433,11.61494012,48.197628444,1,#66c2a5,bicycle
9,1,62,0,2018,4,13,7,3,3,6,0,1,1,0,0,0,0,0,680578625.0,5340576692.0,11.429915159,48.192729313,1,#66c2a5,bicycle
9,1,62,0,2018,4,13,7,3,4,6,0,1,1,0,0,0,0,0,690509371.0,5340261.4122,11.563269388,48.186994607,1,#66c2a5,bicycle
9,7,61,0,2018,4,17,2,3,6,4,0,0,1,1,0,0,0,0,639383.0894,5360100.7485,10.882374255,48.378666709,2,#fc8d62,car
9,7,61,0,2018,4,16,2,3,5,3,0,1,1,0,0,0,0,0,642972.4464,5360021.0623,10.930793296,48.377147076,1,#66c2a5,bicycle
9,1,84,134,2018,4,11,7,3,0,1,0,1,0,0,0,0,0,0,693318.5885,5321690.9258,11.592614403,48.019238611,1,#66c2a5,bicycle
9,7,61,0,2018,4,10,2,3,5,3,0,1,1,0,0,0,0,0,640559.1559,5356938.1093,10.897191267,48.349968385,1,#66c2a5,bicycle
9,1,84,130,2018,4,12,7,3,5,3,0,1,1,0,0,0,0,0,698621281.0,5344204045.0,11.674137928,48.219942955,1,#66c2a5,bicycle
9,1,62,0,2018,4,13,7,3,1,6,0,0,1,0,1,0,0,0,700103.7271,5332945.3496,11.688775919,48.118295487,2,#fc8d62,car
9,1,62,0,2018,4,10,7,3,5,3,0,1,1,0,0,0,0,0,696314.3715,5333731.9285,11.638277422,48.126544315,1,#66c2a5,bicycle
9,7,77,141,2018,4,19,7,2,0,7,0,1,0,0,0,0,0,0,630641067.0,5306652789.0,10.747974485,47.899894113,1,#66c2a5,bicycle
9,7,71,130,2018,4,12,7,3,6,4,0,0,0,0,1,0,1,0,644512.2631,5363323.7686,10.952711827,48.406492059,4,#e78ac3,marker
9,7,72,170,2018,4,11,7,2,3,6,0,0,1,0,1,0,0,0,631927925.0,5336444.7123,10.774361132,48.167544688,2,#fc8d62,car
9,7,72,163,2018,4,14,7,3,0,7,0,1,0,0,0,0,0,0,639337581.0,5349282615.0,10.878183246,48.28140206,1,#66c2a5,bicycle
9,7,61,0,2018,4,5,7,2,8,6,2,0,1,0,0,0,0,0,639271.5548,5361201.8392,10.881233765,48.388592049,2,#fc8d62,car
9,7,61,0,2018,4,16,7,3,0,1,0,1,0,0,0,0,0,0,641602.5327,5355770.8143,10.910873566,48.339239425,1,#66c2a5,bicycle
9,2,61,0,2018,4,11,2,3,5,3,0,1,1,0,0,0,0,0,735927.1057,5382845.5938,12.197353581,48.554276711,1,#66c2a5,bicycle
9,1,87,182,2018,4,9,2,3,6,4,0,0,1,1,0,0,0,0,739836.7068,5327167.6992,12.218619335,48.052675125,2,#fc8d62,car
9,1,63,0,2018,4,10,2,3,3,2,0,1,1,0,0,0,0,0,733848.0999,5304028.0397,12.125804636,47.847014913,1,#66c2a5,bicycle
9,1,87,117,2018,4,8,2,3,1,6,0,0,1,0,0,0,0,0,724452.1834,5306614.31,12.001735328,47.873601776,2,#fc8d62,car
9,2,61,0,2018,4,7,7,2,5,3,0,1,1,0,0,0,0,0,731979.5459,5379790.0016,12.14223862,48.528301374,1,#66c2a5,bicycle
9,1,81,126,2018,4,7,2,3,2,6,0,0,1,0,0,0,0,0,636751.5108,5331797.0425,10.83770872,48.124731854,2,#fc8d62,car
9,1,79,145,2018,4,15,2,3,0,7,0,1,0,0,0,0,0,0,673959.6448,5334759.3405,11.338546996,48.142282275,1,#66c2a5,bicycle
9,1,73,147,2018,4,18,7,3,2,2,0,1,1,0,0,0,0,0,681660.1599,5308938.8236,11.431025143,47.908029502,1,#66c2a5,bicycle
9,1,79,123,2018,4,11,2,3,0,7,0,0,1,0,1,0,0,0,675741.3074,5332539.0084,11.361561102,48.121833343,2,#fc8d62,car
9,1,79,121,2018,4,10,2,3,0,1,0,1,0,0,0,0,0,0,667298.3226,5338494.7345,11.250540662,48.177650014,1,#66c2a5,bicycle
9,1,74,126,2018,4,10,2,1,6,2,0,0,1,1,0,0,0,0,683639.6761,5344956.5255,11.472962046,48.231219627,2,#fc8d62,car
9,1,78,124,2018,4,11,2,3,2,6,0,0,1,0,0,0,0,0,705073.8171,5363684.0468,11.770373274,48.392941981,2,#fc8d62,car
9,1,78,124,2018,4,18,2,3,4,2,0,1,1,0,0,0,0,0,703598.9819,5364647.3252,11.750940476,48.402075975,1,#66c2a5,bicycle
9,1,62,0,2018,4,15,1,3,5,2,0,1,1,0,0,0,0,0,693216.6778,5336191.0356,11.597807629,48.1495938,1,#66c2a5,bicycle
9,1,62,0,2018,4,20,1,2,5,3,1,0,1,0,1,0,0,0,691992.6105,5337731.0411,11.582062248,48.163805697,2,#fc8d62,car
9,1,90,159,2018,4,7,5,3,9,3,0,0,1,0,1,0,0,1,660189151.0,5305759.8408,11.142736102,47.885169151,2,#fc8d62,car
9,1,73,126,2018,4,16,5,3,6,2,0,0,1,1,0,0,0,0,686086.2015,5303335.6225,11.487784307,47.856394338,2,#fc8d62,car
9,1,63,0,2018,4,10,5,3,5,3,0,1,1,0,0,0,0,1,730704.7996,5304070.2576,12.083874572,47.848529848,1,#66c2a5,bicycle
9,1,63,0,2018,4,12,5,2,1,1,0,0,1,0,1,0,0,0,733375.4709,5306217.2274,12.120677914,47.866854433,2,#fc8d62,car
9,1,86,143,2018,4,16,5,3,0,4,0,0,1,1,0,0,0,0,687130.2957,5381504805.0,11.536205298,48.558688015,2,#fc8d62,car
9,1,86,143,2018,4,12,5,3,0,7,0,0,1,0,1,0,0,0,684490.1461,5378322.1546,11.499049124,48.530865463,2,#fc8d62,car
9,1,86,143,2018,4,20,5,3,0,1,1,1,0,0,0,0,0,0,685132.1994,5378574.4531,11.507849575,48.532944006,1,#66c2a5,bicycle
9,1,79,126,2018,4,17,5,3,3,3,0,1,1,0,0,0,0,0,676762.5135,5340051.2934,11.37839226,48.189080018,1,#66c2a5,bicycle
9,1,79,121,2018,4,7,5,3,5,3,0,0,1,0,0,0,0,1,666503.1484,5337769.8564,11.239568323,48.1713422,2,#fc8d62,car
9,1,79,121,2018,4,9,5,3,0,5,0,1,1,0,0,0,0,0,667297.2856,5338494.3232,11.250526562,48.177646589,1,#66c2a5,bicycle
9,1,74,115,2018,4,14,5,3,3,6,0,1,1,0,0,0,0,0,680522.0984,5347308.3183,11.432021619,48.253254165,1,#66c2a5,bicycle
9,1,74,115,2018,4,14,5,3,5,3,0,1,1,0,0,0,0,0,681220.5899,5347628.8445,11.441560196,48.255935909,1,#66c2a5,bicycle
9,1,75,124,2018,4,13,5,3,5,3,0,1,0,0,0,0,1,0,715266.9417,5328127763.0,11.889834478,48.070061953,1,#66c2a5,bicycle
9,1,62,0,2018,4,13,4,3,2,6,0,0,1,0,1,0,0,0,690148.0724,5334437.6109,11.555810056,48.134758743,2,#fc8d62,car
9,1,75,113,2018,4,2,7,3,8,1,2,0,1,0,0,0,0,0,717630.4221,5318236.6894,11.916497962,47.980384179,2,#fc8d62,car
9,1,62,0,2018,4,15,4,3,1,6,0,0,1,0,0,0,0,0,692008.9708,5335609.49,11.581324811,48.14473268,2,#fc8d62,car
9,1,62,0,2018,4,11,4,3,1,7,0,0,1,0,0,0,0,0,691043.6791,5339205.3043,11.569976075,48.177342022,2,#fc8d62,car
9,1,62,0,2018,4,13,6,3,5,3,0,1,0,0,0,0,1,0,686430.2244,5330287.4376,11.504073452,48.098555332,1,#66c2a5,bicycle
9,1,62,0,2018,4,16,4,3,4,6,0,0,1,0,0,0,0,0,689224.0888,5339500.9808,11.545655249,48.180543995,2,#fc8d62,car
9,1,62,0,2018,4,19,4,3,4,6,0,1,1,0,0,0,0,0,697172.0823,5331818.2673,11.648906609,48.109080457,1,#66c2a5,bicycle
9,1,84,140,2018,4,22,6,3,5,3,2,0,1,0,0,0,0,0,700616.3204,5328238.3625,11.6934437,48.075832168,2,#fc8d62,car
9,1,62,0,2018,4,9,6,3,3,6,0,1,0,0,0,0,0,0,690067.74,5336436778.0,11.555623796,48.152751261,1,#66c2a5,bicycle
9,1,62,0,2018,4,14,4,3,4,2,0,0,1,0,0,0,0,0,694456.9541,5333026.4891,11.613020753,48.120774168,2,#fc8d62,car
9,1,62,0,2018,4,7,6,3,3,6,0,0,1,0,0,0,0,0,686701.5176,5339458.9057,11.511734366,48.180912048,2,#fc8d62,car
9,1,62,0,2018,4,16,6,3,6,7,0,0,1,1,0,0,0,0,693332.4704,5333399.9949,11.59809602,48.124473561,2,#fc8d62,car
9,1,62,0,2018,4,19,4,2,0,6,0,1,1,0,0,0,0,0,691656954.0,5336182.5172,11.576855322,48.149989104,1,#66c2a5,bicycle
9,1,62,0,2018,4,15,4,2,0,7,0,1,0,0,0,0,0,0,689991.1516,5336538.9866,11.55464069,48.153692794,1,#66c2a5,bicycle
9,1,62,0,2018,4,16,4,3,4,6,0,1,0,0,0,0,0,0,688309.4664,5340187.3426,11.533667441,48.186984799,1,#66c2a5,bicycle
9,1,62,0,2018,4,10,4,3,2,6,0,0,1,0,0,0,0,0,688722.6321,5333401.4069,11.536211101,48.125869479,2,#fc8d62,car
9,1,62,0,2018,4,10,4,3,3,6,0,1,1,0,0,0,0,0,691984.8337,5335138.8606,11.580788475,48.14051003,1,#66c2a5,bicycle
9,1,62,0,2018,4,7,4,3,3,6,0,1,1,0,0,0,0,0,690311.1606,5332744.8775,11.557244002,48.119495685,1,#66c2a5,bicycle
9,1,62,0,2018,4,18,4,3,6,4,1,0,0,1,1,0,0,0,686456.1095,5339672.7349,11.508529956,48.182906066,3,#8da0cb,toilet
9,1,62,0,2018,4,10,4,3,5,2,0,1,1,0,0,0,0,0,692529.0627,5340440.0757,11.59049628,48.187991487,1,#66c2a5,bicycle
9,1,62,0,2018,4,14,4,3,0,1,0,1,0,0,0,0,0,0,686268.1092,5336202.5793,11.504483151,48.151770365,1,#66c2a5,bicycle
9,1,62,0,2018,4,15,4,3,5,2,0,1,1,0,0,0,0,0,687434038.0,5336064152.0,11.520083101,48.150183628,1,#66c2a5,bicycle
9,1,62,0,2018,4,9,4,3,5,3,0,0,1,0,0,0,0,0,688816523.0,5335447884.0,11.538378666,48.144235657,2,#fc8d62,car
9,1,62,0,2018,4,15,6,3,5,2,0,1,1,0,0,0,0,0,694043.0895,5341820.3891,11.611476525,48.199936422,1,#66c2a5,bicycle
9,1,62,0,2018,4,19,4,3,0,3,0,0,1,0,1,0,0,1,685973.9484,5334392.7524,11.499741421,48.135589023,2,#fc8d62,car
9,1,62,0,2018,4,13,6,3,0,7,0,1,1,0,0,0,0,0,694574.4405,5335792.0072,11.615860769,48.145593633,1,#66c2a5,bicycle
9,1,62,0,2018,4,13,6,3,5,3,0,1,0,0,1,0,0,0,692025.2992,5336389.1958,11.581895808,48.151735599,1,#66c2a5,bicycle
9,1,62,0,2018,4,0,6,2,6,4,2,0,1,1,0,0,0,0,691641.6427,5333771433.0,11.575564782,48.128323221,2,#fc8d62,car
9,1,62,0,2018,4,7,4,3,5,3,0,1,1,0,0,0,0,0,695794.3878,5336369.2157,11.632509326,48.150406982,1,#66c2a5,bicycle
9,1,62,0,2018,4,18,6,3,4,6,0,1,0,0,0,0,0,0,683209.5083,5335513.1365,11.463101494,48.146461625,1,#66c2a5,bicycle
9,1,62,0,2018,4,13,6,3,6,4,0,0,1,1,0,0,0,0,680134.4648,5335535.5729,11.421808188,48.147541501,2,#fc8d62,car
9,1,62,0,2018,4,22,4,3,9,1,2,1,0,0,0,0,0,0,692634.1863,5332569.5825,11.588346874,48.117221644,1,#66c2a5,bicycle
9,1,62,0,2018,4,15,4,3,1,5,0,1,1,0,0,0,0,0,691964.7858,5337416.8846,11.581546659,48.160990527,1,#66c2a5,bicycle
9,1,62,0,2018,4,7,6,3,5,3,0,0,1,0,1,0,0,0,686610.0018,5339555.7295,11.510546933,48.18180921,2,#fc8d62,car
9,7,72,130,2018,4,7,5,3,5,3,0,1,1,0,0,0,0,0,632337.6157,5357277.4692,10.78638589,48.354796298,1,#66c2a5,bicycle
9,1,62,0,2018,4,13,4,3,5,2,0,0,1,0,1,0,0,0,691666.2888,5338297.5491,11.577933557,48.168995822,2,#fc8d62,car
9,1,62,0,2018,4,13,6,3,2,6,0,0,1,0,0,0,0,0,690461.6578,5340254.4294,11.562624951,48.186946154,2,#fc8d62,car
9,1,62,0,2018,4,18,4,3,2,6,0,1,0,0,0,0,0,0,692177.4851,5339124.7166,11.585175868,48.176275853,1,#66c2a5,bicycle
9,1,62,0,2018,4,13,6,2,5,3,0,1,1,0,0,0,0,0,685949663.0,5332736.2428,11.49869251,48.120706719,1,#66c2a5,bicycle
9,1,62,0,2018,4,16,4,3,2,6,0,0,1,0,1,0,0,0,691766.4635,5335471.0202,11.57800566,48.143561279,2,#fc8d62,car
9,1,62,0,2018,4,18,6,3,0,1,0,1,0,0,0,0,0,0,691788.7766,5332045.6957,11.57676379,48.112768178,1,#66c2a5,bicycle
9,1,62,0,2018,4,13,4,3,1,7,0,1,1,0,0,0,0,0,691149075.0,5336253.0987,11.570065648,48.150776309,1,#66c2a5,bicycle
9,1,62,0,2018,4,9,6,3,3,3,0,1,1,0,0,0,0,0,693417.4868,5335200.5402,11.600054676,48.140630513,1,#66c2a5,bicycle
9,1,62,0,2018,4,15,4,3,6,4,0,0,1,1,0,0,0,0,692697.4439,5334831.9193,11.590218851,48.137535904,2,#fc8d62,car
9,1,62,0,2018,4,21,6,3,3,7,2,0,1,0,0,0,1,0,689489.8268,5334918.9299,11.547185676,48.139281202,2,#fc8d62,car
9,1,62,0,2018,4,9,4,2,0,1,0,1,0,0,0,0,0,0,691614.3126,5335398.1202,11.575929565,48.142951906,1,#66c2a5,bicycle
9,1,62,0,2018,4,12,6,3,0,1,0,1,0,0,0,0,0,0,692306472.0,5337489.4473,11.586169613,48.161539454,1,#66c2a5,bicycle
9,7,72,200,2018,4,15,5,3,5,3,0,0,1,0,0,0,0,0,630550.8147,5336906.0781,10.755990475,48.17197796,2,#fc8d62,car
9,1,62,0,2018,4,13,6,3,5,2,0,0,1,0,0,0,1,0,691651.3176,5338422.3253,11.577788644,48.1701218,2,#fc8d62,car
9,1,62,0,2018,4,7,6,3,5,3,0,0,1,0,0,0,0,0,690908.8624,5335643.1659,11.56656574,48.145366427,2,#fc8d62,car
9,1,62,0,2018,4,19,6,3,5,2,0,0,1,0,1,0,0,0,691753.2195,5334454.1097,11.57736997,48.134425428,2,#fc8d62,car
9,7,72,177,2018,4,17,5,3,0,7,0,1,0,0,0,0,0,0,636512.2351,5378587.4418,10.849656166,48.545522714,1,#66c2a5,bicycle
9,1,62,0,2018,4,14,6,3,1,5,0,1,1,0,0,0,0,0,691407.0808,5335053.1245,11.572991537,48.139913504,1,#66c2a5,bicycle
9,7,72,147,2018,4,8,4,3,3,2,0,1,1,0,0,0,0,0,639032.1034,5364986.2338,10.879254793,48.422673047,1,#66c2a5,bicycle
9,7,72,147,2018,4,10,4,3,4,2,0,0,1,0,0,0,1,0,639026717.0,5364286.1378,10.878949941,48.416379194,2,#fc8d62,car
9,7,72,184,2018,4,18,5,3,8,1,0,1,0,0,0,0,0,0,634900.7947,5360513.11,10.82200541,48.383348982,1,#66c2a5,bicycle
9,7,61,0,2018,4,17,4,3,5,3,0,1,1,0,0,0,0,0,638247.5117,5358247.7351,10.866437524,48.362254585,1,#66c2a5,bicycle
9,7,61,0,2018,4,8,4,3,5,3,0,0,1,0,0,0,1,0,638654949.0,5358597.35,10.8720504,48.365308899,2,#fc8d62,car
9,7,61,0,2018,4,14,4,3,1,7,0,0,1,0,0,0,0,0,639569449.0,5360763.1508,10.885109625,48.384581643,2,#fc8d62,car
9,7,61,0,2018,4,7,4,3,0,1,0,1,0,0,0,0,0,0,639695.1746,5359486.2334,10.886382398,48.373072144,1,#66c2a5,bicycle
9,7,61,0,2018,4,19,5,3,8,1,1,0,1,0,0,0,0,0,638296393.0,5362482837.0,10.868490765,48.400325074,2,#fc8d62,car
9,7,61,0,2018,4,15,5,3,5,7,0,1,1,0,0,0,0,0,641058.8705,5351420.5467,10.902086004,48.300244664,1,#66c2a5,bicycle
9,7,72,147,2018,4,11,6,2,0,7,0,1,0,1,0,0,0,0,639279563.0,5365953.9564,10.882919273,48.43131981,1,#66c2a5,bicycle
9,7,71,130,2018,4,16,6,3,2,6,0,0,1,0,0,0,0,0,649518176.0,5356144287.0,11.017757766,48.340773761,2,#fc8d62,car
9,7,61,0,2018,4,22,6,3,0,1,2,1,0,0,0,0,0,0,637489.6428,5361892.9018,10.857403749,48.39519693,1,#66c2a5,bicycle
9,7,61,0,2018,4,8,6,3,6,2,0,0,1,1,0,0,0,0,638784.7779,5360393.1053,10.874395082,48.381427407,2,#fc8d62,car
9,7,61,0,2018,4,13,6,3,1,7,0,0,1,0,1,0,0,0,643695.2832,5358693.1869,10.940095377,48.365043365,2,#fc8d62,car
9,7,61,0,2018,4,7,6,3,5,3,0,1,1,0,0,0,0,0,643613.6484,5358398.5794,10.938893266,48.362412993,1,#66c2a5,bicycle
9,7,61,0,2018,4,13,6,3,3,2,0,0,0,0,1,0,0,0,642434.1528,5358269.6797,10.922934904,48.361521206,4,#e78ac3,marker
9,7,61,0,2018,4,16,6,3,4,2,0,1,1,0,0,0,0,0,639464.7644,5360084.0066,10.883471105,48.378498122,1,#66c2a5,bicycle
9,7,61,0,2018,4,22,6,3,0,1,2,1,0,0,0,0,0,0,641056.8752,5359164.8349,10.904651874,48.369879348,1,#66c2a5,bicycle
9,2,61,0,2018,4,17,4,3,5,3,0,1,1,0,0,0,0,0,735597.0542,5382379.4752,12.19262418,48.55021393,1,#66c2a5,bicycle
9,2,61,0,2018,4,13,4,3,0,1,0,1,0,0,0,0,0,0,733709.8877,5381005.2921,12.16632082,48.53857611,1,#66c2a5,bicycle
9,1,73,147,2018,4,12,6,3,6,4,0,0,1,1,0,0,0,0,681145.6581,5309731.5182,11.424479339,47.915300743,2,#fc8d62,car
9,1,63,0,2018,4,0,4,3,0,1,2,1,0,0,0,0,0,0,733975259.0,5304268109.0,12.127631525,47.849125434,1,#66c2a5,bicycle
9,1,63,0,2018,4,7,4,3,5,3,0,1,1,0,0,0,0,0,731375.8231,5304094.1683,12.092843562,47.848503519,1,#66c2a5,bicycle
9,1,63,0,2018,4,14,4,3,4,2,0,1,1,0,0,0,0,0,733911.2316,5303099.5699,12.126145507,47.838650552,1,#66c2a5,bicycle
9,1,87,150,2018,4,8,4,3,0,1,0,1,0,0,0,0,0,0,729012.9838,5304335.2605,12.061433502,47.851515684,1,#66c2a5,bicycle