ULAND,UREGBEZ,UKREIS,UGEMEINDE,UJAHR,UMONAT,USTUNDE,UWOCHENTAG,UKATEGORIE,UART,UTYP1,ULICHTVERH,IstRad,IstPKW,IstFuss,IstKrad,IstGkfz,IstSonstig,STRZUSTAND,LINREFX,LINREFY,XGCSWGS84,YGCSWGS84,Teilnehmer,color,symbol
9,1,82,125,2018,4,13,6,3,6,4,0,0,1,1,0,0,0,0,712410.1897,5296780.7641,11.836077865,47.789329142,2,#fc8d62,car
9,1,82,133,2018,4,19,6,3,6,7,0,0,1,1,0,0,0,0,704263.2068,5306054.1902,11.731804177,47.875306552,2,#fc8d62,car
9,1,82,120,2018,4,11,6,3,0,1,0,1,0,0,0,0,0,0,703003.9921,5308319.6824,11.71604814,47.896066363,1,#66c2a5,bicycle
9,1,81,130,2018,4,8,4,3,2,5,0,0,1,0,0,1,0,0,637136.2192,5325326.5937,10.840797023,48.06646434,2,#fc8d62,car
9,1,87,117,2018,4,8,6,3,5,3,0,1,1,0,0,0,0,0,724786.9416,5304992.3175,12.005362529,47.858911102,1,#66c2a5,bicycle
9,1,79,121,2018,4,11,4,3,0,7,0,0,0,0,1,0,0,0,668201.9178,5338093.4325,11.262527441,48.173803809,4,#e78ac3,marker
9,1,79,125,2018,4,17,4,2,0,1,0,1,0,0,0,0,0,0,661918.3091,5332642.0598,11.175995629,48.126425622,1,#66c2a5,bicycle
9,1,87,150,2018,4,7,6,3,2,6,0,0,1,0,1,0,0,0,730424.3192,5304098695.0,12.080146084,47.848885932,2,#fc8d62,car
9,1,77,117,2018,4,15,4,3,5,7,0,1,1,0,0,0,0,0,715568469.0,5354217.7617,11.907115797,48.304387947,1,#66c2a5,bicycle
9,1,78,124,2018,4,7,4,3,2,6,0,0,1,0,0,0,0,0,703552.0378,5364689.9988,11.750327637,48.402474604,2,#fc8d62,car
9,1,79,123,2018,4,8,6,3,0,7,0,1,0,0,0,0,0,0,675854.2007,5334283.3859,11.363796694,48.137482938,1,#66c2a5,bicycle
9,1,77,115,2018,4,14,4,3,9,6,0,0,1,0,1,0,0,0,729645.53,5353261132.0,12.096156957,48.290841838,2,#fc8d62,car
9,1,74,115,2018,4,14,6,3,0,2,0,1,1,0,0,0,0,0,681231.6259,5347865.0326,11.441809896,48.258055754,1,#66c2a5,bicycle
9,1,75,127,2018,4,16,6,3,5,3,0,0,1,0,1,0,0,0,712006.0451,5341499.7361,11.852768158,48.191312501,2,#fc8d62,car
9,1,62,0,2018,4,18,3,3,2,6,0,0,0,0,1,1,0,0,692323.2887,5334247.4912,11.584930967,48.132396366,4,#e78ac3,marker
9,1,62,0,2018,4,17,3,3,5,3,0,1,1,0,0,0,0,0,692147.2249,5337938.0573,11.584232951,48.165619601,1,#66c2a5,bicycle
9,1,78,124,2018,4,11,6,3,0,1,0,0,1,0,0,0,0,0,704541.9912,5364432.4039,11.763561926,48.399839475,2,#fc8d62,car
9,1,62,0,2018,4,15,3,3,0,7,0,0,0,0,1,0,0,0,692235.9677,5335526.8241,11.584335965,48.143921146,4,#e78ac3,marker
9,1,62,0,2018,4,11,3,3,2,6,0,0,1,0,0,0,1,0,687302.9254,5334368.2078,11.517576055,48.134978655,2,#fc8d62,car
9,1,78,124,2018,4,13,6,3,2,1,0,0,1,0,1,0,0,0,702852.2708,5364750.0261,11.740912894,48.403239542,2,#fc8d62,car
9,1,77,117,2018,4,15,6,3,0,3,0,1,1,0,0,0,0,0,715077.0053,5351127.9888,11.898923729,48.276792987,1,#66c2a5,bicycle
9,1,62,0,2018,4,17,5,3,5,2,0,0,1,0,1,0,0,0,687449.1575,5336063.5514,11.520285917,48.150173774,2,#fc8d62,car
9,1,62,0,2018,4,15,3,3,0,7,0,0,0,0,0,0,1,0,685603.2355,5328184.9287,11.492062744,48.079898299,6,#ffd92f,circle
9,1,62,0,2018,4,6,5,2,5,3,0,0,1,0,1,0,0,1,687527.6827,5331979.5182,11.519543134,48.113442257,2,#fc8d62,car
9,1,62,0,2018,4,14,5,3,5,2,0,1,1,0,0,0,0,0,686222.9808,5334853.0273,11.503286679,48.139653322,1,#66c2a5,bicycle
9,1,62,0,2018,4,7,3,3,5,3,0,1,1,0,0,0,0,0,686280.6516,5331250.6949,11.502486903,48.107257251,1,#66c2a5,bicycle
9,1,84,120,2018,4,9,3,3,0,2,0,0,1,0,1,0,0,0,682251.8445,5332597.7441,11.448991537,48.120530995,2,#fc8d62,car
9,1,62,0,2018,4,8,5,3,5,3,0,0,1,0,0,0,0,1,686396.5564,5332295.5092,11.50449901,48.116614563,2,#fc8d62,car
9,1,62,0,2018,4,8,5,2,5,3,0,1,1,0,0,0,0,0,686033415.0,5336202518.0,11.501330646,48.151838503,1,#66c2a5,bicycle
9,1,62,0,2018,4,16,3,2,4,2,0,0,1,0,1,0,0,0,693510.4554,5332859.4847,11.600239967,48.119561534,2,#fc8d62,car
9,1,62,0,2018,4,19,3,3,5,3,0,1,1,0,0,0,0,0,688634263.0,5333548072.0,11.535089643,48.127213921,1,#66c2a5,bicycle
9,1,62,0,2018,4,7,5,3,5,3,0,1,1,0,0,0,0,0,690425.9319,5342511.3397,11.563157039,48.207241675,1,#66c2a5,bicycle
9,1,62,0,2018,4,6,3,2,4,2,0,0,1,0,0,0,0,0,681239.1164,5338099.1365,11.437737817,48.17027106,2,#fc8d62,car
9,1,62,0,2018,4,8,5,3,3,5,0,1,1,0,0,0,0,0,697286863.0,5329939885.0,11.649578664,48.092163156,1,#66c2a5,bicycle
9,1,62,0,2018,4,17,5,3,4,2,0,1,1,0,0,0,0,0,685238.6019,5333733.6811,11.489580514,48.129879446,1,#66c2a5,bicycle
9,1,62,0,2018,4,13,5,3,5,3,0,1,1,0,0,0,0,0,691105.0798,5331729.7858,11.567446077,48.110134302,1,#66c2a5,bicycle
9,1,62,0,2018,4,16,3,3,6,4,0,0,1,1,0,0,0,0,683094.5844,5340853922.0,11.463857867,48.194500888,2,#fc8d62,car
9,1,62,0,2018,4,18,5,3,1,1,0,0,1,0,0,1,0,0,692602.2848,5331301.4085,11.587346055,48.105833166,2,#fc8d62,car
9,1,62,0,2018,4,20,5,3,3,6,2,1,1,0,0,0,0,0,689069.1527,5332685.6429,11.54054573,48.119333274,1,#66c2a5,bicycle
9,1,62,0,2018,4,10,3,3,5,3,0,0,1,0,0,0,0,0,694479.5295,5334190.4921,11.613854909,48.131228887,2,#fc8d62,car
9,1,62,0,2018,4,19,3,2,3,2,0,1,1,0,0,0,0,0,691920.7199,5333880.7998,11.579360751,48.129222115,1,#66c2a5,bicycle
9,1,62,0,2018,4,5,3,3,5,3,2,1,1,0,0,0,0,1,691000.9644,5333218.5459,11.566715604,48.123546458,1,#66c2a5,bicycle
9,7,78,116,2018,4,9,5,2,0,7,0,1,0,0,0,0,0,0,619599.7582,5318435.3228,10.60358069,48.008016593,1,#66c2a5,bicycle
9,1,84,119,2018,4,18,3,3,5,3,0,1,1,0,0,0,0,0,696769.6477,5347771.4895,11.650893167,48.252581115,1,#66c2a5,bicycle
9,1,62,0,2018,4,10,3,3,5,3,0,0,0,0,0,0,1,0,684835.5698,5339686.3996,11.486755003,48.183502414,6,#ffd92f,circle
9,1,62,0,2018,4,13,3,3,0,7,0,0,1,0,0,0,0,0,698793.9127,5334923.8817,11.672118844,48.136487181,2,#fc8d62,car
9,1,62,0,2018,4,7,3,2,5,3,0,1,1,0,0,0,0,0,698863.9819,5331907.1727,11.671652349,48.109353533,1,#66c2a5,bicycle
9,1,62,0,2018,4,19,3,3,6,7,2,1,0,1,0,0,0,0,693660.0082,5336170.6783,11.603752589,48.149276017,1,#66c2a5,bicycle
9,1,62,0,2018,4,8,3,3,6,6,0,1,0,1,0,0,0,0,693000.7239,5333837.0909,11.593840524,48.12850273,1,#66c2a5,bicycle
9,1,62,0,2018,5,12,3,3,5,3,0,0,1,0,0,0,0,0,691421.6673,5339035.5588,11.574979114,48.175702633,2,#fc8d62,car
9,1,81,128,2018,4,12,7,3,1,7,0,0,1,0,1,0,0,0,638027.0212,5327497.2739,10.853449069,48.085791726,2,#fc8d62,car
9,1,74,118,2018,4,17,7,2,0,1,0,1,0,0,0,0,0,0,668388391.0,5355873.16,11.272107707,48.333589337,1,#66c2a5,bicycle
9,1,63,0,2018,4,19,2,3,0,5,0,0,0,0,1,0,0,0,734011.3002,5306191.0111,12.129152888,47.866387635,4,#e78ac3,marker
9,1,82,125,2018,4,16,2,3,5,3,0,0,1,0,1,0,0,0,712569602.0,5297231898.0,11.838424552,47.793330655,2,#fc8d62,car
9,1,62,0,2018,4,12,2,3,2,6,0,0,1,0,0,0,0,0,690821205.0,5334208152.0,11.564745576,48.132494904,2,#fc8d62,car
9,1,79,119,2018,5,18,3,3,0,1,0,1,0,0,0,0,0,0,669096.4949,5339253.7278,11.275012509,48.183997241,1,#66c2a5,bicycle
9,1,81,130,2018,4,13,2,3,2,6,0,0,1,0,1,0,0,0,640310448.0,5323570.9226,10.882805602,48.049986595,2,#fc8d62,car
9,1,74,115,2018,4,12,2,3,5,7,0,0,1,0,0,0,0,0,683569.65,5348243.0006,11.473444769,48.26078009,2,#fc8d62,car
9,1,75,132,2018,4,19,2,3,5,3,0,0,1,0,0,0,0,0,707086.8743,5331652.7912,11.781867583,48.104447545,2,#fc8d62,car
9,7,61,0,2018,5,20,3,3,5,3,1,0,1,0,0,0,0,0,638958.8127,5360593.0457,10.876810359,48.383186912,2,#fc8d62,car
9,1,78,124,2018,4,13,2,3,1,5,0,0,1,0,0,0,0,0,702921.1773,5365313.5789,11.742115269,48.408281587,2,#fc8d62,car
9,1,77,117,2018,4,16,2,3,6,4,0,0,1,1,0,0,0,0,715782.1734,5354866.0935,11.910325384,48.310140418,2,#fc8d62,car
9,1,62,0,2018,4,12,2,3,6,4,0,1,0,1,0,0,0,0,686582.4479,5332642.1334,11.507145923,48.119675715,1,#66c2a5,bicycle
9,1,62,0,2018,4,17,1,3,5,3,0,0,1,0,0,0,0,0,688560.0813,5343331.4178,11.538432666,48.21516952,2,#fc8d62,car
9,1,62,0,2018,4,16,1,3,5,3,0,1,1,0,0,0,0,0,688827.9593,5342490.8647,11.541661075,48.207534988,1,#66c2a5,bicycle
9,1,62,0,2018,4,19,1,3,5,2,0,0,1,0,0,0,1,0,688695.5117,5337850.9418,11.537819082,48.165870511,2,#fc8d62,car
9,1,62,0,2018,4,14,1,3,1,3,0,1,1,0,0,0,0,0,693701.4868,5332269.8042,11.602536292,48.114203574,1,#66c2a5,bicycle
9,1,62,0,2018,4,16,1,3,5,3,0,1,1,0,0,0,0,0,699262.3417,5332956.9104,11.677488529,48.118663222,1,#66c2a5,bicycle
9,1,62,0,2018,4,20,2,3,4,2,2,0,1,0,1,0,0,1,690148.5554,5334740.6798,11.555951826,48.137482585,2,#fc8d62,car
9,1,62,0,2018,4,9,1,3,5,2,0,1,1,0,0,0,0,0,698596.1088,5331485.3474,11.667861288,48.105646053,1,#66c2a5,bicycle
9,1,78,124,2018,5,17,4,3,2,6,0,0,1,0,0,0,0,0,703808.13,5364311749.0,11.753600117,48.398992867,2,#fc8d62,car
9,1,62,0,2018,4,19,1,3,5,2,0,1,1,0,0,0,0,0,692277.5248,5341898898.0,11.587775981,48.201179125,1,#66c2a5,bicycle
9,1,62,0,2018,4,22,1,3,1,6,2,0,1,0,0,0,0,0,690752.1865,5340298.6021,11.566549727,48.187256,2,#fc8d62,car
9,1,77,119,2018,4,15,7,3,5,6,0,1,1,0,0,0,0,0,720770.3496,5341483.6825,11.970531677,48.188182842,1,#66c2a5,bicycle
9,1,63,0,2018,4,12,7,3,0,3,0,0,1,0,0,0,1,0,733326.8424,5305274.0237,12.119519719,47.858398305,2,#fc8d62,car
9,1,84,112,2018,4,15,1,2,8,7,0,1,0,0,0,0,0,0,702391574.0,5340196455.0,11.722929487,48.182736653,1,#66c2a5,bicycle
9,7,62,0,2018,4,11,2,3,5,3,0,0,1,0,0,0,1,0,621383.8632,5305409.7772,10.623817086,47.89053316,2,#fc8d62,car
9,1,62,0,2018,4,17,1,3,3,7,0,0,1,0,0,0,0,0,699919.5398,5335429.0808,11.687469045,48.140674827,2,#fc8d62,car
9,1,62,0,2018,4,23,1,2,0,4,2,0,0,1,0,0,1,0,690328.2376,5334950834.0,11.558458503,48.139317733,3,#8da0cb,toilet
9,1,84,120,2018,5,13,3,3,0,6,0,1,0,1,0,0,0,0,681071.6397,5332184148.0,11.432971876,48.117149956,1,#66c2a5,bicycle
9,1,62,0,2018,4,14,1,2,1,6,0,0,1,0,0,0,0,0,691272.5106,5338949.7582,11.572936169,48.174976382,2,#fc8d62,car
9,1,79,113,2018,5,15,3,3,0,7,0,1,0,0,0,0,0,0,670963.0162,5335838.4549,11.298730501,48.152795513,1,#66c2a5,bicycle
9,7,72,134,2018,5,2,3,3,8,1,2,1,0,0,0,0,0,0,633417.1842,5384614.3373,10.809675728,48.600381292,1,#66c2a5,bicycle
9,7,71,114,2018,4,6,2,3,5,3,0,0,1,0,0,0,0,0,646739.1971,5371891.3152,10.985786318,48.483009129,2,#fc8d62,car
9,1,63,0,2018,4,13,7,3,2,6,0,0,1,0,1,0,0,0,733729887.0,5303672601.0,12.124034994,47.843864623,2,#fc8d62,car
9,7,72,211,2018,4,20,1,3,9,1,1,0,0,0,1,0,0,0,621198785.0,5353057549.0,10.634878648,48.319082919,4,#e78ac3,marker
9,7,72,163,2018,4,15,1,3,0,1,0,1,0,0,0,0,0,0,639706.4124,5347434.5904,10.882541359,48.264703534,1,#66c2a5,bicycle
9,1,77,117,2018,5,16,3,3,0,1,0,1,0,0,0,0,0,0,715726.0215,5353205.2009,11.908720332,48.295236281,1,#66c2a5,bicycle
9,7,61,0,2018,4,14,1,2,0,7,0,1,0,0,0,0,0,0,639630.0431,5361707.9385,10.886241618,48.393063477,1,#66c2a5,bicycle
9,7,61,0,2018,4,1,1,3,0,1,2,0,1,0,0,0,0,0,637946.4748,5353293.0296,10.86075286,48.31776823,2,#fc8d62,car
9,1,62,0,2018,4,18,2,3,1,5,0,1,1,0,0,0,0,0,696752.2162,5331606.3474,11.64317442,48.107305666,1,#66c2a5,bicycle
9,1,62,0,2018,4,12,2,3,5,3,0,1,1,0,0,0,0,0,693393.6057,5332815.3013,11.598651467,48.119199925,1,#66c2a5,bicycle
9,7,71,156,2018,4,18,2,2,5,7,0,0,1,0,1,0,0,0,650526.5464,5383504.6028,11.041200813,48.586524625,2,#fc8d62,car
9,1,77,115,2018,5,13,4,3,5,5,0,1,1,0,0,0,0,0,733677.4898,5351486.2116,12.149451267,48.273422054,1,#66c2a5,bicycle
9,7,61,0,2018,4,16,2,2,5,3,0,1,1,0,0,0,0,0,641787.8638,5362036.6494,10.915485464,48.395537627,1,#66c2a5,bicycle
9,1,62,0,2018,5,9,3,3,5,7,0,0,1,0,0,0,0,0,680540.5208,5335713.5121,11.427337778,48.149025858,2,#fc8d62,car
9,1,79,114,2018,5,17,3,3,4,6,0,1,1,0,0,0,0,0,653424.3181,5344903751.0,11.06635318,48.238775166,1,#66c2a5,bicycle
9,1,63,0,2018,5,18,3,3,3,2,0,1,1,0,0,0,0,0,733176.0403,5304569.36,12.117126793,47.852122279,1,#66c2a5,bicycle
9,1,88,113,2018,4,12,7,3,0,7,0,1,0,0,0,0,1,0,674577608.0,5312302979.0,11.337690766,47.940239401,1,#66c2a5,bicycle
9,1,62,0,2018,4,8,2,3,0,7,0,1,0,0,0,0,0,1,690451.6214,5336106.8641,11.560632444,48.149671175,1,#66c2a5,bicycle
9,7,72,163,2018,5,15,3,3,9,1,0,0,1,0,0,0,0,0,639572.1738,5348345.7587,10.881034265,48.272926269,2,#fc8d62,car
9,1,62,0,2018,4,9,2,3,5,7,0,1,1,0,0,0,0,0,684724.8763,5337347.8699,11.484251036,48.162514863,1,#66c2a5,bicycle
9,2,74,126,2018,4,16,1,2,7,7,0,0,1,0,1,0,0,0,733590.9329,5384472.6617,12.166656813,48.569766286,2,#fc8d62,car
9,1,73,147,2018,4,16,1,3,1,6,0,1,1,0,0,0,0,0,681883792.0,5308735227.0,11.433929198,47.906135958,1,#66c2a5,bicycle
9,1,90,138,2018,4,11,1,2,1,3,0,1,1,0,0,0,0,0,664937191.0,5309846617.0,11.207761766,47.920709582,1,#66c2a5,bicycle
9,1,73,118,2018,4,12,1,3,4,1,0,1,1,0,0,0,0,0,690061.7887,5301989.4056,11.540289053,47.843130273,1,#66c2a5,bicycle
9,1,62,0,2018,4,8,2,3,0,7,0,1,0,0,0,0,0,0,692945.0824,5333915.3382,11.59312895,48.129222866,1,#66c2a5,bicycle
9,1,79,121,2018,5,14,4,3,0,7,0,1,0,0,0,0,0,0,666720.7776,5338601.6303,11.2428195,48.178762806,1,#66c2a5,bicycle
9,1,82,125,2018,4,22,1,3,2,6,2,0,1,0,0,0,0,0,712657.0134,5297468.7611,11.839706332,47.795430359,2,#fc8d62,car
9,1,88,137,2018,4,21,1,2,0,1,2,1,0,0,0,0,0,0,671543.9153,5314065.9697,11.297804848,47.95690816,1,#66c2a5,bicycle
9,1,81,122,2018,4,16,1,3,0,1,0,1,0,0,0,0,0,0,650381.5747,5331178.9736,11.020542886,48.116100657,1,#66c2a5,bicycle
9,1,88,132,2018,4,23,1,2,0,7,2,1,0,0,0,0,0,0,665411.1885,5322607.0699,11.219014475,48.035310078,1,#66c2a5,bicycle
9,1,79,123,2018,4,15,1,3,0,7,0,1,0,0,0,0,0,0,676167.4241,5334180.0264,11.367960504,48.136467172,1,#66c2a5,bicycle
9,1,62,0,2018,5,16,3,3,0,6,0,0,1,0,0,0,0,0,689046.6191,5335561.4913,11.541519279,48.14518844,2,#fc8d62,car
9,1,88,121,2018,4,2,1,3,0,7,2,1,0,0,0,0,0,0,670811.6869,5330173.2942,11.294426743,48.101907756,1,#66c2a5,bicycle
9,1,81,114,2018,4,18,1,3,1,7,0,0,1,0,0,0,0,0,655699.8262,5312212.3202,11.085057768,47.944290349,2,#fc8d62,car
9,1,81,130,2018,5,5,3,3,0,1,2,1,0,0,0,0,0,0,638697.9145,5324605.7195,10.861514639,48.059644326,1,#66c2a5,bicycle
9,1,74,126,2018,4,20,1,3,5,2,2,1,1,0,0,0,0,0,682178.2209,5344199.0814,11.452974762,48.224832742,1,#66c2a5,bicycle
9,1,77,117,2018,4,13,1,3,0,1,0,1,0,0,0,0,0,0,715394.3982,5351955.9667,11.90361796,48.284124653,1,#66c2a5,bicycle
9,1,62,0,2018,4,17,7,3,2,6,0,1,1,0,0,0,0,0,694499649.0,5329576.0254,11.612021041,48.089749547,1,#66c2a5,bicycle
9,1,62,0,2018,4,16,7,3,5,3,0,1,0,0,1,0,0,0,691606.7057,5332676.2189,11.574603447,48.118490066,1,#66c2a5,bicycle
9,7,72,211,2018,5,14,3,3,0,7,0,1,0,0,0,0,0,0,622450.1691,5354362.4226,10.652130647,48.33057643,1,#66c2a5,bicycle
9,1,62,0,2018,4,16,7,3,0,2,0,0,1,1,0,0,0,0,692760.7349,5333149.6124,11.590307692,48.12239654,2,#fc8d62,car
9,1,62,0,2018,4,15,7,3,1,5,0,0,1,0,1,0,0,0,690985.0531,5334324.8134,11.566997792,48.133494305,2,#fc8d62,car
9,1,62,0,2018,4,7,2,3,5,7,0,0,1,0,0,0,0,0,688584149.0,5332057442.0,11.533757475,48.113830707,2,#fc8d62,car
9,1,62,0,2018,4,11,7,3,0,7,0,1,0,0,0,0,0,0,691891.9079,5333516.1728,11.578809754,48.125953584,1,#66c2a5,bicycle
9,1,62,0,2018,4,17,7,3,4,2,0,1,1,0,0,0,0,0,693063.8707,5332678.6866,11.594163637,48.118072123,1,#66c2a5,bicycle
9,1,62,0,2018,4,15,7,2,5,2,0,1,0,0,0,0,0,0,682900.0076,5342224.0913,11.461832397,48.206872803,1,#66c2a5,bicycle
9,1,62,0,2018,4,12,7,3,5,2,0,1,1,0,0,0,0,0,688349.6816,5337173.5717,11.53287269,48.159884777,1,#66c2a5,bicycle
9,1,62,0,2018,4,11,7,3,5,2,0,0,1,0,1,0,0,0,701862.1816,5335308.6609,11.713496193,48.138979318,2,#fc8d62,car
9,7,71,113,2018,4,13,2,3,5,2,0,1,1,0,0,0,0,0,658088.6567,5369408.8327,11.138330065,48.457939726,1,#66c2a5,bicycle
9,7,61,0,2018,5,1,3,2,0,1,2,0,0,0,1,0,0,0,640937615.0,5357200.6217,10.90238447,48.352244469,4,#e78ac3,marker
9,1,62,0,2018,4,14,7,3,2,6,0,0,1,0,1,0,0,0,690810.7732,5329703.2497,11.562590222,48.092007995,2,#fc8d62,car
9,1,62,0,2018,4,23,7,3,1,7,2,1,1,0,0,0,0,0,693974599.0,5335601779.0,11.607718508,48.144067109,1,#66c2a5,bicycle
9,1,62,0,2018,4,17,2,2,0,4,0,1,0,1,0,0,0,0,687635624.0,5329435926.0,11.519873593,48.090547866,1,#66c2a5,bicycle
9,1,62,0,2018,4,16,7,2,5,2,0,1,1,0,0,0,0,0,693414.7413,5336644.4637,11.600673809,48.153608868,1,#66c2a5,bicycle
9,2,61,0,2018,4,14,2,3,5,3,0,0,1,0,0,0,0,0,730231.5,5380801.9837,12.119156327,48.53803549,2,#fc8d62,car
9,1,77,117,2018,5,20,4,3,0,7,0,1,0,0,0,0,0,0,714745.6554,5354433.2424,11.896143874,48.306603887,1,#66c2a5,bicycle
9,7,61,0,2018,4,15,7,3,2,2,0,0,1,0,0,0,0,0,643089.8381,5361759.0409,10.932969556,48.392747426,2,#fc8d62,car
9,7,61,0,2018,4,10,7,3,0,7,0,1,0,0,0,0,0,0,641917.5746,5357449986.0,10.915688443,48.354267194,1,#66c2a5,bicycle
9,7,61,0,2018,4,2,7,3,8,1,2,0,1,0,0,0,0,0,640915.0602,5355266.4843,10.901433008,48.334858348,2,#fc8d62,car
9,7,61,0,2018,4,11,7,3,5,2,0,1,1,0,0,0,0,0,642777946.0,5357567.6526,10.927335358,48.355131253,1,#66c2a5,bicycle
9,7,61,0,2018,4,18,7,3,1,5,0,0,0,0,1,0,0,0,640217.6556,5359006.7075,10.893273853,48.368644523,4,#e78ac3,marker
9,7,71,156,2018,4,20,7,3,5,3,1,1,1,0,0,0,0,0,655035.8879,5383448.5749,11.102286122,48.584921085,1,#66c2a5,bicycle
9,7,61,0,2018,4,13,2,3,5,3,0,1,1,0,0,0,0,0,641149.9947,5358801.3003,10.905786506,48.366589763,1,#66c2a5,bicycle
9,1,62,0,2018,5,20,3,2,8,7,1,0,0,0,1,0,0,0,695909671.0,5338082181.0,11.634846376,48.16576662,4,#e78ac3,marker
9,1,88,120,2018,5,14,3,3,0,1,0,0,0,0,0,0,1,0,677320.3106,5326565918.0,11.380279467,48.067701892,6,#ffd92f,circle
9,1,79,142,2018,4,18,7,3,5,3,0,0,1,0,0,0,0,0,675101.5479,5342478.4811,11.357064444,48.211358676,2,#fc8d62,car
9,1,62,0,2018,4,17,2,3,6,4,0,0,1,1,0,0,0,0,686535683.0,5329327802.0,11.505069263,48.089898854,2,#fc8d62,car
9,7,71,122,2018,5,19,3,3,9,7,0,0,1,0,0,0,0,0,653066.9178,5358842.9312,11.066597599,48.364186877,2,#fc8d62,car
9,1,62,0,2018,4,10,2,3,5,2,0,0,1,0,0,0,0,0,693618864.0,5334647.13,11.602507269,48.135595395,2,#fc8d62,car
9,7,71,113,2018,4,17,2,3,4,6,0,0,1,0,1,0,0,0,655964125.0,5367836.5422,11.109028034,48.444334444,2,#fc8d62,car
9,1,62,0,2018,4,21,2,3,5,2,2,0,1,0,0,0,0,1,694203.2596,5334326.7985,11.610207897,48.132538311,2,#fc8d62,car
9,1,90,115,2018,4,11,7,3,0,7,0,1,0,0,0,0,0,0,671883.46,5303901.0948,11.298297282,47.865434201,1,#66c2a5,bicycle
9,1,62,0,2018,5,19,3,3,2,6,0,0,1,0,1,0,0,0,693611.6479,5334655.8563,11.602414345,48.13567602,2,#fc8d62,car
9,1,79,123,2018,4,10,7,2,5,3,0,1,1,0,0,0,0,0,675883.86,5333562081.0,11.36389721,48.130990708,1,#66c2a5,bicycle
9,1,62,0,2018,5,17,6,3,0,7,0,1,0,0,0,0,0,0,691282.1535,5335017.9441,11.571298154,48.139634873,1,#66c2a5,bicycle
9,1,62,0,2018,5,10,6,2,1,7,0,0,1,0,0,0,0,0,683103.0145,5335672.6435,11.461739749,48.147926037,2,#fc8d62,car
9,1,90,157,2018,5,15,6,3,5,3,0,0,1,0,1,0,0,0,659475.5946,5299551.4028,11.130908676,47.829525669,2,#fc8d62,car
9,1,63,0,2018,5,17,7,3,4,1,0,0,1,0,0,0,0,0,733891.9035,5304503.9242,12.126646461,47.851274332,2,#fc8d62,car
9,1,63,0,2018,5,21,6,3,2,6,2,0,1,0,0,0,0,0,733772.2332,5305689.8679,12.125690106,47.861972395,2,#fc8d62,car
9,1,62,0,2018,5,16,6,3,0,7,0,0,0,0,0,0,1,0,689051.9864,5332353.1857,11.540167898,48.116350196,6,#ffd92f,circle
9,1,82,120,2018,5,12,6,3,2,6,0,0,1,0,0,0,0,0,702452.7922,5306577.8139,11.70786527,47.88058579,2,#fc8d62,car
9,1,84,132,2018,5,14,6,2,0,3,0,0,0,0,0,0,1,0,682756.7892,5329479.0685,11.454434356,48.092353265,6,#ffd92f,circle
9,1,62,0,2018,5,8,6,3,5,3,0,0,1,0,0,0,0,0,689407.5032,5335741.8631,11.546446239,48.146702291,2,#fc8d62,car
9,1,86,143,2018,5,7,6,3,5,3,0,1,1,0,0,0,0,0,684153.1138,5377439.3229,11.494098394,48.523029701,1,#66c2a5,bicycle
9,1,81,126,2018,5,15,7,3,5,3,0,0,1,0,0,0,0,0,636708.4059,5331791.0741,10.837127857,48.124687443,2,#fc8d62,car
9,1,74,113,2018,5,19,6,2,6,7,0,0,1,1,0,0,0,0,676878.3285,5346549075.0,11.382659484,48.247456755,2,#fc8d62,car
9,1,62,0,2018,5,2,6,3,0,7,2,1,1,0,0,0,0,0,686984.8284,5337280.7139,11.514584034,48.161250627,1,#66c2a5,bicycle
9,1,77,119,2018,5,7,6,2,0,3,0,1,1,0,0,0,0,0,721027.6062,5341037.0983,11.973755978,48.184080938,1,#66c2a5,bicycle
9,1,77,117,2018,5,15,6,3,4,6,0,0,1,0,0,0,1,0,715808.7737,5353005.3225,11.909732487,48.293412141,2,#fc8d62,car
9,1,62,0,2018,5,7,6,3,0,7,0,1,1,0,0,0,0,0,693181.1498,5339116.2338,11.598658961,48.175895311,1,#66c2a5,bicycle
9,1,77,117,2018,5,17,6,3,0,7,0,1,0,0,0,0,0,0,714150.4604,5354931.2379,11.888380163,48.311280254,1,#66c2a5,bicycle
9,1,62,0,2018,5,13,6,3,0,1,0,0,0,0,1,0,0,0,685903.4811,5332259.0717,11.497864504,48.116431181,4,#e78ac3,marker
9,1,62,0,2018,5,16,5,3,0,7,0,1,0,0,0,0,1,0,684220.9695,5337377.5806,11.477493754,48.162928126,1,#66c2a5,bicycle
9,1,62,0,2018,5,15,6,3,5,3,0,0,1,0,0,0,0,0,690424.6663,5336979.7826,11.560661001,48.157524994,2,#fc8d62,car
9,1,62,0,2018,5,8,5,3,5,2,0,1,0,0,0,0,1,0,690171.1378,5333909.4709,11.555884028,48.13000492,1,#66c2a5,bicycle
9,1,62,0,2018,5,14,5,3,5,7,0,0,1,0,1,0,0,0,689390.5259,5333627.1497,11.545277958,48.127700132,2,#fc8d62,car
9,1,62,0,2018,5,13,5,3,6,4,0,0,1,1,0,0,0,0,691201.0638,5340336.1678,11.57259992,48.187458688,2,#fc8d62,car
9,1,62,0,2018,5,8,5,2,2,2,0,0,1,0,0,0,0,0,694345.2981,5334212.4069,11.612062745,48.131466848,2,#fc8d62,car