ULAND,UREGBEZ,UKREIS,UGEMEINDE,UJAHR,UMONAT,USTUNDE,UWOCHENTAG,UKATEGORIE,UART,UTYP1,ULICHTVERH,IstRad,IstPKW,IstFuss,IstKrad,IstGkfz,IstSonstig,STRZUSTAND,LINREFX,LINREFY,XGCSWGS84,YGCSWGS84,Teilnehmer,color,symbol
9,7,77,121,2018,5,13,6,3,5,3,0,0,1,0,0,0,0,0,628411.2644,5321493.0103,10.722587153,48.033805059,2,#fc8d62,car
9,1,62,0,2018,5,19,5,3,0,7,0,1,0,0,0,0,0,0,692184.6645,5331298.0442,11.581740299,48.10592905,1,#66c2a5,bicycle
9,1,62,0,2018,5,14,5,3,6,4,0,0,0,1,0,0,1,0,689017.3411,5337536.3982,11.542003252,48.162947766,3,#8da0cb,toilet
9,1,62,0,2018,5,18,5,3,4,6,0,1,0,0,0,0,0,0,689451.2462,5330189577.0,11.544566298,48.09678474,1,#66c2a5,bicycle
9,1,62,0,2018,5,17,5,3,0,1,0,1,0,0,0,0,0,0,694315.6146,5333881.0214,11.611513105,48.128497542,1,#66c2a5,bicycle
9,1,84,149,2018,5,7,5,3,5,6,0,1,1,1,0,0,0,0,690983.9853,5349659539.0,11.573883582,48.271320142,1,#66c2a5,bicycle
9,1,62,0,2018,5,8,5,3,6,6,0,1,0,1,0,0,0,0,691404.5378,5339482652.0,11.57495028,48.179726182,1,#66c2a5,bicycle
9,7,71,130,2018,5,10,6,3,2,6,0,0,1,0,0,0,0,0,645506.9222,5356491.3061,10.963779033,48.344830519,2,#fc8d62,car
9,1,62,0,2018,5,20,5,3,4,2,1,0,1,0,0,0,0,0,688038633.0,5337619772.0,11.528891273,48.163987357,2,#fc8d62,car
9,1,84,129,2018,5,15,5,3,4,6,0,1,0,0,0,0,0,0,700904.1021,5325384808.0,11.695962548,48.050096362,1,#66c2a5,bicycle
9,7,72,163,2018,5,13,6,3,1,3,0,1,1,0,0,0,0,0,640109.28,5347260.0529,10.887909119,48.263045134,1,#66c2a5,bicycle
9,1,62,0,2018,5,15,5,3,5,3,0,1,1,0,0,0,0,0,698138.41,5329202.31,11.660660071,48.085270177,1,#66c2a5,bicycle
9,1,62,0,2018,5,18,5,3,5,3,0,0,1,0,0,0,0,0,697002.7982,5331382.2455,11.646433553,48.105214127,2,#fc8d62,car
9,7,61,0,2018,5,7,6,3,6,2,0,0,1,1,0,0,0,0,642485078.0,5360814456.0,10.924484407,48.384391127,2,#fc8d62,car
9,1,62,0,2018,5,17,5,3,3,6,0,0,0,0,1,0,1,0,693275.7268,5335260.1734,11.598178134,48.141209554,4,#e78ac3,marker
9,1,62,0,2018,5,7,5,3,2,6,0,1,1,0,0,0,0,0,693182139.0,5333609.8981,11.596173081,48.126405751,1,#66c2a5,bicycle
9,1,62,0,2018,5,9,5,3,2,7,0,1,1,0,0,0,0,0,690150.7187,5334341.5877,11.555802729,48.133894894,1,#66c2a5,bicycle
9,7,61,0,2018,5,19,6,2,0,7,0,1,0,0,0,0,0,0,640435.5908,5362279.4031,10.897308568,48.398022998,1,#66c2a5,bicycle
9,1,62,0,2018,5,12,5,3,2,6,0,0,1,0,0,0,1,0,690242.8775,5335545.06,11.557577718,48.144684157,2,#fc8d62,car
9,7,61,0,2018,5,14,6,3,5,3,0,0,1,0,0,0,0,0,644063.5621,5357029.5424,10.944495154,48.35000087,2,#fc8d62,car
9,7,61,0,2018,5,21,6,3,0,1,2,1,0,0,0,0,0,0,640526.0642,5359373.9291,10.897558453,48.371877865,1,#66c2a5,bicycle
9,1,74,115,2018,5,23,7,3,0,1,2,1,0,0,0,0,0,0,680553.8468,5346855.7827,11.432255914,48.249177425,1,#66c2a5,bicycle
9,7,72,167,2018,5,15,5,2,1,7,0,0,1,0,0,0,0,0,624372.3697,5356709.5173,10.678747115,48.351307989,2,#fc8d62,car
9,7,61,0,2018,5,7,6,3,6,4,0,1,0,1,0,0,0,0,641430263.0,5359294155.0,10.909734212,48.370958581,1,#66c2a5,bicycle
9,7,72,184,2018,5,20,5,3,6,4,2,0,1,1,0,0,0,0,635747.7324,5360956.4628,10.833581539,48.387153913,2,#fc8d62,car
9,7,61,0,2018,5,14,5,3,0,1,0,0,0,0,1,0,0,0,641294.3996,5362250.5559,10.908894834,48.397571747,4,#e78ac3,marker
9,7,71,112,2018,5,15,6,3,2,2,0,0,1,0,0,0,0,0,647407419.0,5366460355.0,10.992910549,48.434022969,2,#fc8d62,car
9,7,61,0,2018,5,12,5,3,5,3,0,0,1,0,0,0,0,0,639737.1,5356436.2894,10.885935319,48.345638559,2,#fc8d62,car
9,7,71,113,2018,5,12,5,3,0,7,0,1,0,0,0,0,0,0,657697656.0,5369154.4527,11.132949307,48.455750907,1,#66c2a5,bicycle
9,1,62,0,2018,5,22,6,3,8,7,2,0,1,0,0,0,0,0,692916.7214,5337837.1693,11.59452534,48.164479811,2,#fc8d62,car
9,1,78,124,2018,5,18,7,3,5,3,0,1,1,0,0,0,0,0,704224193.0,5364781705.0,11.759443245,48.403081337,1,#66c2a5,bicycle
9,1,79,142,2018,5,18,7,3,0,1,0,0,0,0,1,0,0,0,673300.5854,5341584.2807,11.332477193,48.203814664,4,#e78ac3,marker
9,1,73,126,2018,5,13,5,3,5,3,0,0,1,0,0,0,0,0,684699.2527,5305587.5819,11.470222333,47.877037398,2,#fc8d62,car
9,1,63,0,2018,5,7,5,3,6,4,0,0,1,1,0,0,0,0,733661.2574,5304777.9048,12.12371591,47.853819661,2,#fc8d62,car
9,1,62,0,2018,5,9,6,3,5,3,0,0,1,0,0,0,0,0,688827.7292,5342487.3248,11.541656406,48.20750324,2,#fc8d62,car
9,1,85,113,2018,5,16,5,3,5,6,0,1,0,0,0,0,0,0,669657068.0,5378034.8375,11.298183425,48.53246776,1,#66c2a5,bicycle
9,1,79,142,2018,5,14,5,3,1,1,0,1,1,0,0,0,0,0,672966.9555,5341492.6579,11.32795333,48.203082013,1,#66c2a5,bicycle
9,1,81,130,2018,5,15,5,3,6,3,0,0,1,1,0,0,0,0,639197.7098,5324402.1313,10.868152626,48.05770475,2,#fc8d62,car
9,1,74,115,2018,5,13,5,3,6,2,0,0,1,1,0,0,0,0,680940.4629,5347192.5741,11.43760312,48.252094478,2,#fc8d62,car
9,1,75,132,2018,5,10,5,3,3,2,0,1,0,0,0,0,1,0,706534.1698,5331810.9632,11.774528512,48.106048359,1,#66c2a5,bicycle
9,1,62,0,2018,5,14,4,3,5,3,0,1,1,0,0,0,0,0,689061.9702,5334945.3918,11.541451907,48.139646314,1,#66c2a5,bicycle
9,1,62,0,2018,5,8,4,2,5,3,0,0,1,0,1,0,0,0,694608.4504,5334961936.0,11.61593817,48.138122903,2,#fc8d62,car
9,1,62,0,2018,5,22,4,3,0,7,2,1,0,0,0,0,0,0,687999326.0,5332447.1049,11.52607969,48.117505997,1,#66c2a5,bicycle
9,1,62,0,2018,5,8,4,3,5,3,0,1,1,0,0,0,0,0,691643.8395,5337045.3565,11.57706774,48.157748113,1,#66c2a5,bicycle
9,1,62,0,2018,5,17,4,3,5,3,0,1,1,0,0,0,0,0,689971.3033,5340174.6265,11.55599846,48.186375719,1,#66c2a5,bicycle
9,1,62,0,2018,5,7,4,2,1,5,0,1,1,0,0,0,0,0,693965.7904,5331136.6888,11.605568427,48.103939033,1,#66c2a5,bicycle
9,1,73,126,2018,5,10,7,3,5,3,0,0,1,0,0,1,0,0,686326.6651,5302682.5925,11.490714633,47.850454636,2,#fc8d62,car
9,1,62,0,2018,5,8,4,3,3,6,0,0,1,0,1,0,0,0,688593.6411,5333642.1754,11.534585916,48.128071774,2,#fc8d62,car
9,1,62,0,2018,5,10,4,3,3,6,0,1,0,0,0,0,0,0,694239.9596,5336438.9927,11.611664068,48.151510689,1,#66c2a5,bicycle
9,1,62,0,2018,5,18,4,2,4,2,0,0,1,0,0,0,0,0,684483.3054,5332863.5593,11.479062676,48.122277666,2,#fc8d62,car
9,1,62,0,2018,5,17,4,3,5,3,0,1,1,0,0,0,0,0,687641.8721,5341219.3823,11.525150153,48.196458461,1,#66c2a5,bicycle
9,1,62,0,2018,5,7,4,2,4,2,0,0,1,0,1,1,0,0,687997.9004,5332315.0656,11.526002341,48.116319616,2,#fc8d62,car
9,1,62,0,2018,5,14,4,3,5,3,0,1,1,0,0,0,0,0,690635.3712,5340905.7957,11.565252159,48.192748438,1,#66c2a5,bicycle
9,1,62,0,2018,5,16,4,3,5,3,0,0,1,0,0,0,0,0,686187.0327,5335261679.0,11.502982597,48.143336954,2,#fc8d62,car
9,1,62,0,2018,5,14,4,3,4,6,0,1,0,0,0,0,0,0,686204635.0,5334759034.0,11.502999217,48.138813844,1,#66c2a5,bicycle
9,1,87,150,2018,5,22,7,3,4,1,2,0,1,0,1,0,0,0,729638.3064,5304551.3057,12.069895063,47.853233658,2,#fc8d62,car
9,1,62,0,2018,5,10,4,3,0,2,0,0,1,0,1,0,0,0,692824.4183,5335368.5997,11.592166802,48.142320991,2,#fc8d62,car
9,1,84,131,2018,5,6,4,2,5,3,0,1,1,0,0,0,0,0,705516.3589,5337849.9972,11.763785029,48.160647341,1,#66c2a5,bicycle
9,1,62,0,2018,5,8,4,3,1,5,0,1,1,0,0,0,0,0,692390.6417,5338770957.0,11.587880113,48.173031865,1,#66c2a5,bicycle
9,1,81,144,2018,5,13,7,3,9,1,0,1,0,0,0,0,0,0,656295.0573,5321008207.0,11.096224278,48.023230917,1,#66c2a5,bicycle
9,1,62,0,2018,5,8,6,3,5,2,0,1,1,0,0,0,0,0,688362.2359,5338252.8468,11.533519338,48.169581716,1,#66c2a5,bicycle
9,1,62,0,2018,5,15,6,3,5,3,0,1,1,0,0,0,0,0,693116222.0,5331909.1422,11.594517863,48.11113976,1,#66c2a5,bicycle
9,7,72,163,2018,5,10,4,3,5,2,0,0,1,0,0,0,0,0,640074.5767,5349825.9457,10.888292029,48.286124971,2,#fc8d62,car
9,7,61,0,2018,5,7,4,3,5,3,0,0,1,0,0,0,1,0,638077.3349,5360374.2034,10.864839587,48.381412677,2,#fc8d62,car
9,7,61,0,2018,5,8,4,3,1,1,0,0,1,0,0,0,0,0,641072309.0,5358392018.0,10.904600944,48.362927012,2,#fc8d62,car
9,7,61,0,2018,5,15,4,3,5,3,0,1,1,0,0,0,0,0,641244.3756,5352212.5859,10.904851053,48.307325082,1,#66c2a5,bicycle
9,7,61,0,2018,5,11,4,3,5,3,0,0,1,0,0,0,0,0,639804.8576,5359736.0069,10.887945732,48.375293745,2,#fc8d62,car
9,2,61,0,2018,5,17,7,3,6,7,0,1,0,1,0,0,0,0,731751307.0,5382255086.0,12.140522699,48.550529067,1,#66c2a5,bicycle
9,1,86,143,2018,5,11,7,2,0,1,0,0,0,0,0,0,1,0,677838.4118,5379348.0486,11.409469017,48.542006572,6,#ffd92f,circle
9,1,78,145,2018,5,12,7,3,5,1,0,0,1,0,0,0,0,0,697581563.0,5353862151.0,11.664666297,48.307065415,2,#fc8d62,car
9,2,61,0,2018,5,8,4,3,1,1,0,1,1,0,0,0,0,0,733566.0346,5380929.6373,12.164332587,48.537950085,1,#66c2a5,bicycle
9,1,62,0,2018,5,11,6,3,3,5,0,1,1,0,0,0,0,0,691949.0445,5336129.2152,11.580754355,48.149421959,1,#66c2a5,bicycle
9,1,85,158,2018,5,23,4,2,0,1,2,1,0,0,0,0,0,0,667315.3176,5380925.0173,11.267648995,48.559077064,1,#66c2a5,bicycle
9,1,86,143,2018,5,12,4,3,5,3,0,0,1,0,1,0,0,0,684238.7516,5377858.4011,11.495442243,48.526771176,2,#fc8d62,car
9,2,74,121,2018,5,17,6,2,9,1,0,0,1,0,0,0,0,0,723226.5617,5370341.2813,12.018804676,48.446588467,2,#fc8d62,car
9,1,88,139,2018,5,15,4,3,1,7,0,1,1,0,0,0,0,0,674866.6249,5319021.3553,11.344290831,48.000556792,1,#66c2a5,bicycle
9,1,81,130,2018,5,13,4,3,2,6,0,0,1,0,0,0,0,0,639218057.0,5324323499.0,10.86839996,48.056993225,2,#fc8d62,car
9,1,79,123,2018,5,18,4,3,5,3,0,1,1,0,0,0,0,0,675983.3347,5333385164.0,11.36515991,48.12937285,1,#66c2a5,bicycle
9,1,79,138,2018,5,15,4,2,4,6,0,0,1,0,0,0,0,0,650400965.0,5335496321.0,11.022327708,48.154914932,2,#fc8d62,car
9,1,62,0,2018,5,16,1,2,2,5,0,0,1,0,1,0,0,0,686331177.0,5334377276.0,11.504531534,48.135345421,2,#fc8d62,car
9,1,62,0,2018,5,13,1,2,5,2,0,1,1,0,0,0,0,0,690193.1547,5333293.2683,11.555904635,48.124459898,1,#66c2a5,bicycle
9,1,62,0,2018,5,16,1,3,0,7,0,1,0,0,0,0,0,0,686214.42,5335137374.0,11.50329605,48.14221164,1,#66c2a5,bicycle
9,1,62,0,2018,5,21,1,2,1,5,2,1,1,0,0,0,0,0,693524.9125,5333115.5764,11.600550268,48.121858821,1,#66c2a5,bicycle
9,1,62,0,2018,5,17,1,3,6,2,0,0,1,1,0,0,0,0,690830.8749,5339425.7677,11.567215345,48.179387457,2,#fc8d62,car
9,1,62,0,2018,5,17,1,3,5,2,0,0,1,0,0,0,1,0,687412.02,5333979679.0,11.518870037,48.131454334,2,#fc8d62,car
9,1,62,0,2018,5,20,1,3,0,1,0,1,0,0,0,0,0,0,692950.1492,5334382.8133,11.593408664,48.133422881,1,#66c2a5,bicycle
9,1,62,0,2018,5,17,1,3,4,2,0,0,1,0,1,0,0,0,690862.5173,5337196.6707,11.566640005,48.159343098,2,#fc8d62,car
9,1,62,0,2018,5,19,1,3,0,5,0,1,1,0,0,0,0,0,687815.8852,5332401.4261,11.523597223,48.117149554,1,#66c2a5,bicycle
9,1,84,135,2018,5,14,1,3,6,4,0,1,0,1,0,0,1,0,689825.0052,5347603.0439,11.557357518,48.253185182,1,#66c2a5,bicycle
9,1,62,0,2018,5,16,1,2,5,3,0,0,1,0,1,0,0,0,691954.1302,5337595.2835,11.581484015,48.162597156,2,#fc8d62,car
9,1,62,0,2018,5,15,1,3,4,2,0,0,1,0,1,0,0,0,689701.6105,5331907.7662,11.548689407,48.11215354,2,#fc8d62,car
9,1,62,0,2018,5,6,1,3,5,3,0,0,1,0,0,0,0,0,685108.4975,5334969.8924,11.488370827,48.141028957,2,#fc8d62,car
9,1,62,0,2018,5,16,1,3,0,1,0,1,0,0,0,0,0,0,680929.8925,5340222.0548,11.434486401,48.189441595,1,#66c2a5,bicycle
9,1,62,0,2018,5,18,1,3,6,7,0,1,0,1,0,0,0,0,689979166.0,5335941.7147,11.554213106,48.148328096,1,#66c2a5,bicycle
9,1,62,0,2018,5,16,1,3,0,7,0,1,0,0,0,0,0,0,686762.0848,5337136.5669,11.511528268,48.160020459,1,#66c2a5,bicycle
9,1,84,136,2018,5,18,1,3,5,3,0,0,1,0,1,0,0,0,697675.6844,5326804.1988,11.653344271,48.063861018,2,#fc8d62,car
9,1,62,0,2018,5,0,1,3,1,7,2,1,1,0,0,0,0,0,691573.6737,5335390.7778,11.575380513,48.142898152,1,#66c2a5,bicycle
9,1,62,0,2018,5,16,1,3,5,3,0,0,1,0,0,0,0,0,690542.1863,5335266.9967,11.561472954,48.142095362,2,#fc8d62,car
9,1,73,126,2018,5,18,2,3,5,2,0,1,1,0,0,0,0,0,685434.5223,5303194.5968,11.479019998,47.855315042,1,#66c2a5,bicycle
9,7,62,0,2018,5,16,1,3,5,3,0,0,1,0,0,0,0,0,622508.2962,5307934.7608,10.639569989,47.913028326,2,#fc8d62,car
9,7,61,0,2018,5,7,2,3,5,3,0,1,1,0,0,0,0,0,640481614.0,5357570018.0,10.896356148,48.35566757,1,#66c2a5,bicycle
9,7,72,159,2018,5,17,1,3,0,7,0,1,0,0,0,0,0,0,626780.7909,5362465683.0,10.712976552,48.402591825,1,#66c2a5,bicycle
9,7,72,147,2018,5,14,1,3,5,3,0,1,1,0,0,0,0,0,639008.2638,5365422.4455,10.879077369,48.426600582,1,#66c2a5,bicycle
9,7,61,0,2018,5,17,1,3,0,2,0,0,1,0,0,0,1,0,642014.0816,5360696.2924,10.91808664,48.383434865,2,#fc8d62,car
9,7,61,0,2018,5,16,1,3,0,7,0,1,0,0,0,0,0,0,643169138.0,5363853.3861,10.934754456,48.411560568,1,#66c2a5,bicycle
9,7,61,0,2018,5,2,1,3,0,1,2,1,0,0,0,0,0,0,641905.4401,5360523.1706,10.916561687,48.38190268,1,#66c2a5,bicycle
9,7,61,0,2018,5,13,1,3,6,4,0,1,0,1,0,0,0,0,640549.0185,5359309.7067,10.897846767,48.371295288,1,#66c2a5,bicycle
9,7,61,0,2018,5,2,1,3,0,1,2,1,0,0,0,0,0,0,639807.4221,5361004.8516,10.888402445,48.386702244,1,#66c2a5,bicycle
9,7,61,0,2018,5,3,1,3,5,3,2,0,1,0,0,0,0,0,639626.9159,5359551.5932,10.885482888,48.373674948,2,#fc8d62,car
9,7,71,113,2018,5,18,1,2,0,5,0,1,1,0,0,0,0,0,657190.2446,5368514019.0,11.125850734,48.450120188,1,#66c2a5,bicycle
9,7,71,114,2018,5,16,1,2,0,1,0,1,0,0,0,0,0,0,646687176.0,5372065413.0,10.985143878,48.484586587,1,#66c2a5,bicycle
9,2,61,0,2018,5,11,3,3,2,6,0,0,1,0,0,0,0,0,731678.5626,5382033.0416,12.139414956,48.548561355,2,#fc8d62,car
9,2,74,126,2018,5,6,3,3,1,7,0,0,1,0,0,0,1,0,734161.8677,5385411.4048,12.174912727,48.577985519,2,#fc8d62,car
9,2,61,0,2018,5,21,3,3,5,3,1,0,1,0,0,0,0,0,731743.2841,5380526.9797,12.139453021,48.53500878,2,#fc8d62,car
9,1,77,117,2018,5,9,2,3,3,6,0,0,1,0,0,0,0,0,715541898.0,5355584.2197,11.907455917,48.316674768,2,#fc8d62,car
9,1,73,126,2018,5,14,3,3,0,1,0,1,0,0,0,0,0,0,680667.4433,5307604.8506,11.417193972,47.89631836,1,#66c2a5,bicycle
9,1,73,126,2018,5,14,3,3,0,7,0,1,0,0,0,0,0,0,685337.0821,5303404.2199,11.477808437,47.857227451,1,#66c2a5,bicycle
9,1,73,126,2018,5,9,3,3,5,3,0,1,1,0,0,0,0,0,685224.1237,5304761.7988,11.476881359,47.86946328,1,#66c2a5,bicycle
9,1,63,0,2018,5,16,3,3,6,7,0,0,1,1,0,0,0,0,734231.6409,5305408.5239,12.131670834,47.859277521,2,#fc8d62,car
9,1,87,122,2018,5,16,3,3,0,1,0,1,0,0,0,0,0,0,717720061.0,5308945.5957,11.913000026,47.896867417,1,#66c2a5,bicycle
9,1,79,118,2018,5,13,3,3,3,6,0,1,0,0,0,0,0,0,672904.1211,5338013.3285,11.325692076,48.171821811,1,#66c2a5,bicycle
9,1,74,115,2018,5,16,3,3,0,1,0,1,0,0,0,0,0,0,683755609.0,5347703.3837,11.475713641,48.255875909,1,#66c2a5,bicycle
9,1,74,126,2018,5,7,3,3,1,3,0,1,0,0,0,0,1,0,684301.0068,5344657.7627,11.481729193,48.228342415,1,#66c2a5,bicycle
9,1,78,143,2018,5,15,3,3,5,2,0,1,1,0,0,0,0,0,717469713.0,5373949116.0,11.94293515,48.481018247,1,#66c2a5,bicycle
9,1,78,124,2018,5,22,3,3,0,3,2,1,1,0,0,0,0,0,703295.1033,5363939.9594,11.746497061,48.395817486,1,#66c2a5,bicycle
9,1,78,124,2018,5,2,3,3,0,1,2,1,0,0,0,0,0,0,702967.2412,5364586.2954,11.742385355,48.40173122,1,#66c2a5,bicycle
9,1,73,137,2018,5,13,1,3,0,7,0,1,0,0,0,0,0,0,675275.7872,5297455.2913,11.341008704,47.80657033,1,#66c2a5,bicycle
9,1,62,0,2018,5,14,2,3,5,2,0,0,1,0,0,0,0,0,686086.8776,5337627.7061,11.502672121,48.16463295,2,#fc8d62,car
9,1,62,0,2018,5,11,2,3,5,7,0,1,0,0,0,1,0,0,690013.7434,5337383.6398,11.555321359,48.161277773,1,#66c2a5,bicycle
9,1,90,152,2018,5,15,2,1,5,3,0,0,1,0,0,0,1,0,671777.9806,5297018.2868,11.294157499,47.803584473,2,#fc8d62,car
9,1,73,120,2018,5,11,1,2,2,6,0,1,0,0,0,0,0,0,682964.4493,5310636.1851,11.449183424,47.922916542,1,#66c2a5,bicycle
9,1,90,139,2018,5,8,1,3,5,3,0,0,1,0,0,0,0,0,655457.0799,5296558.2414,11.076176679,47.803596355,2,#fc8d62,car
9,1,62,0,2018,5,16,2,3,4,6,0,1,0,0,0,0,0,0,691281.7905,5334478.3489,11.571050964,48.134785154,1,#66c2a5,bicycle
9,1,62,0,2018,5,11,2,3,1,6,0,1,1,0,0,0,0,0,689177.5912,5336354.3195,11.543630594,48.152275509,1,#66c2a5,bicycle
9,1,90,130,2018,5,17,1,3,2,6,0,0,1,0,0,0,0,0,649646.5043,5296346384.0,10.998551305,47.803068338,2,#fc8d62,car
9,1,62,0,2018,5,8,2,3,5,3,0,0,1,0,0,0,0,0,691266.9833,5342907.9003,11.574644625,48.210553021,2,#fc8d62,car
9,1,62,0,2018,5,11,2,3,5,3,0,1,1,0,0,0,0,0,691149075.0,5336253.0987,11.570065648,48.150776309,1,#66c2a5,bicycle
9,1,62,0,2018,5,9,2,3,5,3,0,1,1,0,0,0,0,0,688467683.0,5338090542.0,11.53486425,48.168091647,1,#66c2a5,bicycle
9,1,63,0,2018,5,11,1,3,5,3,0,1,1,0,0,0,0,0,732102.5926,5305701.9026,12.103406345,47.862685761,1,#66c2a5,bicycle
9,1,84,131,2018,5,11,2,3,1,5,0,1,1,0,0,0,0,0,705122463.0,5338021.8445,11.758577151,48.162318833,1,#66c2a5,bicycle
9,1,84,140,2018,5,17,2,3,5,3,0,1,1,0,0,0,0,0,702756.6928,5328252.6599,11.722153352,48.075283779,1,#66c2a5,bicycle
9,1,62,0,2018,5,7,2,3,7,7,0,1,0,0,0,0,1,0,691840.3685,5335737.2894,11.579118127,48.145932182,1,#66c2a5,bicycle
9,1,82,136,2018,5,10,1,3,0,6,0,1,1,0,0,0,0,0,708112.3434,5297164.5825,11.77894797,47.794181367,1,#66c2a5,bicycle
9,1,62,0,2018,5,8,2,2,5,2,0,0,1,0,0,0,0,0,686490.8931,5338330.6647,11.508408593,48.170832961,2,#fc8d62,car
9,1,62,0,2018,5,19,2,2,1,1,0,0,1,0,1,0,0,0,694906.0885,5332997.3907,11.619036175,48.120375321,2,#fc8d62,car
9,1,62,0,2018,5,18,2,3,0,6,0,0,1,0,0,0,1,0,692300.4879,5338080.0126,11.586356231,48.166849118,2,#fc8d62,car
9,1,79,142,2018,5,3,1,3,0,1,2,1,0,0,0,0,0,0,674961.8042,5343831.1388,11.35574306,48.22355657,1,#66c2a5,bicycle
9,1,62,0,2018,5,11,2,3,3,6,0,1,0,0,0,0,0,0,692795.3201,5336777.7075,11.592414234,48.154994498,1,#66c2a5,bicycle
9,1,62,0,2018,5,12,2,3,5,7,0,1,1,0,0,0,0,0,691298.2114,5331896.8657,11.570112973,48.111578035,1,#66c2a5,bicycle
9,1,81,128,2018,5,11,1,2,0,1,0,1,0,0,0,0,0,0,638493.8838,5327346.7846,10.85966596,48.084337214,1,#66c2a5,bicycle
9,1,62,0,2018,5,10,2,3,2,6,0,1,1,0,0,0,0,0,689022.1352,5329974.9192,11.538713631,48.094982781,1,#66c2a5,bicycle
9,1,62,0,2018,5,7,2,1,3,2,0,1,0,0,0,1,0,0,690699.6192,5340292.8935,11.565840613,48.187220474,1,#66c2a5,bicycle
9,1,81,130,2018,5,17,2,2,5,3,0,1,1,0,0,0,0,0,639052.8357,5324971.2867,10.866394412,48.062854363,1,#66c2a5,bicycle
9,1,62,0,2018,5,16,2,3,3,6,0,0,1,0,1,0,0,0,691412.3103,5340363.8946,11.575451745,48.187644273,2,#fc8d62,car
9,1,88,127,2018,5,17,1,3,8,1,0,0,0,0,1,0,0,0,672567.7724,5327782.4412,11.317029216,48.079941535,4,#e78ac3,marker
9,1,62,0,2018,5,11,2,3,0,7,0,0,0,0,0,0,1,0,690373913.0,5343105937.0,11.562724389,48.212601427,6,#ffd92f,circle
9,1,74,115,2018,5,18,1,3,0,1,0,1,0,0,0,0,0,0,682245.41,5346975.99,11.455073227,48.249773824,1,#66c2a5,bicycle
9,1,62,0,2018,5,17,2,3,1,6,0,0,1,0,1,0,0,0,692206.4173,5341887.0539,11.586814627,48.201094203,2,#fc8d62,car
9,1,62,0,2018,5,18,2,3,3,3,0,1,1,0,0,0,0,0,691166.6793,5340810.3477,11.572351182,48.191730876,1,#66c2a5,bicycle
9,1,77,133,2018,5,0,1,3,3,6,0,0,1,0,0,0,0,0,706307.0161,5359520924.0,11.784969818,48.355130205,2,#fc8d62,car
9,1,75,127,2018,5,16,1,2,0,7,0,1,0,0,0,0,0,0,713105.5267,5341356.9164,11.867472023,48.189661269,1,#66c2a5,bicycle
9,1,62,0,2018,5,9,2,2,3,6,0,1,0,0,0,0,0,0,688477.7349,5336367.5788,11.534235954,48.152602464,1,#66c2a5,bicycle
9,1,62,0,2018,5,13,2,3,5,2,0,0,1,0,0,0,0,0,689049.4474,5335563031.0,11.541557947,48.145201439,2,#fc8d62,car
9,1,78,116,2018,5,13,1,2,5,3,0,0,1,0,1,0,0,0,702457.3314,5381885.2046,11.743881121,48.557345516,2,#fc8d62,car
9,1,62,0,2018,5,15,2,3,3,6,0,1,0,0,0,0,0,0,689957.2384,5335947.7316,11.553921285,48.148388724,1,#66c2a5,bicycle
9,1,62,0,2018,5,8,2,2,5,2,0,1,1,0,0,0,0,0,689932043.0,5336604727.0,11.55387607,48.154301323,1,#66c2a5,bicycle
9,2,74,183,2018,5,19,1,2,4,6,0,1,0,0,1,0,0,0,739127.6036,5360473.1389,12.227879952,48.352112564,1,#66c2a5,bicycle
9,1,62,0,2018,5,16,2,3,5,3,0,1,1,0,0,0,0,0,699496.9987,5331592193.0,11.679999744,48.106324825,1,#66c2a5,bicycle
9,1,62,0,2018,5,13,7,3,2,6,0,0,1,0,0,0,0,0,696009.7749,5338430.0671,11.636351571,48.168862352,2,#fc8d62,car
9,1,84,123,2018,5,10,2,3,0,7,0,1,1,0,0,0,1,0,702983.5883,5331952.6019,11.726954772,48.108462419,1,#66c2a5,bicycle
9,1,62,0,2018,5,19,2,3,5,6,0,1,0,0,0,0,0,0,694874607.0,5332420488.0,11.61834995,48.115199989,1,#66c2a5,bicycle
9,1,62,0,2018,5,20,7,3,1,1,0,0,1,0,1,0,0,0,691317.3233,5338608.7293,11.573384868,48.171897784,2,#fc8d62,car
9,1,62,0,2018,5,9,2,3,3,6,0,0,1,0,1,0,0,0,693854.0477,5335109518.0,11.605875516,48.139679584,2,#fc8d62,car
9,1,84,142,2018,5,17,7,2,5,3,0,1,1,0,0,0,0,0,682633003.0,5317073.4138,11.447483275,47.980875639,1,#66c2a5,bicycle
9,1,62,0,2018,5,16,7,3,0,1,0,1,0,0,0,0,0,0,692140.2658,5333069.6643,11.581942624,48.121865525,1,#66c2a5,bicycle
9,1,62,0,2018,5,17,2,3,1,5,0,1,1,0,0,0,0,0,694498.5711,5335782.3694,11.614837479,48.145530212,1,#66c2a5,bicycle
9,1,62,0,2018,5,15,7,3,5,3,0,0,1,0,0,0,0,0,689883.2969,5335308.9609,11.552643301,48.142669518,2,#fc8d62,car
9,1,62,0,2018,5,14,7,3,3,6,0,0,1,0,0,0,0,0,691169.0142,5340787.0111,11.572372063,48.191520428,2,#fc8d62,car
9,1,62,0,2018,5,17,2,3,6,4,0,0,1,1,0,0,0,0,693609.5337,5334655.8086,11.602385935,48.135676234,2,#fc8d62,car
9,1,62,0,2018,5,15,7,2,4,2,0,0,1,0,1,0,0,0,685618.9439,5338985133.0,11.49697774,48.176970796,2,#fc8d62,car