ULAND,UREGBEZ,UKREIS,UGEMEINDE,UJAHR,UMONAT,USTUNDE,UWOCHENTAG,UKATEGORIE,UART,UTYP1,ULICHTVERH,IstRad,IstPKW,IstFuss,IstKrad,IstGkfz,IstSonstig,STRZUSTAND,LINREFX,LINREFY,XGCSWGS84,YGCSWGS84,Teilnehmer,color,symbol
9,1,62,0,2018,5,12,2,3,5,3,0,0,1,0,1,0,0,0,689859.6499,5331933.4529,11.550821959,48.112337324,2,#fc8d62,car
9,1,62,0,2018,5,10,7,2,6,4,0,0,1,1,0,0,0,0,690482.6096,5332945.6345,11.559635104,48.121248825,2,#fc8d62,car
9,1,62,0,2018,5,13,7,3,5,3,0,1,1,0,0,0,0,0,686761.0458,5337159.5493,11.511524399,48.160227337,1,#66c2a5,bicycle
9,1,62,0,2018,5,12,7,3,5,3,0,1,1,0,0,0,0,0,685930.1787,5340676.1078,11.501900422,48.192078818,1,#66c2a5,bicycle
9,1,62,0,2018,5,14,7,3,5,3,0,0,1,0,0,0,0,0,686896.2008,5331384.2923,11.510806473,48.108277775,2,#fc8d62,car
9,7,62,0,2018,5,12,2,3,4,6,0,0,1,0,1,0,0,0,623225.5583,5307788.0526,10.649123315,47.91157146,2,#fc8d62,car
9,1,62,0,2018,5,19,7,3,0,1,0,1,0,0,0,0,0,0,690243.6248,5335235.5579,11.557449475,48.141902132,1,#66c2a5,bicycle
9,7,61,0,2018,5,13,2,3,2,6,0,0,1,0,0,0,0,0,643247957.0,5359034622.0,10.934175693,48.368215042,2,#fc8d62,car
9,7,61,0,2018,5,17,2,3,2,6,0,0,1,0,0,0,0,0,641858.8291,5360415.2267,10.915896093,48.38094258,2,#fc8d62,car
9,7,61,0,2018,5,16,2,3,4,6,0,1,1,0,0,0,0,0,639072.2918,5355536613.0,10.876670798,48.337695553,1,#66c2a5,bicycle
9,7,61,0,2018,5,11,2,3,5,3,0,1,1,0,0,0,0,0,641233.5233,5358013.1433,10.906649041,48.359484264,1,#66c2a5,bicycle
9,7,61,0,2018,5,7,2,3,0,1,0,1,0,0,0,0,0,0,641032.9189,5357896.7216,10.903903421,48.358482283,1,#66c2a5,bicycle
9,7,61,0,2018,5,21,2,3,3,6,2,1,1,0,0,0,0,0,640291.4755,5360040.9092,10.894615121,48.377927326,1,#66c2a5,bicycle
9,7,61,0,2018,5,17,2,3,5,3,0,1,1,0,0,0,0,0,641613265.0,5359682124.0,10.91233453,48.374406,1,#66c2a5,bicycle
9,1,78,120,2018,5,7,2,3,5,3,0,1,1,0,0,0,0,0,693955.5171,5352922.4826,11.615385625,48.299742449,1,#66c2a5,bicycle
9,7,61,0,2018,5,20,2,3,0,1,0,1,0,0,0,0,0,0,640748684.0,5358316482.0,10.90020895,48.362320055,1,#66c2a5,bicycle
9,7,62,0,2018,5,17,7,3,9,1,0,0,1,0,0,0,0,0,621055.6412,5304144.9063,10.619073459,47.879219199,2,#fc8d62,car
9,7,72,147,2018,5,11,7,3,0,7,0,1,0,0,0,0,0,0,639012.0228,5365260.7564,10.87907454,48.425145897,1,#66c2a5,bicycle
9,7,71,163,2018,5,9,7,3,5,3,0,0,1,0,0,0,0,0,646162.7289,5342091.0038,10.967643824,48.215199926,2,#fc8d62,car
9,7,61,0,2018,5,12,7,2,0,3,0,0,1,0,1,0,0,0,640125396.0,5363200813.0,10.893427741,48.406376995,2,#fc8d62,car
9,7,61,0,2018,5,13,7,3,0,2,0,0,1,0,1,0,0,0,641567.1297,5362280.0921,10.912587257,48.397776148,2,#fc8d62,car
9,7,61,0,2018,5,16,7,3,4,2,0,0,1,0,1,0,0,0,640757.1935,5359980.7772,10.900880842,48.377282917,2,#fc8d62,car
9,7,78,116,2018,5,14,4,3,3,2,0,1,1,0,0,0,0,0,619204.9527,5318094.3992,10.598194566,48.005024197,1,#66c2a5,bicycle
9,7,71,142,2018,5,17,4,3,0,7,0,1,0,0,0,0,0,0,645373.2208,5352699693.0,10.960667952,48.310769415,1,#66c2a5,bicycle
9,7,72,163,2018,5,17,4,3,5,3,0,1,1,0,0,0,0,0,640497.4993,5349535341.0,10.893893415,48.283418175,1,#66c2a5,bicycle
9,7,72,163,2018,5,14,4,3,5,3,0,0,1,0,0,0,0,0,639790.8838,5349399.7559,10.88432881,48.282355445,2,#fc8d62,car
9,7,61,0,2018,5,19,4,3,5,1,0,1,1,0,0,0,0,0,640896.7616,5352465.1434,10.900250078,48.309673544,1,#66c2a5,bicycle
9,7,61,0,2018,5,12,4,3,5,2,0,1,1,0,0,0,0,0,640619.1873,5357235.6496,10.898100471,48.352630413,1,#66c2a5,bicycle
9,7,61,0,2018,5,7,4,3,5,3,0,0,1,0,0,0,0,0,641056663.0,5359166.0693,10.904649424,48.369890495,2,#fc8d62,car
9,2,61,0,2018,5,22,6,3,0,1,2,1,0,0,0,0,0,0,731184318.0,5380885.7032,12.132091409,48.53843728,1,#66c2a5,bicycle
9,1,73,126,2018,5,14,6,3,2,6,0,0,1,0,0,0,0,0,685525.0283,5303988.6539,11.480569441,47.862426674,2,#fc8d62,car
9,1,63,0,2018,5,16,6,3,3,6,0,1,1,0,0,0,0,0,732764.3713,5304718.3981,12.111712131,47.853610456,1,#66c2a5,bicycle
9,1,63,0,2018,5,11,6,3,4,6,0,0,1,0,0,0,0,0,730732.4481,5304055.8749,12.084235932,47.848390706,2,#fc8d62,car
9,1,79,123,2018,5,18,6,3,0,7,0,1,0,0,0,0,0,0,675978.2994,5333385.3038,11.365092355,48.129375499,1,#66c2a5,bicycle
9,1,81,123,2018,5,12,6,2,4,6,0,0,1,0,1,0,0,0,653676.2123,5327558.8943,11.063477012,48.082765259,2,#fc8d62,car
9,1,74,126,2018,5,12,6,3,1,7,0,0,1,0,0,1,0,0,683377.5414,5344345.8778,11.469171237,48.225806685,2,#fc8d62,car
9,1,78,124,2018,5,21,6,3,4,2,2,0,1,0,1,0,0,0,702292.6152,5364865498.0,11.733415508,48.404457017,2,#fc8d62,car
9,1,78,113,2018,5,16,6,3,0,1,0,1,0,0,0,0,0,0,692019.8538,5368017.7483,11.596203367,48.435999796,1,#66c2a5,bicycle
9,1,77,117,2018,5,11,6,2,5,3,0,1,1,0,0,0,0,0,714756.0483,5355045.7155,11.896595536,48.312103548,1,#66c2a5,bicycle
9,1,77,117,2018,5,8,6,3,5,3,0,1,1,0,0,0,0,0,714928825.0,5350807369.0,11.896766137,48.273962445,1,#66c2a5,bicycle
9,1,75,124,2018,5,7,6,3,6,4,0,0,1,1,0,0,0,0,715421.2762,5327803.7246,11.89174034,48.067098172,2,#fc8d62,car
9,1,62,0,2018,5,12,5,3,5,3,0,1,1,0,0,0,0,0,691030.4728,5334153.6674,11.567530898,48.131942424,1,#66c2a5,bicycle
9,1,62,0,2018,5,23,5,2,0,7,2,1,0,0,0,0,0,0,684889.6925,5332501.8219,11.484361458,48.118908296,1,#66c2a5,bicycle
9,1,62,0,2018,5,13,5,2,0,7,0,1,0,0,0,0,0,0,692135.8232,5333059.7796,11.581878533,48.121778023,1,#66c2a5,bicycle
9,1,62,0,2018,5,21,5,2,0,7,2,1,0,0,0,0,0,1,693648192.0,5332486.1295,11.601919227,48.116164052,1,#66c2a5,bicycle
9,1,83,119,2018,5,13,4,3,0,7,0,0,0,0,1,0,1,0,736018.1117,5338961.8293,12.173978765,48.160047794,4,#e78ac3,marker
9,1,62,0,2018,5,3,5,3,2,6,2,0,1,0,0,0,0,0,686618896.0,5339548392.0,11.510663248,48.181740646,2,#fc8d62,car
9,1,62,0,2018,5,23,5,3,5,3,2,1,1,0,0,0,0,1,686418.3338,5337538.5582,11.507086359,48.163734556,1,#66c2a5,bicycle
9,1,63,0,2018,5,15,4,3,1,2,0,1,1,0,0,0,0,0,733732.9633,5303693.6731,12.124087427,47.844052818,1,#66c2a5,bicycle
9,1,62,0,2018,5,12,5,3,5,3,0,0,1,0,0,0,0,0,691975.2047,5332319.8816,11.579389318,48.115176363,2,#fc8d62,car
9,1,62,0,2018,5,18,5,3,5,3,0,1,1,0,0,0,0,0,679124406.0,5341227589.0,11.410639446,48.198991976,1,#66c2a5,bicycle
9,1,82,137,2018,5,17,4,3,0,1,0,1,0,0,0,0,0,0,711549751.0,5307179.7776,11.82968441,47.883062808,1,#66c2a5,bicycle
9,1,87,150,2018,5,18,4,3,5,3,0,1,1,0,0,0,0,0,727893876.0,5303607.22,12.046111839,47.84537219,1,#66c2a5,bicycle
9,1,62,0,2018,5,11,5,3,9,6,0,1,0,0,0,0,0,0,689573.3621,5338244.0915,11.549788702,48.169142974,1,#66c2a5,bicycle
9,1,86,143,2018,5,18,4,3,0,7,0,1,0,0,0,0,0,0,685344.8536,5378023.7601,11.510482533,48.527931775,1,#66c2a5,bicycle
9,7,72,200,2018,5,18,5,3,0,1,0,1,0,0,0,0,0,0,629965.8265,5336649.6323,10.748047422,48.16979172,1,#66c2a5,bicycle
9,7,61,0,2018,5,19,5,3,5,3,0,1,1,0,0,0,0,0,638368.0295,5356792.4672,10.867585227,48.349142643,1,#66c2a5,bicycle
9,7,61,0,2018,5,21,5,3,0,1,2,1,0,0,0,0,0,1,640878.7084,5359153.4123,10.90224369,48.369816435,1,#66c2a5,bicycle
9,1,88,139,2018,5,7,4,3,5,3,0,1,0,0,0,1,0,0,674699.9491,5319241.5283,11.342147925,48.002581636,1,#66c2a5,bicycle
9,1,79,126,2018,5,17,4,3,5,7,0,1,1,0,0,0,0,0,676460.7592,5340393.2511,11.374477771,48.19223783,1,#66c2a5,bicycle
9,1,74,115,2018,5,16,4,3,5,3,0,0,1,0,0,0,0,0,682221882.0,5346525124.0,11.454562527,48.245727965,2,#fc8d62,car
9,1,74,115,2018,5,16,4,3,4,2,0,1,1,0,0,0,0,0,682204.6799,5346522.5201,11.454329911,48.245709504,1,#66c2a5,bicycle
9,1,74,115,2018,5,7,4,2,4,2,0,1,1,0,0,0,0,0,681389.1962,5347833.3461,11.443917319,48.257725852,1,#66c2a5,bicycle
9,1,75,132,2018,5,23,4,3,2,7,2,1,1,0,0,0,0,0,705926578.0,5331684.3177,11.766315035,48.10510694,1,#66c2a5,bicycle
9,1,78,145,2018,5,16,4,3,0,1,0,1,0,0,0,0,0,0,697308.5778,5355166.5047,11.661598845,48.318872816,1,#66c2a5,bicycle
9,1,78,120,2018,5,18,4,3,3,3,0,0,1,0,0,1,0,0,695669951.0,5353864205.0,11.638915017,48.307678037,2,#fc8d62,car
9,1,78,137,2018,5,19,4,3,0,3,0,0,1,0,0,0,0,0,695615.7432,5366486.3684,11.644053641,48.421130753,2,#fc8d62,car
9,1,78,140,2018,5,11,4,3,0,1,0,1,0,0,0,0,0,0,706496.9118,5365663.4527,11.79054794,48.410264385,1,#66c2a5,bicycle
9,1,75,114,2018,5,8,4,3,0,1,0,1,0,0,0,0,0,0,718006.1492,5324273.5504,11.924594058,48.034500222,1,#66c2a5,bicycle
9,1,62,0,2018,5,20,3,2,5,3,0,0,1,0,0,0,0,0,681215.2581,5338597.7688,11.437629766,48.174759951,2,#fc8d62,car
9,1,62,0,2018,5,15,3,2,5,3,0,1,0,0,0,0,0,0,690945.8065,5333083.2086,11.565914529,48.122346597,1,#66c2a5,bicycle
9,1,84,139,2018,5,14,3,3,5,3,0,1,1,0,0,0,0,0,686662.6471,5323910.7041,11.504407938,48.041170257,1,#66c2a5,bicycle
9,1,62,0,2018,5,17,3,3,6,6,0,1,0,1,0,0,0,0,686203.7443,5335417.4086,11.503275138,48.144731818,1,#66c2a5,bicycle
9,1,62,0,2018,5,16,3,3,0,1,0,1,0,0,0,0,0,0,679369.0865,5336123.1897,11.411775208,48.153039852,1,#66c2a5,bicycle
9,1,62,0,2018,5,13,3,3,5,7,0,0,1,0,0,0,1,0,690844.5062,5334805.0631,11.565325844,48.137852923,2,#fc8d62,car
9,1,62,0,2018,5,15,3,3,0,5,0,1,1,0,0,0,0,0,692205.1827,5340025659.0,11.585955556,48.184364905,1,#66c2a5,bicycle
9,1,62,0,2018,5,9,3,3,5,2,0,1,0,0,0,1,0,0,690536.8674,5341743263.0,11.564303867,48.200305034,1,#66c2a5,bicycle
9,1,62,0,2018,5,8,3,2,3,6,0,0,1,0,1,0,0,0,696043.0448,5334420.1726,11.63495168,48.132813493,2,#fc8d62,car
9,1,62,0,2018,5,7,3,3,5,2,0,1,1,0,0,0,0,0,692437.1444,5338150.7793,11.588224279,48.167443798,1,#66c2a5,bicycle
9,1,73,126,2018,5,0,5,3,4,1,2,0,1,0,0,0,0,0,684869.0957,5304855.0026,11.472178245,47.87040337,2,#fc8d62,car
9,1,62,0,2018,5,10,3,3,5,3,0,1,0,0,0,0,0,0,692247337.0,5336118903.0,11.584756009,48.149239193,1,#66c2a5,bicycle
9,1,62,0,2018,5,17,3,3,5,3,0,0,1,0,1,0,0,0,690497.4759,5338617.5738,11.562372635,48.172223528,2,#fc8d62,car
9,1,62,0,2018,5,6,3,3,5,2,0,0,1,0,0,0,1,0,690684.4779,5337765.0882,11.564503099,48.164505399,2,#fc8d62,car
9,1,62,0,2018,5,16,3,3,5,7,0,0,1,0,0,0,1,0,689070.9824,5332577.5944,11.540522378,48.118361575,2,#fc8d62,car
9,1,62,0,2018,5,14,3,2,5,3,0,0,1,0,1,0,0,0,691954.1302,5337595.2835,11.581484015,48.162597156,2,#fc8d62,car
9,1,63,0,2018,5,16,5,3,0,1,0,1,0,0,0,0,0,0,733445989.0,5305060.2472,12.120994859,47.856434458,1,#66c2a5,bicycle
9,1,84,130,2018,5,8,3,2,5,3,0,1,1,0,0,0,0,0,698227.6749,5343996.0481,11.668747359,48.218196754,1,#66c2a5,bicycle
9,1,82,133,2018,5,3,5,3,9,1,2,1,0,0,0,0,0,0,706646.7077,5307230.6711,11.764205648,47.885116973,1,#66c2a5,bicycle
9,1,82,133,2018,5,12,5,2,4,1,0,1,1,0,0,0,0,0,707721.6863,5308307973.0,11.779085942,47.894451531,1,#66c2a5,bicycle
9,1,62,0,2018,5,17,3,2,6,4,0,0,1,1,0,0,0,0,694530.1417,5335223.5067,11.615006148,48.140497736,2,#fc8d62,car
9,1,87,122,2018,5,17,5,2,0,1,0,1,0,0,0,0,0,0,722159.6728,5308800.7896,11.972243725,47.894044877,1,#66c2a5,bicycle
9,1,87,130,2018,5,15,5,3,0,1,0,1,0,0,0,0,0,0,712522099.0,5309945563.0,11.844035801,47.907595773,1,#66c2a5,bicycle
9,1,62,0,2018,5,11,3,3,0,7,0,1,0,0,0,0,0,0,683404.7632,5335660.8796,11.465787666,48.147733367,1,#66c2a5,bicycle
9,1,62,0,2018,5,18,3,3,2,6,0,1,1,0,0,0,0,0,688700.8966,5343312.9294,11.54031819,48.214961492,1,#66c2a5,bicycle
9,1,84,147,2018,5,17,3,3,0,1,0,1,0,0,0,0,0,0,697301595.0,5339952371.0,11.654413995,48.182144032,1,#66c2a5,bicycle
9,1,62,0,2018,5,9,3,3,1,5,0,1,1,0,0,0,0,0,690271.3722,5334740.6371,11.557600988,48.137445491,1,#66c2a5,bicycle
9,1,62,0,2018,5,9,3,3,4,7,0,0,1,0,1,0,0,0,692913.6208,5338539.8602,11.59480246,48.170796318,2,#fc8d62,car
9,1,88,137,2018,5,13,5,3,0,1,0,1,0,0,0,0,0,0,668486.7434,5314783968.0,11.257168991,47.964174868,1,#66c2a5,bicycle
9,1,79,142,2018,5,20,5,3,5,3,2,0,1,0,1,0,0,1,673241.0051,5341508.1593,11.331644909,48.203146639,2,#fc8d62,car
9,1,81,126,2018,5,16,5,3,5,6,0,0,1,0,1,0,0,0,634850.1119,5331054.8718,10.811935689,48.118463537,2,#fc8d62,car
9,1,81,118,2018,5,10,5,3,8,1,0,1,0,0,0,0,0,0,651276.7212,5327946.8661,11.031416575,48.086827574,1,#66c2a5,bicycle
9,1,79,126,2018,5,12,5,3,6,7,0,0,1,1,0,0,0,0,675829409.0,5339728089.0,11.365714408,48.186433649,2,#fc8d62,car
9,1,79,121,2018,5,20,5,3,5,3,1,0,1,0,0,0,0,1,667866.5636,5337958.2767,11.25796677,48.17267744,2,#fc8d62,car
9,1,77,133,2018,5,12,5,3,1,5,0,0,1,0,0,0,0,0,706231.1182,5359850.0337,11.784107773,48.35811237,2,#fc8d62,car
9,1,78,124,2018,5,14,5,3,8,1,0,0,0,0,1,0,0,0,701256.4841,5368800.3735,11.721319854,48.440148868,4,#e78ac3,marker
9,7,62,0,2018,5,6,3,3,9,1,0,1,1,0,0,0,1,0,620981.2688,5304422.4169,10.618156908,47.881729088,1,#66c2a5,bicycle
9,1,78,137,2018,5,1,5,2,0,1,2,0,0,0,1,0,0,0,697090.6693,5367279266.0,11.664339911,48.427796736,4,#e78ac3,marker
9,1,77,130,2018,5,20,5,3,8,1,2,1,0,0,0,0,0,0,706536.5046,5348717.9136,11.782777377,48.25797868,1,#66c2a5,bicycle
9,1,62,0,2018,5,18,4,3,5,3,0,0,1,0,0,0,0,0,689228.82,5333436.1907,11.543022177,48.126031861,2,#fc8d62,car
9,1,62,0,2018,5,9,4,3,1,7,0,0,1,0,0,0,0,0,692130.3031,5334446.8824,11.582429786,48.134246745,2,#fc8d62,car
9,1,84,147,2018,5,15,4,3,2,6,0,0,1,0,0,1,0,0,695542.9663,5339913.2961,11.630762148,48.182336522,2,#fc8d62,car
9,7,61,0,2018,5,16,3,3,1,7,0,1,1,0,0,0,0,0,638584.5794,5358013.4302,10.870908473,48.360073854,1,#66c2a5,bicycle
9,7,61,0,2018,5,6,3,3,2,6,0,1,1,0,0,0,0,0,641551.6833,5362274.5677,10.912376833,48.397729943,1,#66c2a5,bicycle
9,1,62,0,2018,5,13,4,3,0,7,0,1,0,0,0,0,0,0,686127.0626,5329865.2367,11.499821413,48.09484902,1,#66c2a5,bicycle
9,7,61,0,2018,5,13,3,3,5,3,0,0,1,0,0,0,0,0,639867.0724,5357877.8809,10.888167493,48.358572214,2,#fc8d62,car
9,1,62,0,2018,5,16,4,3,4,2,0,1,1,0,0,0,0,1,692582.9774,5332049.2256,11.58742455,48.112560258,1,#66c2a5,bicycle
9,1,62,0,2018,5,18,4,3,0,7,0,1,0,0,0,0,0,0,690336.6704,5334951.4402,11.558572014,48.139320659,1,#66c2a5,bicycle
9,1,62,0,2018,5,17,4,3,4,2,0,1,1,0,0,0,0,0,690694.14,5334122351.0,11.563001121,48.13176181,1,#66c2a5,bicycle
9,1,84,135,2018,5,7,4,3,5,3,0,1,0,0,0,0,0,0,688953749.0,5347996.2129,11.545807392,48.256979293,1,#66c2a5,bicycle
9,1,62,0,2018,5,5,4,3,5,2,0,1,1,0,0,0,0,0,688576.1003,5334961.5731,11.53493444,48.139935932,1,#66c2a5,bicycle
9,1,62,0,2018,5,10,4,2,0,3,0,0,1,0,1,0,0,0,687550.8161,5330309.3463,11.519119484,48.098423419,2,#fc8d62,car
9,1,84,112,2018,5,9,4,2,5,3,0,0,1,0,1,0,0,0,699764231.0,5336467765.0,11.685870975,48.150058325,2,#fc8d62,car
9,1,84,130,2018,5,18,4,3,5,3,0,0,1,0,0,0,0,0,699503.7814,5345164.2696,11.686457812,48.228295585,2,#fc8d62,car
9,1,62,0,2018,5,14,4,3,5,7,0,0,1,0,0,0,0,1,691612.1001,5337590.3354,11.576886845,48.162655853,2,#fc8d62,car
9,1,62,0,2018,5,15,4,3,0,7,0,1,0,0,0,0,0,1,691841.0187,5336114.7132,11.57929694,48.149324207,1,#66c2a5,bicycle
9,1,62,0,2018,5,17,4,3,2,6,0,0,1,0,1,0,0,0,692080.5405,5334499.3066,11.581785266,48.134732946,2,#fc8d62,car
9,2,74,126,2018,5,10,1,3,0,7,0,1,1,0,0,0,0,0,733353.9812,5382462824.0,12.162323004,48.551800994,1,#66c2a5,bicycle
9,1,73,118,2018,5,10,1,2,4,6,0,0,0,0,1,0,0,0,688951.0062,5306308.5892,11.527345362,47.8822813,4,#e78ac3,marker
9,1,90,159,2018,5,12,1,2,2,6,0,1,0,0,0,0,0,0,660008.2388,5305337.3755,11.14016138,47.88141585,1,#66c2a5,bicycle
9,1,90,111,2018,5,12,1,3,5,3,0,0,1,0,0,0,0,0,640474.9991,5297992.7391,10.876668096,47.819940223,2,#fc8d62,car
9,1,87,177,2018,5,10,1,3,0,3,0,1,0,0,0,0,0,0,738766.1396,5305195.0805,12.192082779,47.855691427,1,#66c2a5,bicycle
9,1,63,0,2018,5,13,1,3,5,2,0,1,1,0,0,0,0,0,733868.7742,5305603.4072,12.126932178,47.861160505,1,#66c2a5,bicycle
9,1,88,113,2018,5,7,1,3,0,1,0,1,0,0,0,0,0,0,675876.8606,5315567.0615,11.356407806,47.96922702,1,#66c2a5,bicycle
9,1,79,142,2018,5,15,1,3,2,6,0,0,1,0,0,0,0,0,676144.7781,5343016.8455,11.371318622,48.215909441,2,#fc8d62,car
9,1,88,121,2018,5,14,1,3,0,7,0,1,0,0,0,0,0,0,670868943.0,5331777.7205,11.295837858,48.116315852,1,#66c2a5,bicycle
9,1,74,115,2018,5,18,1,3,5,6,0,0,1,0,0,0,0,1,681523.2814,5348172.6615,11.445867756,48.260737417,2,#fc8d62,car
9,1,75,139,2018,5,19,1,3,5,2,0,1,1,0,0,0,0,1,710450.59,5329359489.0,11.825866673,48.082737573,1,#66c2a5,bicycle
9,1,78,124,2018,5,20,1,2,6,4,1,0,1,1,0,0,0,1,703787.4827,5364325173.0,11.753328006,48.39912017,2,#fc8d62,car
9,1,75,122,2018,5,11,1,3,8,3,0,1,1,0,0,0,0,0,720458415.0,5325741.0032,11.958201952,48.046843753,1,#66c2a5,bicycle
9,1,62,0,2018,5,14,7,3,1,1,0,1,1,0,0,0,0,0,693038.2785,5329794.3102,11.592515237,48.092155694,1,#66c2a5,bicycle
9,1,62,0,2018,5,16,7,3,1,5,0,1,1,0,0,0,0,0,690699.2211,5336645.2779,11.564199224,48.154436218,1,#66c2a5,bicycle
9,1,62,0,2018,5,19,7,3,5,3,0,1,1,0,0,0,0,0,685229509.0,5339595447.0,11.492010164,48.182570167,1,#66c2a5,bicycle
9,2,61,0,2018,5,10,3,3,6,4,0,0,1,1,0,0,0,0,731670.5733,5382279.5755,12.139443989,48.550778871,2,#fc8d62,car
9,1,62,0,2018,5,1,7,3,5,2,2,0,1,0,0,0,0,0,693600267.0,5333682.3297,11.601819199,48.126929725,2,#fc8d62,car
9,1,62,0,2018,5,22,7,2,4,2,2,0,1,0,0,0,0,0,691207.0926,5340325.4485,11.572676127,48.18736053,2,#fc8d62,car
9,2,61,0,2018,5,15,3,3,0,1,0,1,0,0,0,0,0,0,731406.2858,5383334.5667,12.136454454,48.560353215,1,#66c2a5,bicycle
9,1,62,0,2018,5,15,7,3,3,6,0,0,1,0,0,0,0,0,694811424.0,5334965.2823,11.61866513,48.138090873,2,#fc8d62,car
9,1,73,147,2018,5,17,3,2,2,6,0,1,1,0,0,0,0,0,680767.1817,5309677.9139,11.419395958,47.914925676,1,#66c2a5,bicycle
9,1,62,0,2018,5,18,7,3,6,2,0,0,0,1,0,0,1,0,682778.8716,5334802.3912,11.457012371,48.140196842,3,#8da0cb,toilet
9,1,84,135,2018,5,9,7,3,6,4,0,0,1,1,0,0,0,0,689817.0925,5348216143.0,11.557526019,48.258697971,2,#fc8d62,car
9,1,73,126,2018,5,10,3,2,5,3,0,1,1,0,0,0,0,0,681482.2417,5307303.4717,11.427958528,47.893379271,1,#66c2a5,bicycle
9,1,62,0,2018,5,12,7,3,3,2,0,1,1,0,0,0,0,0,687916.4725,5330481834.0,11.52410186,48.099866062,1,#66c2a5,bicycle
9,1,62,0,2018,5,8,7,3,5,7,0,0,1,0,1,0,0,0,686459.1509,5328444.1504,11.503656755,48.081978587,2,#fc8d62,car
9,1,62,0,2018,5,14,7,3,5,3,0,0,1,0,0,0,0,0,697469.6796,5331827.8159,11.652904657,48.109074089,2,#fc8d62,car
9,1,62,0,2018,5,18,7,3,5,2,0,1,1,0,0,0,0,0,690136677.0,5334172968.0,11.555538938,48.132383532,1,#66c2a5,bicycle
9,1,62,0,2018,5,22,7,3,2,6,2,0,1,0,0,0,0,0,692280.4613,5337530.7505,11.585838856,48.161918543,2,#fc8d62,car
9,1,83,144,2018,5,20,3,3,9,1,1,0,0,0,1,0,0,0,741842097.0,5351165654.0,12.259126856,48.267478398,4,#e78ac3,marker
9,1,63,0,2018,5,7,3,3,5,2,0,1,1,0,0,0,0,0,732458.1674,5304598.8745,12.107560651,47.852647446,1,#66c2a5,bicycle
9,1,62,0,2018,5,13,7,3,3,6,0,1,0,0,0,0,0,0,692283.3898,5338113.9043,11.586141837,48.1671589,1,#66c2a5,bicycle
9,1,62,0,2018,5,11,7,3,5,3,0,1,1,0,0,0,0,0,692091699.0,5337408441.0,11.583247778,48.160876309,1,#66c2a5,bicycle
9,1,79,142,2018,5,19,3,3,5,3,0,1,1,0,0,0,0,1,672910754.0,5341963.41,11.327389381,48.207329117,1,#66c2a5,bicycle
9,1,79,121,2018,5,19,3,3,1,1,0,1,1,0,0,0,0,1,665657.4156,5336995.9108,11.227900128,48.164605344,1,#66c2a5,bicycle
9,1,74,115,2018,5,15,3,3,5,3,0,0,0,0,1,0,1,0,683669.5818,5347864.3056,11.474625576,48.257347276,4,#e78ac3,marker
9,1,74,115,2018,5,13,3,3,5,3,0,0,1,0,0,0,0,1,683586.3371,5348305292.0,11.473696426,48.261335154,2,#fc8d62,car
9,1,75,132,2018,5,17,3,3,5,3,0,1,1,0,0,0,0,0,707517.0093,5331165.4469,11.787401687,48.099928137,1,#66c2a5,bicycle
9,1,78,123,2018,5,17,3,2,2,1,0,1,1,0,0,0,0,0,692392.4642,5356671.8966,11.596041454,48.333917295,1,#66c2a5,bicycle
9,1,77,133,2018,5,19,3,3,5,3,0,0,1,0,0,0,0,1,711328.7199,5353953.0372,11.849881043,48.303439589,2,#fc8d62,car
9,1,62,0,2018,5,17,2,2,5,3,0,0,1,0,0,1,0,0,685629.2593,5331693.0469,11.493937222,48.111423475,2,#fc8d62,car
9,7,78,116,2018,5,10,7,2,0,1,0,1,0,0,0,0,1,0,620593.6152,5318405.4947,10.616892357,48.007561578,1,#66c2a5,bicycle
9,1,62,0,2018,5,10,2,3,6,4,0,0,0,1,0,0,1,0,693103.7755,5331902.8168,11.594347958,48.111086683,3,#8da0cb,toilet
9,7,62,0,2018,5,11,7,3,6,7,0,0,1,1,0,0,0,0,622201785.0,5307964.2292,10.63547793,47.913351839,2,#fc8d62,car
9,1,62,0,2018,5,6,2,3,5,3,0,0,1,0,0,0,0,0,684481.6709,5332976557.0,11.479089636,48.123293827,2,#fc8d62,car
9,7,77,121,2018,5,13,7,3,5,3,0,1,0,0,1,0,0,0,628095.4606,5319773.6423,10.717838715,48.018406046,1,#66c2a5,bicycle
9,1,62,0,2018,5,20,2,3,5,3,2,0,1,0,0,0,0,0,691271962.0,5331889781.0,11.5697575,48.111522241,2,#fc8d62,car
9,1,62,0,2018,5,6,2,3,3,7,0,0,1,0,1,0,0,0,691144.4263,5341100.6242,11.572182715,48.194346522,2,#fc8d62,car
9,1,62,0,2018,5,17,2,3,6,4,0,0,1,1,0,0,0,0,691658.5815,5332790695.0,11.575351226,48.119503354,2,#fc8d62,car
9,7,72,125,2018,5,18,7,3,2,6,0,0,0,0,1,0,0,0,637578396.0,5348128738.0,10.854107933,48.271411102,4,#e78ac3,marker
9,1,84,121,2018,5,6,2,3,3,6,0,1,1,0,0,0,0,0,706100.6052,5330712.3754,11.768180676,48.096316293,1,#66c2a5,bicycle
9,7,61,0,2018,5,9,7,3,3,6,0,0,1,0,0,0,0,0,639880.4936,5357904.1138,10.888357294,48.35880512,2,#fc8d62,car