ULAND,UREGBEZ,UKREIS,UGEMEINDE,UJAHR,UMONAT,USTUNDE,UWOCHENTAG,UKATEGORIE,UART,UTYP1,ULICHTVERH,IstRad,IstPKW,IstFuss,IstKrad,IstGkfz,IstSonstig,STRZUSTAND,LINREFX,LINREFY,XGCSWGS84,YGCSWGS84,Teilnehmer,color,symbol
9,7,61,0,2018,5,1,7,3,0,1,2,1,0,0,0,0,0,0,640791.8095,5359389.6724,10.901150097,48.371960193,1,#66c2a5,bicycle
9,1,62,0,2018,5,18,2,3,6,4,0,0,1,1,0,0,0,0,691817.4056,5334520.5474,11.578261709,48.135003219,2,#fc8d62,car
9,1,62,0,2018,5,15,2,3,6,4,0,0,1,1,0,0,0,0,693120.8118,5329727.12,11.5935921,48.091526799,2,#fc8d62,car
9,1,62,0,2018,5,18,2,3,6,7,0,0,1,1,0,0,0,1,682385.5731,5341812.3484,11.45473776,48.203319823,2,#fc8d62,car
9,1,62,0,2018,5,11,2,3,2,6,0,0,1,0,0,0,0,0,690891.5665,5340307658.0,11.568427184,48.187295525,2,#fc8d62,car
9,1,62,0,2018,5,13,2,3,6,7,0,0,0,1,0,0,1,0,698465.9591,5334826.4397,11.667670168,48.13571381,3,#8da0cb,toilet
9,1,62,0,2018,5,16,2,3,6,4,0,1,0,1,0,0,0,0,690846372.0,5335018.2809,11.565446438,48.139768752,1,#66c2a5,bicycle
9,1,62,0,2018,5,16,2,3,5,3,0,0,1,0,0,0,0,0,690953.9266,5335088.0154,11.566921999,48.140363253,2,#fc8d62,car
9,7,61,0,2018,5,13,2,3,5,3,0,1,1,0,0,0,0,0,638867.1228,5360352.6339,10.87549322,48.381045377,1,#66c2a5,bicycle
9,7,61,0,2018,5,16,2,3,2,6,0,0,1,0,0,0,0,0,640123.9963,5358913.2788,10.891978817,48.36782524,2,#fc8d62,car
9,7,61,0,2018,5,9,2,3,1,5,0,1,1,0,0,0,0,0,639671.7813,5360042.9361,10.886251645,48.378083035,1,#66c2a5,bicycle
9,2,74,146,2018,5,9,7,3,5,3,0,1,1,0,0,0,0,0,732654.2552,5377913.57,12.150317005,48.511196188,1,#66c2a5,bicycle
9,1,82,133,2018,5,13,7,3,0,1,0,1,0,0,0,0,0,0,707765.1296,5307750.2763,11.779398051,47.889425584,1,#66c2a5,bicycle
9,1,87,154,2018,5,13,7,3,1,1,0,1,1,0,0,0,0,0,735133026.0,5296931058.0,12.139104366,47.782787395,1,#66c2a5,bicycle
9,1,87,122,2018,5,12,7,3,5,3,0,1,1,0,0,0,0,0,720872.5208,5306225.8624,11.953730122,47.871352362,1,#66c2a5,bicycle
9,1,87,137,2018,5,17,7,3,5,3,0,1,1,0,0,0,0,0,730423.0026,5308932.6134,12.082705489,47.892316089,1,#66c2a5,bicycle
9,2,61,0,2018,5,7,2,3,5,3,0,0,1,0,0,0,0,0,731002.7822,5380201122.0,12.129256403,48.532354592,2,#fc8d62,car
9,1,90,157,2018,5,10,2,3,6,7,0,0,0,1,0,0,1,0,660166.6645,5300599.5031,11.14052379,47.838777587,3,#8da0cb,toilet
9,1,79,121,2018,5,11,7,3,6,7,0,0,1,1,0,0,0,0,665896.1453,5337600.1825,11.231343991,48.169975549,2,#fc8d62,car
9,1,79,121,2018,5,9,7,3,2,6,0,0,1,0,0,0,0,0,667039339.0,5337756.2548,11.246769323,48.171079226,2,#fc8d62,car
9,1,79,121,2018,5,16,7,3,5,3,0,1,1,0,0,0,0,0,666914.44,5337743.7239,11.245085783,48.170999386,1,#66c2a5,bicycle
9,1,81,114,2018,5,11,7,3,8,1,0,0,0,0,1,0,0,0,654296.2075,5310802.6624,11.065768696,47.931955134,4,#e78ac3,marker
9,1,88,121,2018,5,17,2,2,5,2,0,0,1,0,1,0,0,0,670292945.0,5329614.2856,11.287241469,48.097021217,2,#fc8d62,car
9,1,74,121,2018,5,22,2,3,0,1,2,1,0,0,0,0,0,0,690434.4326,5352689514.0,11.567850625,48.298718108,1,#66c2a5,bicycle
9,1,78,130,2018,5,6,7,3,0,7,0,0,1,0,1,0,0,0,705472.9868,5359049691.0,11.773494873,48.351167559,2,#fc8d62,car
9,1,62,0,2018,5,10,1,3,3,6,0,0,0,0,1,0,0,0,690839.1679,5334727956.0,11.565219614,48.13716149,4,#e78ac3,marker
9,1,62,0,2018,5,23,1,3,5,3,2,1,1,0,0,0,0,0,685452.3074,5328725.1374,11.490272744,48.084797907,1,#66c2a5,bicycle
9,1,78,124,2018,5,15,7,3,0,1,0,1,0,0,0,0,0,0,704016.4204,5363936.6358,11.756228663,48.395554694,1,#66c2a5,bicycle
9,1,77,117,2018,5,21,7,3,0,1,2,1,0,0,0,0,0,0,715075705.0,5353367.4627,11.900046179,48.296915557,1,#66c2a5,bicycle
9,1,62,0,2018,5,9,1,3,3,2,0,0,1,0,1,0,0,0,691665465.0,5333761151.0,11.575879981,48.128223635,2,#fc8d62,car
9,1,75,124,2018,5,7,7,3,8,1,0,0,1,0,0,0,0,0,712555902.0,5329805595.0,11.854321941,48.086047886,2,#fc8d62,car
9,1,62,0,2018,5,0,6,3,0,7,2,1,0,0,0,0,0,1,687428.9213,5339226.2534,11.521407853,48.178606772,1,#66c2a5,bicycle
9,1,62,0,2018,5,18,1,3,6,7,0,0,1,1,0,0,0,0,688388.2347,5329677.4404,11.530077219,48.092496665,2,#fc8d62,car
9,1,62,0,2018,5,16,6,3,3,7,0,0,1,0,1,0,0,0,690511.2477,5333975.4079,11.560479827,48.130495857,2,#fc8d62,car
9,1,62,0,2018,5,17,6,2,4,2,0,0,1,0,1,0,0,0,700148601.0,5334860.6544,11.690277639,48.135494347,2,#fc8d62,car
9,1,62,0,2018,5,12,1,2,4,6,0,0,1,0,0,0,0,0,684322.5551,5331515.5354,11.47632195,48.110207391,2,#fc8d62,car
9,1,62,0,2018,5,12,1,2,6,7,0,1,0,1,0,0,0,0,690145.5694,5334660.9074,11.555876119,48.136766482,1,#66c2a5,bicycle
9,1,62,0,2018,5,20,6,3,5,3,2,1,1,0,0,0,0,0,687410564.0,5334880.4033,11.519246756,48.139550715,1,#66c2a5,bicycle
9,1,62,0,2018,5,15,1,3,5,2,0,1,0,0,0,0,0,0,678993.7649,5338403.6084,11.407692985,48.173644232,1,#66c2a5,bicycle
9,1,62,0,2018,5,16,6,3,5,3,0,0,1,0,0,0,1,0,698023.9124,5335353.9962,11.661980345,48.140592791,2,#fc8d62,car
9,1,62,0,2018,5,12,1,3,5,3,0,1,0,0,0,0,0,0,682698.9467,5340423.8881,11.458353949,48.190749429,1,#66c2a5,bicycle
9,1,62,0,2018,5,8,6,3,0,5,0,1,1,0,0,0,0,0,694591.0955,5335440.2786,11.615923696,48.142427352,1,#66c2a5,bicycle
9,1,62,0,2018,5,7,6,2,4,7,0,1,0,0,0,0,0,0,691883.3942,5337750.6278,11.580603807,48.16401471,1,#66c2a5,bicycle
9,1,62,0,2018,5,15,1,3,5,3,0,1,1,0,0,0,0,0,681427.6467,5339258.1117,11.44076593,48.180635001,1,#66c2a5,bicycle
9,1,62,0,2018,5,10,1,3,0,7,0,1,0,0,0,0,0,0,689533641.0,5338338336.0,11.549297006,48.170001889,1,#66c2a5,bicycle
9,1,84,136,2018,5,18,6,3,5,3,0,0,1,0,0,0,0,0,698301.8819,5326353.7088,11.661531297,48.059617974,2,#fc8d62,car
9,1,62,0,2018,5,23,6,3,3,2,2,1,1,0,0,0,0,0,692812.9699,5335371.6645,11.59201445,48.142352006,1,#66c2a5,bicycle
9,1,84,139,2018,5,16,1,3,3,2,0,1,1,0,0,0,0,0,687361.1689,5323845.9431,11.513742172,48.040383562,1,#66c2a5,bicycle
9,1,84,147,2018,5,17,1,3,0,1,0,1,0,0,0,0,0,0,697260.2228,5341787.3413,11.654710244,48.198648164,1,#66c2a5,bicycle
9,1,62,0,2018,5,21,6,3,5,2,1,1,1,0,0,0,0,0,691570.5826,5335410.0817,11.575347687,48.143072583,1,#66c2a5,bicycle
9,1,62,0,2018,5,18,6,3,5,2,0,1,1,0,0,0,0,0,691534.6718,5332845.1896,11.573712452,48.12003043,1,#66c2a5,bicycle
9,1,62,0,2018,5,20,1,2,1,7,2,0,1,0,0,0,0,1,689015305.0,5332171084.0,11.539594823,48.114724325,2,#fc8d62,car
9,1,62,0,2018,5,10,6,3,8,1,0,0,0,0,1,0,0,0,680304.5868,5338965.9693,11.425547424,48.178328671,4,#e78ac3,marker
9,1,62,0,2018,5,13,6,3,6,7,0,1,0,1,0,0,0,0,688894.4066,5335611.7534,11.539497338,48.145685414,1,#66c2a5,bicycle
9,1,62,0,2018,5,10,6,3,8,7,0,0,1,0,0,0,0,0,699869.4486,5333225.5547,11.685762879,48.120887294,2,#fc8d62,car
9,1,62,0,2018,5,14,6,3,4,2,0,0,1,1,0,0,0,0,692153955.0,5330410105.0,11.580928399,48.097957616,2,#fc8d62,car
9,7,78,116,2018,5,14,1,2,8,7,0,1,0,0,0,0,0,0,620845275.0,5314032075.0,10.619034217,47.968181226,1,#66c2a5,bicycle
9,1,84,120,2018,5,14,6,3,1,5,0,1,1,0,0,0,0,0,680828.0437,5332074.5081,11.429655354,48.116233634,1,#66c2a5,bicycle
9,1,62,0,2018,5,17,6,3,0,1,0,1,0,0,0,0,0,0,685561.6983,5334866.7878,11.494412194,48.139970199,1,#66c2a5,bicycle
9,7,71,113,2018,5,18,1,3,5,1,0,1,1,0,0,0,0,1,658235.3321,5370673.9037,11.14079103,48.469276064,1,#66c2a5,bicycle
9,1,62,0,2018,5,21,6,3,0,5,2,1,1,0,0,0,0,0,690607.6172,5334747.3176,11.562119053,48.137404909,1,#66c2a5,bicycle
9,1,62,0,2018,5,18,6,3,0,1,0,1,0,0,0,0,0,0,690865523.0,5334332738.0,11.565396429,48.133601388,1,#66c2a5,bicycle
9,7,72,184,2018,5,17,6,3,0,7,0,1,0,0,0,0,0,0,635604.7792,5359850.6721,10.83129483,48.37724141,1,#66c2a5,bicycle
9,7,72,163,2018,5,17,6,3,5,3,0,0,1,0,0,0,0,0,639275.8496,5348416.3215,10.877066137,48.273626005,2,#fc8d62,car
9,7,72,163,2018,5,17,6,2,4,2,0,0,1,0,1,0,0,0,641072566.0,5348421.1902,10.901268934,48.273272074,2,#fc8d62,car
9,7,61,0,2018,5,18,6,3,4,2,0,1,1,0,0,0,0,0,640867.7032,5361480.8912,10.902875287,48.390746706,1,#66c2a5,bicycle
9,7,61,0,2018,5,22,6,3,5,3,2,1,1,0,0,0,0,0,640191.3193,5358764.6796,10.892837776,48.366474132,1,#66c2a5,bicycle
9,1,79,136,2018,5,12,5,3,5,3,0,1,1,0,0,0,0,0,660668.37,5341748.5076,11.162651253,48.208614014,1,#66c2a5,bicycle
9,1,75,127,2018,5,18,5,3,5,3,0,1,1,0,0,0,0,0,713119.6307,5341082.5314,11.867523896,48.187191021,1,#66c2a5,bicycle
9,1,62,0,2018,5,18,4,3,3,2,0,1,0,0,0,0,0,1,690327.7842,5338837.2982,11.560190858,48.174249231,1,#66c2a5,bicycle
9,1,62,0,2018,5,8,4,3,5,3,0,0,1,0,0,0,1,1,692566681.0,5335116674.0,11.588591756,48.140134799,2,#fc8d62,car
9,1,62,0,2018,5,20,4,3,5,3,1,0,1,0,0,0,0,0,688674354.0,5337898815.0,11.537556054,48.166307079,2,#fc8d62,car
9,1,62,0,2018,5,18,4,3,5,3,0,0,1,0,0,0,0,1,699773.2737,5334844.1708,11.685230736,48.135464134,2,#fc8d62,car
9,1,84,130,2018,5,12,4,3,1,1,0,0,1,0,0,0,0,1,698950034.0,5344827.7418,11.678851741,48.225445124,2,#fc8d62,car
9,1,62,0,2018,5,10,4,2,6,4,0,0,1,1,0,0,0,1,694108.2599,5334727.7709,11.609115112,48.136171085,2,#fc8d62,car
9,1,62,0,2018,5,18,4,3,3,2,0,1,1,0,0,0,0,1,686514.0216,5337486.1621,11.508348982,48.163235539,1,#66c2a5,bicycle
9,1,62,0,2018,5,18,4,3,5,2,0,1,1,0,0,0,0,1,688995143.0,5341753223.0,11.543580608,48.20085532,1,#66c2a5,bicycle
9,1,62,0,2018,5,12,4,3,6,3,0,0,1,1,0,0,0,1,693579.5729,5335165.6719,11.602215373,48.140267837,2,#fc8d62,car
9,1,62,0,2018,5,7,4,3,6,1,0,1,0,1,0,0,0,1,691509.5755,5335021701.0,11.57435375,48.139600234,1,#66c2a5,bicycle
9,1,62,0,2018,5,19,4,3,5,3,0,1,1,0,0,0,0,1,691225.4515,5341794.3021,11.573584351,48.200556763,1,#66c2a5,bicycle
9,1,62,0,2018,5,17,4,3,2,6,0,0,1,0,0,0,0,1,689928.6574,5342169.0626,11.556317395,48.204314298,2,#fc8d62,car
9,1,62,0,2018,5,11,4,3,3,6,0,0,1,0,1,0,0,1,686220.2786,5333453.1314,11.502638495,48.127071313,2,#fc8d62,car
9,7,61,0,2018,5,12,6,3,5,3,0,1,1,0,0,0,0,0,639177.9739,5360193.9157,10.879636564,48.379549725,1,#66c2a5,bicycle
9,7,61,0,2018,5,8,6,3,5,3,0,0,1,0,0,0,0,0,641307583.0,5360307259.0,10.908419157,48.380095489,2,#fc8d62,car
9,7,61,0,2018,5,12,6,3,6,4,0,0,1,1,0,0,0,0,640613.5589,5358546.6966,10.898462657,48.364420181,2,#fc8d62,car
9,1,62,0,2018,5,8,4,3,5,3,0,1,1,0,0,0,0,1,687998.1315,5328291.9581,11.524233552,48.080158711,1,#66c2a5,bicycle
9,1,62,0,2018,5,14,4,3,5,3,0,1,0,0,0,0,0,1,692682.3334,5331745041.0,11.588620618,48.109796252,1,#66c2a5,bicycle
9,1,62,0,2018,5,8,4,3,0,1,0,0,0,0,1,0,0,1,691450.7189,5332225.8475,11.572307459,48.114489078,4,#e78ac3,marker
9,1,62,0,2018,5,15,4,3,1,6,0,0,1,0,1,0,0,1,687345.4573,5332184.5111,11.517187332,48.115338427,2,#fc8d62,car
9,1,62,0,2018,5,18,4,3,5,2,0,1,1,0,0,0,0,1,692633.1232,5334758193.0,11.589321833,48.136892743,1,#66c2a5,bicycle
9,1,62,0,2018,5,10,4,3,6,7,0,0,1,1,0,0,0,1,692632.86,5338036.9682,11.590802253,48.166361619,2,#fc8d62,car
9,7,72,202,2018,5,9,4,3,0,1,0,1,0,0,0,0,0,1,636317276.0,5359817617.0,10.840900978,48.376790651,1,#66c2a5,bicycle
9,7,61,0,2018,5,15,4,3,6,2,0,0,1,1,0,0,0,0,642166.0559,5360358.8676,10.920023906,48.380366669,2,#fc8d62,car
9,7,61,0,2018,5,19,4,3,5,3,0,1,1,0,0,0,0,1,640741.7669,5355680.6839,10.899234392,48.338621331,1,#66c2a5,bicycle
9,1,82,123,2018,5,13,6,3,4,6,0,0,1,0,0,0,0,0,717200072.0,5302732101.0,11.902929816,47.841210269,2,#fc8d62,car
9,1,79,142,2018,5,19,6,3,8,1,0,0,0,0,1,0,0,0,674852.1252,5343081994.0,11.35395867,48.216852567,4,#e78ac3,marker
9,1,88,145,2018,5,11,6,3,4,6,0,1,1,0,0,0,0,0,663959.1071,5326240.0645,11.2009416,48.068346866,1,#66c2a5,bicycle
9,1,79,126,2018,5,20,6,3,0,7,1,1,0,1,0,0,0,0,676459.0379,5340739.3135,11.374598442,48.195349114,1,#66c2a5,bicycle
9,2,61,0,2018,5,7,4,3,0,3,0,0,1,0,1,0,0,1,731489.8488,5382466.1386,12.137102457,48.552521449,2,#fc8d62,car
9,2,61,0,2018,5,16,4,3,4,2,0,0,1,0,0,0,0,1,730719752.0,5380363064.0,12.125517932,48.533913399,2,#fc8d62,car
9,1,79,145,2018,5,7,6,3,5,3,0,1,1,0,0,0,0,0,673901132.0,5337441134.0,11.338857045,48.166406101,1,#66c2a5,bicycle
9,1,74,115,2018,5,12,6,3,6,4,0,1,0,1,0,0,0,0,681214.2613,5347318.9305,11.441342314,48.253152023,1,#66c2a5,bicycle
9,1,73,126,2018,5,17,4,3,5,3,0,0,1,0,0,0,0,1,685956.3005,5302829.2109,11.485831643,47.851879839,2,#fc8d62,car
9,1,62,0,2018,5,7,5,3,5,3,0,1,1,0,0,0,0,1,691994.9934,5338639.5298,11.58250444,48.171970269,1,#66c2a5,bicycle
9,1,62,0,2018,5,17,5,3,5,3,0,1,1,0,0,0,0,1,694038.4826,5334899.3135,11.608256348,48.137734127,1,#66c2a5,bicycle
9,1,63,0,2018,5,14,4,3,3,5,0,1,1,0,0,0,0,0,731483.6104,5304030.0385,12.0942479,47.847888556,1,#66c2a5,bicycle
9,1,62,0,2018,5,10,5,3,2,2,0,0,1,0,0,0,0,0,696940.7178,5330717.1715,11.64529361,48.099256018,2,#fc8d62,car
9,1,62,0,2018,5,8,5,3,0,1,0,1,0,0,0,0,0,1,692883.3693,5334744.4326,11.592675772,48.136693268,1,#66c2a5,bicycle
9,1,81,130,2018,5,22,4,3,5,3,2,0,1,0,0,0,0,1,638962.6459,5323658.8188,10.864758159,48.051071878,2,#fc8d62,car
9,1,62,0,2018,5,17,5,3,5,6,0,0,1,0,0,0,0,0,690052.5452,5334737.2087,11.554661051,48.137480068,2,#fc8d62,car
9,1,88,132,2018,5,15,4,3,4,1,0,0,1,0,0,0,0,1,665070.3414,5322763.4802,11.214505791,48.036804468,2,#fc8d62,car
9,1,62,0,2018,5,11,3,3,1,1,0,1,1,0,0,0,0,0,691147.77,5337558.9546,11.570634749,48.162513573,1,#66c2a5,bicycle
9,1,62,0,2018,5,8,5,3,2,6,0,0,1,0,0,0,0,0,684316.5203,5331458.7533,11.476216418,48.109698746,2,#fc8d62,car
9,1,62,0,2018,5,17,5,3,5,7,0,0,1,0,0,0,1,1,687005768.0,5334637516.0,11.513704123,48.137486667,2,#fc8d62,car
9,1,62,0,2018,5,12,3,3,0,7,0,1,0,0,0,0,0,1,688119.1496,5336878.0245,11.529645019,48.157296597,1,#66c2a5,bicycle
9,1,62,0,2018,5,15,5,3,4,2,0,1,1,0,0,0,0,1,701290.4821,5334640.0868,11.70550421,48.133151988,1,#66c2a5,bicycle
9,1,62,0,2018,5,16,5,2,0,7,0,0,0,0,1,0,0,1,691847.5417,5335763.4587,11.579226255,48.146165225,4,#e78ac3,marker
9,1,62,0,2018,5,14,3,3,0,1,0,1,0,0,0,0,0,1,689151.8757,5336140.3883,11.54319011,48.150360327,1,#66c2a5,bicycle
9,1,62,0,2018,5,18,5,2,5,3,0,0,1,0,0,0,0,1,697240.6245,5331830508.0,11.649832077,48.10916925,2,#fc8d62,car
9,1,62,0,2018,5,9,3,2,5,3,0,1,1,0,0,0,0,0,687106.7151,5331961.0578,11.513884743,48.113400142,1,#66c2a5,bicycle
9,1,62,0,2018,5,16,5,3,5,7,0,1,1,0,0,0,0,1,690177011.0,5334168547.0,11.556078516,48.132331746,1,#66c2a5,bicycle
9,1,62,0,2018,5,7,5,3,6,2,0,0,1,1,0,0,0,1,690763.4401,5340002.8824,11.566568194,48.184594734,2,#fc8d62,car
9,1,62,0,2018,5,11,3,3,0,7,0,1,0,1,0,0,0,0,688153.0588,5339858.2685,11.531419395,48.184073391,1,#66c2a5,bicycle
9,1,62,0,2018,5,17,5,3,5,3,0,1,1,0,0,0,0,1,680169.27,5337063.5882,11.422922638,48.161266809,1,#66c2a5,bicycle
9,1,62,0,2018,5,18,3,3,4,2,0,1,1,0,0,0,0,0,690834.6465,5337037.2547,11.566194095,48.157918647,1,#66c2a5,bicycle
9,1,84,139,2018,5,8,5,3,1,6,0,0,1,0,0,0,0,1,687170.5223,5325848.8919,11.512062842,48.058442891,2,#fc8d62,car
9,1,84,131,2018,5,11,5,3,5,3,0,0,1,0,0,0,1,1,705200271.0,5337969.42,11.759597,48.161822615,2,#fc8d62,car
9,1,62,0,2018,5,8,3,3,0,7,0,0,0,0,0,0,1,0,684469.5339,5333261.2919,11.479049925,48.1258567,6,#ffd92f,circle
9,1,62,0,2018,5,6,5,3,5,2,0,1,1,0,0,0,0,1,692167688.0,5335261.7374,11.583299381,48.141559225,1,#66c2a5,bicycle
9,1,62,0,2018,5,10,3,3,6,4,0,0,0,1,0,0,1,0,696127.4742,5336904.5132,11.637229527,48.155115303,3,#8da0cb,toilet
9,1,62,0,2018,5,7,3,3,5,3,0,1,1,0,0,0,0,0,686349.7133,5329834.9476,11.502795597,48.094511703,1,#66c2a5,bicycle
9,1,62,0,2018,5,18,3,3,5,3,0,1,1,0,0,0,0,0,693730.7775,5342536.0159,11.60760453,48.206463509,1,#66c2a5,bicycle
9,7,72,202,2018,5,20,5,3,1,1,0,1,1,0,0,0,0,0,636853.3568,5358752.4256,10.847789894,48.367096495,1,#66c2a5,bicycle
9,1,62,0,2018,5,18,3,3,5,3,0,0,1,0,0,0,1,0,690839.63,5336593943.0,11.56606222,48.153932707,2,#fc8d62,car
9,1,62,0,2018,5,15,3,3,3,2,0,1,1,0,0,0,0,1,690761076.0,5338887751.0,11.566035858,48.174572788,1,#66c2a5,bicycle
9,1,62,0,2018,5,20,3,3,5,7,1,1,0,0,0,0,0,1,691675.5671,5334617.8633,11.576401012,48.135920616,1,#66c2a5,bicycle
9,7,61,0,2018,5,7,5,3,4,6,0,1,0,0,0,0,1,0,642159.3647,5360654.3406,10.920033542,48.383024931,1,#66c2a5,bicycle
9,7,61,0,2018,5,20,5,3,0,7,0,1,0,0,0,0,0,0,641202.9356,5357244994.0,10.905978611,48.352584181,1,#66c2a5,bicycle
9,1,62,0,2018,5,15,3,3,6,4,0,0,1,1,0,0,0,1,689960.6007,5338011.2324,11.554887726,48.166934439,2,#fc8d62,car
9,1,62,0,2018,5,19,3,3,3,6,0,0,1,0,0,0,0,0,687477.1811,5336056.0892,11.520659034,48.150098443,2,#fc8d62,car
9,7,61,0,2018,5,9,5,3,1,1,0,1,1,0,0,0,0,1,641203.1956,5358173.0936,10.906293534,48.360929262,1,#66c2a5,bicycle
9,7,61,0,2018,5,6,5,3,0,7,1,1,0,0,0,0,0,1,640821.0796,5359131.02,10.901458492,48.369627952,1,#66c2a5,bicycle
9,1,62,0,2018,5,7,3,3,6,4,0,1,0,1,0,0,0,0,690700.2522,5338146.8026,11.564886191,48.167931479,1,#66c2a5,bicycle
9,1,62,0,2018,5,15,3,3,6,3,0,0,1,1,0,0,1,1,696748465.0,5330724103.0,11.642717329,48.099377704,2,#fc8d62,car
9,1,62,0,2018,5,8,3,3,0,2,0,0,1,0,1,0,0,0,688191.8834,5337160.4916,11.530747028,48.159813933,2,#fc8d62,car
9,1,84,148,2018,5,14,3,3,5,3,0,0,1,0,0,1,0,1,695071.8113,5326921.6087,11.618484863,48.065717726,2,#fc8d62,car
9,1,62,0,2018,5,17,3,3,9,1,0,0,1,0,0,0,0,0,686380.6701,5329319.7898,11.50298609,48.089872182,2,#fc8d62,car
9,1,84,146,2018,5,15,3,3,6,4,0,1,0,1,0,0,0,1,698384133.0,5328176732.0,11.663479842,48.075976557,1,#66c2a5,bicycle
9,1,62,0,2018,5,18,3,3,5,3,0,0,1,0,0,0,0,1,701432.2878,5334679.6112,11.707426671,48.133462328,2,#fc8d62,car
9,1,62,0,2018,5,15,3,3,6,2,0,0,1,1,0,0,0,1,694441.25,5333013.0675,11.612803835,48.120658335,2,#fc8d62,car
9,1,62,0,2018,5,19,3,3,1,5,0,1,1,0,0,0,0,1,692513.0736,5336808533.0,11.588636985,48.15535705,1,#66c2a5,bicycle
9,7,61,0,2018,5,17,3,3,2,6,0,0,1,0,0,0,0,0,639253.5375,5360992258.0,10.88092106,48.386711531,2,#fc8d62,car
9,7,61,0,2018,5,16,3,3,2,6,0,0,1,0,0,0,0,0,638983.2354,5359191.9895,10.876676801,48.370583569,2,#fc8d62,car
9,7,61,0,2018,5,16,3,3,5,3,0,1,0,0,0,0,1,0,640338.1675,5358776.2588,10.89482323,48.366545617,1,#66c2a5,bicycle
9,7,72,163,2018,5,12,3,3,2,6,0,0,1,0,0,0,0,0,639009529.0,5347779059.0,10.873269322,48.267954293,2,#fc8d62,car
9,7,61,0,2018,5,8,3,3,6,7,0,0,1,1,0,0,0,0,636903.2543,5360842.6776,10.849143991,48.385881023,2,#fc8d62,car
9,7,61,0,2018,5,18,3,3,5,2,0,1,0,0,1,0,0,0,641984.6599,5360409.4745,10.917592587,48.380862553,1,#66c2a5,bicycle
9,7,61,0,2018,5,21,3,3,2,6,2,0,1,0,0,0,0,1,641812.8201,5360314.5802,10.915241112,48.380047955,2,#fc8d62,car
9,7,61,0,2018,5,8,3,3,5,3,0,1,1,0,0,0,0,0,641939.4148,5357426.3838,10.915975124,48.354050064,1,#66c2a5,bicycle
9,7,61,0,2018,5,15,3,3,4,2,0,0,1,0,0,0,0,0,640785.1268,5359241.3634,10.901010254,48.370628142,2,#fc8d62,car
9,7,71,114,2018,5,9,3,3,0,1,0,0,0,0,0,0,1,0,646518.2679,5373263149.0,10.983279504,48.495394849,6,#ffd92f,circle
9,1,90,157,2018,5,12,5,3,6,4,0,0,1,1,0,0,0,0,660131.4844,5300759.6893,11.140113229,47.840226608,2,#fc8d62,car
9,1,90,115,2018,5,10,5,2,0,7,0,1,0,0,0,0,0,0,671665.3455,5304045.7262,11.295440679,47.866792786,1,#66c2a5,bicycle
9,1,63,0,2018,5,13,5,3,0,1,0,1,0,0,0,0,0,0,732868266.0,5306157259.0,12.113873679,47.866499708,1,#66c2a5,bicycle
9,1,90,157,2018,5,11,2,3,8,1,0,1,0,0,0,0,0,0,664086.4771,5301860.6374,11.193348516,47.849127857,1,#66c2a5,bicycle
9,1,63,0,2018,5,15,2,3,0,1,0,1,0,0,0,0,0,0,732926066.0,5303196163.0,12.113051194,47.839875925,1,#66c2a5,bicycle
9,1,87,117,2018,5,16,2,3,3,5,0,1,1,0,0,0,0,0,724720087.0,5305333106.0,12.00464705,47.861996476,1,#66c2a5,bicycle
9,1,79,113,2018,5,3,2,3,6,7,2,0,1,1,0,0,0,0,671160.07,5334788189.0,11.300955525,48.143300947,2,#fc8d62,car
9,1,79,123,2018,5,13,2,3,2,7,0,0,1,0,0,0,0,0,675552.1955,5333847.1311,11.359560984,48.133644687,2,#fc8d62,car
9,7,61,0,2018,5,17,1,3,5,3,0,0,1,0,0,0,0,0,638077.5673,5360374.2711,10.864842746,48.381413235,2,#fc8d62,car
9,2,61,0,2018,5,16,4,3,1,7,0,1,1,0,0,0,0,0,732010.8798,5382015.5598,12.143901303,48.548281514,1,#66c2a5,bicycle
9,7,61,0,2018,5,18,1,3,2,6,0,0,1,0,0,0,0,0,638089.4012,5353065.0527,10.862605083,48.315687079,2,#fc8d62,car
9,2,61,0,2018,5,17,4,3,5,3,0,1,0,0,0,0,1,0,730982.3699,5382501.9038,12.130255751,48.553029795,1,#66c2a5,bicycle
9,7,61,0,2018,5,18,1,3,0,1,0,1,0,0,0,0,0,0,640853978.0,5358278203.0,10.901616865,48.361952379,1,#66c2a5,bicycle
9,1,63,0,2018,5,11,4,2,3,6,0,1,1,0,0,0,0,0,734448.0655,5305180.5166,12.134436361,47.857150202,1,#66c2a5,bicycle
9,1,87,179,2018,5,14,4,2,0,1,0,0,0,0,1,0,0,0,725099.7097,5313271.7844,12.013856101,47.933191867,4,#e78ac3,marker
9,1,88,137,2018,5,16,4,3,0,1,0,1,0,0,0,0,0,0,671280.8877,5317334.9866,11.295587364,47.986367051,1,#66c2a5,bicycle
9,1,81,144,2018,5,16,4,2,5,3,0,1,0,0,0,0,0,0,652947.4618,5322009.1334,11.051713895,48.033040867,1,#66c2a5,bicycle
9,1,78,124,2018,5,12,4,3,5,3,0,1,0,0,0,0,0,0,703213234.0,5364546546.0,11.745685873,48.401294791,1,#66c2a5,bicycle
9,1,62,0,2018,5,12,3,3,0,5,0,1,1,0,0,0,0,0,690655.5901,5335211.3989,11.562970977,48.14156168,1,#66c2a5,bicycle