ULAND,UREGBEZ,UKREIS,UGEMEINDE,UJAHR,UMONAT,USTUNDE,UWOCHENTAG,UKATEGORIE,UART,UTYP1,ULICHTVERH,IstRad,IstPKW,IstFuss,IstKrad,IstGkfz,IstSonstig,STRZUSTAND,LINREFX,LINREFY,XGCSWGS84,YGCSWGS84,Teilnehmer,color,symbol
9,1,62,0,2018,5,11,3,3,5,2,0,1,1,0,0,0,0,0,688659.5513,5335659.1528,11.536364158,48.146181137,1,#66c2a5,bicycle
9,1,62,0,2018,5,12,3,2,5,3,0,0,1,0,0,0,0,0,690139279.0,5333217.2524,11.555147466,48.123792757,2,#fc8d62,car
9,1,62,0,2018,5,13,3,3,5,3,0,0,1,0,0,0,0,0,686147.7668,5332493.1077,11.50124574,48.118463434,2,#fc8d62,car
9,1,62,0,2018,5,11,3,3,5,2,0,0,1,0,0,0,0,0,691196.2559,5340459331.0,11.572590735,48.188567103,2,#fc8d62,car
9,1,62,0,2018,5,20,3,3,5,3,0,0,1,0,0,0,0,1,697469.7579,5331825.8173,11.652904782,48.109056103,2,#fc8d62,car
9,1,62,0,2018,5,12,3,3,6,7,0,0,1,1,0,0,0,0,694396303.0,5334982.07,11.61309874,48.138368703,2,#fc8d62,car
9,1,62,0,2018,5,19,3,3,5,3,0,0,1,0,1,0,0,0,691488.2939,5338074.4614,11.575441557,48.167044394,2,#fc8d62,car
9,1,62,0,2018,5,15,3,3,2,6,0,0,1,0,0,0,0,0,689145.0063,5335711737.0,11.542907382,48.146509617,2,#fc8d62,car
9,1,62,0,2018,5,20,3,3,1,6,1,0,1,0,0,0,0,0,684448151.0,5333625532.0,11.478920488,48.129136889,2,#fc8d62,car
9,1,62,0,2018,5,17,3,3,5,2,0,1,1,0,0,0,0,0,686187902.0,5332687.1687,11.501869244,48.120196001,1,#66c2a5,bicycle
9,1,88,124,2018,5,18,1,3,0,1,0,1,0,0,0,0,0,1,661459.3066,5319396.4502,11.164829662,48.007455743,1,#66c2a5,bicycle
9,1,62,0,2018,5,8,3,3,0,1,0,1,0,0,0,0,0,0,698646.2012,5333674841.0,11.669553308,48.125307924,1,#66c2a5,bicycle
9,1,79,123,2018,5,20,1,2,0,7,0,1,0,0,0,0,0,0,677323.1343,5334035.3585,11.383420904,48.134845733,1,#66c2a5,bicycle
9,1,75,122,2018,5,10,1,3,5,3,0,0,1,0,0,0,0,0,720586.7325,5326031.2905,11.960070977,48.049407689,2,#fc8d62,car
9,7,77,167,2018,5,15,3,3,0,1,0,1,0,0,0,0,0,0,619358.0396,5299809.6941,10.595181019,47.840546533,1,#66c2a5,bicycle
9,7,62,0,2018,5,16,3,3,5,3,0,0,1,0,0,0,0,0,620375.1812,5303103.9105,10.60968622,47.869984608,2,#fc8d62,car
9,1,62,0,2018,5,15,7,3,2,6,0,0,1,0,1,0,0,0,695478.2075,5330339.4823,11.625497785,48.096311841,2,#fc8d62,car
9,7,62,0,2018,5,14,3,3,5,3,0,0,1,0,0,0,0,0,622423418.0,5307743988.0,10.638380343,47.911328794,2,#fc8d62,car
9,1,62,0,2018,5,11,7,3,2,6,0,0,1,0,0,0,0,0,684620.9908,5335028.3303,11.481849107,48.14169587,2,#fc8d62,car
9,1,62,0,2018,5,12,7,3,6,4,0,1,0,1,0,0,0,0,686218.5667,5334467527.0,11.503058858,48.136189593,1,#66c2a5,bicycle
9,7,72,111,2018,5,19,3,3,0,7,0,0,0,0,0,0,1,0,627275.3351,5365093.7058,10.720452735,48.426124605,6,#ffd92f,circle
9,7,72,163,2018,5,18,3,3,3,2,0,1,1,0,0,0,0,1,640427.5085,5349267.9416,10.892861612,48.281029296,1,#66c2a5,bicycle
9,1,62,0,2018,5,20,7,3,6,4,1,0,1,1,0,0,0,1,679473.9056,5335868.1044,11.413075728,48.15071733,2,#fc8d62,car
9,1,62,0,2018,5,13,7,3,5,3,0,0,1,0,0,0,0,0,683233.4548,5336353.1557,11.463784746,48.154005344,2,#fc8d62,car
9,1,62,0,2018,5,18,7,3,4,2,1,0,1,0,0,0,0,1,696464.3988,5331794.2136,11.639398643,48.109082934,2,#fc8d62,car
9,1,62,0,2018,5,14,7,3,5,7,0,0,1,0,0,0,1,0,695099.0388,5333847.7636,11.622015332,48.127959009,2,#fc8d62,car
9,1,62,0,2018,5,17,7,3,2,7,0,0,1,0,1,0,0,0,696539.9044,5338434.9703,11.64347627,48.168742733,2,#fc8d62,car
9,1,62,0,2018,5,14,7,3,5,6,0,1,0,0,0,0,0,0,694397.4261,5334780.6583,11.613021899,48.136558151,1,#66c2a5,bicycle
9,1,62,0,2018,5,10,7,3,0,7,0,1,0,0,0,0,0,0,691201.95,5335821782.0,11.570582096,48.146883791,1,#66c2a5,bicycle
9,7,61,0,2018,5,13,7,3,6,4,0,0,1,1,0,0,0,0,639188955.0,5360369.6392,10.879842981,48.381127362,2,#fc8d62,car
9,7,61,0,2018,5,14,7,3,3,1,0,0,1,0,0,0,0,0,641016.6598,5357041.6451,10.903397553,48.350797359,2,#fc8d62,car
9,1,73,126,2018,5,18,3,3,0,1,0,0,0,0,0,0,1,0,687035.8604,5302764.9442,11.500221062,47.850988904,6,#ffd92f,circle
9,1,63,0,2018,5,17,3,3,2,6,0,0,1,0,0,0,0,0,734447.5125,5305247.4788,12.134465274,47.857751988,2,#fc8d62,car
9,1,87,137,2018,5,17,3,3,0,1,0,0,0,0,1,0,0,1,729645191.0,5307906.1478,12.071769185,47.883372633,4,#e78ac3,marker
9,1,86,143,2018,5,9,3,3,0,6,0,0,0,0,1,0,1,0,685123.8286,5379143.8943,11.507989231,48.538064452,4,#e78ac3,marker
9,2,61,0,2018,5,3,7,3,8,1,2,1,0,0,0,0,0,0,730565185.0,5382421097.0,12.124566122,48.552457395,1,#66c2a5,bicycle
9,2,74,113,2018,5,13,7,2,0,1,0,1,0,0,0,0,0,0,729746.5931,5382900.7073,12.113754476,48.557066089,1,#66c2a5,bicycle
9,1,88,139,2018,5,12,3,3,0,1,0,0,0,0,1,0,0,0,673101977.0,5316847.8171,11.319777509,47.981497281,4,#e78ac3,marker
9,2,61,0,2018,5,8,7,3,0,1,0,1,0,0,0,0,0,0,734086.9948,5381697.9342,12.171810847,48.544657252,1,#66c2a5,bicycle
9,1,81,130,2018,5,15,3,3,0,7,0,0,0,0,0,0,1,0,638792.0847,5324331.2625,10.86268878,48.057155838,6,#ffd92f,circle
9,1,74,111,2018,5,9,3,2,4,7,0,0,1,0,0,0,1,0,668590.2401,5359817.4761,11.27640867,48.368993073,2,#fc8d62,car
9,1,90,157,2018,5,18,7,3,5,3,0,0,1,0,0,0,0,1,660654033.0,5299966323.0,11.146797481,47.832962996,2,#fc8d62,car
9,1,78,113,2018,5,14,3,3,4,6,0,1,1,0,0,0,0,0,691624.4481,5367827.6663,11.590776064,48.434411911,1,#66c2a5,bicycle
9,1,62,0,2018,5,15,2,3,5,3,0,0,1,0,0,0,0,0,687098.1867,5337761.8638,11.516318607,48.165541973,2,#fc8d62,car
9,1,62,0,2018,5,15,2,3,5,2,0,1,1,0,0,0,0,0,691918.5725,5333883.3306,11.579333061,48.129245509,1,#66c2a5,bicycle
9,1,62,0,2018,5,12,2,2,6,1,0,0,1,1,0,0,0,0,695027.5952,5340838347.0,11.624260776,48.190808771,2,#fc8d62,car
9,1,62,0,2018,5,14,2,3,0,7,0,1,0,0,0,0,0,0,686174.1077,5338553.3343,11.504249385,48.172927253,1,#66c2a5,bicycle
9,1,88,139,2018,5,14,7,3,0,1,0,1,0,0,0,0,0,0,677960.7949,5322513.6598,11.387184351,48.031096621,1,#66c2a5,bicycle
9,1,79,134,2018,5,12,7,3,0,7,0,1,0,0,0,0,0,0,665179.3403,5343437.9774,11.223981642,48.222644596,1,#66c2a5,bicycle
9,7,78,116,2018,5,19,2,2,0,1,1,1,0,0,0,0,0,0,619042.9432,5318137.5459,10.596035334,48.005442438,1,#66c2a5,bicycle
9,1,81,130,2018,5,19,7,3,5,3,1,0,1,0,1,0,0,1,639547.9731,5322821.5791,10.872335416,48.043415445,2,#fc8d62,car
9,1,79,121,2018,5,12,7,2,4,6,0,1,0,0,0,0,1,0,663660.2277,5337498.7467,11.20125449,48.169643287,1,#66c2a5,bicycle
9,7,61,0,2018,5,17,2,3,0,1,0,1,0,0,0,0,0,0,638520.3235,5358304.1242,10.870137202,48.362701824,1,#66c2a5,bicycle
9,1,75,122,2018,5,16,7,2,0,1,0,0,0,0,1,0,0,0,721185.4296,5325159.5557,11.967643423,48.041367969,4,#e78ac3,marker
9,1,62,0,2018,5,15,6,3,0,4,0,0,1,1,0,0,0,0,692629.7175,5333126.0682,11.588538313,48.122224582,2,#fc8d62,car
9,7,61,0,2018,5,18,2,3,1,6,0,0,1,0,0,0,0,0,638029.1125,5359402.8452,10.863869705,48.372688944,2,#fc8d62,car
9,1,62,0,2018,5,8,6,3,5,2,0,0,1,0,1,0,0,0,692552492.0,5335441831.0,11.588548243,48.14306153,2,#fc8d62,car
9,1,62,0,2018,5,9,6,3,1,6,0,0,1,0,0,0,0,0,687731.2846,5329424.9694,11.521152172,48.090421217,2,#fc8d62,car
9,1,62,0,2018,5,18,6,3,1,5,0,0,1,0,1,0,0,0,693518.6588,5335250.5392,11.601435968,48.141049126,2,#fc8d62,car
9,1,84,119,2018,5,19,6,3,5,3,0,1,1,0,0,0,0,0,697106.4489,5346931.9977,11.655034687,48.244931849,1,#66c2a5,bicycle
9,1,62,0,2018,5,15,6,3,5,3,0,1,1,0,0,0,0,0,694089.9502,5333828.1248,11.608459449,48.128090971,1,#66c2a5,bicycle
9,1,62,0,2018,5,6,6,2,1,3,0,1,1,0,0,0,0,0,690753.8035,5334970.8319,11.56418213,48.13937004,1,#66c2a5,bicycle
9,1,62,0,2018,5,12,6,3,2,6,0,0,1,0,0,0,0,0,690760.2484,5339976.3637,11.566513391,48.184357346,2,#fc8d62,car
9,1,62,0,2018,5,14,6,3,0,1,0,1,0,0,0,0,0,0,697104.0809,5333064.4263,11.648569984,48.120301213,1,#66c2a5,bicycle
9,1,62,0,2018,5,7,6,3,3,2,0,0,0,0,0,1,1,0,690798.5697,5339671.0282,11.566891321,48.181601526,5,#a6d854,bus
9,1,62,0,2018,5,11,6,2,6,4,0,0,1,1,0,0,0,0,688776.8583,5334646.1497,11.537490583,48.137041335,2,#fc8d62,car
9,1,62,0,2018,5,22,6,2,1,5,2,1,1,0,0,0,0,0,687215.7222,5335081.7398,11.516718747,48.14141774,1,#66c2a5,bicycle
9,1,62,0,2018,5,17,6,3,4,2,0,1,1,0,0,0,0,0,692929.9359,5332331.5244,11.592208825,48.114992496,1,#66c2a5,bicycle
9,1,88,127,2018,5,10,6,3,1,5,0,0,1,0,0,0,0,0,679583.7808,5329925.9439,11.412048137,48.097272224,2,#fc8d62,car
9,1,62,0,2018,5,12,6,3,5,3,0,1,1,0,0,0,0,0,690104.4338,5343139.5609,11.559115613,48.212984407,1,#66c2a5,bicycle
9,1,62,0,2018,5,18,6,3,5,2,0,0,1,0,0,0,0,0,693670804.0,5332439468.0,11.602201533,48.115737796,2,#fc8d62,car
9,7,72,147,2018,5,9,6,3,5,3,0,0,1,0,0,0,0,0,639061.2906,5363750.7314,10.879239462,48.411557356,2,#fc8d62,car
9,7,61,0,2018,5,6,6,3,5,7,0,0,1,0,0,0,0,0,638671.7537,5358277.0951,10.872171589,48.362425537,2,#fc8d62,car
9,7,61,0,2018,5,15,6,3,3,2,0,1,1,0,0,0,0,0,639147.9951,5359224.2689,10.878910974,48.370837513,1,#66c2a5,bicycle
9,1,84,120,2018,5,17,6,3,0,3,0,1,1,0,0,0,0,0,681342.2165,5332419.1791,11.436704039,48.119185621,1,#66c2a5,bicycle
9,1,62,0,2018,5,17,6,3,3,6,0,1,0,0,0,0,0,0,688956.8811,5338204.4407,11.541487802,48.168970148,1,#66c2a5,bicycle
9,1,62,0,2018,5,9,6,3,5,3,0,1,1,0,0,0,0,0,689937.8327,5337276.0874,11.554253537,48.160333775,1,#66c2a5,bicycle
9,1,84,134,2018,5,18,6,3,6,7,0,1,0,1,0,0,0,0,692736.7753,5322016.8926,11.58496645,48.022344152,1,#66c2a5,bicycle
9,1,62,0,2018,5,18,1,3,5,3,0,0,1,0,1,0,0,0,690665656.0,5336923348.0,11.563872962,48.156945554,2,#fc8d62,car
9,1,62,0,2018,5,20,6,3,5,3,1,1,1,0,0,0,0,0,696533391.0,5338506278.0,11.643421719,48.169385613,1,#66c2a5,bicycle
9,1,62,0,2018,5,20,1,3,0,1,0,1,0,0,0,0,0,0,690144.4042,5334801.9737,11.555923446,48.138034735,1,#66c2a5,bicycle
9,1,62,0,2018,5,15,6,3,5,3,0,1,1,0,0,0,0,0,696142.7087,5336680.9087,11.637331094,48.153100981,1,#66c2a5,bicycle
9,1,84,113,2018,5,14,1,3,5,3,0,1,1,0,0,0,0,0,685311049.0,5322473.8893,11.485669991,48.02864894,1,#66c2a5,bicycle
9,7,73,182,2018,5,13,6,3,0,7,0,0,0,0,1,0,0,0,624921.9335,5379516.0067,10.692968103,48.556288184,4,#e78ac3,marker
9,1,62,0,2018,5,21,1,3,1,6,2,0,1,0,0,0,1,0,692785.5572,5331402.9421,11.589851337,48.106690297,2,#fc8d62,car
9,1,84,119,2018,5,14,1,3,0,7,0,1,0,0,0,0,0,0,693226.7389,5347118.3444,11.602916381,48.247800998,1,#66c2a5,bicycle
9,7,72,147,2018,5,8,6,3,0,7,0,1,0,1,0,0,0,0,638784692.0,5364188.2435,10.875648402,48.415552311,1,#66c2a5,bicycle
9,1,62,0,2018,5,19,1,3,3,5,0,1,1,0,0,0,0,0,691413.5472,5337337.7841,11.574105771,48.160445769,1,#66c2a5,bicycle
9,1,62,0,2018,5,12,1,3,0,5,0,1,1,0,0,0,0,0,692121.5656,5336745.9567,11.583349857,48.154913021,1,#66c2a5,bicycle
9,7,71,111,2018,5,18,6,3,0,1,0,1,0,0,0,0,0,0,659585912.0,5359384.78,11.154754469,48.367443955,1,#66c2a5,bicycle
9,7,61,0,2018,5,13,6,3,5,3,0,0,1,0,0,0,0,0,638014.8288,5360504.8793,10.864038776,48.382601369,2,#fc8d62,car
9,1,62,0,2018,5,13,1,3,6,4,0,1,0,1,0,0,0,0,693157.8896,5336166.7328,11.597007033,48.149393228,1,#66c2a5,bicycle
9,7,61,0,2018,5,17,6,3,2,6,0,0,1,0,0,0,0,0,639292.7973,5361638.4142,10.881665315,48.392512916,2,#fc8d62,car
9,7,72,125,2018,5,19,1,3,2,1,0,1,0,0,0,0,0,0,633957.1412,5348388.6636,10.805413104,48.27452477,1,#66c2a5,bicycle
9,7,61,0,2018,5,12,1,3,4,6,0,1,0,0,0,0,0,0,641222.7044,5360307.3008,10.90727351,48.380114869,1,#66c2a5,bicycle
9,7,61,0,2018,5,21,1,3,0,1,1,1,0,0,0,0,0,0,643216.4036,5357753.0122,10.933313604,48.356698623,1,#66c2a5,bicycle
9,7,61,0,2018,5,10,6,3,1,6,0,0,1,0,0,0,0,0,642228.1023,5360324.7823,10.920849849,48.380046206,2,#fc8d62,car
9,7,61,0,2018,5,17,6,3,5,3,0,1,1,0,0,0,0,0,644225.9421,5356830.9998,10.946617545,48.348178627,1,#66c2a5,bicycle
9,7,61,0,2018,5,13,6,3,5,2,0,0,1,0,0,0,0,0,640949.6416,5351180.8358,10.90053393,48.298113585,2,#fc8d62,car
9,7,61,0,2018,5,22,1,3,1,6,2,0,1,0,0,0,0,0,640934.1594,5357917.9393,10.902578067,48.358695118,2,#fc8d62,car
9,2,74,126,2018,5,10,1,3,4,7,0,1,0,0,0,0,0,0,733389721.0,5382547.0,12.162853741,48.552543817,1,#66c2a5,bicycle
9,2,74,113,2018,5,12,6,2,8,1,0,0,0,0,1,0,0,1,728727.3498,5382818.6463,12.099916709,48.556701461,4,#e78ac3,marker
9,1,73,126,2018,5,17,6,3,6,7,0,0,1,1,0,0,0,0,683809.2796,5306186629.0,11.458585849,47.882677647,2,#fc8d62,car
9,1,73,126,2018,5,14,6,3,4,6,0,1,0,0,0,0,0,0,683063.8934,5306994347.0,11.448967636,47.890151306,1,#66c2a5,bicycle
9,1,73,126,2018,5,10,6,3,5,3,0,0,1,0,0,0,0,0,683794.2093,5306204.7933,11.458392194,47.882845242,2,#fc8d62,car
9,1,87,182,2018,5,15,6,3,6,4,0,0,1,1,0,0,0,0,740485.3783,5328293.4301,12.227942951,48.062543305,2,#fc8d62,car
9,1,86,126,2018,5,18,6,3,8,1,0,0,1,0,0,0,0,0,685210.0927,5374966.3554,11.507301934,48.500492361,2,#fc8d62,car
9,1,88,139,2018,5,11,1,3,1,5,0,0,1,0,0,0,0,0,669619159.0,5318801972.0,11.273913987,47.999998193,2,#fc8d62,car
9,1,79,121,2018,5,23,6,3,5,3,2,0,1,0,0,0,0,0,667753.1381,5338983.3871,11.256846948,48.181923051,2,#fc8d62,car
9,1,79,134,2018,5,17,1,2,0,7,0,1,1,0,0,0,0,0,667722.6727,5342482.3638,11.257819812,48.213386499,1,#66c2a5,bicycle
9,1,74,113,2018,5,22,1,2,4,6,2,0,0,0,1,0,0,0,673568.7404,5345110.4466,11.337526617,48.235439348,4,#e78ac3,marker
9,1,74,113,2018,5,22,6,3,0,1,2,1,0,0,0,0,0,0,676883.7272,5346496.2731,11.382710083,48.246980611,1,#66c2a5,bicycle
9,1,74,136,2018,5,13,1,3,0,1,0,1,0,0,0,0,0,0,684084.1535,5362842.1694,11.486745424,48.39185125,1,#66c2a5,bicycle
9,1,78,145,2018,5,13,6,3,5,3,0,0,1,0,0,0,0,0,697679.8064,5353898.0526,11.666006574,48.30735737,2,#fc8d62,car
9,1,75,132,2018,5,14,1,2,5,3,0,1,0,0,0,0,0,0,708918.3495,5330992.9889,11.806116981,48.097920498,1,#66c2a5,bicycle
9,1,77,118,2018,5,8,6,3,5,3,0,0,1,0,0,0,0,0,706193.7709,5348275.8631,11.777949816,48.254117935,2,#fc8d62,car
9,1,62,0,2018,5,12,5,3,6,4,0,0,1,1,0,0,0,0,697260.9756,5332270.7323,11.650308758,48.113119409,2,#fc8d62,car
9,1,75,124,2018,5,12,1,2,0,1,0,0,0,0,1,0,0,0,714686028.0,5328628.0047,11.882297508,48.074752734,4,#e78ac3,marker
9,1,78,113,2018,5,17,1,3,0,1,0,1,0,0,0,0,0,0,692095.3497,5367880.8322,11.597160258,48.434746273,1,#66c2a5,bicycle
9,1,62,0,2018,5,17,5,3,4,2,0,1,0,0,0,0,0,0,687276.3822,5334378.6055,11.517224211,48.135079924,1,#66c2a5,bicycle
9,1,62,0,2018,5,15,5,3,4,2,0,1,1,0,0,0,0,0,692118.9322,5337946.9647,11.583856861,48.165708209,1,#66c2a5,bicycle
9,1,75,115,2018,5,12,1,2,0,1,0,1,0,0,0,0,0,0,719635.9077,5329527.1776,11.949124714,48.081146638,1,#66c2a5,bicycle
9,1,62,0,2018,5,17,5,3,5,3,0,1,1,0,0,0,0,0,692462.7048,5335465.9854,11.587353398,48.143305791,1,#66c2a5,bicycle
9,1,75,121,2018,5,5,1,2,8,1,0,1,0,0,0,0,0,0,712459.6564,5318352.0998,11.847350503,47.983158996,1,#66c2a5,bicycle
9,1,84,144,2018,5,15,5,3,5,3,0,1,1,0,0,0,0,0,687758.5755,5315975.8718,11.515624413,47.969526805,1,#66c2a5,bicycle
9,1,62,0,2018,5,10,5,2,4,2,0,1,1,0,0,0,0,1,689392.77,5333050.0088,11.545051637,48.122512063,1,#66c2a5,bicycle
9,1,62,0,2018,5,23,7,3,1,5,2,1,1,0,0,0,0,0,692063241.0,5337046823.0,11.582702228,48.157634761,1,#66c2a5,bicycle
9,1,62,0,2018,5,2,5,3,0,7,2,1,1,0,0,0,0,0,687851.9406,5336655.1161,11.525957065,48.155372046,1,#66c2a5,bicycle
9,1,62,0,2018,5,18,7,3,3,6,0,1,0,0,0,0,0,0,686843027.0,5333807.2453,11.511154629,48.130071729,1,#66c2a5,bicycle
9,1,62,0,2018,5,9,5,3,0,7,0,1,0,0,0,0,0,1,694497.9952,5341661.3159,11.617519246,48.198367578,1,#66c2a5,bicycle
9,1,62,0,2018,5,18,7,3,0,7,0,1,0,0,0,0,0,0,689414382.0,5338499.46,11.547766355,48.171485624,1,#66c2a5,bicycle
9,1,62,0,2018,5,17,5,3,1,5,0,1,1,0,0,0,0,0,693357.9111,5332349.1298,11.597960964,48.115020936,1,#66c2a5,bicycle
9,1,62,0,2018,5,17,5,3,0,7,0,0,0,0,0,0,1,0,686220.1475,5334325.4052,11.503017957,48.134911686,6,#ffd92f,circle
9,1,62,0,2018,5,20,7,3,5,3,2,0,1,0,1,0,0,0,691226.9845,5340155.4162,11.572866951,48.185826324,2,#fc8d62,car
9,1,62,0,2018,5,13,7,3,3,6,0,0,1,0,0,0,0,0,690125.6441,5336384.7929,11.556378339,48.152266713,2,#fc8d62,car
9,1,62,0,2018,5,6,5,3,0,7,0,1,0,0,0,0,1,1,693112.2772,5335307.5777,11.596004741,48.141685239,1,#66c2a5,bicycle
9,1,62,0,2018,5,9,5,3,5,3,0,1,1,0,0,0,0,1,694688.7855,5333034.4047,11.616136242,48.120774467,1,#66c2a5,bicycle
9,1,62,0,2018,5,17,7,3,5,2,0,1,1,0,0,0,0,0,695670.4315,5330901.0707,11.628334196,48.101300157,1,#66c2a5,bicycle
9,1,62,0,2018,5,14,7,3,6,4,0,1,0,1,0,0,0,0,694147.0479,5334648.1483,11.609599633,48.135443635,1,#66c2a5,bicycle
9,7,72,125,2018,5,9,5,3,0,1,0,1,0,0,0,0,0,0,636313.4952,5347726.7194,10.836940734,48.268069624,1,#66c2a5,bicycle
9,7,61,0,2018,5,10,5,3,0,3,0,1,1,0,1,0,0,0,641603.3556,5362518.9354,10.913156943,48.399915582,1,#66c2a5,bicycle
9,7,61,0,2018,5,22,5,3,4,2,2,0,1,0,0,0,0,1,640784791.0,5359252576.0,10.901009476,48.370729037,2,#fc8d62,car
9,7,61,0,2018,5,8,5,3,3,2,0,1,1,0,0,0,0,0,640092.3041,5359059172.0,10.891599745,48.369144103,1,#66c2a5,bicycle
9,7,72,168,2018,5,16,7,2,9,1,0,0,0,0,1,0,0,0,616464669.0,5345010.7019,10.568826253,48.247604563,4,#e78ac3,marker
9,7,71,130,2018,5,18,7,3,5,3,0,0,1,0,0,0,0,0,645925.0189,5358268.6205,10.970034417,48.360714459,2,#fc8d62,car
9,7,72,163,2018,5,11,7,3,1,6,0,0,1,0,1,0,0,0,639857279.0,5349385.2115,10.885218475,48.282209999,2,#fc8d62,car
9,7,61,0,2018,5,12,7,3,3,6,0,1,0,0,1,0,0,0,638121.5065,5356825.7449,10.8642706,48.349495832,1,#66c2a5,bicycle
9,7,61,0,2018,5,23,7,3,0,6,2,0,1,0,1,0,0,0,640994.3484,5359331.2764,10.903863884,48.3713899,2,#fc8d62,car
9,7,61,0,2018,5,10,7,3,2,6,0,1,1,0,0,0,0,0,640011.0173,5359245.0372,10.890564673,48.370833385,1,#66c2a5,bicycle
9,7,71,112,2018,5,2,7,3,7,7,2,0,0,0,1,0,0,1,647307339.0,5367341459.0,10.99186814,48.441968443,4,#e78ac3,marker
9,1,90,157,2018,5,15,5,2,3,6,0,1,0,0,0,0,0,0,659909.4394,5301245.5051,11.137327295,47.844649925,1,#66c2a5,bicycle
9,1,79,130,2018,5,22,5,3,0,1,2,1,0,0,0,0,0,1,658519.6873,5337098.5759,11.132014737,48.167348373,1,#66c2a5,bicycle
9,1,62,0,2018,5,18,4,3,3,6,0,1,1,0,0,0,0,0,692413.2148,5341916.8193,11.58960836,48.201299091,1,#66c2a5,bicycle
9,1,62,0,2018,5,6,4,3,5,3,0,1,1,0,0,0,0,0,689900.4267,5332720.0433,11.551719521,48.1193951,1,#66c2a5,bicycle
9,1,62,0,2018,5,18,4,3,5,3,0,0,1,0,1,0,0,0,689380.1826,5334527.6469,11.545539341,48.135796961,2,#fc8d62,car
9,1,62,0,2018,5,21,4,3,5,3,2,0,1,0,1,0,0,1,689682.2697,5343196.8915,11.553464098,48.213625999,2,#fc8d62,car
9,1,62,0,2018,5,19,4,3,1,6,0,0,1,0,1,0,0,0,692254.3191,5338556.5591,11.5859514,48.171146163,2,#fc8d62,car
9,1,62,0,2018,5,20,4,3,5,3,0,1,1,0,0,0,0,0,692134.2675,5336791971.0,11.583541248,48.15532275,1,#66c2a5,bicycle
9,2,74,126,2018,5,17,7,3,0,1,0,1,0,0,0,0,0,0,733816.7931,5383181.4738,12.168988404,48.558083964,1,#66c2a5,bicycle
9,1,62,0,2018,5,8,4,2,2,6,0,1,1,0,0,0,0,0,691504943.0,5337254.6317,11.575296132,48.159670889,1,#66c2a5,bicycle
9,1,90,129,2018,5,16,7,2,0,1,0,1,0,0,0,0,0,0,642559.8829,5301492.2387,10.905657513,47.850950754,1,#66c2a5,bicycle
9,1,62,0,2018,5,14,4,3,1,5,0,1,1,0,0,0,0,0,686315.1228,5339319.6595,11.506480231,48.179773885,1,#66c2a5,bicycle
9,1,62,0,2018,5,13,4,3,0,7,0,0,1,0,0,0,0,0,692092.1192,5332417.5991,11.581002551,48.116019382,2,#fc8d62,car
9,1,62,0,2018,5,11,4,3,1,5,0,0,1,0,0,0,0,0,689109.3771,5333071.6577,11.541256907,48.122790883,2,#fc8d62,car
9,1,62,0,2018,5,18,4,3,0,7,0,0,0,0,0,0,1,0,688417.2842,5341420431.0,11.535663735,48.198035908,6,#ffd92f,circle
9,1,62,0,2018,5,17,4,3,0,7,0,1,0,0,0,0,0,0,690106.8943,5337397.5744,11.556578995,48.161375173,1,#66c2a5,bicycle
9,1,62,0,2018,5,14,4,3,1,5,0,1,1,0,0,0,0,0,690492.8204,5334394829.0,11.560419943,48.134271123,1,#66c2a5,bicycle
9,1,87,150,2018,5,1,7,2,1,1,2,0,1,0,0,0,0,0,729341.2379,5304196.6648,12.065741636,47.850153439,2,#fc8d62,car
9,7,62,0,2018,5,12,4,3,2,6,0,0,1,0,0,0,0,0,622294.8077,5305552.4943,10.636038598,47.891643765,2,#fc8d62,car
9,1,75,127,2018,5,10,7,3,0,7,0,1,0,0,0,0,0,0,713490.2506,5341693628.0,11.872811231,48.192557634,1,#66c2a5,bicycle
9,1,78,140,2018,5,15,7,3,8,1,0,1,0,0,0,0,0,0,706844.4313,5368720.5876,11.796746325,48.43762124,1,#66c2a5,bicycle
9,1,78,124,2018,5,20,7,3,0,1,0,1,0,0,0,0,0,0,704062.9844,5363918.1708,11.756848006,48.3953737,1,#66c2a5,bicycle
9,7,61,0,2018,5,13,4,3,0,6,0,0,1,0,0,0,1,0,638337.7128,5361121.7647,10.868600371,48.388077551,2,#fc8d62,car
9,1,77,117,2018,5,15,7,3,0,7,0,1,0,0,0,0,0,0,715346239.0,5354259.1169,11.904143945,48.304835205,1,#66c2a5,bicycle
9,7,61,0,2018,5,12,4,3,5,7,0,0,1,0,1,0,0,0,640454522.0,5357222.8793,10.895874797,48.352552231,2,#fc8d62,car
9,1,62,0,2018,5,11,6,3,5,2,0,1,1,0,0,0,0,0,692680.9535,5334187.7296,11.589706065,48.131751066,1,#66c2a5,bicycle
9,1,62,0,2018,5,19,6,3,2,6,0,0,1,0,1,0,0,0,694601.8971,5336164.7914,11.6163999,48.148935657,2,#fc8d62,car
9,1,84,123,2018,5,17,6,3,9,1,0,0,0,0,1,0,0,0,702100043.0,5331947775.0,11.715096468,48.108699964,4,#e78ac3,marker
9,1,62,0,2018,5,13,6,3,2,6,0,0,1,0,0,0,0,0,686218.7957,5334451.3597,11.503054866,48.136044208,2,#fc8d62,car
9,1,62,0,2018,5,19,6,3,0,7,0,1,0,0,0,0,0,0,690807338.0,5334966229.0,11.56489895,48.139312619,1,#66c2a5,bicycle