ULAND,UREGBEZ,UKREIS,UGEMEINDE,UJAHR,UMONAT,USTUNDE,UWOCHENTAG,UKATEGORIE,UART,UTYP1,ULICHTVERH,IstRad,IstPKW,IstFuss,IstKrad,IstGkfz,IstSonstig,STRZUSTAND,LINREFX,LINREFY,XGCSWGS84,YGCSWGS84,Teilnehmer,color,symbol
9,1,62,0,2018,5,7,6,3,1,5,0,1,1,0,0,0,0,0,690656.9897,5343008.72,11.566487376,48.211642688,1,#66c2a5,bicycle
9,1,62,0,2018,5,6,6,3,5,2,0,0,1,0,1,0,0,0,688415.9973,5333855.2277,11.53229511,48.130039334,2,#fc8d62,car
9,1,84,146,2018,5,15,6,3,0,7,0,1,0,0,0,0,0,0,698011907.0,5328277.2643,11.658534544,48.07699576,1,#66c2a5,bicycle
9,1,62,0,2018,5,11,6,2,6,4,0,0,1,1,0,0,0,0,697329.5182,5332239.0917,11.651214005,48.112813811,2,#fc8d62,car
9,1,62,0,2018,5,17,6,3,6,4,0,0,1,1,0,0,0,0,689479.9321,5343857433.0,11.551038185,48.219623333,2,#fc8d62,car
9,1,62,0,2018,5,10,6,3,1,1,0,0,1,0,0,0,1,0,692160.9846,5334639.1262,11.58292846,48.135965335,2,#fc8d62,car
9,1,62,0,2018,5,2,6,3,9,2,2,0,1,0,0,0,0,1,696448.6991,5336831441.0,11.64151039,48.154359433,2,#fc8d62,car
9,1,62,0,2018,5,13,6,3,1,5,0,0,1,0,1,0,0,0,689089.3351,5332797.5879,11.540866295,48.120333458,2,#fc8d62,car
9,1,62,0,2018,5,19,6,3,2,6,1,1,0,0,0,0,0,0,691837.6538,5334841.2131,11.578677997,48.137879211,1,#66c2a5,bicycle
9,7,71,142,2018,5,17,3,2,5,7,0,1,1,0,0,0,0,0,645271.8977,5353024623.0,10.95941412,48.313714282,1,#66c2a5,bicycle
9,7,71,146,2018,5,19,3,3,5,3,0,0,1,0,1,0,0,0,647465.2514,5346711.0451,10.986775782,48.256439235,2,#fc8d62,car
9,7,61,0,2018,5,16,3,3,0,1,0,1,0,0,0,0,0,0,638037707.0,5358445.8128,10.863671571,48.36408158,1,#66c2a5,bicycle
9,7,61,0,2018,5,14,3,3,5,3,0,1,1,0,0,0,0,0,638683.4864,5362309.1822,10.873660427,48.398678583,1,#66c2a5,bicycle
9,7,61,0,2018,5,18,3,3,0,3,0,0,1,0,1,0,0,0,641445.4987,5360367.6482,10.910301015,48.380607578,2,#fc8d62,car
9,7,61,0,2018,5,8,3,3,1,5,0,0,1,0,1,0,0,0,641951.3708,5360897.5438,10.91730813,48.385258539,2,#fc8d62,car
9,7,61,0,2018,5,14,3,2,3,1,0,1,1,0,0,0,0,0,644691.6427,5355918.9256,10.952585938,48.339871278,1,#66c2a5,bicycle
9,7,61,0,2018,5,12,3,3,0,1,0,1,0,0,0,0,0,0,644311.7253,5356435.1055,10.94763898,48.344599374,1,#66c2a5,bicycle
9,7,61,0,2018,5,4,3,3,0,7,1,1,0,1,0,0,0,0,638745.0341,5356931.8575,10.872716862,48.35031331,1,#66c2a5,bicycle
9,7,61,0,2018,5,16,3,3,5,3,0,1,1,0,0,0,0,0,640635.54,5359271975.0,10.899001788,48.370936742,1,#66c2a5,bicycle
9,7,71,114,2018,5,18,3,2,1,3,0,0,1,0,0,1,0,0,646742.2385,5371853.3141,10.985814109,48.482666751,2,#fc8d62,car
9,2,61,0,2018,5,16,5,3,3,6,0,1,0,0,0,0,0,0,732400.3033,5382069.6684,12.149200141,48.548623425,1,#66c2a5,bicycle
9,1,88,139,2018,5,11,5,3,0,7,0,1,0,0,0,0,0,0,675130721.0,5319831428.0,11.348158946,48.007766751,1,#66c2a5,bicycle
9,1,79,142,2018,5,7,5,2,0,6,0,0,0,0,1,0,1,0,670894.5503,5340893.5675,11.299843196,48.198257662,4,#e78ac3,marker
9,1,81,121,2018,5,15,5,3,6,5,0,0,1,1,0,0,0,0,633957.5276,5308746.6236,10.79297692,47.9180399,2,#fc8d62,car
9,1,88,121,2018,5,11,5,3,0,7,0,1,0,0,0,0,0,1,671377.2282,5329420.6409,11.301714826,48.094989707,1,#66c2a5,bicycle
9,1,79,121,2018,5,11,5,3,5,3,0,1,1,0,0,0,0,0,666150.7429,5341036.0808,11.236109548,48.200797907,1,#66c2a5,bicycle
9,1,62,0,2018,5,17,4,2,5,3,0,0,1,0,1,0,0,0,690454613.0,5340142894.0,11.562480258,48.185945798,2,#fc8d62,car
9,1,62,0,2018,5,17,4,3,5,3,0,1,0,0,0,0,0,0,687238.3275,5340052.1822,11.5192104,48.18608657,1,#66c2a5,bicycle
9,1,62,0,2018,5,16,4,2,5,3,0,1,1,0,0,0,0,0,686474.1541,5337667.9017,11.507893033,48.164880764,1,#66c2a5,bicycle
9,1,62,0,2018,5,20,4,3,4,2,0,0,1,0,0,0,0,0,692649.1754,5332355387.0,11.588451298,48.11529196,2,#fc8d62,car
9,1,62,0,2018,5,13,4,3,5,2,0,1,1,0,0,0,0,0,684626.0149,5332563.2165,11.480848456,48.119536652,1,#66c2a5,bicycle
9,1,62,0,2018,5,18,4,3,4,6,0,1,0,0,0,0,0,0,691742.0029,5335203.5909,11.577556753,48.141165038,1,#66c2a5,bicycle
9,1,62,0,2018,5,17,3,3,0,7,0,1,0,0,0,0,0,0,688042.5898,5336921.8701,11.528635935,48.157713332,1,#66c2a5,bicycle
9,1,62,0,2018,5,18,4,3,0,7,0,1,0,0,0,0,0,0,690468.9474,5335655.3771,11.56066315,48.145608041,1,#66c2a5,bicycle
9,2,61,0,2018,5,12,3,3,0,7,0,1,0,0,0,0,1,0,731708776.0,5381895023.0,12.139746957,48.547310403,1,#66c2a5,bicycle
9,1,62,0,2018,5,12,4,3,0,7,0,0,1,0,0,0,0,0,686851.5318,5336658.3863,11.512519927,48.155696161,2,#fc8d62,car
9,1,73,126,2018,5,7,3,3,5,3,0,0,1,0,1,0,0,0,685146.2513,5305272.7874,11.476059958,47.874078996,2,#fc8d62,car
9,1,62,0,2018,5,14,4,3,5,2,0,1,1,0,0,0,0,0,689639.4396,5342604728.0,11.55262342,48.208316482,1,#66c2a5,bicycle
9,1,62,0,2018,5,13,4,3,5,3,0,0,1,0,1,0,0,0,693766.5774,5335405.9276,11.604835825,48.142370254,2,#fc8d62,car
9,1,62,0,2018,5,9,4,3,1,5,0,1,1,0,0,0,0,0,691470.5228,5337248.51,11.57483099,48.159626233,1,#66c2a5,bicycle
9,1,62,0,2018,5,12,3,3,5,3,0,0,1,0,0,0,0,0,700051.6053,5335221.0485,11.689144626,48.138763724,2,#fc8d62,car
9,1,84,145,2018,5,6,4,3,0,7,0,0,0,0,1,0,0,0,698026.7616,5325214.4178,11.657315587,48.049464136,4,#e78ac3,marker
9,1,62,0,2018,5,18,4,3,5,1,0,1,1,0,0,0,0,0,688919305.0,5341052377.0,11.54224912,48.19457868,1,#66c2a5,bicycle
9,1,62,0,2018,5,14,4,2,5,3,0,1,0,0,1,0,0,0,694590.52,5332008.3034,11.614349004,48.111582291,1,#66c2a5,bicycle
9,1,62,0,2018,5,6,4,3,3,6,0,1,0,0,0,1,0,0,682866.2974,5341151.9916,11.460917186,48.197245883,1,#66c2a5,bicycle
9,1,62,0,2018,5,18,3,3,3,7,0,1,1,0,0,0,0,0,693744.3068,5335123.7812,11.604408398,48.1398412,1,#66c2a5,bicycle
9,1,82,120,2018,5,8,3,3,3,6,0,1,1,0,0,0,0,0,701536.7459,5305904.3976,11.695312789,47.874821693,1,#66c2a5,bicycle
9,1,62,0,2018,5,12,4,3,0,7,0,0,1,0,0,0,0,0,690150138.0,5342480231.0,11.559434725,48.207044745,2,#fc8d62,car
9,1,84,146,2018,5,16,4,2,4,3,0,0,1,0,1,0,0,0,698888.8338,5327937097.0,11.670136762,48.07366569,2,#fc8d62,car
9,1,81,130,2018,5,17,3,3,4,6,0,1,0,0,0,0,0,0,639227.5157,5323883.1431,10.86838352,48.053031344,1,#66c2a5,bicycle
9,1,84,112,2018,5,18,4,3,2,6,0,1,1,0,0,0,0,0,700224.1302,5336983.2807,11.692289858,48.154546672,1,#66c2a5,bicycle
9,1,62,0,2018,5,13,3,3,0,5,0,1,1,0,0,0,0,0,690579.2001,5334627.4719,11.56168385,48.13633625,1,#66c2a5,bicycle
9,1,81,130,2018,5,16,3,3,0,1,0,1,0,0,0,0,0,0,639086.4681,5324475.4487,10.866684329,48.058388302,1,#66c2a5,bicycle
9,1,62,0,2018,5,15,4,3,4,2,0,0,1,0,0,0,0,0,698566.0034,5335287918.0,11.669228524,48.139829999,2,#fc8d62,car
9,1,74,115,2018,5,16,3,2,9,1,0,0,1,0,0,0,0,0,679265.9501,5351514.2103,11.416897527,48.291416435,2,#fc8d62,car
9,1,62,0,2018,5,16,4,3,5,2,0,1,1,0,0,0,0,0,689644686.0,5332702.5962,11.548278863,48.119314502,1,#66c2a5,bicycle
9,1,78,157,2018,5,17,3,3,0,1,0,0,0,0,1,0,0,0,704866.9853,5369992.3888,11.770663919,48.449695993,4,#e78ac3,marker
9,1,62,0,2018,5,11,2,3,2,6,0,0,1,0,1,0,0,0,688556826.0,5330512.5227,11.532707975,48.099952728,2,#fc8d62,car
9,1,62,0,2018,5,18,4,3,5,3,0,1,1,0,0,0,0,0,692294.8637,5337890.6958,11.586195068,48.165149288,1,#66c2a5,bicycle
9,1,62,0,2018,5,18,4,3,2,6,0,1,0,0,0,0,0,0,691848.5587,5335767191.0,11.579241595,48.146198463,1,#66c2a5,bicycle
9,1,62,0,2018,5,13,2,2,1,1,0,1,1,0,0,0,0,0,683389.2354,5334539.2357,11.465096035,48.137655808,1,#66c2a5,bicycle
9,1,62,0,2018,5,14,3,3,0,3,0,0,1,0,1,0,0,0,690839.63,5336593943.0,11.56606222,48.153932707,2,#fc8d62,car
9,1,84,123,2018,5,12,2,2,5,3,0,0,0,0,1,0,1,0,702973.9159,5332066.1234,11.726878992,48.109485698,4,#e78ac3,marker
9,1,62,0,2018,5,17,3,3,6,4,0,0,1,1,0,0,0,0,692996.8239,5335314.5779,11.594457528,48.141783185,2,#fc8d62,car
9,1,62,0,2018,5,17,4,3,1,5,0,1,1,0,0,0,0,0,691201.2185,5334051.8256,11.5697777,48.130975809,1,#66c2a5,bicycle
9,1,62,0,2018,5,13,2,3,1,6,0,0,1,0,0,0,0,0,692114.0687,5336718855.0,11.583236922,48.154671701,2,#fc8d62,car
9,1,62,0,2018,5,17,2,3,5,2,0,0,1,0,0,0,0,0,685583.8303,5339009.1979,11.496516359,48.177197355,2,#fc8d62,car
9,1,62,0,2018,5,14,2,3,2,6,0,0,1,0,0,0,0,0,696933.2957,5330657.5967,11.645166541,48.098722888,2,#fc8d62,car
9,1,84,120,2018,5,10,2,3,5,7,0,1,1,0,0,0,0,0,680652.6279,5332468.7121,11.427467633,48.119826888,1,#66c2a5,bicycle
9,1,62,0,2018,5,18,2,2,4,2,0,1,1,0,0,0,0,0,694813782.0,5340405.2182,11.621188213,48.186981655,1,#66c2a5,bicycle
9,1,62,0,2018,5,7,2,3,5,3,0,0,1,0,0,0,0,0,692950356.0,5332321415.0,11.592478325,48.114895449,2,#fc8d62,car
9,7,77,112,2018,5,20,4,3,0,6,0,1,1,0,0,0,0,0,622658.7527,5299005287.0,10.639047629,47.832690595,1,#66c2a5,bicycle
9,1,62,0,2018,5,18,2,3,5,3,0,1,1,0,0,0,0,0,688650.9863,5335660116.0,11.536249552,48.146192334,1,#66c2a5,bicycle
9,1,62,0,2018,5,10,2,3,4,6,0,1,1,0,0,0,0,0,691624.9891,5337703.3919,11.577110934,48.1636681,1,#66c2a5,bicycle
9,7,62,0,2018,5,17,4,3,5,3,0,0,1,0,1,0,0,0,621875887.0,5303858787.0,10.629958627,47.876490729,2,#fc8d62,car
9,7,72,130,2018,5,7,4,3,0,7,0,0,1,0,1,0,0,1,631893.2372,5357744808.0,10.780536851,48.359091712,2,#fc8d62,car
9,1,62,0,2018,5,6,2,3,3,2,0,0,1,0,1,0,0,0,693209.2935,5333403709.0,11.596444156,48.124544336,2,#fc8d62,car
9,1,62,0,2018,5,11,2,2,0,5,0,1,1,0,0,0,0,0,691918.9929,5338330.0385,11.581343543,48.169211584,1,#66c2a5,bicycle
9,7,72,177,2018,5,11,4,3,5,3,0,0,1,0,0,0,0,0,637292.1093,5378335.4599,10.860134134,48.543086789,2,#fc8d62,car
9,7,72,184,2018,5,19,4,2,0,7,0,0,0,0,0,0,1,0,633447.3278,5359060.1931,10.801923407,48.3705933,6,#ffd92f,circle
9,1,62,0,2018,5,6,2,3,1,5,0,1,1,0,0,0,0,0,688280.4734,5330462.1204,11.528977506,48.099581418,1,#66c2a5,bicycle
9,7,72,171,2018,5,6,4,3,5,3,0,0,0,0,1,0,1,0,637611.8114,5369404.2851,10.861519281,48.462710874,4,#e78ac3,marker
9,7,61,0,2018,5,16,4,3,0,1,0,1,0,0,0,0,0,0,639066.8849,5358542.8202,10.877591025,48.36472796,1,#66c2a5,bicycle
9,1,62,0,2018,5,17,2,3,0,7,0,0,0,0,0,0,1,0,692265.1061,5332746.2829,11.583472602,48.118921339,6,#ffd92f,circle
9,1,62,0,2018,5,11,2,3,6,6,0,1,0,1,0,0,0,0,690260.2394,5335405.1156,11.557748354,48.143421147,1,#66c2a5,bicycle
9,7,61,0,2018,5,16,4,3,2,6,0,0,1,0,0,0,0,0,640235.4727,5353420.5727,10.8916541,48.318411532,2,#fc8d62,car
9,1,62,0,2018,5,13,2,3,5,3,0,1,1,0,0,0,0,0,692324.6237,5337429.0119,11.586386139,48.160990785,1,#66c2a5,bicycle
9,7,61,0,2018,5,13,4,3,3,7,0,1,1,0,0,0,0,0,641813.0107,5360315.1424,10.915243874,48.380052967,1,#66c2a5,bicycle
9,7,61,0,2018,5,19,4,2,6,4,0,0,1,1,0,0,0,0,641181.4057,5359194799.0,10.906342467,48.370120929,2,#fc8d62,car
9,7,72,147,2018,5,18,2,3,1,5,0,0,1,0,0,0,0,0,639244.4386,5365997.4282,10.882459136,48.43171846,2,#fc8d62,car
9,7,61,0,2018,5,19,2,3,3,6,0,1,0,0,0,0,0,0,638508.8011,5359332.3334,10.870320347,48.371949815,1,#66c2a5,bicycle
9,7,61,0,2018,5,11,2,3,1,5,0,0,1,0,0,0,0,0,641749.6421,5360076.5163,10.914308075,48.377921586,2,#fc8d62,car
9,7,61,0,2018,5,9,2,3,2,6,0,0,1,0,0,0,0,0,641888.5604,5360476.9461,10.916318238,48.381490847,2,#fc8d62,car
9,7,61,0,2018,5,21,2,2,0,7,1,1,0,0,0,0,0,1,640970.1245,5351267.9762,10.900839057,48.298892568,1,#66c2a5,bicycle
9,7,61,0,2018,5,6,2,3,5,3,0,1,1,0,0,0,0,0,640122.7763,5352562.6504,10.889849775,48.31072226,1,#66c2a5,bicycle
9,7,61,0,2018,5,18,2,3,4,3,0,1,1,0,0,0,0,0,639395.9026,5359180.6579,10.882242127,48.370390666,1,#66c2a5,bicycle
9,7,71,141,2018,5,20,2,2,0,1,0,1,0,0,0,0,0,0,654591.9086,5375447.0543,11.093299547,48.513094705,1,#66c2a5,bicycle
9,7,78,203,2018,5,19,3,3,5,3,0,0,1,0,0,0,0,0,621892.5832,5324351.7997,10.635993727,48.060793053,2,#fc8d62,car
9,7,77,112,2018,5,11,3,3,0,1,0,1,0,0,0,0,0,0,624142.7361,5296886.2035,10.658261814,47.813347436,1,#66c2a5,bicycle
9,7,61,0,2018,5,17,3,3,1,5,0,1,1,0,0,0,0,0,641310.0025,5360937.6781,10.908663809,48.385763415,1,#66c2a5,bicycle
9,7,72,147,2018,5,9,3,3,6,4,0,0,1,1,0,0,0,0,639032.3157,5365033.3458,10.879273282,48.423096616,2,#fc8d62,car
9,2,61,0,2018,5,22,4,3,0,7,2,0,0,1,0,0,1,0,732674.2419,5380812.3573,12.15220427,48.53722784,3,#8da0cb,toilet
9,2,61,0,2018,5,5,2,3,0,7,0,1,0,0,0,0,1,0,733777.2667,5381749.9344,12.167649986,48.54523982,1,#66c2a5,bicycle
9,1,63,0,2018,5,8,4,2,0,7,0,1,0,0,0,0,0,0,732728.5509,5305810889.0,12.111821843,47.863438504,1,#66c2a5,bicycle
9,1,85,158,2018,5,10,4,2,5,3,0,1,0,0,0,0,0,0,667152.2255,5381201.7584,11.265551532,48.561608262,1,#66c2a5,bicycle
9,1,79,134,2018,5,7,4,3,0,1,0,1,0,0,0,0,0,0,666576.2322,5341664.5562,11.242078058,48.206336393,1,#66c2a5,bicycle
9,1,83,147,2018,5,11,2,3,0,1,0,1,0,0,0,0,0,0,742617.1127,5335899.9017,12.260830754,48.1300613,1,#66c2a5,bicycle
9,1,81,130,2018,5,15,4,3,5,3,0,1,1,0,0,0,0,0,638382.5519,5326016.2908,10.857740907,48.072397156,1,#66c2a5,bicycle
9,1,81,128,2018,5,18,4,3,5,2,0,1,1,0,0,0,0,0,637875.5715,5327375.2493,10.851377088,48.084727215,1,#66c2a5,bicycle
9,1,87,142,2018,5,20,2,2,4,6,0,0,0,0,1,0,1,0,733409.2679,5311973.0302,12.124241051,47.918552165,4,#e78ac3,marker
9,1,74,115,2018,5,18,4,3,4,2,0,0,1,0,0,0,0,0,682283.8962,5347773.1741,11.455934517,48.256928258,2,#fc8d62,car
9,1,78,124,2018,5,22,4,3,6,4,2,0,1,1,0,0,0,1,703146.32,5365217968.0,11.745107761,48.407349896,2,#fc8d62,car
9,1,63,0,2018,5,14,2,3,0,1,0,1,0,0,0,0,0,0,733650.9402,5305008.82,12.123702914,47.855897961,1,#66c2a5,bicycle
9,1,62,0,2018,5,9,3,3,3,5,0,1,1,0,0,0,0,0,692585.7797,5333863.3701,11.588281649,48.128864595,1,#66c2a5,bicycle
9,1,87,169,2018,5,12,2,2,0,1,0,1,0,0,0,0,0,0,737319.9052,5298648742.0,12.169192991,47.797416935,1,#66c2a5,bicycle
9,1,62,0,2018,5,18,3,3,0,1,0,0,0,0,1,0,0,0,688037.2114,5339630023.0,11.529761344,48.182056192,4,#e78ac3,marker
9,1,62,0,2018,5,14,3,3,4,7,0,0,1,0,0,0,1,0,684423695.0,5332451365.0,11.478084109,48.118589898,2,#fc8d62,car
9,1,88,141,2018,5,12,2,3,0,7,0,0,0,0,0,0,1,0,669949.49,5308602213.0,11.274309296,47.908213109,6,#ffd92f,circle
9,1,62,0,2018,5,12,3,3,0,5,0,1,1,0,0,0,0,0,686201.8347,5335005989.0,11.503069584,48.141034387,1,#66c2a5,bicycle
9,1,79,121,2018,5,19,2,3,5,3,0,0,1,0,1,0,0,0,666746.1709,5339195.8096,11.243394013,48.184097813,2,#fc8d62,car
9,1,62,0,2018,5,17,3,3,6,4,0,1,0,1,0,0,0,0,690629.6714,5335501.9444,11.562752985,48.144180855,1,#66c2a5,bicycle
9,1,81,144,2018,5,22,2,3,0,1,2,1,0,0,0,0,0,1,656396.8916,5321487.3499,11.097764005,48.027514021,1,#66c2a5,bicycle
9,1,62,0,2018,5,15,3,3,3,2,0,1,1,0,0,0,0,0,690299.0712,5340228.1913,11.560427893,48.186759054,1,#66c2a5,bicycle
9,1,74,136,2018,5,17,2,2,0,1,0,1,0,0,0,0,0,0,684221255.0,5367012174.0,11.490426327,48.429291386,1,#66c2a5,bicycle
9,1,74,143,2018,5,15,2,3,6,4,0,0,1,1,0,0,0,0,674464716.0,5353069.8365,11.352866707,48.30674185,2,#fc8d62,car
9,1,62,0,2018,5,23,3,2,5,3,2,0,1,0,1,0,0,1,694773.7738,5341488.6838,11.621147399,48.196731528,2,#fc8d62,car
9,1,78,145,2018,5,20,2,3,4,2,0,1,0,0,0,0,0,0,697461.9943,5355095.7946,11.663632932,48.31818946,1,#66c2a5,bicycle
9,1,84,134,2018,6,18,7,2,5,7,0,1,0,0,0,0,0,0,692891.1572,5321679.7079,11.586883092,48.019266956,1,#66c2a5,bicycle
9,1,62,0,2018,6,14,1,3,4,6,0,0,1,0,1,0,0,0,685911.1311,5338513.6342,11.500698194,48.172647394,2,#fc8d62,car
9,1,62,0,2018,6,14,1,3,4,6,0,1,0,0,0,0,0,0,696682.9665,5335238.3655,11.643920957,48.139969481,1,#66c2a5,bicycle
9,1,62,0,2018,6,18,7,3,1,6,0,0,1,0,0,0,0,0,686219.1013,5333686.8274,11.502724807,48.129172208,2,#fc8d62,car
9,2,74,126,2018,6,5,1,3,8,7,1,1,0,0,0,0,0,0,730410.8098,5384735.7257,12.123758657,48.57330625,1,#66c2a5,bicycle
9,7,61,0,2018,6,14,1,3,2,6,0,0,1,0,0,0,0,0,639106.6945,5362769.3255,10.879527386,48.402722829,2,#fc8d62,car
9,1,75,128,2018,6,15,1,2,0,1,0,1,0,0,0,0,0,1,714502.8334,5325625.9603,11.878335791,48.047838844,1,#66c2a5,bicycle
9,2,61,0,2018,6,12,7,3,0,1,0,1,0,0,0,0,0,0,731552.5898,5382489.5801,12.137964416,48.552708863,1,#66c2a5,bicycle
9,2,61,0,2018,6,14,7,3,0,1,0,1,0,0,0,0,0,0,732245.5752,5381570.2713,12.146828345,48.544194766,1,#66c2a5,bicycle
9,1,84,142,2018,6,12,1,2,0,7,0,1,0,0,0,0,0,0,680573.7644,5318747.3243,11.420616784,47.996507187,1,#66c2a5,bicycle
9,1,62,0,2018,6,14,7,3,0,7,0,1,1,0,0,0,0,0,693431.9384,5336304.6076,11.600750338,48.150549125,1,#66c2a5,bicycle
9,1,62,0,2018,6,20,1,3,5,3,1,0,0,0,1,0,1,0,688337.9937,5340829.4628,11.534335618,48.192747768,4,#e78ac3,marker
9,1,62,0,2018,6,18,7,3,0,5,0,1,1,0,0,0,0,0,692083.1795,5336607.98,11.582771967,48.15368451,1,#66c2a5,bicycle
9,1,62,0,2018,6,22,7,3,4,2,2,0,1,0,1,0,0,0,690265.9859,5335648.7757,11.557934409,48.145609441,2,#fc8d62,car
9,1,62,0,2018,6,21,1,3,8,1,2,0,1,0,0,0,0,0,686624.6617,5333065.7629,11.507898046,48.123471081,2,#fc8d62,car
9,1,81,130,2018,6,15,7,3,5,3,0,1,1,0,0,0,0,0,639149296.0,5321850.14,10.866673551,48.034766958,1,#66c2a5,bicycle
9,1,88,117,2018,6,16,7,3,0,5,0,1,1,0,0,0,0,0,663212.0339,5314248.5112,11.186356086,47.960727301,1,#66c2a5,bicycle
9,1,79,123,2018,6,17,7,3,5,3,0,1,1,0,0,0,0,0,675597624.0,5333366253.0,11.359972854,48.129309378,1,#66c2a5,bicycle
9,1,62,0,2018,6,0,6,3,0,7,2,1,0,0,0,0,0,1,691166.7769,5336463.4729,11.570397898,48.152661808,1,#66c2a5,bicycle
9,1,62,0,2018,6,20,6,3,6,4,0,0,1,1,0,0,0,0,691241.9999,5339889.5865,11.572949105,48.183432576,2,#fc8d62,car
9,1,62,0,2018,6,19,6,3,2,5,0,1,1,0,0,0,0,0,689764.6044,5334733.8335,11.550793067,48.137535662,1,#66c2a5,bicycle
9,1,62,0,2018,6,14,6,3,6,4,0,0,1,1,0,0,0,0,690485.6313,5334743.3037,11.56047924,48.137405358,2,#fc8d62,car
9,1,87,117,2018,6,14,1,3,8,1,0,0,1,0,0,0,0,0,725572.2983,5305737.2496,12.016236189,47.865329077,2,#fc8d62,car
9,1,84,129,2018,6,12,6,3,8,1,0,0,1,0,0,0,0,0,698978.7023,5325833.3586,11.670363099,48.054730732,2,#fc8d62,car
9,1,62,0,2018,6,9,6,3,1,5,0,1,0,0,0,0,1,0,691488227.0,5334234747.0,11.573713319,48.132533607,1,#66c2a5,bicycle
9,1,62,0,2018,6,11,7,3,0,1,0,1,0,0,0,0,0,0,686659.3019,5343488.0957,11.512938638,48.217139685,1,#66c2a5,bicycle
9,1,62,0,2018,6,9,6,3,0,1,0,0,0,0,1,0,0,1,690879.9199,5334271.0003,11.565562075,48.133042175,4,#e78ac3,marker
9,1,62,0,2018,6,13,6,3,1,7,0,1,0,0,0,0,1,0,693833.7973,5334376.7788,11.60527017,48.133100142,1,#66c2a5,bicycle
9,1,62,0,2018,6,18,6,3,5,3,0,1,1,0,0,0,0,0,693068.3639,5332340.7883,11.594070963,48.115033808,1,#66c2a5,bicycle
9,1,62,0,2018,6,13,7,2,2,6,0,1,0,0,0,0,0,0,679969.9392,5336015.8135,11.419801332,48.151904914,1,#66c2a5,bicycle
9,7,61,0,2018,6,14,1,3,1,5,0,1,1,0,0,0,0,0,640939.9389,5362963.7536,10.904348243,48.404063855,1,#66c2a5,bicycle
9,1,62,0,2018,6,15,6,3,3,2,0,0,1,0,0,0,1,0,686534.3953,5334866.3211,11.50747451,48.139681595,2,#fc8d62,car
9,1,79,147,2018,6,12,1,3,0,1,0,1,0,0,0,0,0,0,665062165.0,5333930209.0,11.218711961,48.137198931,1,#66c2a5,bicycle
9,1,84,136,2018,6,15,6,3,6,7,0,0,1,1,0,0,0,0,699399.2691,5326687.3526,11.676398934,48.062274546,2,#fc8d62,car
9,1,62,0,2018,6,21,6,3,3,6,2,0,1,0,1,0,0,0,692023.5648,5336386.3513,11.581871229,48.151710557,2,#fc8d62,car
9,1,62,0,2018,6,9,6,3,5,2,0,0,1,0,0,0,0,1,688037278.0,5339630.03,11.529762242,48.182056235,2,#fc8d62,car
9,1,74,115,2018,6,17,2,3,1,7,0,0,1,0,0,0,0,0,681968.7579,5348774.0886,11.452123174,48.266015579,2,#fc8d62,car
9,1,62,0,2018,6,11,6,3,2,6,0,0,1,0,0,0,0,0,686214.2226,5334818.4692,11.503153954,48.139345264,2,#fc8d62,car
9,1,84,122,2018,6,16,6,3,5,3,0,1,1,0,0,0,0,0,687924.7729,5323109.9021,11.520973257,48.033602096,1,#66c2a5,bicycle
9,1,62,0,2018,6,12,6,3,2,6,0,0,1,0,0,0,0,0,690046.2976,5332923.4562,11.553768264,48.121179865,2,#fc8d62,car
9,1,62,0,2018,6,21,6,3,0,1,1,1,0,0,0,0,0,0,691528.9829,5337109.1171,11.575553565,48.158355787,1,#66c2a5,bicycle
9,7,71,130,2018,6,20,7,3,0,1,1,1,0,0,0,0,0,0,646824879.0,5360521.2542,10.982961809,48.380759737,1,#66c2a5,bicycle
9,1,62,0,2018,6,13,1,3,5,3,0,0,1,0,0,0,0,0,693211.3679,5329106.0346,11.594525987,48.085917156,2,#fc8d62,car
9,7,61,0,2018,6,17,7,3,2,6,0,0,1,0,1,0,0,0,638079.5333,5361932.8421,10.865381569,48.395427169,2,#fc8d62,car
9,7,62,0,2018,6,11,6,3,3,3,0,1,1,0,0,0,0,0,621843863.0,5307875.9473,10.630664768,47.91262597,1,#66c2a5,bicycle
9,7,61,0,2018,6,2,7,3,0,7,2,1,0,0,0,0,0,0,639182.8478,5362629.7581,10.880509473,48.401451071,1,#66c2a5,bicycle
9,7,62,0,2018,6,9,6,3,5,3,0,1,1,0,0,0,0,0,623058.1814,5306305.6681,10.646461313,47.898271603,1,#66c2a5,bicycle
9,7,71,114,2018,6,8,7,3,0,7,0,1,0,0,0,0,0,0,644378885.0,5375337304.0,10.955055785,48.51453909,1,#66c2a5,bicycle
9,7,61,0,2018,6,18,6,2,2,6,0,1,1,0,0,0,0,0,637998.6022,5360299.5038,10.863752299,48.380758219,1,#66c2a5,bicycle
9,1,84,112,2018,6,8,1,3,0,1,0,0,0,0,1,0,0,0,702521.7968,5339022.1775,11.724119897,48.172142249,4,#e78ac3,marker
9,7,61,0,2018,6,18,6,3,5,3,0,0,1,0,0,0,0,0,643932.2911,5357802.7309,10.942988788,48.356982888,2,#fc8d62,car
9,7,61,0,2018,6,17,6,3,1,7,0,0,1,0,1,0,0,0,644184.6215,5357573.4557,10.946314485,48.354863807,2,#fc8d62,car