ULAND,UREGBEZ,UKREIS,UGEMEINDE,UJAHR,UMONAT,USTUNDE,UWOCHENTAG,UKATEGORIE,UART,UTYP1,ULICHTVERH,IstRad,IstPKW,IstFuss,IstKrad,IstGkfz,IstSonstig,STRZUSTAND,LINREFX,LINREFY,XGCSWGS84,YGCSWGS84,Teilnehmer,color,symbol
9,7,61,0,2018,6,12,6,3,5,3,0,0,1,0,0,0,0,0,644308.8524,5357686.4102,10.948029173,48.35585105,2,#fc8d62,car
9,7,61,0,2018,6,6,6,3,5,3,0,0,1,0,0,0,0,0,639630.3773,5356430.2234,10.884493755,48.345607615,2,#fc8d62,car
9,7,72,163,2018,6,14,1,3,5,3,0,1,1,0,0,0,0,0,639336.6385,5347476.5581,10.877575271,48.265162349,1,#66c2a5,bicycle
9,7,61,0,2018,6,17,6,3,2,6,0,0,1,0,0,0,0,0,640766.7245,5359246.0069,10.900763466,48.370674,2,#fc8d62,car
9,7,71,113,2018,6,13,1,3,0,1,0,0,0,0,1,0,0,0,654044.2997,5368137.1216,11.083195691,48.447509532,4,#e78ac3,marker
9,1,75,132,2018,6,17,1,2,5,3,0,1,0,0,0,0,0,0,706515.7452,5330882.3246,11.773831954,48.097709149,1,#66c2a5,bicycle
9,1,75,115,2018,6,10,2,3,5,3,0,0,1,0,0,0,0,0,720127.1511,5328930437.0,11.955404345,48.075615486,2,#fc8d62,car
9,1,62,0,2018,6,17,7,2,5,3,0,1,1,0,0,0,0,0,690511.4612,5338585.0125,11.562545965,48.171926679,1,#66c2a5,bicycle
9,1,62,0,2018,6,14,1,3,5,2,0,1,1,0,1,0,0,0,681252.23,5339491405.0,11.438507765,48.18278208,1,#66c2a5,bicycle
9,1,62,0,2018,6,18,7,3,1,5,0,1,1,0,0,0,0,0,693477.0969,5336279.8178,11.60134559,48.150312588,1,#66c2a5,bicycle
9,2,74,126,2018,6,18,6,3,5,3,0,1,1,0,0,0,0,0,733536.7613,5382211.8609,12.164655315,48.549478678,1,#66c2a5,bicycle
9,2,61,0,2018,6,20,6,3,0,6,1,1,1,0,0,0,0,0,730867.2425,5382685.7561,12.128799908,48.554723702,1,#66c2a5,bicycle
9,1,62,0,2018,6,17,1,3,0,7,0,0,0,0,1,0,0,0,693828.7019,5334635.2315,11.605319346,48.13542458,4,#e78ac3,marker
9,1,62,0,2018,6,4,7,3,0,7,2,1,0,0,0,0,0,0,688521.8219,5336449.8465,11.53486458,48.153328831,1,#66c2a5,bicycle
9,1,90,159,2018,6,19,6,3,5,3,0,0,1,0,1,0,0,0,661462.1175,5305022.2494,11.159475448,47.878218564,2,#fc8d62,car
9,1,73,118,2018,6,13,6,3,8,7,0,0,1,0,0,0,0,0,695435.4741,5306237.2724,11.613955353,47.879699285,2,#fc8d62,car
9,7,61,0,2018,6,19,1,3,5,3,0,0,1,0,1,0,0,0,643767.1026,5358102.2769,10.940862529,48.359713875,2,#fc8d62,car
9,1,87,159,2018,6,11,6,3,0,7,0,1,0,0,0,0,0,0,731430.4459,5326937.0855,12.105857096,48.053706522,1,#66c2a5,bicycle
9,1,87,130,2018,6,12,6,3,0,1,0,1,0,0,0,0,0,0,712858.4793,5310193.8372,11.848654121,47.909715291,1,#66c2a5,bicycle
9,1,62,0,2018,6,12,7,3,5,2,0,1,1,0,0,0,0,0,696649.4302,5338023.3148,11.644757419,48.165009177,1,#66c2a5,bicycle
9,1,81,130,2018,6,18,6,3,2,6,0,0,1,0,0,0,0,0,639245.7555,5324220.4401,10.86873794,48.056060443,2,#fc8d62,car
9,1,79,121,2018,6,18,6,3,6,4,0,0,1,1,0,0,0,0,665331638.0,5336555.2955,11.22335095,48.160728957,2,#fc8d62,car
9,1,88,144,2018,6,16,1,3,0,7,0,1,0,0,0,0,0,0,667915.3538,5327070.0417,11.2543331,48.074779242,1,#66c2a5,bicycle
9,1,81,114,2018,6,19,6,3,5,3,0,1,1,0,0,0,0,0,656851.8015,5312925.9002,11.100733872,47.950425274,1,#66c2a5,bicycle
9,1,74,115,2018,6,12,6,3,5,3,0,0,1,0,0,1,0,0,680940.4629,5347192.5741,11.43760312,48.252094478,2,#fc8d62,car
9,1,79,121,2018,6,7,2,3,2,6,0,0,1,0,1,0,0,0,667313.0454,5337827219.0,11.250475807,48.171645198,2,#fc8d62,car
9,1,75,132,2018,6,10,6,3,2,2,0,0,1,0,1,0,0,0,707155.5698,5332420.4229,11.783161975,48.111323452,2,#fc8d62,car
9,1,78,123,2018,6,16,6,3,0,1,0,1,0,0,0,0,0,0,690767.7497,5357665.0649,11.574591243,48.343335957,1,#66c2a5,bicycle
9,7,77,140,2018,6,17,7,3,0,1,0,0,0,0,1,0,0,0,628959.7728,5316337.5647,10.728391341,47.987331247,4,#e78ac3,marker
9,1,77,127,2018,6,13,6,2,8,1,0,0,0,0,1,0,0,0,725602774.0,5346611.2338,12.038185905,48.232552205,4,#e78ac3,marker
9,1,62,0,2018,5,19,5,3,1,5,0,1,1,0,0,0,0,1,682634.0674,5338094982.0,11.456480851,48.169834432,1,#66c2a5,bicycle
9,1,62,0,2018,5,10,5,2,3,6,0,1,0,0,0,0,0,0,691763.7454,5341835.5964,11.580839951,48.200765565,1,#66c2a5,bicycle
9,1,62,0,2018,5,9,5,2,3,2,0,1,1,0,0,0,0,0,686397.22,5337549.4932,11.50680748,48.163839033,1,#66c2a5,bicycle
9,1,62,0,2018,6,11,1,2,2,6,0,1,0,0,0,0,0,0,689516524.0,5337054795.0,11.548495089,48.158470505,1,#66c2a5,bicycle
9,1,62,0,2018,5,22,5,3,5,3,2,0,1,0,0,0,0,0,694523337.0,5335088.4291,11.614853078,48.139285795,2,#fc8d62,car
9,1,84,120,2018,5,16,5,3,1,1,0,0,1,0,0,0,0,0,681466.2938,5331651.8128,11.438043162,48.112252532,2,#fc8d62,car
9,1,62,0,2018,6,13,1,3,5,3,0,1,1,0,0,0,0,0,690815524.0,5334965458.0,11.565008529,48.139303234,1,#66c2a5,bicycle
9,1,62,0,2018,5,10,5,3,5,3,0,1,0,0,0,0,0,0,687015256.0,5343625.9979,11.517786756,48.218274369,1,#66c2a5,bicycle
9,1,62,0,2018,5,10,5,3,0,1,0,1,0,0,0,0,0,0,697002.4787,5331100.0577,11.646298993,48.102678087,1,#66c2a5,bicycle
9,1,62,0,2018,5,13,5,3,3,6,0,1,1,0,0,0,0,0,692714344.0,5334122.9986,11.590125093,48.13115917,1,#66c2a5,bicycle
9,1,62,0,2018,5,17,5,3,3,6,0,1,0,0,0,0,0,0,691692.9352,5336169.5449,11.577332745,48.149861669,1,#66c2a5,bicycle
9,1,62,0,2018,5,3,5,3,6,4,2,1,0,1,0,0,0,0,691087.6769,5335142.4242,11.568742494,48.140812122,1,#66c2a5,bicycle
9,7,73,143,2018,5,19,5,2,0,1,0,0,0,0,1,0,0,0,624205.6176,5374175.1614,10.681673183,48.508403116,4,#e78ac3,marker
9,7,72,184,2018,5,19,5,3,5,2,0,0,1,0,0,0,0,0,633662.4919,5360161729.0,10.805177481,48.380452917,2,#fc8d62,car
9,7,71,142,2018,5,10,5,3,0,1,0,1,0,0,0,0,0,0,645049.2282,5352012.6145,10.956064684,48.304665971,1,#66c2a5,bicycle
9,7,72,209,2018,6,14,1,2,0,1,0,1,0,0,0,0,0,0,635250.3162,5336028.4996,10.818890087,48.163103651,1,#66c2a5,bicycle
9,1,62,0,2018,6,3,7,3,8,1,2,0,0,0,1,0,0,0,689184.8282,5332990.7498,11.54223388,48.122041257,4,#e78ac3,marker
9,7,61,0,2018,6,10,1,3,3,5,0,1,1,0,0,0,0,0,640413.5394,5359181713.0,10.895975682,48.370174567,1,#66c2a5,bicycle
9,1,74,141,2018,6,11,1,2,8,1,0,0,0,0,1,0,0,0,682596.4499,5357243.9234,11.464237658,48.341965153,4,#e78ac3,marker
9,1,75,127,2018,6,22,2,3,1,5,2,1,1,0,0,0,0,0,713088.3157,5340757.9679,11.866940315,48.184285121,1,#66c2a5,bicycle
9,2,61,0,2018,6,7,4,3,2,6,0,1,1,0,0,0,0,0,732343741.0,5381915.0666,12.148348652,48.547255629,1,#66c2a5,bicycle
9,2,61,0,2018,6,19,4,3,5,3,0,1,0,0,0,0,0,1,732860415.0,5381105805.0,12.154886464,48.539794744,1,#66c2a5,bicycle
9,2,74,126,2018,6,17,4,3,0,7,0,1,0,0,0,0,0,0,734097.9297,5385112523.0,12.173878972,48.57532471,1,#66c2a5,bicycle
9,2,74,194,2018,6,12,4,3,5,3,0,0,1,0,0,0,1,0,721146.1692,5378899.9417,11.995239013,48.524214822,2,#fc8d62,car
9,1,90,157,2018,6,17,4,3,0,3,0,0,1,0,1,0,0,1,661504.0255,5301478518.0,11.158711715,47.846346313,2,#fc8d62,car
9,1,63,0,2018,6,14,4,3,5,2,0,1,1,0,0,0,0,0,731371.2802,5304087.7269,12.092779484,47.848447282,1,#66c2a5,bicycle
9,1,86,143,2018,6,15,4,3,4,6,0,1,0,0,0,0,0,0,684423.0694,5377889.6236,11.497950095,48.526997676,1,#66c2a5,bicycle
9,2,74,126,2018,6,13,3,3,0,7,0,1,0,0,0,0,1,0,733819.7928,5383171.5609,12.169023428,48.557993803,1,#66c2a5,bicycle
9,1,73,126,2018,6,12,3,1,0,7,0,1,0,1,0,0,0,0,685228.2977,5303483.5506,11.47638946,47.857971921,1,#66c2a5,bicycle
9,1,79,142,2018,6,10,4,3,0,1,0,1,0,0,0,0,0,0,672983.6973,5343028.7721,11.328804809,48.216886225,1,#66c2a5,bicycle
9,1,63,0,2018,6,17,3,3,5,3,0,0,1,0,1,0,0,0,730866.5732,5304046.3033,12.086021009,47.84825656,2,#fc8d62,car
9,1,88,120,2018,6,7,4,3,0,2,0,1,0,0,0,0,0,0,677760.9506,5326286.5959,11.386073015,48.065068348,1,#66c2a5,bicycle
9,1,63,0,2018,6,18,3,3,5,3,0,0,1,0,0,0,1,0,733322.2368,5305287.4506,12.119465481,47.858520605,2,#fc8d62,car
9,1,63,0,2018,6,10,3,3,5,2,0,1,1,0,0,0,0,0,731444.2502,5304186.3284,12.093806152,47.849306882,1,#66c2a5,bicycle
9,1,63,0,2018,6,8,3,3,1,7,0,1,1,0,0,0,0,0,732424.6551,5304375.9713,12.106993593,47.850656962,1,#66c2a5,bicycle
9,1,87,122,2018,6,7,3,3,0,1,0,1,0,0,0,0,0,0,717275.2572,5305987.3099,11.90556846,47.870435649,1,#66c2a5,bicycle
9,1,78,130,2018,6,15,4,2,5,3,0,0,1,0,1,0,0,0,702486884.0,5356998774.0,11.732250269,48.333701505,2,#fc8d62,car
9,1,78,124,2018,6,5,4,2,5,3,0,1,1,0,0,0,0,0,704560379.0,5363914118.0,11.763557608,48.395176149,1,#66c2a5,bicycle
9,1,88,139,2018,6,16,3,3,0,1,0,1,0,0,0,0,0,0,678533357.0,5320571281.0,11.39404874,48.013476233,1,#66c2a5,bicycle
9,1,79,118,2018,6,13,3,3,0,1,0,1,0,0,0,0,0,0,673608.3796,5338056.5109,11.335174376,48.172018015,1,#66c2a5,bicycle
9,1,75,121,2018,6,13,4,3,0,1,0,0,0,0,1,0,0,0,714578.5089,5317220.0741,11.875144886,47.972279682,4,#e78ac3,marker
9,1,79,142,2018,6,16,3,3,5,2,0,1,1,0,0,0,0,0,672911788.0,5341947.97,11.327396995,48.207190039,1,#66c2a5,bicycle
9,1,62,0,2018,6,13,3,3,5,2,0,0,1,0,0,0,0,0,696944.9477,5330694.3331,11.645339826,48.099049452,2,#fc8d62,car
9,1,84,149,2018,6,11,3,3,5,3,0,1,1,0,0,0,0,0,690624.0019,5349813.5455,11.569106601,48.272812749,1,#66c2a5,bicycle
9,1,88,132,2018,6,7,3,3,4,6,0,1,1,0,0,0,0,0,665395972.0,5323140128.0,11.219016384,48.04010641,1,#66c2a5,bicycle
9,1,62,0,2018,6,7,3,3,3,2,0,1,1,0,0,0,0,0,689696484.0,5334565835.0,11.549803525,48.136045993,1,#66c2a5,bicycle
9,1,79,123,2018,6,8,3,3,0,7,0,0,0,1,0,0,1,0,676677.2519,5334305.0888,11.37485915,48.137450043,3,#8da0cb,toilet
9,1,88,127,2018,6,11,3,2,5,3,0,1,1,0,0,0,0,0,676631.6354,5329308.2268,11.37217687,48.092544519,1,#66c2a5,bicycle
9,1,74,115,2018,6,20,3,3,6,6,0,1,0,1,0,0,0,0,681310.2958,5347405.5444,11.442671986,48.253903095,1,#66c2a5,bicycle
9,1,62,0,2018,6,21,3,2,3,6,0,0,1,0,1,0,0,0,686213.5584,5334906.5464,11.503183545,48.140137129,2,#fc8d62,car
9,1,77,133,2018,6,8,3,3,5,3,0,0,1,0,0,0,0,0,706435.5403,5359611.1497,11.786746902,48.355898975,2,#fc8d62,car
9,1,78,120,2018,6,8,3,3,5,2,0,0,1,0,1,0,0,0,694832219.0,5352774271.0,11.627126201,48.298141105,2,#fc8d62,car
9,1,62,0,2018,6,6,3,3,5,2,0,1,1,0,0,0,0,0,691182.8692,5340334.7899,11.572354748,48.187451779,1,#66c2a5,bicycle
9,1,77,117,2018,6,23,3,3,5,3,2,0,1,0,0,0,0,0,714838112.0,5353384.1241,11.896855247,48.297145961,2,#fc8d62,car
9,1,75,122,2018,6,14,3,3,5,3,0,1,1,0,0,0,0,0,720132.0046,5324845.4126,11.95336765,48.038909365,1,#66c2a5,bicycle
9,1,62,0,2018,6,10,2,3,2,6,0,0,1,0,1,0,0,0,692236.0489,5337156.1548,11.585072947,48.158565194,2,#fc8d62,car
9,1,62,0,2018,6,10,2,3,5,2,0,0,1,0,0,0,0,0,693310.5797,5335242.6034,11.598638182,48.141041052,2,#fc8d62,car
9,1,84,132,2018,6,17,2,3,0,6,0,1,1,0,0,0,0,0,683486.7574,5329499.2152,11.464237148,48.092324625,1,#66c2a5,bicycle
9,1,62,0,2018,6,11,2,3,0,7,0,1,0,0,0,0,0,0,693160.7414,5334154.9257,11.59613287,48.13131081,1,#66c2a5,bicycle
9,1,62,0,2018,6,10,2,3,3,6,0,1,0,0,0,0,0,0,692393.1499,5337132.8009,11.587172751,48.158307782,1,#66c2a5,bicycle
9,1,84,130,2018,6,18,3,3,3,2,0,0,1,0,1,0,0,0,698940.9066,5345684.1476,11.679130968,48.233144489,2,#fc8d62,car
9,1,62,0,2018,6,10,2,3,5,3,0,0,1,0,1,0,0,0,691887292.0,5338336617.0,11.580920578,48.16928028,2,#fc8d62,car
9,1,62,0,2018,6,16,2,3,5,3,0,1,1,0,0,0,0,0,691183.7638,5334168.8261,11.569595849,48.132032643,1,#66c2a5,bicycle
9,1,62,0,2018,6,0,3,3,0,3,2,0,1,0,0,0,1,0,698282.6893,5331775.5087,11.663790502,48.10835144,2,#fc8d62,car
9,1,62,0,2018,6,22,2,3,5,2,2,0,1,0,0,0,0,0,689419.6534,5337161.3283,11.547241203,48.159456894,2,#fc8d62,car
9,1,62,0,2018,6,13,2,3,5,7,0,1,1,0,0,0,0,0,687334.3399,5338955.0099,11.520017208,48.176196673,1,#66c2a5,bicycle
9,1,62,0,2018,6,19,2,3,5,3,1,1,0,0,0,0,0,0,691945.9873,5331914.5606,11.578814752,48.111542192,1,#66c2a5,bicycle
9,1,62,0,2018,6,21,2,3,3,2,1,1,1,0,0,0,0,0,688551.7627,5336312.7167,11.535206002,48.152087415,1,#66c2a5,bicycle
9,1,62,0,2018,6,21,3,3,4,7,2,0,1,0,1,0,0,0,690400.7362,5334741.3019,11.55933838,48.137412773,2,#fc8d62,car
9,1,62,0,2018,6,17,2,3,4,2,0,0,1,0,0,0,0,0,692683.4131,5341964.0127,11.593262404,48.201641311,2,#fc8d62,car
9,1,62,0,2018,6,19,3,3,3,2,0,1,1,0,0,0,0,0,680200.7271,5337077.9553,11.423351368,48.161387039,1,#66c2a5,bicycle
9,1,62,0,2018,6,16,3,3,6,4,0,0,1,1,0,0,0,0,685598.8967,5335096.8865,11.495012024,48.142027574,2,#fc8d62,car
9,1,84,148,2018,6,21,2,3,0,1,1,1,0,0,0,0,0,0,693646393.0,5327093.1376,11.599449375,48.067693663,1,#66c2a5,bicycle
9,1,62,0,2018,6,8,3,3,5,2,0,0,1,0,1,0,0,0,684073.0848,5335076.4318,11.474511568,48.142286984,2,#fc8d62,car
9,1,62,0,2018,6,9,2,2,5,2,0,1,1,0,0,0,0,0,697270.8457,5332276.7689,11.650444013,48.113170606,1,#66c2a5,bicycle
9,1,62,0,2018,6,12,2,3,4,7,0,1,0,0,0,0,0,0,689651.4644,5332974.5801,11.548490841,48.121757098,1,#66c2a5,bicycle
9,1,62,0,2018,6,7,2,2,0,7,0,1,0,0,0,0,0,0,689552.3023,5331573.8219,11.546537075,48.109196463,1,#66c2a5,bicycle
9,1,62,0,2018,6,18,3,3,3,3,0,1,1,0,0,0,0,0,688013.5193,5339610.4939,11.529434283,48.181887673,1,#66c2a5,bicycle
9,1,62,0,2018,6,9,2,3,5,2,0,1,1,0,0,0,0,0,691919.9217,5333881.7404,11.579350458,48.12923081,1,#66c2a5,bicycle
9,1,62,0,2018,6,17,3,3,3,6,0,1,0,0,0,0,0,0,690699.7749,5338174762.0,11.564892317,48.168182918,1,#66c2a5,bicycle
9,1,62,0,2018,6,9,2,3,5,2,0,1,0,0,1,0,0,0,690359.8597,5333880.0991,11.558404692,48.129684515,1,#66c2a5,bicycle
9,1,62,0,2018,6,17,2,3,3,6,0,1,0,0,0,0,0,0,690193.1461,5339001.6887,11.558455204,48.175767068,1,#66c2a5,bicycle
9,1,62,0,2018,6,22,2,3,5,2,2,0,1,0,0,0,0,0,692905.3249,5338554.9726,11.59469785,48.170934661,2,#fc8d62,car
9,1,62,0,2018,6,18,3,3,4,2,0,1,0,0,0,0,0,0,688589.4184,5335676.5723,11.535429956,48.146358501,1,#66c2a5,bicycle
9,7,78,116,2018,6,18,2,2,5,3,0,1,1,0,0,0,0,0,619194.2872,5320017.1971,10.598586179,48.022319177,1,#66c2a5,bicycle
9,1,62,0,2018,6,17,3,3,0,7,0,0,1,0,1,0,0,0,685852.4862,5334400.5833,11.498113832,48.135694894,2,#fc8d62,car
9,1,62,0,2018,6,9,3,3,5,2,0,1,0,0,0,0,0,0,693320.3842,5333216.4581,11.597850536,48.122827652,1,#66c2a5,bicycle
9,7,77,118,2018,6,7,2,3,5,3,0,0,1,0,1,0,0,0,629010.5103,5298634.5655,10.723774851,47.828113643,2,#fc8d62,car
9,1,62,0,2018,6,16,3,3,3,2,0,1,1,0,0,0,0,0,689101.7509,5334949.1251,11.541987768,48.139668048,1,#66c2a5,bicycle
9,1,62,0,2018,6,22,3,3,5,3,2,1,1,0,0,0,0,0,689126.3292,5334738.6911,11.54222438,48.137769341,1,#66c2a5,bicycle
9,7,77,152,2018,6,13,2,3,0,1,0,1,0,0,0,0,0,0,625023.6746,5305359.0829,10.672472967,47.889378474,1,#66c2a5,bicycle
9,1,62,0,2018,6,12,3,3,0,7,0,0,0,0,0,0,1,0,691750.4619,5335405.0756,11.577761073,48.142973402,6,#ffd92f,circle
9,7,77,121,2018,6,17,2,3,5,3,0,1,1,0,0,0,0,0,628817.4129,5321181591.0,10.727939254,48.030922649,1,#66c2a5,bicycle
9,1,62,0,2018,6,10,3,3,8,1,0,1,0,0,0,0,0,0,691631.2623,5335393.4648,11.576155091,48.142904959,1,#66c2a5,bicycle
9,7,72,177,2018,6,19,2,3,5,3,0,1,0,0,0,0,0,0,636786.3204,5376893.6848,10.852811792,48.530233367,1,#66c2a5,bicycle
9,7,61,0,2018,6,17,2,3,0,1,0,1,0,0,0,0,0,0,639173.2053,5360801685.0,10.879773481,48.385015679,1,#66c2a5,bicycle
9,7,61,0,2018,6,16,2,3,1,7,0,0,1,1,0,0,0,0,638214.0034,5355504.8208,10.865084842,48.337598014,2,#fc8d62,car
9,7,61,0,2018,6,12,3,3,5,3,0,0,1,0,1,0,0,0,639176.7397,5360619.0879,10.879760712,48.383373035,2,#fc8d62,car
9,7,61,0,2018,6,8,3,2,5,3,0,1,0,0,0,1,0,0,642841.5781,5362254.8523,10.929786492,48.397261774,1,#66c2a5,bicycle
9,7,61,0,2018,6,8,3,3,5,7,0,1,0,0,0,0,1,0,641466.6159,5355810.6554,10.909053859,48.33962811,1,#66c2a5,bicycle
9,7,61,0,2018,6,12,3,3,5,7,0,0,1,0,0,0,0,0,639157.3494,5355840.8053,10.877918436,48.340412067,2,#fc8d62,car
9,7,61,0,2018,6,21,3,3,1,5,2,1,1,0,0,0,0,0,641177.0464,5359371.0242,10.906342804,48.371706454,1,#66c2a5,bicycle
9,7,61,0,2018,6,10,3,3,4,2,0,1,1,0,0,0,0,0,641102025.0,5358308467.0,10.904973882,48.362169111,1,#66c2a5,bicycle
9,2,61,0,2018,6,12,2,3,6,4,0,0,1,1,0,0,0,0,731221.91,5382636.0351,12.133571402,48.554146425,2,#fc8d62,car
9,2,61,0,2018,6,19,2,3,0,1,0,0,0,0,1,0,0,0,731375.9954,5383173.37,12.135954948,48.558916391,4,#e78ac3,marker
9,1,87,150,2018,6,11,2,3,6,4,0,0,1,1,0,0,0,0,730078.7482,5304099722.0,12.075534172,47.849018928,2,#fc8d62,car
9,1,88,139,2018,6,17,2,2,5,3,0,0,1,0,1,0,0,0,675425.0062,5319328.9918,11.351895836,48.003169361,2,#fc8d62,car
9,1,88,139,2018,6,21,2,3,0,1,0,1,0,0,0,0,0,0,675332.6976,5319022.9741,11.350534302,48.000443705,1,#66c2a5,bicycle
9,1,81,146,2018,6,13,2,3,0,1,0,1,0,0,0,0,0,0,651695.8927,5326163.6152,11.036408603,48.070694083,1,#66c2a5,bicycle
9,1,62,0,2018,6,6,5,3,4,5,0,0,1,0,1,0,0,0,691471.1041,5340061.6793,11.576105773,48.184910307,2,#fc8d62,car
9,7,72,202,2018,6,7,5,3,0,6,0,1,0,0,0,0,0,0,636906.2053,5358057.6992,10.84827696,48.360838104,1,#66c2a5,bicycle
9,7,61,0,2018,6,18,5,3,0,1,0,0,0,0,1,0,0,0,637812.9716,5358595.6882,10.860688147,48.365478343,4,#e78ac3,marker
9,7,61,0,2018,6,15,5,3,0,7,0,1,0,0,0,0,0,0,643077.6604,5360418.7653,10.932348715,48.380699161,1,#66c2a5,bicycle
9,7,61,0,2018,6,13,5,3,3,2,0,0,1,0,1,0,0,0,641829.3908,5360356.8492,10.91547904,48.380424294,2,#fc8d62,car
9,7,61,0,2018,6,16,5,2,5,3,0,1,1,0,0,0,0,0,640195.7945,5350597.9812,10.890181456,48.293040147,1,#66c2a5,bicycle
9,7,61,0,2018,6,8,5,3,0,7,0,1,1,0,0,0,0,0,641301.1458,5357538.7672,10.907402129,48.355203717,1,#66c2a5,bicycle
9,7,61,0,2018,6,7,5,2,0,7,0,1,0,0,0,0,0,0,641512.4386,5358138.1665,10.910454266,48.36054597,1,#66c2a5,bicycle
9,7,61,0,2018,6,10,5,3,5,3,0,0,1,0,0,0,0,0,641044053.0,5351862.07,10.902033856,48.304218034,2,#fc8d62,car
9,1,85,158,2018,6,13,6,3,5,3,0,1,1,0,0,0,0,0,667670.3655,5380966.2757,11.272473692,48.559353102,1,#66c2a5,bicycle
9,7,61,0,2018,6,15,5,3,2,2,0,1,1,0,0,0,0,0,640182.6179,5358387.8681,10.892594781,48.363087889,1,#66c2a5,bicycle
9,7,71,142,2018,6,15,5,3,0,1,0,0,0,0,1,0,0,0,647243.9473,5349805.2192,10.984873573,48.284311531,4,#e78ac3,marker
9,1,84,145,2018,6,23,5,3,0,1,2,1,0,0,0,0,0,0,695763.7472,5324274827.0,11.626551844,48.041717471,1,#66c2a5,bicycle
9,1,79,121,2018,6,7,6,3,5,3,0,1,1,0,0,0,0,0,666453.3125,5338331.6785,11.239118535,48.176406055,1,#66c2a5,bicycle
9,1,62,0,2018,6,15,5,3,1,5,0,0,1,0,0,0,1,0,684739.5732,5329463.9612,11.481030982,48.091645837,2,#fc8d62,car
9,1,62,0,2018,6,7,5,3,3,2,0,1,1,0,0,0,0,0,684116.7815,5337525535.0,11.476157987,48.164288197,1,#66c2a5,bicycle
9,1,87,117,2018,6,10,6,3,5,6,0,1,1,0,0,0,0,0,724304.8083,5305582.1283,11.999231571,47.864379054,1,#66c2a5,bicycle
9,1,62,0,2018,6,13,5,3,0,7,0,1,0,1,0,0,0,0,691576.2266,5334545.4084,11.575034545,48.135299313,1,#66c2a5,bicycle
9,1,75,122,2018,6,17,6,3,5,3,0,1,1,0,0,0,0,1,720634846.0,5325837168.0,11.960615665,48.047646855,1,#66c2a5,bicycle
9,1,84,123,2018,6,8,5,3,5,3,0,1,1,0,0,0,0,0,703422953.0,5332186908.0,11.732962126,48.110427923,1,#66c2a5,bicycle
9,1,62,0,2018,6,9,5,3,5,5,0,0,1,0,1,0,0,0,693878.1911,5341297.6252,11.609020947,48.195288432,2,#fc8d62,car
9,1,62,0,2018,6,7,5,3,5,3,0,1,1,0,0,0,0,0,690476.5151,5338048.9651,11.561836265,48.167119203,1,#66c2a5,bicycle
9,1,87,182,2018,6,9,7,1,5,3,0,0,1,0,0,0,1,0,736630272.0,5327042426.0,12.175588522,48.052746437,2,#fc8d62,car
9,1,85,166,2018,6,19,7,3,4,1,0,1,1,0,0,0,0,0,671997.8005,5382783.9741,11.331825872,48.574519992,1,#66c2a5,bicycle
9,1,88,117,2018,6,15,7,3,0,7,0,0,0,0,1,0,0,0,663019.8889,5314458.5303,11.183863708,47.962664474,4,#e78ac3,marker
9,2,74,126,2018,6,15,5,2,5,3,0,1,1,0,0,1,0,0,734136.3387,5384319.8237,12.173952749,48.568189967,1,#66c2a5,bicycle
9,1,79,126,2018,6,11,7,3,8,7,0,1,0,0,0,0,1,0,676863.5182,5339820.5841,11.379654027,48.186978028,1,#66c2a5,bicycle
9,1,90,140,2018,6,12,6,2,2,6,0,0,1,0,0,0,0,0,645335.7333,5296430.4171,10.941043126,47.80481167,2,#fc8d62,car
9,1,79,149,2018,6,17,7,2,4,2,0,0,1,0,1,0,0,0,654717.1052,5330015.7352,11.078334402,48.104603238,2,#fc8d62,car
9,2,61,0,2018,6,10,5,3,0,7,0,1,0,0,0,1,0,0,732805.4736,5380584.0813,12.153851857,48.535128642,1,#66c2a5,bicycle
9,1,77,118,2018,6,16,7,2,0,1,0,1,0,0,0,0,0,0,705345.8745,5345259.1582,11.765077886,48.227284155,1,#66c2a5,bicycle
9,1,62,0,2018,6,17,6,2,0,1,0,1,0,0,0,0,0,0,691326912.0,5336436.6976,11.572536762,48.152373004,1,#66c2a5,bicycle
9,1,90,148,2018,6,10,5,3,2,6,0,0,1,0,0,0,0,0,640548.2674,5296566.9193,10.87718405,47.80710233,2,#fc8d62,car
9,1,62,0,2018,6,16,6,3,5,2,0,1,0,0,0,0,1,0,686505.5173,5334866.8993,11.507086958,48.139695257,1,#66c2a5,bicycle
9,1,62,0,2018,6,19,6,3,4,6,0,1,1,0,0,0,0,0,689487043.0,5343859.6748,11.551134825,48.219641358,1,#66c2a5,bicycle
9,1,88,127,2018,6,22,6,3,0,7,2,0,0,0,1,0,0,0,676771.3865,5329887.5128,11.374291933,48.097713151,4,#e78ac3,marker
9,1,62,0,2018,6,19,6,3,1,5,0,0,1,0,0,0,0,0,692657.6983,5339894.4674,11.591977819,48.183048735,2,#fc8d62,car
9,1,87,150,2018,6,7,6,3,5,2,0,0,1,0,0,0,0,0,725666.4168,5304121.4708,12.016649853,47.850778379,2,#fc8d62,car
9,1,62,0,2018,6,14,6,3,3,2,0,1,0,0,0,1,0,0,688619.6889,5331728.6601,11.534089099,48.110865025,1,#66c2a5,bicycle
9,7,72,147,2018,6,7,5,2,5,3,0,0,1,0,1,0,0,0,638701.6799,5364773.3889,10.874720646,48.420832046,2,#fc8d62,car