ULAND,UREGBEZ,UKREIS,UGEMEINDE,UJAHR,UMONAT,USTUNDE,UWOCHENTAG,UKATEGORIE,UART,UTYP1,ULICHTVERH,IstRad,IstPKW,IstFuss,IstKrad,IstGkfz,IstSonstig,STRZUSTAND,LINREFX,LINREFY,XGCSWGS84,YGCSWGS84,Teilnehmer,color,symbol
9,1,84,131,2018,6,2,6,3,0,1,2,1,0,0,0,0,0,0,705722.2171,5337803.8986,11.766527773,48.160166512,1,#66c2a5,bicycle
9,1,84,112,2018,6,20,6,3,5,2,0,1,1,0,0,0,0,0,703182389.0,5339173.1884,11.733067218,48.173288511,1,#66c2a5,bicycle
9,1,84,134,2018,6,7,6,2,1,7,0,1,1,0,0,0,0,0,693149642.0,5322544609.0,11.590735752,48.026962558,1,#66c2a5,bicycle
9,1,62,0,2018,6,8,5,2,3,2,0,0,1,0,1,0,0,0,690121702.0,5335909.9266,11.556113285,48.147999799,2,#fc8d62,car
9,1,62,0,2018,6,17,6,2,5,3,0,1,1,0,0,0,0,0,686213.4105,5333664.6217,11.502638697,48.12897428,1,#66c2a5,bicycle
9,1,87,150,2018,6,7,5,3,0,3,0,1,1,0,0,0,0,0,728609.9218,5304046.5212,12.055900772,47.849064945,1,#66c2a5,bicycle
9,1,62,0,2018,6,11,6,3,5,2,0,0,1,0,0,0,0,0,690174.5083,5336810.9795,11.557225131,48.156082658,2,#fc8d62,car
9,1,62,0,2018,6,17,6,3,5,7,0,1,0,0,0,0,0,0,683252.4115,5336654.6543,11.464169238,48.156709937,1,#66c2a5,bicycle
9,1,87,130,2018,6,17,5,3,5,3,0,1,1,0,0,0,0,0,712124.4977,5309971.2855,11.838734391,47.907958515,1,#66c2a5,bicycle
9,1,62,0,2018,6,22,6,2,7,7,2,1,0,0,0,0,0,0,688599.2627,5339912771.0,11.537440734,48.184430961,1,#66c2a5,bicycle
9,1,62,0,2018,6,8,6,3,1,7,0,0,0,0,1,0,1,0,692213036.0,5339042997.0,11.58561664,48.175530627,4,#e78ac3,marker
9,1,87,117,2018,6,16,5,2,6,4,0,1,0,1,0,0,0,0,725181.3244,5305603.9194,12.010946318,47.864268257,1,#66c2a5,bicycle
9,1,62,0,2018,6,19,6,3,1,1,0,1,1,0,0,0,0,0,690527.5147,5334799.5553,11.561066809,48.137898408,1,#66c2a5,bicycle
9,1,87,117,2018,6,18,5,2,5,3,0,1,0,0,0,0,0,0,724271.7462,5305557.7415,11.998777466,47.864171478,1,#66c2a5,bicycle
9,1,62,0,2018,6,8,5,3,1,3,0,0,1,0,1,0,0,0,688225.8749,5334699.7254,11.53011558,48.137686094,2,#fc8d62,car
9,1,84,149,2018,6,6,6,2,4,1,0,0,1,0,1,0,0,0,690893976.0,5350610484.0,11.573101204,48.279894058,2,#fc8d62,car
9,1,85,158,2018,6,8,5,3,0,7,0,1,0,0,0,0,1,0,667778.6722,5381350.1467,11.274095149,48.562774828,1,#66c2a5,bicycle
9,1,84,120,2018,6,7,6,3,0,7,0,1,0,0,0,0,0,0,681055.3652,5332190.8879,11.43275627,48.117215168,1,#66c2a5,bicycle
9,1,86,143,2018,6,7,5,3,3,2,0,1,0,0,0,0,0,0,684633.7674,5378257.9576,11.500964214,48.530246244,1,#66c2a5,bicycle
9,1,84,144,2018,6,19,6,3,9,7,0,0,1,0,0,0,0,0,689501.4291,5315918188.0,11.538926435,47.96849472,2,#fc8d62,car
9,1,62,0,2018,6,12,6,3,3,6,0,0,1,0,0,0,0,0,691790238.0,5335559933.0,11.578364985,48.144353247,2,#fc8d62,car
9,1,62,0,2018,6,13,6,3,2,6,0,1,1,0,0,0,0,0,688556.2014,5339902.7196,11.53685751,48.184353401,1,#66c2a5,bicycle
9,1,62,0,2018,6,14,6,3,5,3,0,0,1,0,1,0,0,0,683572172.0,5336830105.0,11.468540574,48.158194763,2,#fc8d62,car
9,1,79,126,2018,6,13,5,2,5,3,0,0,1,0,0,0,0,0,675779.0906,5340830.8271,11.36549443,48.19636032,2,#fc8d62,car
9,1,62,0,2018,6,8,6,3,0,7,0,1,1,0,0,0,0,0,689516.9165,5330992.7767,11.545804079,48.103984484,1,#66c2a5,bicycle
9,1,62,0,2018,6,18,6,3,6,7,0,1,0,1,0,0,0,0,692295.4431,5334579.7052,11.584707051,48.135390657,1,#66c2a5,bicycle
9,1,74,115,2018,6,7,5,3,0,7,0,1,0,0,0,0,0,0,681661.2765,5348099.2217,11.447693825,48.26003775,1,#66c2a5,bicycle
9,1,62,0,2018,6,14,5,3,0,5,0,1,0,0,0,0,0,0,683974.9409,5335943.4847,11.47356817,48.150108931,1,#66c2a5,bicycle
9,1,78,124,2018,6,11,5,3,5,3,0,0,1,0,1,0,0,0,702196.6947,5361609.1098,11.730553751,48.375224774,2,#fc8d62,car
9,1,77,137,2018,6,20,5,3,0,1,0,0,0,0,1,0,0,1,732784665.0,5345799.4799,12.134310515,48.222665134,4,#e78ac3,marker
9,1,62,0,2018,6,15,4,3,3,6,0,1,0,0,0,0,0,0,690588.1179,5337191.9823,11.562951728,48.159383263,1,#66c2a5,bicycle
9,1,87,169,2018,6,7,6,3,5,3,0,0,1,0,0,0,0,0,737321.9216,5298638.3891,12.169214214,47.797323185,2,#fc8d62,car
9,1,62,0,2018,6,15,4,3,5,3,0,1,1,0,0,0,0,0,688040.4538,5331581.1793,11.526249969,48.109710696,1,#66c2a5,bicycle
9,1,62,0,2018,6,23,4,3,7,7,2,1,0,0,0,0,1,0,690854.4141,5334564.7852,11.565351229,48.135690347,1,#66c2a5,bicycle
9,1,62,0,2018,6,20,5,3,2,2,1,0,1,0,0,0,0,1,696461433.0,5331794.1141,11.639358797,48.109082955,2,#fc8d62,car
9,1,62,0,2018,6,10,4,3,3,2,0,1,1,0,0,0,0,0,690913.5741,5335932.1451,11.566758607,48.147962335,1,#66c2a5,bicycle
9,7,72,121,2018,6,18,6,3,0,4,0,1,1,1,0,0,0,0,633325.0406,5375833.3362,10.805613219,48.52144369,1,#66c2a5,bicycle
9,7,72,202,2018,6,12,6,3,5,3,0,0,0,0,1,0,0,0,636617.6157,5360032.3934,10.845024547,48.378656947,4,#e78ac3,marker
9,1,62,0,2018,6,16,4,3,3,6,0,1,0,0,0,0,0,0,693817.2178,5334379.5316,11.605048821,48.133129932,1,#66c2a5,bicycle
9,7,61,0,2018,6,18,6,3,0,1,0,1,0,0,0,0,0,1,638116.6911,5358324.5386,10.864697544,48.362973825,1,#66c2a5,bicycle
9,1,62,0,2018,6,10,4,2,2,2,0,1,1,0,0,0,0,0,691750.4946,5335024.7842,11.577590279,48.13955539,1,#66c2a5,bicycle
9,7,72,125,2018,6,8,5,3,6,4,0,0,1,1,0,0,0,0,635956.9518,5347671.4311,10.832120786,48.267649097,2,#fc8d62,car
9,7,61,0,2018,6,14,6,3,5,3,0,1,1,0,0,0,0,0,643965.3668,5357740.4675,10.94341372,48.356415509,1,#66c2a5,bicycle
9,7,61,0,2018,6,15,6,2,5,3,0,1,1,0,0,0,0,1,640625.7929,5355031.4868,10.897453585,48.332809756,1,#66c2a5,bicycle
9,1,62,0,2018,6,7,4,3,4,2,0,1,1,0,0,0,0,0,691637.9213,5332661.0693,11.575015641,48.118344509,1,#66c2a5,bicycle
9,7,61,0,2018,6,12,6,2,0,6,0,1,1,0,0,0,0,0,641014.9291,5351427.0105,10.901495981,48.300312581,1,#66c2a5,bicycle
9,1,62,0,2018,6,16,4,2,5,3,0,1,1,0,0,0,0,0,701127.1551,5332465.6495,11.702285571,48.113662015,1,#66c2a5,bicycle
9,1,62,0,2018,6,16,5,3,1,5,0,1,1,0,0,0,0,0,683328607.0,5340423.1564,11.466818058,48.190561424,1,#66c2a5,bicycle
9,7,61,0,2018,6,16,6,2,0,3,0,1,0,0,0,0,0,0,641438.2824,5350969.4926,10.907048068,48.296104202,1,#66c2a5,bicycle
9,1,84,135,2018,6,20,4,3,5,3,0,1,1,0,0,0,0,1,689039.1421,5347659.2944,11.546806234,48.25392564,1,#66c2a5,bicycle
9,1,74,115,2018,6,22,6,3,1,1,2,0,1,0,0,0,1,0,681281.7558,5346071.9266,11.441716818,48.24192388,2,#fc8d62,car
9,7,61,0,2018,6,6,6,3,5,3,0,1,1,0,0,0,0,0,639859.6613,5359898.4,10.88873942,48.376741791,1,#66c2a5,bicycle
9,1,62,0,2018,6,7,4,3,5,3,0,1,1,0,0,0,0,0,687588.4305,5328906.4874,11.519007894,48.085802982,1,#66c2a5,bicycle
9,1,62,0,2018,6,15,4,3,5,3,0,1,1,0,0,0,0,0,692039.4139,5338305.0657,11.58295024,48.168950765,1,#66c2a5,bicycle
9,7,71,156,2018,6,23,6,2,0,1,2,1,0,0,0,0,0,1,653593.9819,5382995.0468,11.082579819,48.581198925,1,#66c2a5,bicycle
9,1,84,130,2018,6,23,4,2,6,7,2,0,1,1,0,0,0,1,699030.3645,5343772.4048,11.679436806,48.215935626,2,#fc8d62,car
9,1,62,0,2018,6,15,4,3,0,2,0,1,1,0,0,0,0,0,683444.9393,5335913.2285,11.466436046,48.149990047,1,#66c2a5,bicycle
9,1,62,0,2018,6,18,5,3,4,2,0,1,1,0,0,0,0,1,690526.1675,5335800.4762,11.561496553,48.146895051,1,#66c2a5,bicycle
9,1,62,0,2018,6,7,4,3,0,1,0,0,0,0,1,0,0,0,680594.1956,5339900.4927,11.429836962,48.186646674,4,#e78ac3,marker
9,1,84,112,2018,6,7,4,3,0,3,0,0,1,1,0,0,0,0,701671.2707,5339030.4421,11.712696726,48.172486953,2,#fc8d62,car
9,1,62,0,2018,6,6,4,3,5,2,0,1,1,0,0,0,0,0,688040958.0,5331573.9262,11.526253539,48.109645355,1,#66c2a5,bicycle
9,1,62,0,2018,6,12,4,3,2,6,0,0,1,0,1,0,0,0,691257.1489,5339112.1674,11.572802821,48.176440712,2,#fc8d62,car
9,1,62,0,2018,6,15,4,3,5,3,0,1,1,0,0,0,0,0,690834.1623,5338172.4401,11.566696891,48.168121719,1,#66c2a5,bicycle
9,1,62,0,2018,6,7,4,3,0,7,0,0,0,0,1,0,0,0,691506.9071,5336898.0623,11.575162022,48.156465509,4,#e78ac3,marker
9,1,62,0,2018,6,9,5,3,5,3,0,1,1,0,0,0,0,0,690938.4849,5339314.2881,11.568611409,48.178353168,1,#66c2a5,bicycle
9,1,87,150,2018,6,14,6,3,3,2,0,1,1,0,0,0,0,0,729353.5604,5303609.3787,12.065594872,47.844872551,1,#66c2a5,bicycle
9,1,90,157,2018,6,13,6,3,0,1,0,1,0,0,0,0,0,0,661187.4438,5302663.5968,11.15492487,47.85708088,1,#66c2a5,bicycle
9,1,81,130,2018,6,13,6,3,2,6,0,0,0,0,1,0,1,0,638056.1542,5324531.5242,10.852882072,48.059116327,4,#e78ac3,marker
9,7,61,0,2018,6,15,4,3,4,1,0,1,0,0,0,0,0,1,641051.34,5357829271.0,10.904129348,48.357871676,1,#66c2a5,bicycle
9,7,72,147,2018,6,16,4,3,0,1,0,1,0,0,0,0,0,0,639114.1634,5365520.6169,10.880540668,48.427459926,1,#66c2a5,bicycle
9,1,75,115,2018,6,10,6,3,5,3,0,1,1,0,0,0,0,0,719925.6859,5328898.9847,11.952687035,48.075402385,1,#66c2a5,bicycle
9,7,72,184,2018,6,7,4,3,1,5,0,1,0,0,0,0,1,0,635576.7465,5361453.9752,10.831433786,48.391664308,1,#66c2a5,bicycle
9,7,61,0,2018,6,16,4,2,0,1,0,1,0,0,0,0,0,1,638455.6478,5360415.4977,10.869959769,48.381701073,1,#66c2a5,bicycle
9,7,61,0,2018,6,8,4,3,4,2,0,1,1,0,0,0,0,1,638120525.0,5360675.7678,10.8655217,48.384114833,1,#66c2a5,bicycle
9,7,61,0,2018,6,15,4,3,0,1,0,0,1,0,1,0,0,1,637578.0009,5358580.0956,10.857512314,48.365389393,2,#fc8d62,car
9,7,61,0,2018,6,15,4,3,0,1,0,0,0,0,1,0,0,1,636742.1424,5361722.7765,10.847255539,48.393829725,4,#e78ac3,marker
9,1,62,0,2018,6,15,5,2,4,1,0,0,1,0,1,0,1,0,695121.5713,5332985.8483,11.621923284,48.120205588,2,#fc8d62,car
9,7,61,0,2018,6,7,4,3,3,6,0,1,1,0,0,0,0,0,641121.8512,5354141.5604,10.90384505,48.324697227,1,#66c2a5,bicycle
9,7,61,0,2018,6,23,4,3,2,6,2,0,1,0,0,0,0,0,640729.2971,5355559.7693,10.89902582,48.33753688,2,#fc8d62,car
9,7,61,0,2018,6,7,4,3,6,7,0,0,1,1,0,0,0,0,640374.5966,5358652.1641,10.895273395,48.365421696,2,#fc8d62,car
9,7,61,0,2018,6,15,4,3,0,1,0,1,0,0,0,0,0,1,639446.1803,5359048.0619,10.882876669,48.36918729,1,#66c2a5,bicycle
9,1,62,0,2018,6,15,5,3,5,3,0,1,1,0,0,0,0,0,686779.0701,5336221.2879,11.511354692,48.151788679,1,#66c2a5,bicycle
9,2,74,134,2018,6,16,2,3,3,6,0,1,1,0,0,0,0,0,740232051.0,5373996665.0,12.250504898,48.473162927,1,#66c2a5,bicycle
9,2,61,0,2018,6,18,2,3,0,7,0,1,1,0,0,0,0,0,733134.2999,5380951.2827,12.158504857,48.538305039,1,#66c2a5,bicycle
9,2,61,0,2018,6,7,2,3,2,6,0,0,1,0,1,0,0,0,732384.9943,5380390988.0,12.148056884,48.533549948,2,#fc8d62,car
9,1,90,157,2018,6,10,2,3,3,6,0,1,1,0,0,0,0,0,661062.2688,5301107.0118,11.152673105,47.843116914,1,#66c2a5,bicycle
9,1,62,0,2018,6,15,3,3,5,3,0,0,1,0,0,0,0,0,693642.0811,5335560.0856,11.603234097,48.143793676,2,#fc8d62,car
9,1,90,148,2018,6,7,2,2,4,2,0,0,1,0,1,0,0,0,642289.1913,5298482.2018,10.901051745,47.823943042,2,#fc8d62,car
9,1,62,0,2018,6,13,3,3,0,7,0,1,0,0,0,0,0,0,692152.9552,5333102.2878,11.582127667,48.12215491,1,#66c2a5,bicycle
9,1,62,0,2018,6,13,3,3,0,1,0,1,0,0,0,0,0,0,692579.0098,5335191.9247,11.588791339,48.140807404,1,#66c2a5,bicycle
9,1,62,0,2018,6,8,3,3,6,4,0,1,0,1,0,0,0,0,691669722.0,5334313975.0,11.576185804,48.133191068,1,#66c2a5,bicycle
9,1,63,0,2018,6,18,2,3,5,3,0,1,0,0,0,0,1,0,734002.8953,5305703.0595,12.128776598,47.862006954,1,#66c2a5,bicycle
9,1,85,131,2018,6,21,2,3,8,1,1,0,1,0,0,0,0,0,665421.0827,5373226.6958,11.238942812,48.490375798,2,#fc8d62,car
9,1,86,128,2018,6,13,2,3,0,6,0,1,1,0,0,0,0,0,676057.7638,5384079.9358,11.387367592,48.585041289,1,#66c2a5,bicycle
9,1,81,130,2018,6,19,2,2,0,1,0,1,0,0,0,0,0,1,638800.7504,5324584.3332,10.86288714,48.059429649,1,#66c2a5,bicycle
9,7,62,0,2018,6,16,3,3,5,3,0,1,1,0,0,0,0,1,621468.4997,5304464012.0,10.624682748,47.882011176,1,#66c2a5,bicycle
9,1,79,123,2018,6,7,2,3,5,3,0,1,1,0,0,0,0,0,675602913.0,5333356623.0,11.360039905,48.129221352,1,#66c2a5,bicycle
9,1,81,115,2018,6,14,2,3,0,6,0,0,1,0,0,0,1,0,657532.6151,5328340.0094,11.115510567,48.088846937,2,#fc8d62,car
9,1,74,115,2018,6,7,2,3,7,1,0,1,0,0,0,0,0,0,681268.8283,5348370033.0,11.442527029,48.262584357,1,#66c2a5,bicycle
9,7,73,182,2018,6,6,3,3,5,3,0,1,1,0,0,0,0,0,623512.1221,5379540.5147,10.673877862,48.556787869,1,#66c2a5,bicycle
9,1,75,139,2018,6,16,2,3,5,3,0,0,1,0,0,0,0,0,710513.9767,5329827.6728,11.826947449,48.086923791,2,#fc8d62,car
9,1,78,116,2018,6,19,2,2,0,1,0,0,0,0,1,0,0,0,701634.7064,5381989.1454,11.732795765,48.55854457,4,#e78ac3,marker
9,7,72,149,2018,6,8,3,3,5,1,0,0,1,0,0,0,0,0,636161.1338,5338657.4356,10.831974806,48.186549422,2,#fc8d62,car
9,7,61,0,2018,6,15,3,3,2,6,0,0,1,0,0,0,0,0,641035.7079,5357896.5545,10.903940994,48.358480158,2,#fc8d62,car
9,7,61,0,2018,6,18,3,3,2,6,0,0,1,0,0,0,0,0,640681.1839,5359237.6884,10.899606295,48.370618276,2,#fc8d62,car
9,1,62,0,2018,6,14,1,3,1,5,0,1,1,0,0,0,0,0,693601.0533,5334530.7121,11.602215218,48.134554486,1,#66c2a5,bicycle
9,1,62,0,2018,6,23,1,3,0,7,2,1,0,0,0,0,1,0,686390.5803,5334868.0122,11.505543945,48.139738939,1,#66c2a5,bicycle
9,1,84,149,2018,6,4,1,2,0,7,2,1,0,0,0,0,0,1,689651435.0,5350844.9404,11.556475314,48.282374677,1,#66c2a5,bicycle
9,1,62,0,2018,6,18,1,3,5,2,0,1,1,0,0,0,0,0,692966.9019,5332322935.0,11.592701087,48.114904097,1,#66c2a5,bicycle
9,1,62,0,2018,6,10,1,3,5,3,0,0,1,0,0,0,0,0,685582.5084,5339010.1055,11.49649899,48.177205899,2,#fc8d62,car
9,1,62,0,2018,6,20,1,3,0,7,0,1,0,0,0,0,0,1,688031.1562,5341656.4874,11.530577163,48.200272057,1,#66c2a5,bicycle
9,1,62,0,2018,6,14,1,3,3,7,0,1,0,0,0,0,0,0,691832.6594,5337301.7881,11.579719788,48.159995938,1,#66c2a5,bicycle
9,1,62,0,2018,6,16,1,2,4,2,0,0,1,0,1,0,0,0,690783.5183,5339794.4149,11.56674444,48.182715028,2,#fc8d62,car
9,1,62,0,2018,6,21,1,3,3,7,1,1,1,0,0,0,0,0,686194.9041,5333888.9355,11.50248824,48.130995914,1,#66c2a5,bicycle
9,1,62,0,2018,6,16,1,3,1,1,0,0,1,0,1,0,0,0,687321.9765,5334825.7214,11.518033071,48.139085305,2,#fc8d62,car
9,1,62,0,2018,6,20,1,3,0,6,0,1,0,0,0,0,0,0,691708.1278,5329448.1846,11.574514611,48.089446209,1,#66c2a5,bicycle
9,1,62,0,2018,6,17,1,3,1,1,0,1,1,0,0,0,0,0,690974.6756,5337738.6639,11.568390019,48.164180795,1,#66c2a5,bicycle
9,7,73,179,2018,6,9,1,3,4,3,0,0,1,0,0,0,0,0,617661339.0,5375929385.0,10.593598889,48.525438791,2,#fc8d62,car
9,7,72,200,2018,6,14,1,3,1,3,0,0,1,0,1,0,0,0,630680.4816,5337837.3086,10.758020075,48.180325558,2,#fc8d62,car
9,7,61,0,2018,6,1,1,3,5,3,2,0,1,0,0,0,0,0,642948.7253,5362075.9691,10.931172297,48.395629073,2,#fc8d62,car
9,7,61,0,2018,6,6,1,3,0,5,0,1,0,0,0,0,0,0,640039.4043,5357668.7687,10.89042302,48.356653736,1,#66c2a5,bicycle
9,7,61,0,2018,6,9,1,3,0,1,0,1,0,0,0,0,0,0,640428.5285,5358960.0007,10.896103926,48.368177668,1,#66c2a5,bicycle
9,2,61,0,2018,6,23,1,3,1,5,2,1,1,0,0,0,0,0,732420.6661,5381323.2634,12.149059238,48.54191113,1,#66c2a5,bicycle
9,2,61,0,2018,6,13,3,3,5,3,0,1,1,0,0,0,0,0,732734.2277,5381477.5749,12.153387163,48.54318105,1,#66c2a5,bicycle
9,1,90,148,2018,6,19,3,3,5,3,0,0,1,0,0,0,0,1,640713.5137,5296591.3369,10.879397802,47.807285804,2,#fc8d62,car
9,1,63,0,2018,6,17,3,3,3,6,0,0,1,0,1,0,0,1,732930.5281,5303179.1238,12.113101572,47.839721226,2,#fc8d62,car
9,1,63,0,2018,6,14,3,3,1,7,0,0,0,0,1,1,0,1,731532.6211,5305061.3808,12.095453955,47.857136772,4,#e78ac3,marker
9,1,63,0,2018,6,8,1,3,8,1,0,1,0,0,0,0,0,0,732513.6208,5304364.2621,12.108174763,47.850519593,1,#66c2a5,bicycle
9,1,82,125,2018,6,7,3,2,0,7,0,1,0,0,0,0,0,0,711222.9008,5296281.2578,11.820002191,47.785230679,1,#66c2a5,bicycle
9,1,82,120,2018,6,19,3,3,0,1,0,1,0,0,0,0,0,1,701519.5669,5306243.5838,11.695241508,47.877875491,1,#66c2a5,bicycle
9,1,63,0,2018,6,20,1,3,0,1,0,1,0,0,0,0,0,0,733062.1249,5306707.9173,12.116758852,47.871376567,1,#66c2a5,bicycle
9,1,82,123,2018,6,13,1,3,0,1,0,0,0,0,1,0,0,0,717021.8077,5302786.7741,11.900577839,47.841761745,4,#e78ac3,marker
9,1,88,137,2018,6,2,1,3,6,7,2,0,1,1,0,0,0,0,668074.3312,5314791.1483,11.251651251,47.964347831,2,#fc8d62,car
9,1,81,128,2018,6,11,3,3,5,3,0,1,1,0,0,0,0,0,637934.6549,5328025805.0,10.852380152,48.090564452,1,#66c2a5,bicycle
9,1,88,124,2018,6,8,3,3,0,7,0,1,0,0,0,0,0,0,658801.6784,5323225.0487,11.130640983,48.042544173,1,#66c2a5,bicycle
9,1,79,142,2018,6,13,1,3,2,6,0,1,0,0,0,0,0,0,675585.2732,5341867.9014,11.363317506,48.205736419,1,#66c2a5,bicycle
9,1,79,123,2018,6,18,3,3,5,3,0,1,1,0,0,0,0,1,675589.3921,5333480.0193,11.359909198,48.130334333,1,#66c2a5,bicycle
9,1,88,121,2018,6,13,1,3,0,7,0,0,0,0,1,0,0,1,670688.4641,5330314.0948,11.292829247,48.103206552,4,#e78ac3,marker
9,1,79,121,2018,6,17,1,3,5,3,0,1,1,0,0,0,0,0,666657628.0,5338146273.0,11.241792093,48.174685704,1,#66c2a5,bicycle
9,1,77,117,2018,6,14,3,3,5,6,0,0,1,0,0,1,0,0,714156.3652,5353021.0613,11.887490683,48.294114802,2,#fc8d62,car
9,1,74,126,2018,6,13,1,3,0,1,0,1,1,0,0,0,0,0,683204865.0,5344850301.0,11.467066433,48.230390573,1,#66c2a5,bicycle
9,1,78,145,2018,6,20,1,2,5,3,0,0,1,0,1,0,0,0,697501.7427,5354498.6308,11.663888922,48.312810362,2,#fc8d62,car
9,1,62,0,2018,6,13,2,3,2,6,0,0,1,0,1,0,0,0,689815.7481,5336730.0408,11.552369845,48.155462365,2,#fc8d62,car
9,1,78,116,2018,6,9,1,2,0,1,0,1,0,0,0,0,0,0,700992.6665,5380798.1513,11.723529432,48.548048244,1,#66c2a5,bicycle
9,1,62,0,2018,6,16,7,3,1,7,0,1,1,0,0,0,0,0,698959.3348,5333761.7414,11.673797242,48.125991133,1,#66c2a5,bicycle
9,1,62,0,2018,6,15,2,3,6,6,0,1,0,1,0,0,0,0,690127.7331,5334928209.0,11.555755935,48.13917432,1,#66c2a5,bicycle
9,1,62,0,2018,6,19,2,3,4,6,0,1,1,0,0,0,0,0,691175.2985,5334632037.0,11.569690052,48.136198487,1,#66c2a5,bicycle
9,1,62,0,2018,6,12,7,3,5,7,0,0,1,0,0,0,0,0,687648.66,5333598581.0,11.52187953,48.127959205,2,#fc8d62,car
9,1,62,0,2018,6,13,2,3,5,2,0,0,1,0,1,0,0,0,688634.2836,5332402.4867,11.534583008,48.116917188,2,#fc8d62,car
9,1,62,0,2018,6,15,7,3,5,3,0,1,1,0,0,0,0,0,688081.6428,5339729.9417,11.530402727,48.182941122,1,#66c2a5,bicycle
9,1,62,0,2018,6,16,7,3,5,2,0,1,0,0,0,0,1,0,691791.5172,5332043.3432,11.576799514,48.112746209,1,#66c2a5,bicycle
9,1,62,0,2018,6,13,2,3,4,2,0,1,1,0,0,0,0,0,690186.0846,5333725.5553,11.556002623,48.128347417,1,#66c2a5,bicycle
9,1,62,0,2018,6,13,7,3,0,7,0,0,0,0,0,0,1,0,689455.8599,5338390.1151,11.548274967,48.170490469,6,#ffd92f,circle
9,1,62,0,2018,6,19,2,3,1,5,0,0,1,0,0,0,0,0,695840228.0,5335027.6954,11.632507962,48.138336023,2,#fc8d62,car
9,1,62,0,2018,6,1,7,3,8,1,2,0,0,0,1,0,0,0,701639.8067,5332159.8323,11.709020867,48.110751559,4,#e78ac3,marker
9,1,62,0,2018,6,0,2,3,5,3,2,0,1,0,0,0,1,0,682825428.0,5337525146.0,11.458807258,48.164657375,2,#fc8d62,car
9,1,62,0,2018,6,15,2,3,1,5,0,1,0,0,0,0,1,0,688267.0555,5339277.0755,11.532694053,48.178815799,1,#66c2a5,bicycle
9,1,62,0,2018,6,13,7,2,4,2,0,1,1,0,0,0,0,0,687467.8717,5338926.8937,11.521799269,48.175904582,1,#66c2a5,bicycle
9,1,62,0,2018,6,16,7,3,0,2,0,1,0,0,1,0,0,0,690343.1583,5333849618.0,11.558166845,48.129415545,1,#66c2a5,bicycle
9,1,62,0,2018,6,7,2,3,1,5,0,1,1,0,0,0,0,0,692868246.0,5338820.38,11.594320049,48.173331311,1,#66c2a5,bicycle
9,1,62,0,2018,6,8,2,3,0,7,0,0,0,0,1,0,0,0,690547.6799,5335261.2606,11.561544162,48.142042161,4,#e78ac3,marker
9,1,62,0,2018,6,6,7,3,1,5,0,0,1,0,0,1,0,0,682222.4807,5335652376.0,11.449903936,48.14799671,2,#fc8d62,car
9,1,62,0,2018,6,16,2,3,2,6,0,1,1,0,0,0,0,0,693007.7078,5333855.2456,11.593942507,48.128663783,1,#66c2a5,bicycle
9,1,62,0,2018,6,9,2,2,5,2,0,1,1,0,0,0,0,0,687921.4077,5330518.2029,11.524184096,48.1001915,1,#66c2a5,bicycle
9,1,62,0,2018,6,13,7,3,5,3,0,0,1,0,0,0,0,0,682428.4765,5341335.5011,11.455109704,48.199021307,2,#fc8d62,car
9,1,84,139,2018,6,8,7,2,0,1,0,0,0,0,1,0,0,0,687792.8183,5325857.1269,11.520410089,48.058334075,4,#e78ac3,marker
9,1,62,0,2018,6,18,2,3,1,6,0,0,1,0,1,0,0,0,690909.0152,5339690.5777,11.568384424,48.181744059,2,#fc8d62,car
9,1,62,0,2018,6,12,2,3,5,3,0,1,1,0,0,0,0,0,690443.3256,5333924.4339,11.559545114,48.130058029,1,#66c2a5,bicycle
9,1,62,0,2018,6,12,7,3,2,6,0,0,1,0,0,0,0,0,689493.1063,5331460.3586,11.545692223,48.108194253,2,#fc8d62,car
9,1,62,0,2018,6,18,2,3,0,2,0,1,1,0,0,0,0,1,688579.0384,5336316.4038,11.535574003,48.152112469,1,#66c2a5,bicycle
9,1,62,0,2018,6,14,2,3,1,6,0,0,1,0,0,0,1,0,686154.6059,5335212.5597,11.502525629,48.142904941,2,#fc8d62,car
9,1,62,0,2018,6,16,2,3,4,2,0,0,1,0,0,0,0,0,688286768.0,5335734.2059,11.531390682,48.14696617,2,#fc8d62,car
9,1,62,0,2018,6,17,2,3,0,2,0,0,1,0,0,0,0,1,690802.5794,5342262921.0,11.568109784,48.204895838,2,#fc8d62,car
9,1,62,0,2018,6,7,2,3,0,1,0,1,0,0,0,0,0,0,682456.4813,5341460.5628,11.455539986,48.20013739,1,#66c2a5,bicycle
9,1,62,0,2018,6,14,2,3,1,7,0,0,1,0,0,0,1,0,693898.2414,5335513.5785,11.606652925,48.14329767,2,#fc8d62,car
9,1,62,0,2018,6,9,2,3,5,2,0,1,0,0,0,0,0,0,689208.0727,5332989.7554,11.542545476,48.122025412,1,#66c2a5,bicycle
9,1,62,0,2018,6,16,2,3,0,7,0,1,0,0,0,0,0,0,687480832.0,5331034.9821,11.518499194,48.104966265,1,#66c2a5,bicycle
9,1,62,0,2018,6,9,2,3,0,7,0,0,0,0,0,0,1,0,690144049.0,5334841.2,11.555936188,48.138387408,6,#ffd92f,circle
9,1,62,0,2018,6,16,2,3,1,7,0,1,0,0,0,0,0,0,690769.1289,5336415.9223,11.565035437,48.152353822,1,#66c2a5,bicycle
9,1,62,0,2018,6,7,2,3,6,4,0,1,0,1,0,0,0,0,690685.4995,5336205.2267,11.563817749,48.150485183,1,#66c2a5,bicycle