ULAND,UREGBEZ,UKREIS,UGEMEINDE,UJAHR,UMONAT,USTUNDE,UWOCHENTAG,UKATEGORIE,UART,UTYP1,ULICHTVERH,IstRad,IstPKW,IstFuss,IstKrad,IstGkfz,IstSonstig,STRZUSTAND,LINREFX,LINREFY,XGCSWGS84,YGCSWGS84,Teilnehmer,color,symbol
9,7,71,130,2018,6,12,7,3,0,3,0,1,1,0,0,0,0,0,646401.0944,5357624.2602,10.976233442,48.354810627,1,#66c2a5,bicycle
9,7,61,0,2018,6,16,7,3,3,6,0,1,1,0,0,0,0,0,636287.0616,5360049.9624,10.8405685,48.378886415,1,#66c2a5,bicycle
9,7,61,0,2018,6,13,7,3,5,3,0,0,1,0,1,0,0,0,637453495.0,5357329528.0,10.855423668,48.354171541,2,#fc8d62,car
9,7,61,0,2018,6,16,7,3,0,7,0,1,0,0,0,0,0,0,639506382.0,5355557.0951,10.882532004,48.337784029,1,#66c2a5,bicycle
9,7,72,147,2018,6,16,2,2,5,2,0,1,0,0,1,0,0,0,637833.3085,5365389078.0,10.863192435,48.426558756,1,#66c2a5,bicycle
9,7,61,0,2018,6,16,2,2,5,3,0,1,1,0,0,0,0,0,638981.9823,5362610.3036,10.877790641,48.401320455,1,#66c2a5,bicycle
9,7,61,0,2018,6,16,2,3,5,3,0,1,1,0,0,0,0,0,637896.4275,5360937.7633,10.862582584,48.386519677,1,#66c2a5,bicycle
9,7,61,0,2018,6,18,2,3,4,2,0,1,0,0,1,0,0,1,639121.6952,5356387.0067,10.877617989,48.345331259,1,#66c2a5,bicycle
9,7,61,0,2018,6,17,2,3,6,4,0,0,1,1,0,0,0,0,639671.9733,5360042.9058,10.886254227,48.37808272,2,#fc8d62,car
9,1,62,0,2018,6,11,5,3,5,3,0,0,1,0,0,0,0,0,683144.2706,5337552.3494,11.463102959,48.164810124,2,#fc8d62,car
9,1,62,0,2018,6,7,5,3,3,5,0,0,1,0,0,0,0,0,690780.3155,5339818.3223,11.56671213,48.182930867,2,#fc8d62,car
9,1,62,0,2018,6,8,5,3,3,6,0,1,1,0,0,0,0,0,690486.7664,5335159.1162,11.560680456,48.14114233,1,#66c2a5,bicycle
9,1,62,0,2018,6,9,5,3,4,2,0,1,1,0,0,0,0,0,688042.8314,5339630.6212,11.529837141,48.182059905,1,#66c2a5,bicycle
9,1,62,0,2018,6,14,5,3,6,7,0,0,1,1,0,0,0,0,696950.9852,5330760.3691,11.645451301,48.09964108,2,#fc8d62,car
9,1,62,0,2018,6,16,5,3,6,4,0,0,1,1,0,0,0,0,691057.8287,5342843.0702,11.571802946,48.210033332,2,#fc8d62,car
9,1,62,0,2018,6,13,5,3,6,2,0,0,1,1,0,0,0,0,688013.1852,5339628.6523,11.529437828,48.182050982,2,#fc8d62,car
9,1,62,0,2018,6,10,5,3,0,1,0,1,0,0,0,0,0,0,682852.2883,5341383.1771,11.460828416,48.199327943,1,#66c2a5,bicycle
9,1,62,0,2018,6,19,5,3,4,3,0,1,0,0,0,0,0,0,699812.0917,5335402.9956,11.686014055,48.140474148,1,#66c2a5,bicycle
9,1,62,0,2018,6,9,5,3,2,6,0,0,1,0,1,0,0,0,689944.1397,5330636.9082,11.551378737,48.100658676,2,#fc8d62,car
9,1,62,0,2018,6,5,5,3,3,6,0,0,1,0,0,0,0,0,693838.5916,5335111.5849,11.605668912,48.139702869,2,#fc8d62,car
9,1,62,0,2018,6,17,5,3,6,7,0,0,0,1,0,0,1,0,688988.5784,5332399.6479,11.539337385,48.116786626,3,#8da0cb,toilet
9,1,62,0,2018,6,9,5,3,0,7,0,0,1,0,1,0,0,0,691577.2526,5335336989.0,11.575404376,48.142413628,2,#fc8d62,car
9,7,78,116,2018,6,12,5,3,5,3,0,0,1,0,0,0,0,0,619177.8475,5320107.6156,10.598390931,48.023135436,2,#fc8d62,car
9,7,78,203,2018,6,17,5,2,1,5,0,1,1,0,0,0,0,0,622737.6047,5325399367.0,10.647631157,48.070052187,1,#66c2a5,bicycle
9,2,61,0,2018,6,12,7,3,4,2,0,0,1,0,1,0,0,0,731590.6085,5383603.1252,12.139098258,48.562697578,2,#fc8d62,car
9,2,61,0,2018,6,23,7,3,9,1,2,0,1,0,0,0,0,0,730613.8716,5382409.5067,12.12521847,48.552335383,2,#fc8d62,car
9,7,73,182,2018,6,7,5,2,9,1,0,1,1,0,0,0,0,0,624299.7214,5380070.0422,10.684705036,48.561393958,1,#66c2a5,bicycle
9,7,72,171,2018,6,20,5,3,0,7,0,1,0,0,0,0,0,0,637977.9279,5369701.6626,10.866567202,48.465304602,1,#66c2a5,bicycle
9,7,72,207,2018,6,15,5,3,5,3,0,0,1,0,0,0,1,0,645053.1149,5380362.75,10.965929432,48.559567725,2,#fc8d62,car
9,7,72,125,2018,6,11,5,3,5,3,0,0,1,0,1,0,0,0,636485.95,5348681731.0,10.839571785,48.276620061,2,#fc8d62,car
9,7,61,0,2018,6,18,5,3,1,6,0,0,1,0,0,0,0,0,636960827.0,5360152.1729,10.849696147,48.379659582,2,#fc8d62,car
9,7,61,0,2018,6,7,5,3,0,7,0,1,0,0,0,0,0,0,638406.6599,5355481.8633,10.867675606,48.337349411,1,#66c2a5,bicycle
9,1,63,0,2018,6,9,7,3,5,2,0,1,1,0,0,0,0,0,731425.7271,5304179.7189,12.093555385,47.849254168,1,#66c2a5,bicycle
9,1,87,177,2018,6,11,7,3,7,7,0,1,0,0,0,0,0,0,735529439.0,5304798.1644,12.148663011,47.853319848,1,#66c2a5,bicycle
9,7,61,0,2018,6,21,5,3,4,6,0,1,0,0,0,0,0,0,639975.5739,5358082.5788,10.889699503,48.360388756,1,#66c2a5,bicycle
9,7,61,0,2018,6,7,5,3,0,7,0,1,0,0,0,0,0,0,640424.9851,5352296402.0,10.893834768,48.308261183,1,#66c2a5,bicycle
9,7,61,0,2018,6,16,5,3,4,2,0,0,1,0,0,0,0,0,640785.1034,5359241.5752,10.901010009,48.370630052,2,#fc8d62,car
9,7,61,0,2018,6,16,5,3,5,3,0,0,1,0,0,0,0,0,639990.9131,5359162.2744,10.890265808,48.370093666,2,#fc8d62,car
9,1,79,130,2018,6,17,7,3,0,1,0,1,0,0,0,0,0,0,658753.2173,5338689.9845,11.135747725,48.181597899,1,#66c2a5,bicycle
9,1,74,126,2018,6,19,7,3,3,3,0,1,1,0,0,0,0,0,682835.4548,5344526.3218,11.461956903,48.227585075,1,#66c2a5,bicycle
9,1,75,132,2018,6,19,7,3,5,3,0,1,1,0,0,0,0,0,707433.4434,5330826.1292,11.786115706,48.096906107,1,#66c2a5,bicycle
9,1,78,144,2018,6,5,7,3,8,7,0,0,1,0,0,0,0,0,708661.6911,5378659.2191,11.826247498,48.526325242,2,#fc8d62,car
9,1,75,124,2018,6,10,7,3,6,4,0,0,1,1,0,0,0,0,712959.1175,5329310.6453,11.859482847,48.081465791,2,#fc8d62,car
9,1,62,0,2018,6,16,6,3,6,6,0,1,0,1,0,0,0,0,690140.3561,5335072.9746,11.555990073,48.140471703,1,#66c2a5,bicycle
9,1,62,0,2018,6,13,6,3,5,2,0,0,1,0,0,0,1,0,687465.9463,5335770.9491,11.520382558,48.147538847,2,#fc8d62,car
9,1,62,0,2018,6,22,6,2,0,1,2,0,0,0,1,0,0,0,679017.1457,5339267.7876,11.408371203,48.181405712,4,#e78ac3,marker
9,1,62,0,2018,6,18,6,3,5,3,1,0,1,0,0,0,0,0,697239105.0,5331830493.0,11.649811679,48.109169585,2,#fc8d62,car
9,1,62,0,2018,6,17,6,3,5,3,0,0,1,0,0,0,0,0,687840.0301,5339621.5681,11.527107504,48.182038524,2,#fc8d62,car
9,1,62,0,2018,6,7,6,3,3,2,0,1,1,0,0,0,0,0,688153.1556,5333832.5597,11.528756101,48.129913339,1,#66c2a5,bicycle
9,1,62,0,2018,6,8,6,3,2,6,0,1,0,0,0,0,0,0,690971.7611,5335910.0541,11.567530184,48.147746317,1,#66c2a5,bicycle
9,1,84,146,2018,6,23,6,3,0,7,2,1,0,0,0,0,0,0,699884.8534,5328076.3466,11.683558552,48.07460578,1,#66c2a5,bicycle
9,1,84,130,2018,6,16,6,3,2,3,0,0,1,0,1,0,0,0,699663865.0,5344125637.0,11.688121845,48.218911111,2,#fc8d62,car
9,1,62,0,2018,6,17,6,3,5,3,0,0,1,0,0,0,0,0,698819672.0,5328931572.0,11.669671976,48.082624887,2,#fc8d62,car
9,1,62,0,2018,6,14,6,3,4,3,0,1,1,0,0,0,0,0,682843.9418,5334730.8705,11.457855539,48.13953527,1,#66c2a5,bicycle
9,1,62,0,2018,6,17,6,3,6,4,0,1,0,1,0,0,0,0,692960955.0,5335331.4349,11.593983493,48.14194557,1,#66c2a5,bicycle
9,1,84,138,2018,6,8,6,3,5,3,0,1,1,0,0,0,0,0,682322.6699,5331341.4695,11.449405253,48.10921835,1,#66c2a5,bicycle
9,1,62,0,2018,6,13,6,3,6,4,0,0,1,1,0,0,0,0,684432.6929,5339064.6355,11.481070164,48.178030796,2,#fc8d62,car
9,1,62,0,2018,6,12,6,3,4,2,0,0,1,0,0,0,0,0,687900.8581,5330407.9646,11.523859818,48.099206707,2,#fc8d62,car
9,1,62,0,2018,6,14,6,3,1,1,0,0,1,0,0,0,0,0,696828.4245,5330706.1506,11.643781878,48.099191664,2,#fc8d62,car
9,1,62,0,2018,6,6,6,3,3,2,0,1,1,0,0,0,0,0,690707.5566,5334107.3775,11.563174557,48.131623209,1,#66c2a5,bicycle
9,1,62,0,2018,6,16,6,3,6,4,0,0,0,1,1,0,0,0,690663.5642,5334749.1834,11.562871139,48.137404918,3,#8da0cb,toilet
9,7,62,0,2018,6,14,6,3,2,6,0,0,1,0,0,0,0,0,622351966.0,5306265198.0,10.637005003,47.898042696,2,#fc8d62,car
9,7,77,164,2018,6,13,6,2,0,1,0,1,0,0,0,0,0,0,624349833.0,5313070.0272,10.665688297,47.958857804,1,#66c2a5,bicycle
9,2,61,0,2018,6,16,5,2,0,1,0,1,0,0,0,0,0,0,734026.3044,5382373666.0,12.171369449,48.550749673,1,#66c2a5,bicycle
9,1,73,120,2018,6,10,5,3,5,3,0,0,1,0,0,0,0,0,685337.0462,5309812.9539,11.480558702,47.914835147,2,#fc8d62,car
9,7,72,163,2018,6,23,6,3,1,1,2,0,1,0,0,0,0,0,639951613.0,5347397084.0,10.885831164,48.264312154,2,#fc8d62,car
9,7,61,0,2018,6,16,6,3,3,2,0,1,1,0,0,0,0,0,643705.2144,5358218.2826,10.940067155,48.360771025,1,#66c2a5,bicycle
9,1,90,159,2018,6,7,5,3,0,1,0,0,0,0,1,0,0,0,661321.1418,5304761.5342,11.157493989,47.87590991,4,#e78ac3,marker
9,7,61,0,2018,6,10,6,3,0,1,0,1,0,0,0,0,0,0,638161722.0,5356042515.0,10.864556108,48.342444332,1,#66c2a5,bicycle
9,7,61,0,2018,6,20,6,3,2,1,0,0,1,0,0,0,0,0,640824.9747,5357023.6883,10.900805723,48.350678669,2,#fc8d62,car
9,7,61,0,2018,6,13,6,3,6,2,0,0,0,1,1,0,0,0,640627.6252,5358778.96,10.898730115,48.366505482,3,#8da0cb,toilet
9,1,90,140,2018,6,15,5,3,0,1,0,1,0,0,0,0,0,0,645547.6327,5298145.5934,10.944447379,47.820187165,1,#66c2a5,bicycle
9,7,61,0,2018,6,8,6,3,3,5,0,1,1,0,0,0,0,0,639972.6786,5358774.1858,10.889890564,48.366608132,1,#66c2a5,bicycle
9,1,79,121,2018,6,7,5,3,5,3,0,1,0,0,0,0,0,0,666040.4267,5338144.0433,11.233495507,48.174827221,1,#66c2a5,bicycle
9,1,75,132,2018,6,7,5,3,0,1,0,1,0,0,0,0,0,0,707370.8896,5331000.1458,11.785361084,48.098490245,1,#66c2a5,bicycle
9,1,78,145,2018,6,9,5,3,5,3,0,1,0,0,0,0,1,0,696447.9164,5354388.5188,11.649639558,48.312148972,1,#66c2a5,bicycle
9,1,62,0,2018,6,16,4,3,4,2,0,1,1,0,0,0,0,1,690567228.0,5337076671.0,11.562619451,48.158353114,1,#66c2a5,bicycle
9,1,62,0,2018,6,17,4,3,1,5,0,0,1,0,0,0,0,1,695354.0587,5334275266.0,11.625634902,48.131722989,2,#fc8d62,car
9,1,62,0,2018,6,17,4,3,5,3,0,0,1,0,0,0,1,1,690629636.0,5334970.1669,11.562514459,48.139401274,2,#fc8d62,car
9,1,62,0,2018,6,10,4,3,1,7,0,0,1,0,0,0,1,1,682548.7982,5336351.4749,11.454586809,48.154187127,2,#fc8d62,car
9,1,62,0,2018,6,7,4,3,5,2,0,1,1,0,0,0,0,1,684794.9956,5332526.6685,11.483101025,48.11915912,1,#66c2a5,bicycle
9,1,62,0,2018,6,18,4,2,5,3,0,1,1,0,0,0,0,1,688058.7451,5332778.8231,11.527023589,48.120470015,1,#66c2a5,bicycle
9,1,84,130,2018,6,11,4,2,3,6,0,1,0,0,0,1,0,1,699505.8477,5345289.2264,11.686544422,48.229417913,1,#66c2a5,bicycle
9,1,62,0,2018,6,15,4,2,6,7,0,0,1,1,0,0,0,1,693522.4448,5329402.6179,11.598833191,48.088488429,2,#fc8d62,car
9,1,84,135,2018,6,19,4,3,5,3,0,1,1,0,0,0,0,0,689467.9818,5347911.0837,11.552690496,48.256060627,1,#66c2a5,bicycle
9,1,62,0,2018,6,16,4,3,5,4,0,0,1,1,0,0,0,0,690104.3473,5343090.6059,11.559092511,48.212544432,2,#fc8d62,car
9,1,62,0,2018,6,7,4,3,0,5,0,1,1,0,0,0,0,1,689810.2483,5343176.2583,11.555175909,48.213402288,1,#66c2a5,bicycle
9,1,62,0,2018,6,15,4,3,6,7,0,0,1,1,0,0,0,0,686992.4037,5334975.2612,11.513672947,48.140526349,2,#fc8d62,car
9,1,84,122,2018,6,10,4,3,6,4,0,0,1,1,0,0,0,1,690028.3015,5326800.6536,11.550801606,48.066152852,2,#fc8d62,car
9,1,62,0,2018,6,12,4,3,1,7,0,1,1,0,0,0,0,1,693747.3941,5334074.0346,11.603972428,48.130405483,1,#66c2a5,bicycle
9,1,62,0,2018,6,13,4,3,5,2,0,1,1,0,0,0,0,1,691191.3698,5336360.5152,11.570681974,48.151729044,1,#66c2a5,bicycle
9,7,78,116,2018,6,13,4,3,0,3,0,0,1,0,1,0,0,1,618734.4785,5321825.0117,10.592922984,48.038663675,2,#fc8d62,car
9,7,61,0,2018,6,15,4,3,0,7,0,1,0,0,0,0,0,0,644065.5627,5356861.6504,10.944464689,48.348490821,1,#66c2a5,bicycle
9,7,61,0,2018,6,6,4,2,1,5,0,1,1,0,0,0,0,1,639653.2858,5360045.9814,10.886003018,48.378114511,1,#66c2a5,bicycle
9,1,90,157,2018,6,13,6,3,4,2,0,0,1,0,1,0,0,0,660287.0306,5301511.0722,11.142468854,47.846943634,2,#fc8d62,car
9,1,63,0,2018,6,20,6,3,2,6,0,1,1,0,0,0,0,0,732637462.0,5304507.6107,12.109904787,47.851762654,1,#66c2a5,bicycle
9,1,63,0,2018,6,17,6,2,1,5,0,1,1,0,0,0,0,0,733977.6129,5305143216.0,12.128136204,47.856986536,1,#66c2a5,bicycle
9,1,87,177,2018,6,2,6,3,0,1,2,1,0,0,0,0,0,0,736153.8772,5304819.2996,12.157009233,47.853280616,1,#66c2a5,bicycle
9,1,82,123,2018,6,15,6,2,2,2,0,0,0,0,1,0,1,0,717629.8683,5301258286.0,11.907925846,47.827821478,4,#e78ac3,marker
9,1,87,179,2018,6,7,6,2,0,5,0,1,0,0,0,1,0,0,721380.0527,5317042.7987,11.966063228,47.968370706,1,#66c2a5,bicycle
9,1,87,130,2018,6,8,6,3,1,5,0,0,1,0,0,0,0,0,711503.0536,5309217.6659,11.830059014,47.901391415,2,#fc8d62,car
9,1,85,131,2018,6,19,6,2,2,2,0,0,1,0,1,0,0,0,663680.7213,5377898.2865,11.217238204,48.532827378,2,#fc8d62,car
9,1,79,142,2018,6,17,6,3,3,7,0,1,1,0,0,0,0,0,673193006.0,5342126.1525,11.33125168,48.208715128,1,#66c2a5,bicycle
9,1,90,157,2018,6,13,4,3,5,3,0,0,1,0,0,0,0,1,660708.08,5301260787.0,11.147999753,47.844588163,2,#fc8d62,car
9,1,81,145,2018,6,20,6,3,0,7,0,1,0,0,0,0,0,0,644216.4309,5330538.8322,10.937541037,48.111770797,1,#66c2a5,bicycle
9,1,78,130,2018,6,11,4,3,5,3,0,1,1,0,0,0,0,1,702989.5923,5354993.5626,11.738060128,48.315520643,1,#66c2a5,bicycle
9,1,81,113,2018,6,11,6,3,5,3,0,1,0,1,0,0,0,0,638379.0907,5308257.6638,10.851969625,47.912703835,1,#66c2a5,bicycle
9,1,79,121,2018,6,17,6,2,0,1,0,1,0,0,0,0,0,0,666464.9865,5338652.0246,11.239400928,48.179282917,1,#66c2a5,bicycle
9,1,62,0,2018,6,7,3,3,5,3,0,1,0,0,0,0,0,0,689913.9342,5331575.4209,11.551391134,48.109103119,1,#66c2a5,bicycle
9,1,78,124,2018,6,12,6,3,5,3,0,1,1,0,0,0,0,0,704515.6611,5363451406.0,11.762728931,48.391032676,1,#66c2a5,bicycle
9,1,75,113,2018,6,10,6,2,0,1,0,1,0,0,0,0,0,0,717164773.0,5314889.8105,11.908575732,47.950468564,1,#66c2a5,bicycle
9,1,62,0,2018,6,17,3,3,5,2,0,1,1,0,0,0,0,1,689379.3674,5337138.8428,11.546689999,48.159266793,1,#66c2a5,bicycle
9,1,62,0,2018,6,22,3,2,5,2,2,0,1,0,1,0,0,0,689044.8625,5337170.4139,11.542210352,48.159650093,2,#fc8d62,car
9,1,62,0,2018,6,15,5,2,0,2,0,1,1,0,0,0,0,0,687465.8465,5335663.8197,11.520334043,48.146575972,1,#66c2a5,bicycle
9,1,62,0,2018,6,10,5,3,1,5,0,1,1,0,0,0,0,0,691769.5581,5336434743.0,11.578481352,48.152222128,1,#66c2a5,bicycle
9,1,62,0,2018,6,16,3,3,5,3,0,1,1,0,0,0,0,1,692441.2222,5334847.9667,11.58678564,48.13775767,1,#66c2a5,bicycle
9,1,62,0,2018,6,8,3,3,4,2,0,1,1,0,0,0,0,0,693635.4644,5333345907.0,11.602138879,48.123895353,1,#66c2a5,bicycle
9,1,62,0,2018,6,16,5,3,0,7,0,0,0,0,1,0,0,0,698950.8384,5333749.1974,11.673677334,48.125881053,4,#e78ac3,marker
9,1,62,0,2018,6,19,3,3,4,6,0,0,1,0,0,0,0,1,692491.8418,5332106.1943,11.586227113,48.113099833,2,#fc8d62,car
9,1,62,0,2018,6,10,5,3,5,3,0,1,1,0,0,0,0,0,693215.4596,5329103398.0,11.594579681,48.085892219,1,#66c2a5,bicycle
9,1,62,0,2018,6,19,5,3,5,2,0,0,1,0,1,0,0,0,693345.8109,5329149.3701,11.596349041,48.086265887,2,#fc8d62,car
9,1,62,0,2018,6,14,3,3,5,3,0,0,1,1,1,0,0,0,696466987.0,5337095368.0,11.641877877,48.156725793,2,#fc8d62,car
9,1,62,0,2018,6,9,5,3,2,3,0,1,1,0,0,0,0,0,689979.2827,5337216.8687,11.55478393,48.159789135,1,#66c2a5,bicycle
9,1,62,0,2018,6,8,5,3,5,2,0,1,1,0,0,0,0,0,694524.2428,5332449.5024,11.613660748,48.115567872,1,#66c2a5,bicycle
9,1,62,0,2018,6,17,3,3,1,5,0,0,1,0,0,0,0,1,683707.7292,5332504.4048,11.468495873,48.119273614,2,#fc8d62,car
9,1,62,0,2018,6,8,3,2,4,2,0,0,1,0,1,0,0,0,690265.9859,5335648.7757,11.557934409,48.145609441,2,#fc8d62,car
9,1,84,146,2018,6,8,3,2,6,4,0,0,0,1,0,1,0,0,698647.9001,5328117.7627,11.666989762,48.075364477,3,#8da0cb,toilet
9,1,62,0,2018,6,6,3,2,6,4,0,1,0,1,0,0,0,0,693355.5747,5329684.4911,11.596722283,48.091072485,1,#66c2a5,bicycle
9,1,62,0,2018,6,11,5,3,0,3,0,1,1,0,0,0,0,0,696342.4628,5331918.5186,11.637819507,48.110237717,1,#66c2a5,bicycle
9,1,84,123,2018,6,19,5,3,0,1,0,0,0,0,1,0,0,0,703233.3271,5331469.3148,11.730075715,48.104039591,4,#e78ac3,marker
9,1,62,0,2018,6,22,3,3,5,3,2,0,1,0,0,0,0,1,688528.9443,5334411.6719,11.534057793,48.135007306,2,#fc8d62,car
9,1,62,0,2018,6,8,5,3,5,2,0,1,1,0,0,0,0,0,694205561.0,5334335391.0,11.610242712,48.132614835,1,#66c2a5,bicycle
9,1,62,0,2018,6,18,5,3,5,3,0,1,1,0,0,0,0,0,683134.22,5335963.9386,11.462284217,48.150535399,1,#66c2a5,bicycle
9,1,62,0,2018,6,14,3,3,2,6,0,0,1,0,0,0,0,1,691187.7466,5340566.8738,11.572524767,48.189536238,2,#fc8d62,car
9,1,62,0,2018,6,18,5,3,0,1,0,1,0,0,0,0,0,0,692213.8881,5334329.1183,11.583498939,48.133163064,1,#66c2a5,bicycle
9,1,62,0,2018,6,7,3,3,5,3,0,1,1,0,0,0,0,0,686713969.0,5338530.7934,11.511493994,48.17256628,1,#66c2a5,bicycle
9,1,62,0,2018,6,8,5,3,5,2,0,1,1,0,0,0,0,0,688823.4886,5334967.6771,11.538259281,48.139917431,1,#66c2a5,bicycle
9,1,62,0,2018,6,15,3,3,2,6,0,0,1,0,0,0,0,1,688516.6131,5338099.7786,11.535525779,48.168160158,2,#fc8d62,car
9,1,62,0,2018,6,19,5,3,3,6,0,0,1,0,0,0,0,0,690843.4509,5334791115.0,11.565305424,48.137727875,2,#fc8d62,car
9,1,84,146,2018,6,7,3,3,7,7,0,1,0,0,0,0,0,0,696478801.0,5328817.3897,11.638221921,48.082324338,1,#66c2a5,bicycle
9,1,84,123,2018,6,13,3,3,1,5,0,1,1,0,0,0,0,0,702387.1577,5331721.6232,11.71884191,48.106576411,1,#66c2a5,bicycle
9,1,62,0,2018,6,16,3,3,3,6,0,0,1,0,1,0,0,0,691926.9234,5333902.0187,11.579453594,48.129410957,2,#fc8d62,car
9,1,62,0,2018,6,12,3,3,0,7,0,1,1,0,0,0,0,0,693605.4976,5334723.8728,11.602362677,48.136289201,1,#66c2a5,bicycle
9,1,62,0,2018,6,8,3,3,5,2,0,1,1,0,0,0,0,0,687863.6015,5338141.4234,11.526770127,48.168727792,1,#66c2a5,bicycle
9,1,88,127,2018,6,11,3,3,0,1,0,1,0,0,0,0,0,0,679715.7285,5329601.7176,11.413682247,48.094320541,1,#66c2a5,bicycle
9,1,62,0,2018,6,18,3,3,5,2,0,1,0,0,1,0,0,0,691068.9125,5334360.8673,11.568139928,48.133793184,1,#66c2a5,bicycle
9,2,61,0,2018,6,12,2,3,5,3,0,1,1,0,0,0,0,0,724649218.0,5377666228.0,12.041951475,48.511888002,1,#66c2a5,bicycle
9,1,84,119,2018,6,7,3,3,5,3,0,1,1,0,0,0,0,0,697120.6815,5346465.9603,11.655009275,48.240739083,1,#66c2a5,bicycle
9,1,62,0,2018,6,11,3,1,0,7,0,1,0,0,0,0,0,0,695627196.0,5339019.5836,11.631482733,48.174278437,1,#66c2a5,bicycle
9,1,62,0,2018,6,10,3,3,0,7,0,1,1,0,0,0,0,0,698320.9143,5331859.9631,11.664342713,48.109098556,1,#66c2a5,bicycle
9,1,62,0,2018,6,9,3,3,3,6,0,1,0,0,0,0,1,0,691003362.0,5336166.4715,11.568069656,48.150041485,1,#66c2a5,bicycle
9,1,62,0,2018,6,14,3,3,0,3,0,1,0,0,0,0,1,0,687523.8262,5332036.3845,11.519516375,48.113954524,1,#66c2a5,bicycle
9,1,62,0,2018,6,16,3,3,1,3,0,1,1,0,0,0,0,0,692744.5269,5333145.7112,11.590088357,48.122366384,1,#66c2a5,bicycle
9,1,62,0,2018,6,8,3,3,4,2,0,0,1,0,0,0,0,0,690698.5392,5334125.8705,11.563061762,48.131792125,2,#fc8d62,car
9,1,62,0,2018,6,7,3,3,0,7,0,1,0,0,0,1,0,0,691633.7018,5335054.1922,11.57603518,48.13985489,1,#66c2a5,bicycle
9,1,62,0,2018,6,18,3,3,6,6,0,1,0,1,0,0,0,0,683839.9482,5336038.7726,11.471796085,48.151004464,1,#66c2a5,bicycle
9,1,62,0,2018,6,19,3,3,0,7,0,1,0,0,0,0,1,0,686292.6592,5337254.3876,11.505273418,48.161217177,1,#66c2a5,bicycle
9,1,63,0,2018,6,10,2,3,5,3,0,0,1,0,1,0,0,0,733873809.0,5305335.9496,12.12685476,47.858755835,2,#fc8d62,car
9,1,62,0,2018,6,16,3,3,2,2,0,0,1,0,1,0,0,0,689440.5113,5336082996.0,11.547041363,48.149758584,2,#fc8d62,car
9,1,62,0,2018,6,8,3,3,0,7,0,0,0,0,1,0,0,0,686558.5643,5336356.0583,11.508451887,48.153064754,4,#e78ac3,marker
9,1,63,0,2018,6,8,2,3,5,3,0,1,1,0,0,0,0,0,732139.2325,5304595.9905,12.10330197,47.852736794,1,#66c2a5,bicycle
9,1,87,122,2018,6,19,2,3,5,3,0,1,1,0,0,0,0,0,719404.2014,5306827.9098,11.934426673,47.877265309,1,#66c2a5,bicycle
9,1,62,0,2018,6,8,3,3,6,4,0,0,1,1,0,0,0,0,684355.2471,5331878.6791,11.47691769,48.113462081,2,#fc8d62,car
9,1,87,130,2018,6,13,2,3,5,3,0,0,1,0,0,0,0,0,714995.4253,5306631.8916,11.875441436,47.87699499,2,#fc8d62,car
9,1,79,118,2018,6,13,2,2,5,3,0,1,1,0,0,0,0,0,672688.6081,5336364.9306,11.322126415,48.157062085,1,#66c2a5,bicycle
9,1,62,0,2018,6,16,3,3,0,7,0,1,0,0,0,0,0,0,698502311.0,5334905.2422,11.668194961,48.136410687,1,#66c2a5,bicycle
9,1,81,118,2018,6,18,2,2,2,6,0,0,1,0,1,0,0,0,650206063.0,5327206507.0,11.016788183,48.080423855,2,#fc8d62,car
9,1,62,0,2018,6,18,3,3,0,1,0,1,0,0,0,0,0,0,688466.1541,5334546.7968,11.533274455,48.136240429,1,#66c2a5,bicycle
9,1,62,0,2018,6,6,3,3,6,7,0,1,0,1,0,0,0,0,692188391.0,5335579784.0,11.583720944,48.144411513,1,#66c2a5,bicycle
9,1,79,145,2018,6,13,2,3,5,3,0,1,1,0,0,0,0,0,675318.4724,5339145205.0,11.358605481,48.181335168,1,#66c2a5,bicycle
9,1,88,120,2018,6,16,2,3,4,2,0,0,1,0,0,0,0,0,677022.4862,5327147.9813,11.376526187,48.073016971,2,#fc8d62,car
9,1,79,140,2018,6,20,2,3,5,3,0,0,1,0,0,0,0,0,659231776.0,5345289.4795,11.144658484,48.240811241,2,#fc8d62,car
9,1,79,121,2018,6,14,2,3,0,4,0,0,1,1,0,0,0,0,667623.6991,5339611271.0,11.255354703,48.187601841,2,#fc8d62,car
9,1,74,115,2018,6,18,2,3,2,6,0,0,1,0,0,0,0,0,682903576.0,5347740055.0,11.464261222,48.256452014,2,#fc8d62,car
9,1,77,117,2018,6,13,2,2,1,6,0,1,1,0,0,0,0,0,715263.6317,5354272.6445,11.903038294,48.304984863,1,#66c2a5,bicycle
9,1,77,124,2018,6,7,2,2,0,1,0,0,0,0,1,0,0,0,727583.9692,5366773.9993,12.075708105,48.412981727,4,#e78ac3,marker
9,1,62,0,2018,6,17,1,3,4,2,0,1,1,0,0,0,0,0,683452.3102,5335921.2715,11.466538519,48.150060217,1,#66c2a5,bicycle
9,7,72,141,2018,6,14,3,3,4,6,0,0,1,0,0,0,1,0,624073.2038,5353168.8021,10.673668094,48.319525843,2,#fc8d62,car
9,1,84,139,2018,6,9,1,2,5,3,0,1,0,0,0,0,0,0,687098.7534,5324208.4409,11.510383369,48.043718813,1,#66c2a5,bicycle