ULAND,UREGBEZ,UKREIS,UGEMEINDE,UJAHR,UMONAT,USTUNDE,UWOCHENTAG,UKATEGORIE,UART,UTYP1,ULICHTVERH,IstRad,IstPKW,IstFuss,IstKrad,IstGkfz,IstSonstig,STRZUSTAND,LINREFX,LINREFY,XGCSWGS84,YGCSWGS84,Teilnehmer,color,symbol
9,1,84,134,2018,6,13,1,3,5,7,0,0,1,0,0,0,0,0,691448213.0,5316276.9084,11.565142149,47.971139691,2,#fc8d62,car
9,7,72,125,2018,6,9,3,3,1,2,0,1,1,0,0,0,0,0,636783.5617,5347461.2634,10.843186021,48.265581274,1,#66c2a5,bicycle
9,1,62,0,2018,6,22,1,3,4,2,2,0,1,0,0,0,0,1,694449.7544,5333467.4385,11.613125246,48.124739455,2,#fc8d62,car
9,1,62,0,2018,6,1,1,2,1,5,2,1,0,0,0,0,0,0,691655.4319,5334060.4831,11.57587991,48.130917017,1,#66c2a5,bicycle
9,7,61,0,2018,6,15,3,3,5,2,0,0,1,0,1,0,0,0,639083.1146,5358537.9009,10.877808399,48.364680151,2,#fc8d62,car
9,7,61,0,2018,6,20,3,3,0,7,0,1,0,0,0,0,0,0,642154.2974,5358997.6174,10.919404924,48.368129579,1,#66c2a5,bicycle
9,1,62,0,2018,6,11,1,3,3,2,0,0,1,0,0,0,0,0,690958.5894,5335113.8574,11.566996202,48.14059412,2,#fc8d62,car
9,1,62,0,2018,6,21,1,3,0,1,2,1,0,0,0,0,0,1,688404.3716,5336457.5209,11.533290343,48.153432613,1,#66c2a5,bicycle
9,7,61,0,2018,6,7,3,3,5,1,0,1,1,0,0,0,0,0,639827.5093,5357785.4952,10.887603003,48.35775027,1,#66c2a5,bicycle
9,1,62,0,2018,6,16,1,3,2,6,0,0,1,0,0,0,0,0,699184.8347,5334172.3394,11.677016189,48.129610728,2,#fc8d62,car
9,1,62,0,2018,6,16,1,3,3,6,0,1,0,0,0,0,0,0,692267289.0,5337291546.0,11.585553787,48.159772613,1,#66c2a5,bicycle
9,7,61,0,2018,6,7,3,3,5,3,0,1,1,0,0,0,0,0,639559.7429,5359570081.0,10.88458245,48.373856044,1,#66c2a5,bicycle
9,7,72,185,2018,6,6,1,3,0,1,0,1,0,0,0,0,0,0,634215.3735,5383742.5028,10.820214982,48.592371408,1,#66c2a5,bicycle
9,7,72,125,2018,6,11,1,3,4,7,0,1,0,0,0,0,0,0,634151.6281,5348248.3781,10.807988435,48.273222112,1,#66c2a5,bicycle
9,7,61,0,2018,6,0,1,3,0,7,2,1,0,0,0,0,0,0,640499.2003,5350787.8198,10.89433295,48.294679849,1,#66c2a5,bicycle
9,7,61,0,2018,6,21,1,3,0,5,2,0,1,0,1,0,0,0,640572.9078,5359133.7329,10.898110335,48.36970767,2,#fc8d62,car
9,2,74,194,2018,6,6,1,3,8,1,0,0,1,0,0,0,0,0,720083.6802,5380476.0856,11.981700862,48.53874847,2,#fc8d62,car
9,1,87,159,2018,6,11,1,3,0,7,0,1,0,0,0,0,0,0,729594.9301,5328657.5701,12.082184514,48.069826331,1,#66c2a5,bicycle
9,1,87,142,2018,6,2,1,3,7,7,2,1,0,0,0,0,0,0,733356.7406,5310834.5565,12.122922965,47.908343299,1,#66c2a5,bicycle
9,1,86,146,2018,6,12,1,2,0,1,0,1,0,0,0,0,0,0,684480771.0,5369522.4569,11.495036568,48.451777753,1,#66c2a5,bicycle
9,1,88,139,2018,6,19,1,3,6,2,0,0,1,1,0,0,0,1,674763.5846,5318839.2733,11.342836499,47.99894811,2,#fc8d62,car
9,1,81,127,2018,6,17,1,3,1,6,0,0,0,0,1,0,1,0,632433.9267,5323055.2857,10.777006378,48.047032685,4,#e78ac3,marker
9,1,78,155,2018,6,20,1,3,5,3,0,0,1,0,0,0,0,0,721754.4553,5374379.0172,12.001064978,48.483384158,2,#fc8d62,car
9,1,77,113,2018,6,10,1,2,0,1,0,1,0,0,0,0,0,0,718492.6516,5353109.6668,11.945923584,48.293428908,1,#66c2a5,bicycle
9,1,62,0,2018,6,14,7,3,9,3,0,1,1,0,0,0,0,0,689683.5663,5332186.8874,11.548571364,48.114667683,1,#66c2a5,bicycle
9,1,62,0,2018,6,17,7,2,0,3,0,1,0,0,0,0,0,0,690672039.0,5337769.4343,11.564337931,48.164548192,1,#66c2a5,bicycle
9,1,84,130,2018,6,18,7,3,5,3,0,0,1,0,1,0,0,0,698201.9779,5344327.7104,11.668556808,48.221185454,2,#fc8d62,car
9,1,87,170,2018,6,13,3,2,0,7,0,0,0,0,1,0,0,0,734391386.0,5317104116.0,12.140159756,47.964290443,4,#e78ac3,marker
9,1,62,0,2018,6,21,7,3,5,6,0,1,1,0,0,0,0,0,693411.4252,5333053.7369,11.59899882,48.121337508,1,#66c2a5,bicycle
9,1,87,150,2018,6,7,3,3,5,3,0,1,1,0,0,0,0,0,728440136.0,5304456.6428,12.053851052,47.852810089,1,#66c2a5,bicycle
9,1,87,150,2018,6,8,3,3,5,3,0,0,1,0,0,0,0,0,728429456.0,5304623.8732,12.053796787,47.854316387,2,#fc8d62,car
9,1,62,0,2018,6,12,7,3,5,3,0,0,1,0,0,0,0,0,686239.7993,5336106.6592,11.504060913,48.150916492,2,#fc8d62,car
9,1,62,0,2018,6,20,7,3,1,4,0,1,1,1,0,0,0,0,691019.1824,5335233.4529,11.56786353,48.141650847,1,#66c2a5,bicycle
9,1,84,134,2018,6,12,7,3,3,6,0,1,1,0,0,0,0,0,690991.7577,5319588.4962,11.560505322,48.001041336,1,#66c2a5,bicycle
9,1,62,0,2018,6,16,7,3,3,2,0,1,1,0,0,0,0,0,690687.0815,5338154.4716,11.564712671,48.168004358,1,#66c2a5,bicycle
9,1,81,128,2018,6,7,3,2,5,3,0,1,1,0,0,0,0,0,638300.4915,5327267.5488,10.857044889,48.083666688,1,#66c2a5,bicycle
9,1,62,0,2018,6,17,7,3,5,3,0,0,1,0,0,0,0,0,688649.2339,5335670.3294,11.536230543,48.146284653,2,#fc8d62,car
9,1,88,121,2018,6,17,3,2,5,3,0,1,1,0,0,0,0,0,670341.2278,5329526.9557,11.287854581,48.096223229,1,#66c2a5,bicycle
9,1,79,121,2018,6,18,3,3,8,1,0,1,0,0,0,0,0,0,667151.9111,5337463.55,11.248167195,48.168418218,1,#66c2a5,bicycle
9,1,84,123,2018,6,10,7,3,5,3,0,1,1,0,0,0,0,0,702090.0107,5332259.2416,11.715109397,48.111502266,1,#66c2a5,bicycle
9,1,62,0,2018,6,7,7,3,0,7,0,1,1,0,0,0,0,1,697411986.0,5335389.7809,11.653780143,48.141104543,1,#66c2a5,bicycle
9,1,62,0,2018,6,15,2,3,0,6,0,0,0,0,1,0,1,0,689240.1047,5336135.1886,11.544372844,48.150287349,4,#e78ac3,marker
9,1,62,0,2018,6,10,7,3,1,3,0,1,0,0,0,0,0,0,689469.9276,5334911.6342,11.546915213,48.139221554,1,#66c2a5,bicycle
9,1,62,0,2018,6,12,2,3,4,7,0,0,1,0,1,0,0,0,690857.6765,5333271.2533,11.564815669,48.124063161,2,#fc8d62,car
9,1,62,0,2018,6,18,2,3,3,2,0,1,0,0,0,1,0,0,689752.6526,5334562.7464,11.550556363,48.136001487,1,#66c2a5,bicycle
9,1,62,0,2018,6,13,7,3,1,6,0,0,1,0,0,0,0,0,691751.7482,5335410.6105,11.577780839,48.143022761,2,#fc8d62,car
9,1,62,0,2018,6,9,2,3,5,2,0,1,1,0,0,0,0,0,696024.1933,5334986666.0,11.634959252,48.137910631,1,#66c2a5,bicycle
9,1,62,0,2018,6,9,2,3,2,6,0,0,1,0,0,0,0,0,688659.9177,5335659.1099,11.53636906,48.146180643,2,#fc8d62,car
9,1,84,112,2018,6,23,2,2,2,6,2,1,0,0,0,0,0,0,701282.3605,5338567285.0,11.707252276,48.168447902,1,#66c2a5,bicycle
9,1,62,0,2018,6,14,2,2,6,4,0,0,1,1,0,0,0,0,693268.1476,5334584.8658,11.597769934,48.135142387,2,#fc8d62,car
9,1,62,0,2018,6,10,2,3,0,7,0,0,1,0,0,0,0,0,690656.4384,5337623.2682,11.564062818,48.163239143,2,#fc8d62,car
9,1,84,138,2018,6,14,2,3,1,5,0,1,1,0,0,0,0,0,680327.8222,5331036.2792,11.42250154,48.107042884,1,#66c2a5,bicycle
9,1,62,0,2018,6,16,2,3,5,3,0,1,1,0,0,0,0,0,687551.3362,5341351.0646,11.523991184,48.197668785,1,#66c2a5,bicycle
9,1,62,0,2018,6,8,2,3,5,3,0,0,1,0,0,0,0,0,690534.8136,5341761.7429,11.56428455,48.200471745,2,#fc8d62,car
9,7,72,147,2018,6,12,7,3,5,3,0,0,1,0,0,0,0,0,638802.3394,5364298.5326,10.875923266,48.416540111,2,#fc8d62,car
9,7,72,163,2018,6,14,7,3,5,2,0,1,1,0,0,0,0,0,639948.4408,5347390.6859,10.885786326,48.264255324,1,#66c2a5,bicycle
9,1,62,0,2018,6,7,2,3,0,7,0,1,1,0,0,0,0,0,697110.9933,5333697.4914,11.648955489,48.125988662,1,#66c2a5,bicycle
9,1,62,0,2018,6,16,2,3,2,6,0,0,1,0,0,0,0,0,696970.8567,5331224093.0,11.64593194,48.103802621,2,#fc8d62,car
9,7,61,0,2018,6,10,7,3,6,7,0,0,1,1,0,0,0,0,641676.8409,5360011.1683,10.91330345,48.377350356,2,#fc8d62,car
9,7,61,0,2018,6,11,7,3,0,5,0,1,1,0,0,0,0,0,641883.0113,5360544.2949,10.916266074,48.382097665,1,#66c2a5,bicycle
9,1,62,0,2018,6,18,2,3,0,2,0,1,1,0,0,0,0,0,691196.3485,5333013.7254,11.569246621,48.121646899,1,#66c2a5,bicycle
9,7,61,0,2018,6,15,7,3,3,6,0,1,1,0,0,0,0,0,642593873.0,5358832.3984,10.925280695,48.366544853,1,#66c2a5,bicycle
9,1,62,0,2018,6,12,2,3,5,3,0,1,0,0,0,0,0,0,687208022.0,5332483398.0,11.515473804,48.118065335,1,#66c2a5,bicycle
9,7,72,163,2018,6,17,7,3,0,7,0,0,1,0,1,0,0,0,640230181.0,5349773.3805,10.890371037,48.28561786,2,#fc8d62,car
9,1,62,0,2018,6,8,2,3,6,5,0,0,0,1,0,0,1,0,690453043.0,5334742.21,11.560041158,48.137405282,3,#8da0cb,toilet
9,1,62,0,2018,6,19,2,2,1,5,0,1,1,0,0,0,0,0,692526.2766,5336876.7902,11.588845214,48.155966532,1,#66c2a5,bicycle
9,7,61,0,2018,6,1,7,3,0,7,2,1,0,0,0,0,0,0,640582.8018,5359053.0299,10.898216875,48.368979812,1,#66c2a5,bicycle
9,7,61,0,2018,6,20,7,3,0,1,0,1,0,0,0,0,0,0,639660.5287,5358881.3202,10.885713913,48.367640599,1,#66c2a5,bicycle
9,1,62,0,2018,6,21,2,3,0,6,0,1,1,0,0,0,0,0,691706.0365,5336164.8215,11.577506581,48.149815267,1,#66c2a5,bicycle
9,1,62,0,2018,6,12,2,3,5,2,0,1,0,0,0,0,1,0,691083.9865,5334214.6949,11.568276766,48.132474872,1,#66c2a5,bicycle
9,7,72,147,2018,6,5,2,2,4,6,0,1,0,0,0,0,0,0,638199.6163,5363566.4677,10.867540774,48.410090049,1,#66c2a5,bicycle
9,7,72,125,2018,6,6,2,3,5,3,0,0,1,0,0,0,0,0,636743964.0,5347190128.0,10.842565059,48.263151743,2,#fc8d62,car
9,7,61,0,2018,6,14,2,3,6,2,0,0,1,1,0,0,0,0,637387.0322,5361490.9727,10.855886814,48.391605212,2,#fc8d62,car
9,7,71,113,2018,6,5,2,3,8,1,0,0,1,0,0,0,0,0,658495073.0,5370527.3051,11.144246996,48.467892723,2,#fc8d62,car
9,1,90,157,2018,6,14,5,2,5,3,0,1,0,0,0,1,0,0,659569518.0,5300894.3,11.132657717,47.841576641,1,#66c2a5,bicycle
9,1,62,0,2018,6,20,6,3,1,7,0,1,1,0,0,0,0,0,693210.1794,5333674.8923,11.596578978,48.126981392,1,#66c2a5,bicycle
9,1,62,0,2018,6,9,6,3,5,3,0,1,0,0,0,0,1,0,690303.7412,5333207328.0,11.557350845,48.123654418,1,#66c2a5,bicycle
9,1,88,139,2018,6,15,5,3,0,7,0,1,0,0,0,0,0,1,674338.5048,5317856.4757,11.336743741,47.990229094,1,#66c2a5,bicycle
9,7,77,121,2018,6,19,6,3,5,3,0,1,1,0,0,0,0,0,628265.2695,5321401.4982,10.720602197,48.033011426,1,#66c2a5,bicycle
9,1,79,121,2018,6,15,5,2,0,3,0,1,0,0,0,0,0,0,666053.5022,5337573.8659,11.233448534,48.169697869,1,#66c2a5,bicycle
9,1,79,136,2018,6,7,5,3,5,3,0,0,1,0,0,0,0,0,660551.5692,5341414.8389,11.160953976,48.205643736,2,#fc8d62,car
9,7,73,182,2018,6,17,6,3,5,7,0,1,1,0,0,0,0,0,624204855.0,5379938278.0,10.683380508,48.560227882,1,#66c2a5,bicycle
9,7,72,177,2018,6,18,6,3,3,6,0,1,0,0,0,0,0,0,636640.4886,5377359.3016,10.850990178,48.534451798,1,#66c2a5,bicycle
9,1,78,130,2018,6,17,5,3,6,1,0,0,1,1,0,0,0,0,703326.4616,5354563.0972,11.742391184,48.311544108,2,#fc8d62,car
9,1,78,124,2018,6,8,5,3,4,2,0,0,1,0,1,0,0,0,704919436.0,5363416857.0,11.768159915,48.390591174,2,#fc8d62,car
9,7,72,177,2018,6,12,6,3,5,3,0,1,1,0,0,0,0,0,636791.0284,5378266.7455,10.853326265,48.542578399,1,#66c2a5,bicycle
9,1,77,134,2018,6,14,5,3,5,2,0,0,1,0,0,0,0,0,714208683.0,5344447.52,11.883855985,48.21706075,2,#fc8d62,car
9,1,62,0,2018,6,8,4,2,6,4,0,0,0,0,0,1,1,0,692767.1474,5339573.1352,11.593302988,48.180127508,5,#a6d854,bus
9,7,71,130,2018,6,11,6,3,0,1,0,1,0,0,0,0,0,0,644999.9731,5358073.1299,10.957486236,48.359169865,1,#66c2a5,bicycle
9,7,72,125,2018,6,8,6,3,5,3,0,1,1,0,0,0,0,0,636587.2906,5347264.1216,10.84047898,48.263850903,1,#66c2a5,bicycle
9,1,62,0,2018,6,17,4,3,5,1,0,1,1,0,0,0,0,0,697612.4763,5331841447.0,11.654827237,48.109152314,1,#66c2a5,bicycle
9,7,61,0,2018,6,12,6,3,3,6,0,1,1,0,0,0,0,0,638694.7302,5360395.5377,10.873180397,48.381469081,1,#66c2a5,bicycle
9,1,62,0,2018,6,9,4,3,4,2,0,1,1,0,0,0,0,0,691440.8621,5332911.1652,11.572482844,48.120651625,1,#66c2a5,bicycle
9,1,62,0,2018,6,15,4,3,5,3,0,1,1,0,0,0,0,0,691086.6473,5334220.8118,11.568315235,48.132529051,1,#66c2a5,bicycle
9,1,62,0,2018,6,16,4,3,5,2,0,1,1,0,0,0,0,0,687696.3696,5337277.0113,11.524141637,48.161007698,1,#66c2a5,bicycle
9,7,61,0,2018,6,12,6,3,2,6,0,1,0,0,0,0,0,0,639040.3683,5361409.4029,10.878181424,48.390509414,1,#66c2a5,bicycle
9,1,62,0,2018,6,16,4,3,3,2,0,1,1,0,0,0,0,0,692341.0627,5335456.7819,11.585715685,48.143259858,1,#66c2a5,bicycle
9,1,62,0,2018,6,7,4,3,1,7,0,1,1,0,0,0,0,0,690513.2991,5336626023.0,11.561693234,48.154318877,1,#66c2a5,bicycle
9,7,61,0,2018,6,17,6,3,6,4,0,1,0,1,0,0,0,0,641790.3537,5361446.3902,10.915319809,48.39022973,1,#66c2a5,bicycle
9,1,62,0,2018,6,7,4,3,5,2,0,1,1,0,0,0,0,0,693407.5245,5333062.0884,11.598950248,48.121413754,1,#66c2a5,bicycle
9,1,62,0,2018,6,14,4,3,1,3,0,1,1,0,0,0,0,0,687489849.0,5340899455.0,11.522965127,48.193627809,1,#66c2a5,bicycle
9,7,61,0,2018,6,17,6,3,2,1,0,0,1,0,0,0,0,0,640510.9154,5357256.8178,10.896646899,48.35284485,2,#fc8d62,car
9,7,61,0,2018,6,14,6,3,0,1,0,1,0,0,0,0,0,0,640751.2231,5353369.5037,10.898590115,48.317837731,1,#66c2a5,bicycle
9,1,62,0,2018,6,9,4,3,0,7,0,0,0,0,1,0,1,0,684433.1209,5331715.8765,11.477892555,48.11197617,4,#e78ac3,marker
9,7,61,0,2018,6,16,6,3,5,2,0,1,1,0,0,0,0,0,641501.3666,5358205.9296,10.910327668,48.361157751,1,#66c2a5,bicycle
9,7,61,0,2018,6,13,6,3,0,7,0,1,0,0,0,0,0,0,639620564.0,5358855329.0,10.88516598,48.367415735,1,#66c2a5,bicycle
9,1,84,138,2018,6,9,4,3,6,4,0,0,1,1,0,0,0,0,680955.8518,5331389.7431,11.431080482,48.110042045,2,#fc8d62,car
9,7,61,0,2018,6,7,6,3,0,7,0,1,0,0,0,0,0,0,640152.8884,5358327.3094,10.892173457,48.362549964,1,#66c2a5,bicycle
9,1,62,0,2018,6,8,4,3,3,6,0,0,1,0,1,0,0,0,691540.4282,5332547.6707,11.57365607,48.117354625,2,#fc8d62,car
9,1,62,0,2018,6,15,4,3,0,1,0,1,0,0,0,0,0,0,695507.2018,5337821.5717,11.629319576,48.163548306,1,#66c2a5,bicycle
9,7,71,113,2018,6,11,6,3,3,2,0,1,1,0,0,0,0,0,657274487.0,5368983766.0,11.127165688,48.454322295,1,#66c2a5,bicycle
9,1,62,0,2018,6,8,4,3,5,3,0,0,1,0,1,0,0,0,691912.6389,5333494.7509,11.579078417,48.125754798,2,#fc8d62,car
9,1,62,0,2018,6,8,4,3,5,3,0,1,0,0,0,0,1,0,691655.7961,5332789.4926,11.575313297,48.119493386,1,#66c2a5,bicycle
9,1,62,0,2018,6,19,4,3,3,2,0,1,0,0,0,0,0,0,690312.7741,5332743.7539,11.557265159,48.119485103,1,#66c2a5,bicycle
9,1,62,0,2018,6,18,4,3,1,3,0,1,1,0,0,0,0,0,692214.4512,5338904.3138,11.585572947,48.174283751,1,#66c2a5,bicycle
9,7,62,0,2018,6,18,4,3,0,1,0,1,0,0,0,0,0,0,622557.4866,5306358.2948,10.639780042,47.898840751,1,#66c2a5,bicycle
9,7,72,184,2018,6,10,4,3,5,3,0,1,1,0,0,0,0,0,635252.8259,5361611.2145,10.827111069,48.393147756,1,#66c2a5,bicycle
9,7,71,130,2018,6,16,4,2,0,1,0,1,0,0,0,0,0,0,646868.3397,5357709.3389,10.982566444,48.355467091,1,#66c2a5,bicycle
9,7,71,142,2018,6,8,4,3,4,2,0,0,1,0,1,0,0,0,645276.5491,5353011.4592,10.959472286,48.313594852,2,#fc8d62,car
9,7,72,163,2018,6,12,4,2,6,4,0,0,1,1,0,0,0,0,640042.6067,5347808.9068,10.887192974,48.267995107,2,#fc8d62,car
9,7,61,0,2018,6,22,4,3,6,6,2,1,0,1,0,0,0,0,639306.9673,5358650.0756,10.88086617,48.365639437,1,#66c2a5,bicycle
9,7,61,0,2018,6,11,4,3,0,1,0,0,0,0,1,0,0,0,640676.4103,5361735861.0,10.900378133,48.393081995,4,#e78ac3,marker
9,7,61,0,2018,6,11,4,2,5,2,0,1,1,0,0,0,0,0,644430.7612,5360414.9944,10.950610885,48.380356945,1,#66c2a5,bicycle
9,7,61,0,2018,6,19,4,3,1,6,0,0,1,0,0,0,0,0,641800.9584,5360278.6983,10.915068901,48.379727987,2,#fc8d62,car
9,7,61,0,2018,6,16,4,3,2,1,0,1,0,0,0,0,0,0,635004.0247,5353161976.0,10.821041412,48.317224907,1,#66c2a5,bicycle
9,7,61,0,2018,6,17,4,3,4,7,0,1,1,0,0,0,0,0,640376611.0,5353403.61,10.893551206,48.318227688,1,#66c2a5,bicycle
9,7,61,0,2018,6,15,4,3,5,3,0,0,1,0,0,0,0,0,641363.9906,5353656.2823,10.906947112,48.320279653,2,#fc8d62,car
9,2,74,113,2018,6,11,6,3,0,7,0,1,0,0,0,0,0,0,729768.7852,5382859384.0,12.114031978,48.556686752,1,#66c2a5,bicycle
9,1,90,140,2018,6,22,6,2,8,1,2,0,0,0,1,0,0,0,644377.9122,5296300.5239,10.928215136,47.803859165,4,#e78ac3,marker
9,1,63,0,2018,6,23,6,3,2,6,2,0,1,0,0,0,0,0,731045.4052,5304065.3761,12.088418071,47.848363672,2,#fc8d62,car
9,1,87,130,2018,6,7,6,3,5,7,0,0,1,0,0,0,1,0,712276.8491,5309751.3174,11.840662376,47.905931429,2,#fc8d62,car
9,1,85,158,2018,6,7,6,3,5,2,0,1,1,0,0,0,0,0,667032.9498,5381428.5377,11.264027234,48.563678631,1,#66c2a5,bicycle
9,1,79,142,2018,6,7,6,3,6,4,0,0,1,1,0,0,0,0,672697.2387,5342398.0263,11.324694823,48.211294201,2,#fc8d62,car
9,1,81,130,2018,6,13,6,3,5,3,0,1,1,0,0,0,0,0,638402.1728,5325950.7788,10.857982954,48.071803792,1,#66c2a5,bicycle
9,1,74,113,2018,6,9,6,3,0,1,0,0,0,0,1,0,0,0,676344.8386,5345388.1879,11.374996078,48.237170102,4,#e78ac3,marker
9,1,78,124,2018,6,22,6,3,4,2,2,0,1,0,0,0,0,0,704482.9106,5359282.7531,11.760260088,48.353583186,2,#fc8d62,car
9,1,75,139,2018,6,7,6,3,5,3,0,1,0,0,0,1,0,0,711828.43,5329485034.0,11.844406582,48.083409463,1,#66c2a5,bicycle
9,1,75,139,2018,6,9,6,3,5,3,0,0,1,0,0,0,1,0,710202.0661,5330542.2462,11.823115851,48.093447947,2,#fc8d62,car
9,1,77,130,2018,6,13,6,2,4,6,0,0,1,0,0,0,1,0,712665.2314,5352881.0228,11.867341323,48.293359272,2,#fc8d62,car
9,1,77,135,2018,6,14,6,3,5,3,0,1,1,0,0,0,0,0,718775462.0,5344966222.0,11.945521889,48.220163474,1,#66c2a5,bicycle
9,1,62,0,2018,6,17,5,2,0,4,0,1,0,1,0,0,0,0,691129644.0,5335637.7792,11.569528401,48.145251721,1,#66c2a5,bicycle
9,1,62,0,2018,6,7,5,3,6,4,0,1,0,1,0,0,0,0,687595.2023,5330698.2653,11.519886008,48.101906082,1,#66c2a5,bicycle
9,1,62,0,2018,6,8,5,3,5,3,0,1,1,0,0,0,0,0,689153.3197,5336146.2558,11.543212112,48.150412636,1,#66c2a5,bicycle
9,1,62,0,2018,6,11,5,3,1,5,0,0,1,0,1,0,0,0,694894.8009,5336160.1174,11.620331548,48.148803975,2,#fc8d62,car
9,1,84,129,2018,6,14,5,2,5,3,0,1,1,0,0,0,0,0,701296.6546,5324838.1773,11.700967149,48.045060064,1,#66c2a5,bicycle
9,1,62,0,2018,6,17,5,3,3,6,0,1,0,0,0,0,0,0,692370347.0,5334871.6371,11.585844636,48.137991845,1,#66c2a5,bicycle
9,1,62,0,2018,6,17,5,2,5,2,0,1,1,0,0,0,0,0,691283.7519,5334480.5805,11.571078302,48.134804621,1,#66c2a5,bicycle
9,1,62,0,2018,6,14,5,2,4,2,0,1,1,0,0,0,0,0,690998.1046,5336437.6548,11.568120735,48.152480432,1,#66c2a5,bicycle
9,1,62,0,2018,6,8,5,2,4,3,0,1,1,0,0,0,0,0,688136.9184,5336865094.0,11.529877997,48.157175119,1,#66c2a5,bicycle
9,1,84,147,2018,6,7,5,3,5,3,0,1,1,0,0,0,0,0,697410.1047,5340898.5638,11.656311899,48.190613967,1,#66c2a5,bicycle
9,1,84,149,2018,6,16,5,3,1,6,0,1,1,0,0,0,0,0,691904.0138,5350547.7562,11.586672865,48.279024985,1,#66c2a5,bicycle
9,1,62,0,2018,6,15,5,3,4,6,0,1,0,0,0,0,0,0,682658.6582,5336243.3941,11.45601621,48.153184081,1,#66c2a5,bicycle
9,1,62,0,2018,6,20,5,3,0,1,0,0,0,0,0,0,1,0,688923.1103,5343232.5945,11.543270823,48.214173332,6,#ffd92f,circle
9,1,62,0,2018,6,13,5,3,5,3,0,1,1,0,0,0,0,0,688921247.0,5328567657.0,11.536737486,48.082363918,1,#66c2a5,bicycle
9,1,84,129,2018,6,17,5,3,3,6,0,1,0,0,0,0,0,0,700988.3223,5325424.4455,11.697110028,48.050426076,1,#66c2a5,bicycle
9,1,84,145,2018,6,16,5,3,1,7,0,0,1,0,0,1,0,0,698026.8729,5325214.5677,11.657317148,48.049465449,2,#fc8d62,car
9,1,62,0,2018,6,19,5,3,5,3,0,1,1,0,0,0,0,0,694599.0884,5332466.3403,11.614672984,48.115696339,1,#66c2a5,bicycle
9,1,62,0,2018,6,20,5,3,6,4,1,0,1,1,0,0,0,0,690493.6596,5334743.5731,11.560587164,48.137405376,2,#fc8d62,car
9,1,62,0,2018,6,8,5,2,5,3,0,1,1,0,0,0,0,0,688742.1182,5334290.5881,11.536866552,48.133855801,1,#66c2a5,bicycle
9,1,62,0,2018,6,7,5,3,5,2,0,1,1,0,0,0,0,0,688521.2738,5334345.1612,11.533925364,48.134411769,1,#66c2a5,bicycle
9,1,90,148,2018,6,6,4,3,0,7,0,0,0,0,1,0,1,0,640621.2707,5296697.8142,10.878201003,47.808263477,4,#e78ac3,marker
9,7,78,203,2018,6,17,5,3,6,4,0,0,1,1,0,0,0,0,622196.3677,5324427.5957,10.640090931,48.061416601,2,#fc8d62,car
9,1,73,126,2018,6,19,4,2,0,7,1,1,0,0,0,0,0,0,684801.0955,5304863.8682,11.471273572,47.870502631,1,#66c2a5,bicycle
9,7,73,139,2018,6,15,5,3,6,7,0,0,1,1,0,0,0,0,615610729.0,5385441952.0,10.568480412,48.611365631,2,#fc8d62,car
9,7,72,147,2018,6,17,5,3,0,1,0,1,0,0,0,0,0,1,639511137.0,5364022595.0,10.885405559,48.413902439,1,#66c2a5,bicycle
9,7,61,0,2018,6,8,5,3,4,2,0,1,1,0,0,0,0,0,640217.1579,5358080.6284,10.892958438,48.36031761,1,#66c2a5,bicycle
9,1,63,0,2018,6,19,4,3,3,2,0,1,1,0,0,0,0,0,734135.8878,5305383.7208,12.130379167,47.859089584,1,#66c2a5,bicycle
9,1,63,0,2018,6,12,4,3,0,1,0,1,0,0,0,0,0,0,733657.4449,5305225.3339,12.123906698,47.857840762,1,#66c2a5,bicycle
9,7,61,0,2018,6,19,5,3,2,6,0,0,1,0,0,0,0,0,639112.8332,5359144.5247,10.878410068,48.370128223,2,#fc8d62,car
9,7,61,0,2018,6,7,5,3,2,6,0,0,1,0,1,0,0,0,639237.0667,5360175.5786,10.880428107,48.379371804,2,#fc8d62,car
9,7,61,0,2018,6,13,5,3,0,1,0,0,0,0,1,0,0,1,641763.4837,5358946.5358,10.914113902,48.367758174,4,#e78ac3,marker
9,7,61,0,2018,6,4,5,3,0,7,0,0,0,1,1,0,0,1,640356.4101,5358698288.0,10.89504338,48.365840472,3,#8da0cb,toilet
9,1,87,122,2018,6,11,4,3,5,3,0,1,1,0,0,0,0,0,719332.7075,5307213.6463,11.93366761,47.880755793,1,#66c2a5,bicycle
9,1,85,158,2018,6,22,4,2,9,1,2,0,1,0,0,0,0,0,666965.6775,5382282.7341,11.263458964,48.571375151,2,#fc8d62,car
9,7,71,113,2018,6,18,5,2,0,1,0,1,0,0,0,0,0,0,656816.4732,5369709423.0,11.121247291,48.460960466,1,#66c2a5,bicycle
9,1,85,158,2018,6,13,4,3,6,7,0,1,0,1,0,0,0,0,667283.1093,5381153.3673,11.26730461,48.561138354,1,#66c2a5,bicycle
9,1,86,132,2018,6,17,4,3,0,1,0,1,0,0,0,0,0,0,678904498.0,5367387256.0,11.418778576,48.434195371,1,#66c2a5,bicycle
9,1,88,139,2018,6,18,4,2,0,7,0,1,0,0,0,0,0,0,674538.2009,5319095.5336,11.339921903,48.001313369,1,#66c2a5,bicycle
9,1,81,121,2018,6,16,4,3,0,1,0,1,0,0,0,0,0,0,636723.8802,5310910.2315,10.83067098,47.936912645,1,#66c2a5,bicycle