ULAND,UREGBEZ,UKREIS,UGEMEINDE,UJAHR,UMONAT,USTUNDE,UWOCHENTAG,UKATEGORIE,UART,UTYP1,ULICHTVERH,IstRad,IstPKW,IstFuss,IstKrad,IstGkfz,IstSonstig,STRZUSTAND,LINREFX,LINREFY,XGCSWGS84,YGCSWGS84,Teilnehmer,color,symbol
9,1,81,130,2018,6,17,4,3,2,6,0,0,1,0,1,0,0,0,639184.7754,5324454.2138,10.867996079,48.058175913,2,#fc8d62,car
9,1,88,121,2018,6,23,4,3,1,7,2,1,1,0,0,0,0,0,670600.9318,5329948.6566,11.291508327,48.099944773,1,#66c2a5,bicycle
9,1,79,121,2018,6,12,4,3,0,6,0,0,1,0,0,0,0,0,667831.4489,5339226.2712,11.257995589,48.184085874,2,#fc8d62,car
9,1,78,124,2018,6,14,4,2,0,1,0,0,0,0,1,0,0,0,704358731.0,5359009293.0,11.7584531,48.351166012,4,#e78ac3,marker
9,1,62,0,2018,6,14,3,3,2,6,0,0,1,0,0,0,0,0,691371.3048,5329859.5322,11.570180369,48.093244605,2,#fc8d62,car
9,1,62,0,2018,6,17,3,3,4,2,0,0,1,0,0,0,0,0,690862.5173,5337196.6707,11.566640005,48.159343098,2,#fc8d62,car
9,1,62,0,2018,6,18,3,3,1,7,0,1,0,0,0,0,1,0,690659.7773,5338433.7139,11.564471025,48.170522349,1,#66c2a5,bicycle
9,1,62,0,2018,6,17,3,2,5,3,0,0,1,0,1,0,0,0,687874.9507,5335005.2923,11.525538037,48.1405363,2,#fc8d62,car
9,1,62,0,2018,6,8,3,3,5,2,0,1,1,0,0,0,0,0,692532.7514,5334812.4464,11.587998614,48.137410736,1,#66c2a5,bicycle
9,1,73,126,2018,6,15,2,2,5,3,0,1,0,0,0,1,0,0,685611.9286,5303605.9844,11.481565952,47.858961775,1,#66c2a5,bicycle
9,1,62,0,2018,6,8,3,3,5,3,0,1,0,0,1,0,0,0,691469.5529,5333955.2411,11.573336991,48.130027055,1,#66c2a5,bicycle
9,1,84,149,2018,6,19,3,3,4,2,0,0,1,0,1,0,0,0,691233.9068,5350891.8986,11.57780573,48.282320737,2,#fc8d62,car
9,1,62,0,2018,6,17,3,3,6,4,0,0,1,1,0,0,0,0,686247.5561,5331769439.0,11.502269222,48.111929621,2,#fc8d62,car
9,1,63,0,2018,6,12,2,3,3,7,0,0,1,0,1,1,0,0,733987.9401,5304316.0806,12.127826716,47.849551796,2,#fc8d62,car
9,1,87,150,2018,6,11,2,2,6,4,0,0,1,1,0,0,0,0,729304313.0,5304205193.0,12.065253288,47.850243233,2,#fc8d62,car
9,1,85,158,2018,6,9,2,3,0,1,0,1,0,0,0,0,0,0,667043.9101,5381453.3518,11.264185635,48.563898771,1,#66c2a5,bicycle
9,1,62,0,2018,6,18,3,3,1,6,0,0,1,0,1,0,0,0,692779.3014,5337416.7879,11.59248863,48.160743229,2,#fc8d62,car
9,1,81,138,2018,6,19,2,3,9,1,0,0,1,0,0,0,0,0,640456.9556,5336547.9945,10.889043493,48.166645911,2,#fc8d62,car
9,1,78,124,2018,6,5,2,3,7,7,1,1,0,0,0,0,0,0,703352.9249,5364663.7778,11.747627809,48.402303225,1,#66c2a5,bicycle
9,1,84,145,2018,6,13,3,3,0,6,0,1,1,0,0,0,0,0,695647.0868,5325111.3967,11.625370652,48.049272033,1,#66c2a5,bicycle
9,1,62,0,2018,6,17,3,3,4,2,0,1,1,0,0,0,0,0,688566049.0,5334173.1696,11.534450454,48.132852615,1,#66c2a5,bicycle
9,1,77,117,2018,6,15,2,3,1,6,0,0,1,0,0,0,0,0,716083.3318,5354687.8738,11.914290495,48.308436306,2,#fc8d62,car
9,1,62,0,2018,6,12,3,2,6,4,0,1,0,1,0,0,0,0,690610.6538,5338445.4393,11.563816232,48.170642469,1,#66c2a5,bicycle
9,1,62,0,2018,6,13,1,3,3,5,0,1,1,0,0,0,0,0,691330.4425,5336146.7094,11.572453826,48.149765565,1,#66c2a5,bicycle
9,1,62,0,2018,6,11,3,3,0,3,0,0,1,0,0,0,1,0,684124.8769,5336135.9724,11.475665399,48.15179573,2,#fc8d62,car
9,1,62,0,2018,6,11,1,3,1,5,0,0,1,0,0,0,0,0,695564.6784,5333790.5932,11.628240197,48.12730231,2,#fc8d62,car
9,1,62,0,2018,6,21,1,3,5,3,1,1,1,0,0,0,0,0,695994.7193,5333651.5845,11.633949368,48.125920718,1,#66c2a5,bicycle
9,1,62,0,2018,6,17,3,3,2,6,0,0,1,0,0,0,1,0,694165821.0,5332714302.0,11.608970685,48.118057181,2,#fc8d62,car
9,1,62,0,2018,6,13,3,3,4,6,0,0,1,0,0,0,0,0,685034696.0,5337537.0242,11.488495824,48.164124973,2,#fc8d62,car
9,1,84,139,2018,6,10,1,3,8,7,0,1,0,0,0,0,0,0,688203.9431,5325913.9677,11.525947345,48.058723856,1,#66c2a5,bicycle
9,1,62,0,2018,6,12,3,3,0,7,0,1,0,1,0,0,0,0,689668.9555,5332307.4058,11.548428857,48.115755266,1,#66c2a5,bicycle
9,1,62,0,2018,6,17,3,3,3,6,0,1,1,0,0,0,0,0,691257.0656,5339113.0523,11.5728021,48.17644869,1,#66c2a5,bicycle
9,1,62,0,2018,6,21,1,3,2,6,1,0,1,0,1,0,0,0,693980.3786,5334693.0621,11.607382231,48.135898128,2,#fc8d62,car
9,7,78,116,2018,6,14,1,2,0,7,0,1,1,0,0,0,0,0,620506.7882,5318469.81,10.615746751,48.00815638,1,#66c2a5,bicycle
9,1,62,0,2018,6,7,3,2,6,4,0,0,0,1,1,0,0,0,694606.1034,5334973.7177,11.615912039,48.13822951,3,#8da0cb,toilet
9,1,62,0,2018,6,10,3,3,1,7,0,0,1,0,0,0,0,0,689796.6089,5331775.4456,11.549905547,48.110935929,2,#fc8d62,car
9,1,62,0,2018,6,9,3,3,2,6,0,0,1,0,0,0,0,0,690179.7841,5335379.4478,11.556656412,48.143214499,2,#fc8d62,car
9,1,62,0,2018,6,15,3,3,3,2,0,1,1,0,0,0,0,0,686516.6372,5337490.7759,11.508386146,48.163276242,1,#66c2a5,bicycle
9,1,62,0,2018,6,17,3,3,5,3,0,1,1,0,0,0,0,0,682248.8226,5334621.1983,11.449816394,48.138720189,1,#66c2a5,bicycle
9,1,62,0,2018,6,14,3,3,4,6,0,1,0,0,0,0,0,0,684219.3479,5337526.5195,11.477536476,48.164267334,1,#66c2a5,bicycle
9,1,62,0,2018,6,7,3,3,5,7,0,1,0,0,0,0,0,0,682061.6773,5336837.0919,11.448250885,48.158691839,1,#66c2a5,bicycle
9,1,62,0,2018,6,7,3,3,0,4,0,1,0,1,0,0,0,0,687441.0261,5335459.3408,11.519910663,48.144745379,1,#66c2a5,bicycle
9,7,71,142,2018,6,17,1,2,5,3,0,0,1,0,1,0,0,0,647004.7486,5351790.1818,10.98234213,48.302214591,2,#fc8d62,car
9,1,62,0,2018,6,8,3,3,5,3,0,1,1,0,0,0,0,0,685621.2684,5334219.8164,11.494930238,48.134137566,1,#66c2a5,bicycle
9,7,61,0,2018,6,0,1,3,0,1,2,1,0,0,0,0,0,0,640648.7193,5356540.0659,10.898266483,48.346369361,1,#66c2a5,bicycle
9,7,61,0,2018,6,0,1,3,0,7,2,1,0,0,0,0,0,0,640818.9261,5359530.4857,10.901563211,48.373220286,1,#66c2a5,bicycle
9,1,84,139,2018,6,19,3,2,0,7,0,1,0,0,0,0,0,0,688106.8119,5326562.5797,11.52493029,48.064582445,1,#66c2a5,bicycle
9,7,71,158,2018,6,11,1,2,4,1,0,0,1,0,1,0,0,0,642783.5304,5371081.4999,10.932010738,48.476638729,2,#fc8d62,car
9,1,84,134,2018,6,13,3,2,8,7,0,0,1,0,0,0,0,0,691933.0085,5322470382.0,11.574400796,48.0266621,2,#fc8d62,car
9,1,62,0,2018,6,22,3,3,1,7,2,0,1,0,0,0,0,0,689698012.0,5331892374.0,11.548634264,48.112016265,2,#fc8d62,car
9,1,84,118,2018,6,13,3,3,5,3,0,1,1,0,0,0,0,0,702604.4806,5336966.6811,11.72425174,48.153643675,1,#66c2a5,bicycle
9,1,84,147,2018,6,18,3,3,3,6,0,0,1,0,1,0,0,0,695641.2863,5339573.0225,11.631926803,48.17924808,2,#fc8d62,car
9,1,62,0,2018,6,18,3,3,5,2,0,1,1,0,0,0,0,0,696950.0423,5334174.7645,11.647015446,48.130327907,1,#66c2a5,bicycle
9,1,62,0,2018,6,7,3,3,0,7,0,1,0,0,0,0,0,0,693595.2137,5336147.5853,11.602871859,48.149088189,1,#66c2a5,bicycle
9,1,62,0,2018,6,9,3,3,5,3,0,0,1,0,1,0,0,0,689308.0795,5332585.3682,11.543708418,48.118361004,2,#fc8d62,car
9,1,62,0,2018,6,11,3,3,0,1,0,1,0,1,0,0,0,0,690448.8883,5334245.4102,11.559763267,48.132941297,1,#66c2a5,bicycle
9,2,61,0,2018,6,12,1,2,5,3,0,1,1,0,0,0,0,0,731757.9388,5381649.3703,12.14027543,48.545085595,1,#66c2a5,bicycle
9,1,90,157,2018,6,19,1,2,5,3,0,0,1,0,1,0,0,0,661452.0733,5301266.5882,11.157938743,47.844453894,2,#fc8d62,car
9,1,73,126,2018,6,11,1,2,5,3,0,0,1,0,0,0,0,0,682121.7629,5306995954.0,11.436376624,47.890433768,2,#fc8d62,car
9,7,71,130,2018,6,6,3,3,6,7,0,1,0,1,0,0,0,0,646892.2931,5357313.9586,10.982751602,48.351906561,1,#66c2a5,bicycle
9,7,61,0,2018,6,20,3,2,5,3,0,1,1,0,0,0,0,0,641830.8999,5361588.4885,10.915915174,48.391498296,1,#66c2a5,bicycle
9,7,61,0,2018,6,14,3,3,0,1,0,1,0,0,0,0,0,0,642414.8184,5358339.2892,10.922697596,48.362151465,1,#66c2a5,bicycle
9,1,87,126,2018,6,18,1,2,0,7,0,1,0,0,0,0,0,0,742138.2805,5324451.6169,12.247919793,48.027408656,1,#66c2a5,bicycle
9,7,61,0,2018,6,7,3,3,6,7,0,0,0,1,0,1,0,0,637559.7706,5352726.6914,10.855354765,48.312759986,3,#8da0cb,toilet
9,7,61,0,2018,6,7,3,3,1,5,0,1,1,0,0,0,0,0,639600.6308,5360155801.0,10.885328793,48.37911363,1,#66c2a5,bicycle
9,1,87,117,2018,6,3,1,3,6,6,2,0,1,1,0,0,0,1,724284265.0,5306781878.0,11.999579808,47.875166037,2,#fc8d62,car
9,1,81,130,2018,6,18,1,3,6,7,0,0,0,1,1,0,0,0,639107.2796,5324467.3782,10.866960863,48.058311193,3,#8da0cb,toilet
9,1,77,144,2018,6,17,1,3,0,1,0,1,0,0,0,0,0,0,715098505.0,5347617091.0,11.897428317,48.24523938,1,#66c2a5,bicycle
9,1,62,0,2018,6,16,7,2,5,3,0,0,1,0,1,0,0,0,691294.9809,5332060.7368,11.570143111,48.11305187,2,#fc8d62,car
9,1,62,0,2018,6,11,7,3,4,6,0,1,1,0,0,0,0,0,692693.1852,5331766.0755,11.588775756,48.109982023,1,#66c2a5,bicycle
9,1,62,0,2018,6,17,7,3,5,2,0,0,1,0,0,0,0,0,692437.2423,5338146.7365,11.588223765,48.167407433,2,#fc8d62,car
9,1,84,145,2018,6,1,7,3,8,1,2,0,1,0,0,0,0,0,697940.73,5325208725.0,11.656159784,48.049439656,2,#fc8d62,car
9,1,62,0,2018,6,15,7,3,1,2,0,1,1,0,0,0,0,0,691910.7241,5334468147.0,11.5794911,48.134504118,1,#66c2a5,bicycle
9,1,62,0,2018,6,20,7,3,0,7,0,0,1,1,0,0,0,0,690193.6778,5334740.6894,11.556557733,48.137469187,2,#fc8d62,car
9,1,62,0,2018,6,9,7,3,2,6,0,0,1,0,1,0,0,0,689052133.0,5332349428.0,11.5401682,48.116316377,2,#fc8d62,car
9,1,62,0,2018,6,17,7,3,3,2,0,1,1,0,0,0,0,0,689065.1115,5333338.1197,11.54078086,48.125199026,1,#66c2a5,bicycle
9,1,62,0,2018,6,6,7,2,5,3,0,1,1,0,0,0,0,0,691128626.0,5335154625.0,11.569297864,48.140909482,1,#66c2a5,bicycle
9,1,62,0,2018,6,18,7,3,3,5,0,1,1,0,0,0,0,0,691280.6324,5339514.4007,11.573299426,48.180048845,1,#66c2a5,bicycle
9,1,62,0,2018,6,12,7,3,5,2,0,0,1,0,0,0,0,0,695697.6536,5332866.0997,11.629600917,48.118952555,2,#fc8d62,car
9,1,62,0,2018,6,12,7,3,0,6,0,0,1,0,0,0,0,0,689679.4839,5332194.7183,11.548520053,48.114739284,2,#fc8d62,car
9,1,62,0,2018,6,14,7,3,0,7,0,0,1,0,0,0,1,0,691227209.0,5333804.6064,11.57001571,48.128746014,2,#fc8d62,car
9,7,61,0,2018,6,8,7,3,1,5,0,0,0,0,1,0,1,0,639609.0906,5360962.1808,10.885710879,48.38636249,4,#e78ac3,marker
9,7,61,0,2018,6,22,7,3,3,6,0,0,0,0,1,0,0,0,640733.3725,5357842.1306,10.899843687,48.358058258,4,#e78ac3,marker
9,7,71,112,2018,6,1,7,3,8,1,2,0,1,0,0,0,0,0,648310323.0,5366394.1152,11.005086382,48.433215409,2,#fc8d62,car
9,2,61,0,2018,6,19,3,3,0,1,0,1,0,0,0,0,0,0,732562.7532,5380460.7003,12.150500035,48.534110322,1,#66c2a5,bicycle
9,1,63,0,2018,6,16,3,3,0,2,0,1,0,0,0,0,0,0,732684.1038,5304112.0585,12.110314647,47.848192072,1,#66c2a5,bicycle
9,1,82,125,2018,6,12,3,3,0,7,0,1,1,0,0,0,0,0,712021.3719,5296685.2261,11.830846304,47.788598679,1,#66c2a5,bicycle
9,1,86,143,2018,6,11,3,3,0,5,0,1,1,0,0,0,0,0,685492.3167,5377956.0117,11.512447771,48.527279316,1,#66c2a5,bicycle
9,1,88,139,2018,6,8,3,3,2,6,0,0,1,0,0,0,0,0,672421.5558,5319415.2626,11.311697953,48.004762013,2,#fc8d62,car
9,1,79,126,2018,6,14,3,3,6,7,0,1,0,1,0,0,0,0,676177.6781,5340915.8418,11.370888819,48.197014075,1,#66c2a5,bicycle
9,1,79,121,2018,6,10,3,3,0,1,0,1,0,0,0,0,0,0,666181.7644,5338556757.0,11.235556588,48.178500595,1,#66c2a5,bicycle
9,1,74,111,2018,6,18,3,3,5,3,0,0,1,0,1,0,0,0,666885.9731,5362187.9903,11.254356433,48.390756003,2,#fc8d62,car
9,1,74,115,2018,6,7,3,2,0,1,0,1,0,0,0,0,1,0,682283.8962,5347773.1741,11.455934517,48.256928258,1,#66c2a5,bicycle
9,1,77,133,2018,6,7,3,3,2,6,0,0,1,0,0,0,0,0,706588148.0,5358829098.0,11.788420714,48.348821584,2,#fc8d62,car
9,1,75,135,2018,6,20,3,3,8,1,0,0,1,0,0,0,0,0,708033.5435,5339587.4693,11.798444465,48.175442056,2,#fc8d62,car
9,1,78,145,2018,6,10,3,3,0,1,0,1,0,0,0,0,0,0,696377.1771,5354345.6255,11.64866654,48.311785453,1,#66c2a5,bicycle
9,1,77,131,2018,6,22,3,3,9,7,2,0,1,0,0,0,0,0,711034282.0,5348127.8829,11.843007505,48.251195055,2,#fc8d62,car
9,1,77,117,2018,6,7,3,3,5,7,0,1,1,0,0,0,0,0,715072.3447,5353679.7147,11.900159971,48.299722339,1,#66c2a5,bicycle
9,1,75,115,2018,6,17,3,3,8,1,0,0,0,0,1,0,0,0,723770.7895,5328940.2831,12.004259478,48.074436022,4,#e78ac3,marker
9,1,62,0,2018,6,12,2,3,3,6,0,1,1,0,0,0,0,0,692946.7251,5335158.5632,11.59371408,48.140396161,1,#66c2a5,bicycle
9,1,62,0,2018,6,9,2,3,0,1,0,1,1,0,0,0,0,0,692011.2958,5334963.2888,11.581064667,48.138924036,1,#66c2a5,bicycle
9,1,62,0,2018,6,7,2,3,6,4,0,0,1,1,0,0,0,0,687601.6721,5343630.6177,11.52567577,48.218142795,2,#fc8d62,car
9,1,63,0,2018,6,23,7,3,0,7,2,1,0,0,0,0,0,1,732948.0815,5303076.1727,12.113280424,47.838789941,1,#66c2a5,bicycle
9,1,62,0,2018,6,18,2,3,0,7,0,0,1,0,1,0,0,0,691001.8841,5336167.0416,11.568050062,48.150047053,2,#fc8d62,car
9,1,62,0,2018,6,18,2,3,1,3,0,1,1,0,0,0,0,0,691137796.0,5330026.8056,11.567122418,48.09481813,1,#66c2a5,bicycle
9,1,87,117,2018,6,20,7,3,0,1,0,1,0,0,0,0,0,1,725447.4612,5305993153.0,12.014702772,47.867672167,1,#66c2a5,bicycle
9,1,62,0,2018,6,19,2,3,5,3,0,0,1,0,0,0,0,0,686761.3345,5330255.4445,11.508502408,48.098170806,2,#fc8d62,car
9,1,62,0,2018,6,19,2,3,5,2,0,1,1,0,0,0,0,0,690428.7812,5340236.9158,11.56217521,48.1867986,1,#66c2a5,bicycle
9,1,62,0,2018,6,7,2,3,5,3,0,0,1,0,0,0,0,1,688183501.0,5327360225.0,11.526309717,48.071729324,2,#fc8d62,car
9,1,62,0,2018,6,8,2,3,5,3,0,1,1,0,0,0,0,0,699379.1392,5332547.4995,11.67886474,48.114947223,1,#66c2a5,bicycle
9,1,62,0,2018,6,21,6,3,6,4,2,0,1,1,0,0,0,0,694589833.0,5334166835.0,11.615325011,48.130982554,2,#fc8d62,car
9,1,62,0,2018,6,10,6,3,0,7,0,1,0,0,0,0,0,0,691329.5092,5336144355.0,11.572440233,48.149744685,1,#66c2a5,bicycle
9,1,62,0,2018,6,12,6,3,0,1,0,1,0,0,0,0,0,0,692209.9557,5337248.1293,11.584763985,48.159399727,1,#66c2a5,bicycle
9,1,62,0,2018,6,14,6,3,2,6,0,0,1,0,0,0,0,0,692302.9566,5334243.4698,11.584656165,48.132366366,2,#fc8d62,car
9,1,62,0,2018,6,16,6,3,5,3,0,1,1,0,0,0,0,0,684446.5901,5332586783.0,11.478450032,48.119800481,1,#66c2a5,bicycle
9,1,62,0,2018,6,11,6,3,2,6,0,0,1,0,0,0,0,0,686289.6443,5333273.3779,11.503491217,48.125435323,2,#fc8d62,car
9,1,62,0,2018,6,17,6,2,5,3,0,1,1,0,0,0,0,0,688551.6145,5334592748.0,11.534442348,48.136628131,1,#66c2a5,bicycle
9,1,84,148,2018,6,14,6,3,2,6,0,0,1,0,1,0,0,0,694812.0083,5326521.0849,11.614818795,48.062197324,2,#fc8d62,car
9,1,62,0,2018,6,9,6,3,6,4,0,0,1,1,0,0,0,0,685708.4646,5334977.7369,11.496431539,48.140924637,2,#fc8d62,car
9,7,61,0,2018,6,19,2,3,5,1,0,1,1,0,0,0,0,0,639310049.0,5358261.5797,10.880779095,48.362145495,1,#66c2a5,bicycle
9,1,62,0,2018,6,18,6,3,5,3,0,0,1,0,0,0,0,0,690810043.0,5334754509.0,11.564840425,48.13740888,2,#fc8d62,car
9,7,61,0,2018,6,15,2,3,0,7,2,1,0,0,0,0,0,0,639573.2665,5358819.6783,10.884515895,48.367105634,1,#66c2a5,bicycle
9,7,61,0,2018,6,19,2,3,3,5,0,1,1,0,0,0,0,0,639555994.0,5360062674.0,10.884695384,48.378286133,1,#66c2a5,bicycle
9,1,62,0,2018,6,12,6,3,5,2,0,0,1,0,1,0,0,0,696531.4371,5332833.5552,11.640777201,48.118403278,2,#fc8d62,car
9,1,62,0,2018,6,11,6,1,4,7,0,0,1,0,1,0,0,0,690144.2876,5334814.8479,11.555927627,48.138150484,2,#fc8d62,car
9,1,84,119,2018,6,16,6,3,1,7,0,1,1,0,0,0,0,0,696801.3794,5347086.4929,11.651001758,48.246415094,1,#66c2a5,bicycle
9,1,62,0,2018,6,11,6,3,1,6,0,0,1,0,0,0,0,0,682650.1189,5335933.5787,11.455768541,48.150401704,2,#fc8d62,car
9,1,62,0,2018,6,19,6,2,1,5,0,1,1,0,0,0,0,0,686718.2903,5341465.7155,11.512842026,48.198944785,1,#66c2a5,bicycle
9,1,62,0,2018,6,17,6,3,5,3,0,1,1,0,0,0,0,0,699187.8348,5332347.3681,11.67620381,48.113208466,1,#66c2a5,bicycle
9,1,62,0,2018,6,14,6,3,1,7,0,0,1,0,1,0,0,0,691457.4831,5332249.5392,11.572408883,48.114699984,2,#fc8d62,car
9,1,62,0,2018,6,9,6,3,0,3,0,1,1,0,0,0,0,0,693516.2169,5335627.1941,11.601574347,48.144435122,1,#66c2a5,bicycle
9,1,62,0,2018,6,8,6,3,0,7,0,0,0,1,0,1,0,0,694175.1261,5333937244.0,11.609652653,48.12904572,3,#8da0cb,toilet
9,1,73,147,2018,6,22,7,3,5,3,2,0,1,0,0,0,0,0,681660.1599,5308938.8236,11.431025143,47.908029502,2,#fc8d62,car
9,1,73,126,2018,6,17,7,2,0,7,0,1,0,0,0,0,0,0,685810.8849,5303570339.0,11.484208028,47.858583858,1,#66c2a5,bicycle
9,1,88,113,2018,6,16,7,3,0,1,0,1,0,0,0,0,0,0,674453.7015,5311928.0556,11.335881105,47.936902665,1,#66c2a5,bicycle
9,1,79,142,2018,6,16,7,3,0,6,0,1,0,0,0,0,0,0,672485.9335,5342790315.0,11.32201237,48.214878124,1,#66c2a5,bicycle
9,1,81,113,2018,6,16,7,3,0,1,0,1,0,0,0,0,0,0,641976.5952,5308641.9793,10.900215647,47.915373369,1,#66c2a5,bicycle
9,1,81,130,2018,6,12,7,3,5,3,0,0,1,0,0,0,0,0,638310.8602,5325583.1117,10.856638826,48.068517413,2,#fc8d62,car
9,1,81,145,2018,6,16,7,3,5,2,0,0,1,0,0,0,0,0,644284.0263,5329363.1437,10.93805101,48.101183854,2,#fc8d62,car
9,1,79,121,2018,6,7,7,3,5,3,0,0,1,0,0,0,0,0,666356.4112,5337316.0304,11.237418616,48.167300705,2,#fc8d62,car
9,1,74,141,2018,6,23,7,3,6,7,2,0,1,1,0,0,0,0,684541.9827,5357677.1041,11.490657824,48.34529339,2,#fc8d62,car
9,1,74,146,2018,6,8,7,2,9,1,0,0,0,0,1,0,0,0,666233219.0,5349443667.0,11.240518251,48.276359973,4,#e78ac3,marker
9,1,75,132,2018,6,15,7,3,5,3,0,0,1,0,0,0,0,0,707718.7668,5331578.5281,11.790309438,48.103574492,2,#fc8d62,car
9,1,77,117,2018,6,12,7,3,4,2,0,1,1,0,0,0,0,0,716096.0243,5354699.2533,11.914467274,48.308534215,1,#66c2a5,bicycle
9,1,62,0,2018,6,14,6,3,2,6,0,0,1,0,0,0,1,1,687386.1219,5339595.4951,11.52099549,48.181938207,2,#fc8d62,car
9,1,62,0,2018,6,16,6,3,6,4,0,0,1,1,0,0,0,0,686385.6491,5329238.7899,11.503017537,48.089142662,2,#fc8d62,car
9,1,62,0,2018,6,20,6,2,5,3,0,1,1,0,0,0,0,0,689838.54,5341415385.0,11.554768655,48.19756726,1,#66c2a5,bicycle
9,1,62,0,2018,6,17,6,2,0,7,0,0,1,0,1,0,0,0,693355.2525,5334273.3684,11.598798114,48.13231628,2,#fc8d62,car
9,1,62,0,2018,6,19,6,3,1,3,0,1,1,0,0,0,0,0,693865.0334,5331420.9383,11.60434554,48.106524454,1,#66c2a5,bicycle
9,1,62,0,2018,6,20,6,3,4,6,1,1,1,0,0,0,0,0,688180.7327,5337832047.0,11.530894331,48.165853271,1,#66c2a5,bicycle
9,1,84,149,2018,6,18,6,3,5,3,0,1,1,0,0,0,0,0,692076.1302,5349670.2701,11.58859169,48.271086341,1,#66c2a5,bicycle
9,1,62,0,2018,6,16,6,3,5,3,0,1,1,0,0,0,0,0,688337.7434,5340829.4847,11.534332263,48.192748039,1,#66c2a5,bicycle
9,1,62,0,2018,6,14,6,3,1,6,0,0,1,0,0,0,1,0,686448.9314,5329829884.0,11.504124629,48.094437169,2,#fc8d62,car
9,1,62,0,2018,6,18,6,3,4,6,0,1,1,0,0,0,0,0,699675388.0,5333182.3898,11.683137924,48.120560251,1,#66c2a5,bicycle
9,1,87,122,2018,6,12,5,3,1,6,0,0,1,0,0,0,0,1,719372.6969,5307009.3119,11.934097996,47.878906073,2,#fc8d62,car
9,7,78,203,2018,6,20,6,2,0,1,1,1,0,0,0,0,0,0,622776.4837,5324186.7107,10.647804627,48.059138849,1,#66c2a5,bicycle
9,1,79,118,2018,6,18,5,3,1,5,1,1,1,0,0,0,0,1,673512.8473,5338687.3071,11.334147994,48.177714606,1,#66c2a5,bicycle
9,1,79,123,2018,6,20,5,2,0,7,1,1,0,0,0,0,0,1,675750.9757,5333084.1327,11.361915682,48.126730981,1,#66c2a5,bicycle
9,7,71,130,2018,6,14,6,3,5,3,0,1,1,0,0,0,0,0,645632.4847,5357462.0592,10.965808405,48.353529953,1,#66c2a5,bicycle
9,1,74,126,2018,6,16,5,3,5,3,0,0,1,0,0,0,0,1,683404.9328,5343989.3281,11.46938545,48.22259393,2,#fc8d62,car
9,1,74,126,2018,6,7,5,3,5,3,0,1,1,0,0,0,0,1,682597.6733,5343034.4462,11.458115656,48.21424377,1,#66c2a5,bicycle
9,7,72,202,2018,6,19,6,3,5,3,0,1,1,0,0,0,0,0,637054.0195,5358717.1241,10.850486263,48.366735527,1,#66c2a5,bicycle
9,1,75,132,2018,6,12,5,3,5,3,0,0,1,0,0,0,1,1,707212622.0,5331484.8801,11.783473197,48.102897745,2,#fc8d62,car
9,1,77,117,2018,6,8,5,3,0,6,0,1,1,0,0,0,0,1,715391.1836,5352517.5096,11.903860939,48.289171305,1,#66c2a5,bicycle
9,1,62,0,2018,6,10,4,3,0,7,0,0,0,0,1,0,0,1,691179.9991,5335269.1192,11.57003914,48.141923111,4,#e78ac3,marker
9,7,61,0,2018,6,13,6,3,4,6,0,0,0,0,0,0,1,0,637392.7962,5357535.8893,10.854672137,48.356040333,6,#ffd92f,circle
9,1,62,0,2018,6,8,4,3,4,3,0,1,0,0,0,0,0,0,692122.7784,5335220.4155,11.582677658,48.141201394,1,#66c2a5,bicycle
9,7,61,0,2018,6,9,6,3,0,1,0,1,0,0,0,0,0,1,638872722.0,5358458592.0,10.874943217,48.364013343,1,#66c2a5,bicycle
9,1,62,0,2018,6,4,4,2,0,7,0,0,0,0,1,0,0,0,694919.7753,5337788.1171,11.621412708,48.163427998,4,#e78ac3,marker
9,7,71,113,2018,6,18,6,2,0,7,0,0,0,0,0,0,1,0,659334.4126,5366472.2625,11.154050822,48.431225387,6,#ffd92f,circle
9,1,62,0,2018,6,8,4,3,5,3,0,1,1,0,0,0,0,0,683191.3099,5337739322.0,11.463815521,48.166477192,1,#66c2a5,bicycle
9,1,62,0,2018,6,16,4,3,4,6,0,1,1,0,0,0,0,0,683746.6095,5336665.4139,11.470812893,48.156664045,1,#66c2a5,bicycle
9,1,62,0,2018,6,18,4,3,3,2,0,1,1,0,0,0,0,0,691775.9969,5332093.0961,11.576613582,48.113198057,1,#66c2a5,bicycle
9,1,62,0,2018,6,13,4,3,1,7,0,1,1,0,0,0,0,0,691496.0717,5336982.6101,11.575054524,48.157228674,1,#66c2a5,bicycle
9,1,62,0,2018,6,15,4,3,4,2,0,1,1,0,0,0,0,0,688528818.0,5334410.2959,11.534055488,48.134994975,1,#66c2a5,bicycle
9,1,62,0,2018,6,11,4,3,6,4,0,0,1,1,0,0,0,0,691675.7078,5333709.1587,11.57599411,48.12775325,2,#fc8d62,car
9,1,62,0,2018,6,8,4,3,5,3,0,1,0,0,0,1,0,0,691312.7322,5338694.8532,11.573361934,48.172673233,1,#66c2a5,bicycle
9,1,62,0,2018,6,8,4,3,3,6,0,1,0,0,0,0,0,0,690700.1779,5340463.5118,11.565924721,48.1887538,1,#66c2a5,bicycle
9,1,62,0,2018,6,7,4,3,5,3,0,0,1,0,0,0,0,0,687318.7319,5336690945.0,11.518810228,48.155851364,2,#fc8d62,car
9,1,62,0,2018,6,19,4,3,1,7,0,1,1,0,0,0,0,0,689142.0417,5330611.5037,11.540604496,48.100668941,1,#66c2a5,bicycle