ULAND,UREGBEZ,UKREIS,UGEMEINDE,UJAHR,UMONAT,USTUNDE,UWOCHENTAG,UKATEGORIE,UART,UTYP1,ULICHTVERH,IstRad,IstPKW,IstFuss,IstKrad,IstGkfz,IstSonstig,STRZUSTAND,LINREFX,LINREFY,XGCSWGS84,YGCSWGS84,Teilnehmer,color,symbol
9,1,62,0,2018,6,18,4,3,0,1,0,1,0,0,0,0,0,0,697342.5915,5334227.8301,11.65231004,48.130683245,1,#66c2a5,bicycle
9,1,62,0,2018,6,17,4,3,5,3,0,1,1,0,0,0,0,0,701100.8205,5331602.0193,11.701525039,48.105908886,1,#66c2a5,bicycle
9,1,62,0,2018,6,21,4,3,0,7,1,1,0,0,0,0,0,0,699325.4489,5335207.9189,11.679388394,48.138873599,1,#66c2a5,bicycle
9,1,62,0,2018,6,19,4,2,6,4,0,0,0,1,0,0,1,0,692014.7513,5332360.0728,11.579938206,48.115525675,3,#8da0cb,toilet
9,1,62,0,2018,6,17,4,3,1,7,0,0,1,0,1,0,0,1,688852.4814,5334585.4103,11.538479125,48.136472963,2,#fc8d62,car
9,7,72,148,2018,6,14,4,3,1,1,0,0,1,0,0,0,1,0,627692.8517,5355784936.0,10.723264938,48.342330969,2,#fc8d62,car
9,7,72,184,2018,6,15,4,3,5,3,0,1,1,0,0,0,0,0,636166.3455,5363086.1025,10.839923438,48.406213233,1,#66c2a5,bicycle
9,7,72,147,2018,6,9,4,2,0,7,0,1,0,0,0,0,0,0,638724765.0,5367448289.0,10.875917963,48.444878812,1,#66c2a5,bicycle
9,7,72,166,2018,6,13,4,3,3,2,0,0,0,0,1,0,1,0,634297557.0,5379918275.0,10.820093829,48.557967344,4,#e78ac3,marker
9,7,61,0,2018,6,14,4,3,0,1,0,1,0,0,0,0,0,0,639265.3801,5360390.2375,10.880881402,48.381295711,1,#66c2a5,bicycle
9,7,61,0,2018,6,8,4,3,0,7,0,1,0,1,0,0,0,0,642672.76,5361084688.0,10.927109618,48.386778493,1,#66c2a5,bicycle
9,7,61,0,2018,6,15,4,3,5,3,0,1,1,0,0,0,0,0,644278.7872,5358780.2026,10.947998651,48.365692662,1,#66c2a5,bicycle
9,7,61,0,2018,6,19,4,3,2,1,0,0,1,0,0,0,0,0,640490.2463,5354174.4504,10.89534002,48.325133655,2,#fc8d62,car
9,2,74,146,2018,6,13,6,3,0,6,0,0,1,0,0,0,0,0,734171.59,5373731.2541,12.168486322,48.473064207,2,#fc8d62,car
9,7,61,0,2018,6,15,4,3,4,2,0,0,1,0,0,0,0,0,640638.4835,5358027.9723,10.898625571,48.35975043,2,#fc8d62,car
9,7,61,0,2018,6,17,4,3,5,3,0,0,1,0,0,0,0,0,639634.0609,5360201.0976,10.885795066,48.379513526,2,#fc8d62,car
9,1,73,126,2018,6,10,6,3,6,4,0,0,1,1,0,0,0,1,684555.3834,5305384.5002,11.468213278,47.875253257,2,#fc8d62,car
9,1,82,125,2018,6,17,6,3,6,7,0,0,1,1,0,0,0,1,712027089.0,5296867.8615,11.831011744,47.790238055,2,#fc8d62,car
9,1,88,141,2018,6,11,6,3,0,1,0,0,0,0,1,0,0,1,665463.1273,5308090.5457,11.214122312,47.904785938,4,#e78ac3,marker
9,1,88,113,2018,6,12,6,3,0,1,0,1,0,0,0,0,0,1,676058139.0,5317264413.0,11.359529953,47.984435673,1,#66c2a5,bicycle
9,1,88,144,2018,6,11,6,2,5,3,0,0,1,0,1,0,0,0,667468.8258,5327028.2808,11.248326703,48.074521225,2,#fc8d62,car
9,1,88,124,2018,6,16,6,2,5,2,0,1,1,0,0,0,0,0,663957.5181,5320622.1411,11.198768716,48.017839447,1,#66c2a5,bicycle
9,1,79,145,2018,6,13,6,3,2,6,0,0,1,0,0,0,0,0,675495.0663,5338932.6326,11.360891362,48.179375547,2,#fc8d62,car
9,1,74,115,2018,6,18,6,3,6,2,0,0,1,1,0,0,0,0,681395.55,5347829.4613,11.444001179,48.257689114,2,#fc8d62,car
9,1,74,115,2018,6,17,6,3,5,3,0,1,1,0,0,0,0,0,680611008.0,5345733294.0,11.432546464,48.239071444,1,#66c2a5,bicycle
9,1,74,126,2018,6,14,6,2,8,1,0,1,0,0,0,0,0,0,681982.27,5344194.5352,11.450336897,48.224848118,1,#66c2a5,bicycle
9,1,75,127,2018,6,7,6,3,5,3,0,1,0,0,0,1,0,1,712472.9878,5341819.9155,11.859203445,48.19403351,1,#66c2a5,bicycle
9,1,75,139,2018,6,13,6,3,4,5,0,0,1,0,0,0,0,0,710433.6056,5329487.6734,11.825702037,48.083895057,2,#fc8d62,car
9,1,78,124,2018,6,23,6,2,0,1,2,1,0,0,0,0,0,1,702829.8569,5365323.4904,11.740887497,48.408400043,1,#66c2a5,bicycle
9,1,77,117,2018,6,15,6,3,2,6,0,0,1,0,0,0,0,0,715056.4578,5353387.8666,11.899797389,48.29710543,2,#fc8d62,car
9,1,62,0,2018,6,16,5,3,5,2,0,1,1,0,0,0,0,1,696918.3103,5330698.1595,11.644984196,48.099092074,1,#66c2a5,bicycle
9,1,62,0,2018,6,8,5,3,5,3,0,1,1,0,0,0,0,1,691383.7524,5336587.7105,11.573368135,48.153713186,1,#66c2a5,bicycle
9,1,62,0,2018,6,9,5,3,0,1,0,0,0,0,1,0,0,1,683595.3696,5334845.16,11.467996078,48.140346203,4,#e78ac3,marker
9,1,62,0,2018,6,15,5,3,0,4,0,0,0,1,0,0,1,1,688587.5773,5331992.6974,11.533774861,48.113247754,3,#8da0cb,toilet
9,1,62,0,2018,6,16,5,3,2,6,0,0,1,0,0,0,1,1,688766.5855,5336591.2187,11.538215032,48.1545269,2,#fc8d62,car
9,1,62,0,2018,6,14,5,3,2,6,0,1,1,0,0,0,0,1,688836.0749,5331735.2812,11.536996203,48.110860421,1,#66c2a5,bicycle
9,1,62,0,2018,6,1,5,3,1,7,2,1,1,0,0,0,0,0,691194.2565,5335801.3885,11.570469611,48.146702809,1,#66c2a5,bicycle
9,1,62,0,2018,6,21,5,3,4,2,2,1,1,0,0,0,0,1,693948089.0,5331205.6695,11.605362249,48.1045644,1,#66c2a5,bicycle
9,1,62,0,2018,6,15,5,3,3,7,0,0,1,0,0,0,1,1,689136.2246,5334941.2597,11.542447212,48.139587107,2,#fc8d62,car
9,1,62,0,2018,6,18,5,3,5,3,0,0,1,0,0,0,0,1,685880125.0,5339727374.0,11.500812393,48.183565955,2,#fc8d62,car
9,1,62,0,2018,6,8,5,3,2,6,0,0,1,0,0,0,0,1,687981.9464,5338998.9669,11.528739447,48.17640053,2,#fc8d62,car
9,1,62,0,2018,6,15,5,3,5,3,0,0,1,0,1,0,0,1,689891005.0,5343066645.0,11.556212843,48.212392939,2,#fc8d62,car
9,1,84,148,2018,6,16,5,3,2,6,0,0,1,0,1,0,0,1,694597.7117,5326538257.0,11.611953361,48.062417057,2,#fc8d62,car
9,1,62,0,2018,6,7,5,3,0,7,0,0,0,0,0,0,1,1,689360.6531,5333654.8693,11.544889215,48.127958166,6,#ffd92f,circle
9,1,62,0,2018,6,20,5,3,5,2,1,0,1,0,1,0,0,1,696996.7782,5335236.1714,11.648133702,48.139852686,2,#fc8d62,car
9,1,62,0,2018,6,20,5,3,2,1,1,0,1,0,0,0,0,0,697136976.0,5330636.4843,11.647889554,48.098470163,2,#fc8d62,car
9,1,62,0,2018,6,13,5,3,6,2,0,0,1,1,0,0,0,1,693159.2818,5334472.1988,11.596257113,48.134162818,2,#fc8d62,car
9,1,62,0,2018,6,17,5,3,5,2,0,1,1,0,0,0,0,1,690469.3773,5333444.5515,11.559680408,48.125737052,1,#66c2a5,bicycle
9,1,62,0,2018,6,16,5,3,0,3,1,1,0,1,0,0,0,1,692515137.0,5334740.7139,11.587729673,48.136771348,1,#66c2a5,bicycle
9,2,61,0,2018,6,8,4,3,5,3,0,1,0,0,0,0,0,0,732673.9523,5380799.7948,12.15219334,48.537115102,1,#66c2a5,bicycle
9,7,61,0,2018,6,19,5,2,0,1,0,0,1,0,1,0,0,1,639613.4621,5360051.7362,10.885467417,48.37817507,2,#fc8d62,car
9,7,72,202,2018,6,20,5,3,0,1,2,0,0,0,1,0,0,1,637372.2439,5358621.9138,10.854749454,48.365810229,4,#e78ac3,marker
9,7,71,130,2018,6,14,5,3,6,4,0,0,1,1,0,0,0,1,647469.9307,5357167.9369,10.990492515,48.350459032,2,#fc8d62,car
9,7,61,0,2018,6,10,5,3,3,2,0,1,1,0,0,0,0,1,638478.9754,5359340.7102,10.869920585,48.372031683,1,#66c2a5,bicycle
9,7,72,202,2018,6,7,5,3,0,1,0,0,0,0,0,0,1,0,636769.2821,5358887.4571,10.846699245,48.368328912,6,#ffd92f,circle
9,7,61,0,2018,6,13,5,3,6,1,0,1,0,1,0,0,0,1,641224.6502,5355332.4918,10.905630177,48.335382751,1,#66c2a5,bicycle
9,7,61,0,2018,6,15,5,2,6,4,0,0,0,1,0,0,1,1,640728.3581,5355550304.0,10.899009994,48.33745198,3,#8da0cb,toilet
9,1,74,115,2018,6,7,4,3,5,1,0,1,1,0,0,0,0,0,682205.9836,5348699.3546,11.455284673,48.265275646,1,#66c2a5,bicycle
9,1,74,115,2018,6,11,4,3,0,1,0,1,0,0,0,0,0,0,681274.8791,5348897.9237,11.442834719,48.267327616,1,#66c2a5,bicycle
9,7,61,0,2018,6,19,5,3,5,7,0,0,1,0,1,0,0,1,640081.4721,5357645.6138,10.890982873,48.356436202,2,#fc8d62,car
9,1,62,0,2018,6,15,3,3,0,7,0,0,0,1,0,0,1,0,692571.8667,5335049.1376,11.588630854,48.139526228,3,#8da0cb,toilet
9,7,61,0,2018,6,17,5,3,0,7,0,1,1,0,0,0,0,1,640153.1442,5358756.1643,10.892319797,48.366406043,1,#66c2a5,bicycle
9,1,62,0,2018,6,7,3,3,5,2,0,1,1,0,0,0,0,0,690354.5437,5334230.3933,11.558489813,48.132834549,1,#66c2a5,bicycle
9,7,61,0,2018,7,17,2,3,5,3,0,1,1,0,0,0,0,0,641887512.0,5359419768.0,10.915947252,48.371985405,1,#66c2a5,bicycle
9,1,73,126,2018,7,16,2,3,6,4,0,0,1,1,0,0,0,0,685784.9536,5303503.2548,11.483832855,47.85798834,2,#fc8d62,car
9,1,90,139,2018,7,6,3,2,1,6,0,0,1,0,1,0,0,0,654891.1167,5296522.0539,11.068610244,47.803407396,2,#fc8d62,car
9,1,62,0,2018,7,15,2,3,5,3,0,1,1,0,0,0,0,0,691973.6512,5333201.8433,11.579765569,48.123103789,1,#66c2a5,bicycle
9,1,87,182,2018,7,11,2,2,0,3,0,1,0,0,0,0,0,0,737802.9865,5327785.4603,12.191714088,48.058985417,1,#66c2a5,bicycle
9,1,63,0,2018,7,16,2,3,4,6,0,1,0,0,0,0,1,0,730468.2618,5301482.0211,12.0793399,47.82536086,1,#66c2a5,bicycle
9,1,82,120,2018,7,8,2,3,5,3,0,1,1,0,0,0,0,0,701184.3974,5306792.95,11.69101974,47.88291798,1,#66c2a5,bicycle
9,1,62,0,2018,7,16,2,3,5,3,0,0,1,0,0,0,0,0,690864.0062,5334332.5848,11.565375995,48.133600466,2,#fc8d62,car
9,1,85,158,2018,7,6,2,3,0,3,0,0,1,0,1,0,0,0,667533.5281,5380741.3434,11.270530087,48.557367709,2,#fc8d62,car
9,1,87,117,2018,7,14,3,3,4,2,0,0,1,0,0,0,0,0,724412.0959,5305870.9722,12.000814034,47.866936866,2,#fc8d62,car
9,1,74,126,2018,7,15,2,3,5,2,0,1,1,0,0,0,0,0,682448.3572,5342695.0653,11.455961521,48.211236162,1,#66c2a5,bicycle
9,1,74,111,2018,7,10,2,3,5,3,0,0,1,0,0,0,0,0,667272.4184,5362220.6488,11.259585464,48.390947218,2,#fc8d62,car
9,1,75,127,2018,7,9,2,3,0,7,0,1,0,0,0,0,0,0,713254.6843,5341702.9997,11.869650189,48.192720977,1,#66c2a5,bicycle
9,1,78,124,2018,7,15,2,2,1,1,0,1,1,0,0,0,0,0,703863.0991,5363996.1972,11.754188718,48.396139501,1,#66c2a5,bicycle
9,1,62,0,2018,7,22,2,3,6,4,2,1,0,1,0,0,0,0,689609.5483,5335393.1723,11.549004516,48.143508054,1,#66c2a5,bicycle
9,7,71,142,2018,7,17,2,2,5,2,0,0,1,0,1,0,0,0,645460.0534,5352045994.0,10.961613012,48.304871765,2,#fc8d62,car
9,1,77,117,2018,7,13,2,3,5,3,0,1,1,0,0,0,0,0,713678241.0,5354431314.0,11.881766298,48.306947976,1,#66c2a5,bicycle
9,1,62,0,2018,7,8,2,2,1,6,0,0,1,0,1,0,0,0,687647494.0,5329166932.0,11.519914649,48.088126564,2,#fc8d62,car
9,1,84,121,2018,7,21,1,3,0,1,2,1,0,0,0,0,0,0,705241.8862,5329690.7456,11.756169876,48.087412424,1,#66c2a5,bicycle
9,7,61,0,2018,7,14,2,3,2,6,0,0,1,0,0,0,0,0,643073.5526,5360427.7952,10.932296343,48.380781285,2,#fc8d62,car
9,1,62,0,2018,7,19,1,3,2,6,0,1,0,0,1,0,0,0,689197399.0,5343301833.0,11.546990379,48.214713936,1,#66c2a5,bicycle
9,1,84,149,2018,7,18,1,3,5,3,0,1,1,0,0,0,0,0,690142.8569,5350493.8899,11.562934798,48.279072139,1,#66c2a5,bicycle
9,1,62,0,2018,7,18,2,3,6,7,0,1,0,1,0,0,0,0,684704.3161,5333734.0121,11.482406933,48.130037685,1,#66c2a5,bicycle
9,1,62,0,2018,7,9,2,3,5,3,0,0,1,0,1,0,0,0,692171.1763,5332829.1725,11.582249154,48.119694692,2,#fc8d62,car
9,1,62,0,2018,7,14,1,3,0,7,0,0,0,0,1,0,0,0,694038.7903,5334878.4674,11.608250983,48.137546676,4,#e78ac3,marker
9,7,61,0,2018,7,16,2,3,0,7,0,1,0,0,0,0,0,0,640085.5597,5358741.5227,10.891402926,48.366289393,1,#66c2a5,bicycle
9,1,62,0,2018,7,21,1,3,5,2,2,1,1,0,0,0,0,0,691658.0363,5332789.4406,11.575343344,48.119492244,1,#66c2a5,bicycle
9,1,62,0,2018,7,15,1,3,1,7,0,1,1,0,0,0,0,0,685722.5356,5335169.2111,11.496704013,48.142641579,1,#66c2a5,bicycle
9,1,84,138,2018,7,14,1,3,0,3,0,1,0,0,0,0,0,0,679422.8372,5331006.8549,11.410342893,48.107033932,1,#66c2a5,bicycle
9,1,62,0,2018,7,20,1,2,0,1,0,1,0,0,0,0,0,0,691733.3898,5332746.0373,11.576335303,48.119079455,1,#66c2a5,bicycle
9,1,62,0,2018,7,17,2,3,4,7,0,1,1,0,0,0,0,0,694239287.0,5333029.1755,11.610100218,48.12086475,1,#66c2a5,bicycle
9,1,62,0,2018,7,19,1,3,3,6,0,1,0,0,0,0,0,0,689043.2794,5338244.1337,11.542666327,48.169301222,1,#66c2a5,bicycle
9,1,62,0,2018,7,2,1,3,4,7,2,1,1,0,0,0,0,0,691781.3267,5334661.1649,11.577840579,48.136277942,1,#66c2a5,bicycle
9,1,62,0,2018,7,16,1,3,0,1,0,1,0,0,0,0,0,0,692242.81,5338621.1502,11.585825964,48.171730172,1,#66c2a5,bicycle
9,1,62,0,2018,7,13,1,3,1,5,0,1,1,0,0,0,0,0,690435.6725,5336432.8532,11.560564088,48.152605926,1,#66c2a5,bicycle
9,1,81,130,2018,7,12,3,3,5,3,0,0,1,0,1,0,0,0,638602.7772,5324249.0592,10.860122892,48.056457788,2,#fc8d62,car
9,7,62,0,2018,7,14,1,3,5,3,0,1,1,0,0,0,0,0,621500.0197,5304601.9569,10.625142977,47.883245852,1,#66c2a5,bicycle
9,1,62,0,2018,7,7,2,3,0,7,0,1,0,0,0,0,0,0,690146.45,5334580.4066,11.555852009,48.136042677,1,#66c2a5,bicycle
9,1,84,149,2018,7,18,2,3,5,3,0,1,1,0,0,0,0,0,690481.3711,5350919.6495,11.567684768,48.282797,1,#66c2a5,bicycle
9,7,73,182,2018,7,19,2,3,4,6,0,0,1,0,1,0,0,0,624141442.0,5379934301.0,10.682520255,48.560204679,2,#fc8d62,car
9,1,62,0,2018,7,10,2,3,5,2,0,1,1,0,0,0,0,0,692305.6904,5338133.6489,11.586450383,48.167329614,1,#66c2a5,bicycle
9,7,61,0,2018,7,8,2,3,1,1,0,0,1,0,1,0,0,0,640330.7706,5357576313.0,10.894323175,48.355757714,2,#fc8d62,car
9,7,72,202,2018,7,12,2,3,0,3,0,1,1,0,0,0,0,0,636373992.0,5359896.6013,10.841692114,48.377488618,1,#66c2a5,bicycle
9,1,62,0,2018,7,16,2,3,5,7,0,1,1,0,0,0,0,0,695901.2222,5330595.5046,11.631290647,48.098482957,1,#66c2a5,bicycle
9,1,63,0,2018,7,15,3,2,6,4,0,1,0,1,0,0,0,0,733758.8615,5305013.7174,12.125146152,47.855902718,1,#66c2a5,bicycle
9,2,61,0,2018,7,6,3,3,5,3,0,1,0,0,0,0,1,0,730302814.0,5381756.1075,12.12064834,48.5465802,1,#66c2a5,bicycle
9,1,62,0,2018,7,22,2,3,5,3,2,1,1,0,0,0,0,0,694350588.0,5336184.7816,11.613033852,48.149192152,1,#66c2a5,bicycle
9,1,75,118,2018,7,9,3,2,5,7,0,1,1,0,0,0,0,0,716564.3287,5339161.1773,11.91283167,48.168762273,1,#66c2a5,bicycle
9,1,62,0,2018,7,21,2,3,0,1,2,1,0,0,0,0,0,0,689727.6129,5335434.8762,11.550608662,48.143847693,1,#66c2a5,bicycle
9,1,84,131,2018,7,18,2,3,5,3,0,0,1,0,0,0,0,0,704601.3475,5338051.4237,11.751591583,48.162752548,2,#fc8d62,car
9,7,72,111,2018,7,12,2,3,8,7,0,1,0,0,0,0,0,0,625415836.0,5365632276.0,10.695489516,48.431340732,1,#66c2a5,bicycle
9,2,61,0,2018,7,15,1,2,6,7,0,0,1,1,0,0,0,0,734923.2146,5382553.4324,12.18360567,48.552029181,2,#fc8d62,car
9,1,90,157,2018,7,14,1,3,5,3,0,1,0,0,0,0,0,0,660328852.0,5300633602.0,11.142702385,47.839043752,1,#66c2a5,bicycle
9,1,90,148,2018,7,5,1,3,0,1,0,1,0,0,0,0,0,0,642452.0174,5296760.9945,10.902660194,47.808429034,1,#66c2a5,bicycle
9,1,62,0,2018,7,15,2,3,0,7,0,0,1,0,0,0,1,0,693146.7176,5331791.7343,11.594873975,48.110075278,2,#fc8d62,car
9,7,61,0,2018,7,6,2,3,5,3,0,0,1,0,1,0,0,0,639344004.0,5361205064.0,10.882212905,48.388605043,2,#fc8d62,car
9,1,62,0,2018,7,6,2,3,2,6,0,0,1,0,1,0,0,0,682074.4583,5338512.6093,11.449139951,48.173748901,2,#fc8d62,car
9,1,62,0,2018,7,9,2,3,3,6,0,0,1,0,1,0,0,0,694461.8068,5333461.3573,11.613284264,48.124681118,2,#fc8d62,car
9,1,87,176,2018,7,12,1,2,0,1,0,1,0,0,0,0,0,0,740113.8852,5332153.0254,12.225133282,48.097353178,1,#66c2a5,bicycle
9,7,61,0,2018,7,21,2,3,0,7,1,1,0,0,0,0,0,0,639667.0128,5360354.0314,10.886290662,48.380881369,1,#66c2a5,bicycle
9,1,62,0,2018,7,18,2,3,5,2,0,1,1,0,0,0,0,0,693410.4427,5333055.8424,11.598986587,48.12135673,1,#66c2a5,bicycle
9,1,86,143,2018,7,15,1,3,0,1,0,1,0,0,0,0,0,0,686153.9864,5378558.3638,11.521669858,48.532497171,1,#66c2a5,bicycle
9,1,79,142,2018,7,15,1,2,3,6,0,1,0,0,0,0,0,0,674880149.0,5343771.1406,11.354619842,48.223039746,1,#66c2a5,bicycle
9,1,81,130,2018,7,14,1,3,3,2,0,1,1,0,0,0,0,0,639779656.0,5324130536.0,10.875869767,48.055135267,1,#66c2a5,bicycle
9,1,88,120,2018,7,17,1,1,0,7,0,1,0,0,0,0,0,0,678209.4049,5328317.3528,11.392933899,48.083198145,1,#66c2a5,bicycle
9,1,62,0,2018,7,16,2,3,5,3,0,1,1,0,0,0,0,0,692046.8598,5340950.0116,11.584245632,48.192720615,1,#66c2a5,bicycle
9,1,79,147,2018,7,13,1,3,0,1,0,1,0,0,0,0,0,0,665117.1763,5333940.0837,11.219454658,48.137273434,1,#66c2a5,bicycle
9,1,79,121,2018,7,17,1,3,5,3,0,1,1,0,0,0,0,0,665634749.0,5336883.8754,11.227551895,48.163604038,1,#66c2a5,bicycle
9,1,86,128,2018,7,5,3,3,0,1,0,1,0,0,0,0,0,0,674964.5236,5385291.8978,11.373066743,48.596241338,1,#66c2a5,bicycle
9,1,81,139,2018,7,14,1,2,0,1,0,1,0,0,0,0,0,0,655851.5623,5324361.3279,11.091500658,48.053487608,1,#66c2a5,bicycle
9,1,74,115,2018,7,16,1,3,5,6,0,1,0,0,0,0,0,0,682157553.0,5347467098.0,11.454102157,48.254213417,1,#66c2a5,bicycle
9,1,75,135,2018,7,9,1,3,1,5,0,1,1,0,0,0,0,0,708830.0016,5338617.5304,11.808668623,48.166464893,1,#66c2a5,bicycle
9,1,75,122,2018,7,13,1,3,1,5,0,1,1,0,0,0,0,0,720580.4858,5323135.0415,11.958495792,48.023386713,1,#66c2a5,bicycle
9,1,77,121,2018,7,19,1,3,0,1,0,0,0,0,1,0,0,0,732637.8817,5363566.0866,12.142127165,48.382320131,4,#e78ac3,marker
9,1,62,0,2018,7,13,2,3,2,2,0,0,1,0,0,0,0,0,689486.2335,5334909.4326,11.547133198,48.13919691,2,#fc8d62,car
9,1,62,0,2018,6,23,7,3,5,3,2,0,1,0,0,0,0,0,687463.2951,5338917.3656,11.521733565,48.175820292,2,#fc8d62,car
9,7,72,163,2018,7,16,2,2,0,1,0,1,0,0,0,0,0,0,639225.4135,5347860.3252,10.876203683,48.268637616,1,#66c2a5,bicycle
9,1,62,0,2018,6,12,7,3,3,2,0,0,1,0,1,0,0,0,679515131.0,5333818575.0,11.412765509,48.132282527,2,#fc8d62,car
9,1,62,0,2018,6,15,7,3,0,7,0,1,0,0,0,0,0,0,686691992.0,5334357.2566,11.50936776,48.135059735,1,#66c2a5,bicycle
9,7,73,122,2018,7,7,2,3,6,2,0,0,0,1,1,0,0,0,625078682.0,5383793901.0,10.696378281,48.594725205,3,#8da0cb,toilet
9,1,62,0,2018,6,14,7,3,5,7,0,0,1,0,0,0,0,0,690707.1826,5338152.3936,11.564981815,48.167979651,2,#fc8d62,car
9,1,62,0,2018,6,22,7,3,5,2,2,0,1,0,0,0,0,0,687486.3491,5338922.9506,11.522045836,48.17586369,2,#fc8d62,car
9,1,62,0,2018,6,14,7,3,0,5,0,1,1,0,0,0,0,0,692043.3473,5334390.0389,11.581236617,48.13376209,1,#66c2a5,bicycle
9,1,62,0,2018,6,15,7,3,3,6,0,1,0,0,0,0,0,0,689055.5841,5338249.79,11.542834174,48.169348401,1,#66c2a5,bicycle
9,1,62,0,2018,7,15,2,3,5,7,0,0,0,0,1,0,1,0,691697529.0,5333727.9575,11.576295521,48.127915641,4,#e78ac3,marker
9,1,62,0,2018,6,17,7,3,5,2,0,1,0,0,0,0,0,0,685618.72,5328222206.0,11.492286643,48.08022886,1,#66c2a5,bicycle
9,7,61,0,2018,7,13,2,3,2,2,0,0,1,0,0,0,0,0,642528.7911,5362261.1589,10.925565373,48.397389262,2,#fc8d62,car
9,1,84,149,2018,6,14,7,3,5,7,0,1,1,0,0,0,0,0,690519.2972,5350709.7001,11.568100828,48.280898628,1,#66c2a5,bicycle
9,1,62,0,2018,6,12,7,2,4,2,0,1,1,0,0,0,0,0,688449.1267,5330500.5486,11.531257528,48.099876963,1,#66c2a5,bicycle
9,1,62,0,2018,6,23,7,3,4,3,2,0,1,0,0,0,0,0,686749089.0,5330248.9744,11.508335264,48.098116239,2,#fc8d62,car
9,1,84,146,2018,6,12,7,3,4,7,0,0,1,0,1,0,0,0,697872228.0,5328307953.0,11.656675494,48.077314926,2,#fc8d62,car
9,1,62,0,2018,6,12,7,3,5,3,0,0,1,0,1,0,0,0,692446.3307,5341935.2215,11.590061923,48.201454448,2,#fc8d62,car
9,1,84,138,2018,6,18,7,3,4,6,0,1,0,0,0,0,0,0,681745.7631,5330734.0233,11.441403373,48.103922983,1,#66c2a5,bicycle
9,1,62,0,2018,7,17,2,3,4,2,0,0,1,0,0,0,0,0,688927.8953,5333957.5813,11.53921336,48.13080757,2,#fc8d62,car
9,1,84,146,2018,6,14,7,2,0,7,0,1,0,0,0,0,0,0,696055.5115,5328703644.0,11.632492224,48.081432342,1,#66c2a5,bicycle
9,1,84,146,2018,6,12,7,3,5,3,0,1,1,0,0,0,0,0,697106.6685,5328769.01,11.646620992,48.081695739,1,#66c2a5,bicycle
9,1,62,0,2018,6,18,7,3,2,6,0,0,1,0,0,0,1,0,698543.4428,5333431.8873,11.668060756,48.123156499,2,#fc8d62,car
9,2,74,126,2018,7,19,2,3,2,6,0,0,1,0,0,0,0,0,733398.9745,5382606.6265,12.163012361,48.553075975,2,#fc8d62,car
9,1,62,0,2018,6,12,7,2,3,5,0,0,1,0,1,0,0,0,698090.9408,5334651.2458,11.662553566,48.134256138,2,#fc8d62,car
9,1,62,0,2018,7,14,2,3,5,2,0,1,1,0,0,0,0,0,689654.4422,5332504.7937,11.548321842,48.117533729,1,#66c2a5,bicycle
9,1,62,0,2018,6,12,7,3,6,7,0,0,0,1,0,0,1,0,698699.5469,5333296.5553,11.67009307,48.121891543,3,#8da0cb,toilet
9,1,62,0,2018,6,8,7,3,5,3,0,1,1,0,0,0,0,0,697408694.0,5335239.2303,11.653666154,48.13975252,1,#66c2a5,bicycle
9,1,62,0,2018,7,14,2,2,0,1,0,0,1,0,0,0,0,0,691991461.0,5332326277.0,11.579610388,48.115228944,2,#fc8d62,car
9,1,62,0,2018,6,18,7,3,4,6,0,1,0,0,0,0,0,0,692454.4012,5334041.5043,11.586598289,48.130505365,1,#66c2a5,bicycle
9,1,62,0,2018,6,16,7,3,1,1,0,0,1,0,1,0,1,0,689663.0972,5332368.9977,11.548377618,48.116310604,2,#fc8d62,car
9,1,62,0,2018,6,20,7,2,0,1,0,1,0,0,0,0,0,0,691910.2494,5334526.0983,11.579510833,48.135025119,1,#66c2a5,bicycle
9,1,74,126,2018,7,13,3,2,2,2,0,1,0,0,0,0,0,0,682241.0662,5345979.2985,11.454585806,48.240816277,1,#66c2a5,bicycle
9,7,62,0,2018,6,10,7,3,3,2,0,1,1,0,0,0,0,0,621120.4489,5304618.4717,10.620072702,47.883466115,1,#66c2a5,bicycle
9,7,61,0,2018,6,14,7,3,0,1,0,1,0,0,0,0,0,0,640294085.0,5357286.3728,10.893731589,48.353158808,1,#66c2a5,bicycle
9,7,72,125,2018,6,11,7,3,5,3,0,1,1,0,0,0,0,0,636524855.0,5347298324.0,10.839649167,48.264171915,1,#66c2a5,bicycle
9,1,62,0,2018,7,17,2,2,0,7,0,0,0,0,1,0,0,0,694639.55,5334962.2771,11.616355917,48.138116457,4,#e78ac3,marker
9,7,61,0,2018,6,20,7,3,0,3,0,1,1,0,0,0,0,0,638484.8466,5360298.2473,10.870315269,48.380640374,1,#66c2a5,bicycle
9,7,61,0,2018,7,14,2,3,2,6,0,0,1,0,0,0,0,0,640592.4684,5358034.8003,10.898007001,48.359822073,2,#fc8d62,car
9,7,61,0,2018,6,15,7,3,5,3,0,0,1,0,0,0,0,0,639263.3343,5362255.1359,10.881472055,48.398064806,2,#fc8d62,car
9,7,61,0,2018,6,23,7,2,0,7,2,1,0,0,0,0,0,0,641964.6626,5360704.1227,10.917422206,48.383516395,1,#66c2a5,bicycle
9,7,61,0,2018,6,5,7,3,0,1,1,1,0,0,0,0,0,0,638543.98,5356386279.0,10.8698251,48.34545169,1,#66c2a5,bicycle