ULAND,UREGBEZ,UKREIS,UGEMEINDE,UJAHR,UMONAT,USTUNDE,UWOCHENTAG,UKATEGORIE,UART,UTYP1,ULICHTVERH,IstRad,IstPKW,IstFuss,IstKrad,IstGkfz,IstSonstig,STRZUSTAND,LINREFX,LINREFY,XGCSWGS84,YGCSWGS84,Teilnehmer,color,symbol
9,1,62,0,2018,7,23,2,3,4,2,2,1,1,0,0,0,0,0,692240461.0,5333595903.0,11.583524941,48.126565028,1,#66c2a5,bicycle
9,1,62,0,2018,7,15,2,2,3,6,0,1,1,0,0,0,0,0,689185.3569,5337719.6561,11.544342017,48.164544925,1,#66c2a5,bicycle
9,7,61,0,2018,7,19,2,3,5,3,0,1,0,0,0,0,1,0,638919.7632,5359191.0976,10.875819926,48.370589523,1,#66c2a5,bicycle
9,1,62,0,2018,7,15,2,3,3,6,0,1,0,0,0,0,0,0,688312382.0,5330623.0129,11.529476656,48.101018131,1,#66c2a5,bicycle
9,1,62,0,2018,7,7,3,3,5,2,0,1,1,0,0,0,0,0,690835938.0,5339291409.0,11.567223055,48.178178339,1,#66c2a5,bicycle
9,1,73,126,2018,7,17,4,2,0,7,0,1,0,0,0,0,0,0,684908.2673,5304800.9145,11.472678424,47.869905896,1,#66c2a5,bicycle
9,1,84,120,2018,7,13,3,3,0,1,0,1,0,0,0,0,0,0,680386.0918,5332588.2023,11.423940015,48.120976544,1,#66c2a5,bicycle
9,7,72,200,2018,7,20,4,3,2,6,0,0,1,0,0,0,1,0,630575.7024,5336696.63,10.756260732,48.170089346,2,#fc8d62,car
9,1,84,146,2018,7,16,3,2,3,6,0,1,0,0,0,0,0,0,698657.6676,5328116.0714,11.667119965,48.075346234,1,#66c2a5,bicycle
9,1,88,137,2018,7,19,4,3,0,1,0,1,0,0,0,0,0,0,671006.2049,5317225.6385,11.291865445,47.985457501,1,#66c2a5,bicycle
9,1,84,139,2018,7,7,3,3,3,6,0,1,0,0,0,0,0,0,687791.3367,5325875.3813,11.520398237,48.058498589,1,#66c2a5,bicycle
9,1,62,0,2018,7,10,3,3,6,4,0,0,0,1,0,0,1,0,690541023.0,5334970327.0,11.561324597,48.139429254,3,#8da0cb,toilet
9,1,62,0,2018,7,8,3,3,4,2,0,0,1,0,1,0,0,0,692134489.0,5339730.3986,11.584871922,48.181732567,2,#fc8d62,car
9,7,71,113,2018,7,15,4,3,4,2,0,0,1,0,0,0,0,1,653294.4816,5363070.4812,11.071210078,48.402140308,2,#fc8d62,car
9,1,62,0,2018,7,7,3,3,5,2,0,0,1,0,0,0,1,0,693686.5687,5341854.5222,11.606699119,48.200352044,2,#fc8d62,car
9,1,78,143,2018,7,16,4,3,0,1,0,1,0,0,0,0,0,1,716774.3543,5373319.2119,11.933211414,48.475598885,1,#66c2a5,bicycle
9,1,62,0,2018,7,8,3,3,4,6,0,1,0,0,0,0,0,0,688491.4534,5336360.5612,11.534417115,48.152535324,1,#66c2a5,bicycle
9,1,62,0,2018,7,15,3,3,3,6,0,1,0,0,0,0,0,0,688738.7517,5336131747.0,11.537637389,48.150405378,1,#66c2a5,bicycle
9,1,62,0,2018,7,16,3,3,2,6,0,0,1,0,0,0,0,0,692143191.0,5335220.2602,11.582951703,48.141193834,2,#fc8d62,car
9,1,62,0,2018,7,15,3,3,5,2,0,1,1,0,0,0,0,0,687622.1927,5334218114.0,11.52179698,48.133535529,1,#66c2a5,bicycle
9,1,62,0,2018,7,13,3,3,5,3,0,0,1,0,0,0,0,0,697166.9394,5332138.6268,11.648985665,48.111961244,2,#fc8d62,car
9,1,62,0,2018,7,9,3,3,5,4,0,0,1,1,0,0,0,0,695234167.0,5334309478.0,11.62404094,48.132067256,2,#fc8d62,car
9,1,62,0,2018,7,15,3,3,5,3,0,1,1,0,0,0,0,0,695429.9839,5330841.5652,11.625080664,48.100839141,1,#66c2a5,bicycle
9,1,62,0,2018,7,22,3,3,0,1,2,1,0,0,0,0,0,0,691490.4029,5333545.2409,11.573432692,48.126335742,1,#66c2a5,bicycle
9,1,62,0,2018,7,17,3,3,5,3,0,0,1,0,0,0,0,0,690348.6487,5334738.5982,11.558637743,48.137404055,2,#fc8d62,car
9,7,61,0,2018,7,16,4,3,0,3,0,1,0,0,0,0,0,0,639020.0372,5360278.6501,10.877532806,48.380346456,1,#66c2a5,bicycle
9,1,79,121,2018,7,19,4,3,5,3,0,1,1,0,0,0,0,0,667473.9354,5339476.5831,11.253288167,48.18643051,1,#66c2a5,bicycle
9,1,78,124,2018,7,7,4,2,0,1,0,1,0,0,0,0,0,0,702725.6518,5364920.2658,11.739286279,48.404810084,1,#66c2a5,bicycle
9,7,62,0,2018,7,10,3,3,1,5,0,0,1,0,0,0,0,0,621201.0145,5304104.1819,10.62100554,47.878825505,2,#fc8d62,car
9,7,73,182,2018,7,16,3,2,2,6,0,1,0,0,0,0,0,0,622753609.0,5379969993.0,10.663729444,48.560798918,1,#66c2a5,bicycle
9,1,62,0,2018,7,10,5,3,5,3,0,0,1,0,1,0,0,0,689010.5274,5337011.4176,11.54167846,48.158231229,2,#fc8d62,car
9,1,62,0,2018,7,7,5,3,3,2,0,1,1,0,0,0,0,0,693641.3995,5333352.7664,11.602221668,48.123955198,1,#66c2a5,bicycle
9,1,62,0,2018,7,23,3,3,3,6,2,0,1,0,1,0,0,0,689767.9665,5335346.6151,11.551111264,48.143042364,2,#fc8d62,car
9,1,62,0,2018,7,12,5,3,1,6,0,0,1,0,0,0,0,0,683414.7463,5335711.5972,11.465943607,48.148186369,2,#fc8d62,car
9,1,62,0,2018,7,22,5,3,5,2,2,1,1,0,0,0,0,1,689800.6392,5339800.7425,11.553537568,48.18306628,1,#66c2a5,bicycle
9,1,62,0,2018,7,12,5,3,0,4,0,1,0,1,0,0,0,0,689570583.0,5336237.9392,11.5488574,48.151112468,1,#66c2a5,bicycle
9,1,62,0,2018,7,6,5,3,5,3,0,0,1,0,1,0,0,0,698565.84,5335286.6154,11.669225723,48.139818344,2,#fc8d62,car
9,1,62,0,2018,7,9,5,3,5,3,0,1,1,0,0,0,0,0,691797.3102,5332395.8149,11.577035777,48.115912444,1,#66c2a5,bicycle
9,7,71,146,2018,7,22,3,3,0,1,2,1,0,0,0,0,0,0,646741.3919,5348248.5768,10.977562793,48.270431858,1,#66c2a5,bicycle
9,1,62,0,2018,7,14,5,3,2,6,0,0,1,0,0,0,1,0,691094.3385,5335146.1293,11.568833613,48.140843422,2,#fc8d62,car
9,7,61,0,2018,7,7,3,3,0,3,0,0,1,1,0,0,0,0,637601091.0,5359242691.0,10.858040691,48.371342333,2,#fc8d62,car
9,7,61,0,2018,7,19,3,3,4,2,0,1,1,0,0,0,0,0,638191.9466,5357365.4273,10.865398007,48.354333172,1,#66c2a5,bicycle
9,7,72,185,2018,7,17,5,3,0,7,0,1,0,0,0,0,0,0,635141.3752,5383818.6519,10.832791418,48.592856969,1,#66c2a5,bicycle
9,7,61,0,2018,7,19,5,3,0,1,0,0,0,0,1,0,0,0,636972.4344,5360830.6727,10.850073982,48.385758058,4,#e78ac3,marker
9,7,61,0,2018,7,18,3,3,0,1,0,1,0,0,0,0,0,0,637438.9175,5360771.4965,10.856351935,48.385124485,1,#66c2a5,bicycle
9,7,61,0,2018,7,15,4,3,0,7,0,1,0,0,0,0,1,0,638079.89,5354840.9424,10.863058517,48.33165781,1,#66c2a5,bicycle
9,7,61,0,2018,7,17,5,3,3,6,0,1,1,0,0,0,0,0,641786.9606,5360228277.0,10.914862957,48.379277767,1,#66c2a5,bicycle
9,7,61,0,2018,7,19,3,3,2,6,0,1,0,0,1,0,0,0,638563.5205,5358101.1305,10.870653216,48.360867061,1,#66c2a5,bicycle
9,7,61,0,2018,7,16,5,2,2,1,0,1,0,0,0,0,0,0,641585.4207,5355861.8657,10.910673385,48.340061962,1,#66c2a5,bicycle
9,7,72,202,2018,7,17,3,3,0,1,0,1,0,0,0,0,0,0,637225.0021,5356983.9532,10.852228358,48.351113853,1,#66c2a5,bicycle
9,7,61,0,2018,7,16,5,3,2,6,0,0,1,0,0,0,0,0,639602.0737,5360055.3632,10.885314909,48.378210203,2,#fc8d62,car
9,7,61,0,2018,7,6,5,3,4,6,0,1,1,0,0,0,0,0,640997.7136,5359291.2038,10.903895862,48.371028831,1,#66c2a5,bicycle
9,7,61,0,2018,7,20,5,2,1,1,0,0,1,0,1,0,0,1,639535.0702,5360065.9937,10.884414071,48.378320611,2,#fc8d62,car
9,7,61,0,2018,7,10,3,2,0,7,0,1,0,1,0,0,0,0,640756.4456,5354769006.0,10.899127792,48.330420516,1,#66c2a5,bicycle
9,7,71,113,2018,7,9,3,3,5,3,0,1,1,0,0,0,0,0,657537.2831,5369122.9295,11.130769871,48.455507676,1,#66c2a5,bicycle
9,1,74,115,2018,7,6,4,3,2,6,0,0,1,0,0,0,0,0,683725.5203,5348096.2655,11.475479235,48.259416002,2,#fc8d62,car
9,1,62,0,2018,7,17,3,3,5,2,0,1,1,0,0,0,0,0,693317263.0,5333214.0196,11.597807532,48.122806683,1,#66c2a5,bicycle
9,1,62,0,2018,7,21,3,3,2,7,2,0,1,0,0,0,0,0,691738229.0,5335366.1479,11.577579267,48.142627213,2,#fc8d62,car
9,7,71,122,2018,7,7,4,3,5,3,0,0,1,0,1,0,0,0,651693.3718,5360945.8865,11.048824105,48.383425772,2,#fc8d62,car
9,1,88,137,2018,7,20,4,3,0,1,0,1,0,0,0,0,0,0,671457.2818,5314899.0015,11.296977503,47.964420328,1,#66c2a5,bicycle
9,1,63,0,2018,7,7,4,3,3,6,0,1,1,0,0,0,0,0,733886079.0,5305591.7582,12.127156895,47.861049553,1,#66c2a5,bicycle
9,2,74,121,2018,7,10,5,3,0,7,0,1,0,0,0,0,0,0,724637.5948,5370084.4355,12.037721222,48.443779145,1,#66c2a5,bicycle
9,2,61,0,2018,7,13,5,3,5,2,0,1,1,0,0,0,0,0,731332.3475,5383306207.0,12.135438106,48.560125744,1,#66c2a5,bicycle
9,2,61,0,2018,7,14,5,3,3,2,0,1,1,0,0,0,0,0,731726.3285,5381331.9703,12.139671261,48.542246126,1,#66c2a5,bicycle
9,1,78,157,2018,7,16,4,2,0,1,0,1,0,0,0,0,0,0,704903.1632,5370205.7972,11.771257028,48.451601894,1,#66c2a5,bicycle
9,1,90,157,2018,7,7,5,3,5,3,0,0,1,0,1,0,0,0,660003.0235,5300786.3368,11.138407471,47.840498183,2,#fc8d62,car
9,1,87,126,2018,7,8,5,3,0,1,0,1,0,0,0,0,0,0,739451478.0,5325980689.0,12.212794058,48.042156892,1,#66c2a5,bicycle
9,1,63,0,2018,7,17,5,3,5,3,0,0,1,0,0,0,1,1,735048.3675,5304185.6043,12.141909094,47.847992776,2,#fc8d62,car
9,1,62,0,2018,7,18,3,3,6,7,0,1,0,1,0,0,0,0,688834361.0,5331790667.0,11.53699772,48.111358747,1,#66c2a5,bicycle
9,1,87,122,2018,7,17,5,3,5,3,0,1,1,0,0,0,0,0,719764.6042,5306300.6952,11.938972204,47.872404778,1,#66c2a5,bicycle
9,2,74,113,2018,7,9,4,3,5,3,0,1,1,0,0,0,0,0,728818.3982,5381702.1926,12.100535384,48.546639001,1,#66c2a5,bicycle
9,1,88,121,2018,7,18,5,2,5,3,0,1,1,0,0,0,0,0,671296606.0,5330740683.0,11.301162757,48.106878252,1,#66c2a5,bicycle
9,1,74,126,2018,7,13,5,3,0,3,0,1,1,0,0,0,0,0,683031193.0,5344724615.0,11.464675704,48.229310985,1,#66c2a5,bicycle
9,1,78,124,2018,7,11,5,3,5,3,0,0,1,0,0,0,0,0,702591459.0,5364738705.0,11.737387563,48.403221665,2,#fc8d62,car
9,1,77,117,2018,7,21,5,3,5,3,2,1,1,0,0,0,0,0,714329804.0,5352698946.0,11.889662638,48.291161802,1,#66c2a5,bicycle
9,1,62,0,2018,7,10,4,3,0,7,0,1,0,0,0,0,0,0,691131.7588,5335152.7831,11.569339107,48.140891986,1,#66c2a5,bicycle
9,1,62,0,2018,7,19,4,3,5,3,0,1,0,0,0,0,0,0,692165.9164,5335218.6309,11.583256139,48.141172327,1,#66c2a5,bicycle
9,7,61,0,2018,7,17,4,3,4,7,0,1,1,0,0,0,0,0,640986.6272,5361121.2765,10.904360125,48.38748662,1,#66c2a5,bicycle
9,1,62,0,2018,7,12,4,3,3,2,0,1,0,0,0,0,1,0,696025.5014,5334986.2445,11.634976622,48.13790644,1,#66c2a5,bicycle
9,1,62,0,2018,7,13,4,3,5,2,0,1,1,0,0,0,0,0,693000.9563,5335331.4481,11.594520667,48.141933557,1,#66c2a5,bicycle
9,1,62,0,2018,7,7,4,3,3,2,0,1,1,0,0,0,0,0,689337.6113,5333022.5789,11.544298992,48.122281925,1,#66c2a5,bicycle
9,1,62,0,2018,7,16,4,3,2,6,0,0,1,0,1,0,0,0,693889121.0,5333613.9707,11.605665887,48.126227425,2,#fc8d62,car
9,1,62,0,2018,7,8,4,3,4,7,0,1,0,0,0,0,0,0,686234337.0,5335192463.0,11.503587624,48.142700971,1,#66c2a5,bicycle
9,1,62,0,2018,7,18,4,3,5,2,0,1,1,0,0,0,0,0,685997921.0,5329885.5398,11.498097503,48.095069218,1,#66c2a5,bicycle
9,1,62,0,2018,7,11,4,3,1,5,0,1,1,0,0,0,0,0,694072622.0,5334190.6756,11.608391935,48.131354734,1,#66c2a5,bicycle
9,1,62,0,2018,7,12,4,2,5,3,0,1,1,0,0,0,0,0,691009.93,5335895563.0,11.568036311,48.147604613,1,#66c2a5,bicycle
9,1,62,0,2018,7,14,4,3,0,1,0,1,0,0,0,0,0,0,682992.4483,5335681.4345,11.460258436,48.148036873,1,#66c2a5,bicycle
9,1,62,0,2018,7,9,4,3,5,3,0,0,1,0,0,1,0,0,685584.6476,5339008.6368,11.496527097,48.177192073,2,#fc8d62,car
9,1,62,0,2018,7,19,4,3,0,7,0,1,0,0,0,0,1,0,689929.2632,5338625251.0,11.554740958,48.172462582,1,#66c2a5,bicycle
9,1,75,115,2018,7,10,4,2,6,4,0,0,1,1,0,0,0,0,721094616.0,5329085.4167,11.968455568,48.076673336,2,#fc8d62,car
9,1,62,0,2018,7,7,4,3,6,7,0,0,1,1,0,0,0,0,688127.3982,5341593.8088,11.531843325,48.199680189,2,#fc8d62,car
9,1,62,0,2018,7,17,4,3,2,6,0,0,1,0,0,0,0,0,684490.4637,5333067.5175,11.479247049,48.124108883,2,#fc8d62,car
9,1,74,115,2018,7,16,4,3,5,3,0,1,1,0,0,0,0,0,681620611.0,5348788636.0,11.447442412,48.266246247,1,#66c2a5,bicycle
9,1,84,132,2018,7,7,4,3,1,6,0,1,1,0,0,0,0,0,683910.6435,5329778522.0,11.470044794,48.094713048,1,#66c2a5,bicycle
9,1,62,0,2018,7,7,4,3,3,6,0,1,0,0,0,0,0,0,694688.1435,5336163.6886,11.617557713,48.148899355,1,#66c2a5,bicycle
9,1,62,0,2018,7,8,4,3,5,3,0,1,0,0,1,0,0,0,692801.6344,5334304868.0,11.591379349,48.132767334,1,#66c2a5,bicycle
9,1,62,0,2018,7,19,4,2,9,1,0,0,0,0,1,0,0,0,688491.5759,5333287.9405,11.533058946,48.124918076,4,#e78ac3,marker
9,1,62,0,2018,7,20,4,3,5,3,0,1,1,0,0,0,0,0,691223551.0,5336442496.0,11.571151051,48.152456203,1,#66c2a5,bicycle
9,1,62,0,2018,7,7,3,3,5,3,0,1,1,0,0,0,0,0,683143.7329,5337549.7303,11.463094606,48.164786737,1,#66c2a5,bicycle
9,7,62,0,2018,7,11,4,3,0,7,0,1,1,0,0,0,0,0,621549.7484,5303627.8132,10.625533702,47.874475231,1,#66c2a5,bicycle
9,1,63,0,2018,7,14,4,3,0,3,0,1,1,0,0,0,0,0,731130.8615,5303725.6722,12.089377243,47.845280942,1,#66c2a5,bicycle
9,7,72,200,2018,7,10,7,3,8,1,0,0,0,0,1,0,0,0,626168.7706,5339269.3886,10.697778432,48.194116206,4,#e78ac3,marker
9,7,72,125,2018,7,12,7,3,5,3,0,1,0,0,0,0,0,0,635443.0487,5347413.8432,10.825116719,48.265442918,1,#66c2a5,bicycle
9,7,72,163,2018,7,22,7,3,0,7,2,1,0,0,0,0,0,0,640216.8544,5350405.5855,10.890401355,48.291305493,1,#66c2a5,bicycle
9,1,62,0,2018,7,9,5,3,2,6,0,0,1,0,0,0,0,0,692159.1689,5335337.8864,11.583219342,48.142246211,2,#fc8d62,car
9,7,72,215,2018,7,14,7,3,1,2,0,1,1,0,0,0,0,0,633099.3478,5345004.5597,10.792793377,48.24427455,1,#66c2a5,bicycle
9,7,61,0,2018,7,12,7,3,3,6,0,1,0,0,0,0,0,0,637419521.0,5360785.9525,10.856094822,48.385258698,1,#66c2a5,bicycle
9,1,62,0,2018,7,11,5,3,2,6,0,0,1,0,0,0,0,0,693195.8885,5333304.4747,11.596219228,48.123656512,2,#fc8d62,car
9,1,62,0,2018,7,0,5,3,0,6,2,1,1,0,0,0,0,0,691480.1157,5337112.8449,11.574898798,48.158404008,1,#66c2a5,bicycle
9,1,73,120,2018,7,8,7,3,0,7,0,1,0,0,0,0,0,1,682341.3157,5312228.6619,11.441524024,47.937409037,1,#66c2a5,bicycle
9,1,73,147,2018,7,10,2,3,4,6,0,0,1,0,0,0,0,0,680981.7796,5308529.3111,11.421783451,47.904540037,2,#fc8d62,car
9,1,83,144,2018,7,16,7,3,5,2,0,0,1,0,0,0,0,0,742282.3955,5351773.0697,12.265398383,48.272766075,2,#fc8d62,car
9,1,63,0,2018,7,9,2,3,5,3,0,0,1,0,0,0,0,0,730944.6793,5304126.3904,12.087106236,47.848948037,2,#fc8d62,car
9,1,85,158,2018,7,18,7,3,5,3,0,1,0,0,0,0,0,0,667316.1451,5380926.4844,11.26766079,48.559090031,1,#66c2a5,bicycle
9,1,79,134,2018,7,15,7,3,4,2,0,1,1,0,0,0,0,0,666546.5258,5346605.2852,11.243620134,48.250760984,1,#66c2a5,bicycle
9,1,79,118,2018,7,10,2,3,1,1,0,0,1,0,0,0,0,0,672445.5439,5336949.6621,11.319097765,48.162384526,2,#fc8d62,car
9,1,81,134,2018,7,2,7,3,6,7,2,0,1,1,0,0,0,0,643371.9149,5340134.1233,10.929434942,48.198240844,2,#fc8d62,car
9,1,81,130,2018,7,12,2,3,4,6,0,0,1,0,0,0,0,0,641196.1546,5320277.9321,10.893598396,48.02018,2,#fc8d62,car
9,1,62,0,2018,7,14,5,3,6,4,0,0,1,1,0,0,0,0,691163.2305,5335340.1539,11.569845843,48.142566603,2,#fc8d62,car
9,1,81,121,2018,7,17,7,3,0,7,0,0,0,0,0,0,1,0,638083.7751,5311804.5546,10.849156471,47.944663301,6,#ffd92f,circle
9,1,79,126,2018,7,8,2,3,4,7,0,1,0,1,0,0,0,0,677232.1254,5339624.8748,11.384527439,48.185116043,1,#66c2a5,bicycle
9,1,79,126,2018,7,5,7,3,0,7,0,1,0,0,0,0,0,0,676821.5104,5339469803.0,11.378943323,48.183836505,1,#66c2a5,bicycle
9,1,74,115,2018,7,16,2,3,0,7,0,1,0,0,0,0,0,0,683101362.0,5348424.3282,11.467219549,48.262545438,1,#66c2a5,bicycle
9,1,74,115,2018,7,19,2,3,7,1,0,1,0,0,0,0,0,0,682232.0985,5347374.0171,11.455065431,48.253355327,1,#66c2a5,bicycle
9,1,79,119,2018,7,12,7,3,5,3,0,0,1,0,0,0,0,0,668922.9507,5339200.7874,11.272658515,48.183567486,2,#fc8d62,car
9,1,78,124,2018,7,12,2,2,5,3,0,0,1,0,1,0,0,0,704479.8633,5359292.0923,11.760223539,48.353668096,2,#fc8d62,car
9,1,81,123,2018,7,12,7,2,8,1,0,1,0,0,0,0,0,0,655319.2607,5326146.4085,11.085010476,48.069667272,1,#66c2a5,bicycle
9,1,77,133,2018,7,9,2,3,8,1,0,0,1,0,0,0,0,0,707900.9748,5358994175.0,11.806200056,48.349874248,2,#fc8d62,car
9,1,74,115,2018,7,20,7,3,7,1,0,1,0,0,0,0,0,0,680245.6478,5346278.3771,11.427862209,48.244075007,1,#66c2a5,bicycle
9,1,77,117,2018,7,10,2,2,0,3,0,1,1,0,0,0,0,0,714901.5921,5354190.7824,11.898120659,48.30437239,1,#66c2a5,bicycle
9,1,74,115,2018,7,10,7,3,2,6,0,0,1,0,1,0,0,0,683664.0051,5348964.5959,11.475028199,48.267238711,2,#fc8d62,car
9,1,78,143,2018,7,10,7,2,0,1,0,1,0,0,0,0,0,0,716774.2608,5373318.2251,11.933209639,48.475590052,1,#66c2a5,bicycle
9,1,62,0,2018,7,14,1,3,6,7,0,0,1,1,0,0,0,0,698719.7666,5335818.5231,11.671540765,48.144550638,2,#fc8d62,car
9,1,77,117,2018,7,15,7,3,0,7,0,1,0,0,0,0,0,0,714769.8411,5354818.0691,11.896665457,48.310053419,1,#66c2a5,bicycle
9,1,62,0,2018,7,7,1,3,5,2,0,1,1,0,0,0,0,0,694448.4909,5333209.2873,11.612990527,48.122419675,1,#66c2a5,bicycle
9,1,62,0,2018,7,10,1,3,0,1,0,1,0,0,0,0,0,0,692285.2925,5334271.5386,11.584431668,48.13262398,1,#66c2a5,bicycle
9,1,62,0,2018,7,13,6,3,0,7,0,0,0,1,0,0,1,0,690364666.0,5333713471.0,11.558394786,48.128185423,3,#8da0cb,toilet
9,1,62,0,2018,7,18,1,3,2,2,0,0,1,0,1,0,0,0,687253.4227,5338043.3767,11.518528271,48.168026568,2,#fc8d62,car
9,1,62,0,2018,7,8,6,3,6,4,0,0,1,1,0,0,0,1,684351175.0,5333618.5164,11.477615393,48.129101922,2,#fc8d62,car
9,1,62,0,2018,7,19,1,3,1,5,0,0,1,0,0,0,0,0,685845.4114,5332272.6179,11.497090931,48.11656989,2,#fc8d62,car
9,1,62,0,2018,7,14,6,3,5,3,0,1,1,0,0,0,0,0,690383.4909,5336991.8431,11.560113281,48.157645722,1,#66c2a5,bicycle
9,1,84,130,2018,7,11,6,3,4,2,0,1,1,0,0,0,0,1,698548.3904,5344739.6089,11.673408472,48.224778897,1,#66c2a5,bicycle
9,1,62,0,2018,7,14,1,3,0,1,0,1,0,0,0,0,0,0,687113.9876,5338004.2523,11.516637553,48.167715967,1,#66c2a5,bicycle
9,1,62,0,2018,7,10,6,3,1,5,0,1,0,0,0,1,0,1,688364.4752,5338255.3853,11.533550551,48.169603869,1,#66c2a5,bicycle
9,1,62,0,2018,7,12,1,3,5,2,0,1,1,0,0,0,0,0,689663.6202,5343101.7917,11.55317078,48.212776824,1,#66c2a5,bicycle
9,1,62,0,2018,7,13,6,2,3,1,0,0,1,0,0,0,0,1,682561.9086,5337723.0716,11.455351546,48.166512189,2,#fc8d62,car
9,1,62,0,2018,7,9,6,2,3,7,0,0,1,0,0,0,0,1,690640.6192,5335217.6088,11.562772713,48.14162198,2,#fc8d62,car
9,1,62,0,2018,7,18,1,3,3,2,0,1,1,0,0,0,0,0,686221942.0,5333339.5494,11.502611198,48.126049906,1,#66c2a5,bicycle
9,1,62,0,2018,7,16,6,3,5,6,0,0,1,0,1,0,0,0,691458.5377,5334323.2287,11.573354457,48.133337803,2,#fc8d62,car
9,1,62,0,2018,7,18,1,3,3,6,0,1,0,0,0,0,0,0,689505.0594,5331029.2438,11.545661159,48.104315782,1,#66c2a5,bicycle
9,1,62,0,2018,7,15,1,3,3,6,0,1,0,0,0,0,0,0,688509.9322,5334827057.0,11.533986338,48.138746487,1,#66c2a5,bicycle
9,1,62,0,2018,7,17,6,3,0,1,0,0,0,0,1,0,0,1,692311.0188,5337583.2436,11.586273099,48.162381097,4,#e78ac3,marker
9,1,62,0,2018,7,18,1,3,0,7,0,1,0,0,0,0,1,0,690713.8833,5337222.9336,11.564655088,48.159623743,1,#66c2a5,bicycle
9,1,62,0,2018,7,19,6,3,3,7,0,0,1,0,0,0,1,0,691976.1641,5341293.8353,11.583450774,48.19583218,2,#fc8d62,car
9,1,62,0,2018,7,13,6,3,2,6,0,0,1,0,0,0,0,1,690349.8589,5332536.8165,11.557670577,48.11761406,2,#fc8d62,car
9,1,84,149,2018,7,21,6,3,1,7,1,1,1,0,0,0,0,0,691541.1264,5351568.8172,11.582249504,48.28831174,1,#66c2a5,bicycle
9,1,62,0,2018,7,9,6,3,6,2,0,0,1,1,0,0,0,1,687526.6078,5334761.5751,11.520752777,48.138448468,2,#fc8d62,car
9,1,62,0,2018,7,15,6,3,5,7,0,0,1,0,0,0,0,0,693379418.0,5335382975.0,11.599626317,48.142281752,2,#fc8d62,car
9,1,62,0,2018,7,18,6,3,1,5,0,1,1,0,0,0,0,0,693828.3671,5334601.2233,11.605299377,48.135119028,1,#66c2a5,bicycle
9,1,62,0,2018,7,12,6,3,2,6,0,0,1,0,0,0,1,1,693863.7436,5333967.9425,11.605486227,48.129416537,2,#fc8d62,car
9,1,62,0,2018,7,10,6,3,1,6,0,0,1,0,0,0,1,0,689049875.0,5332322.6083,11.540126001,48.116075988,2,#fc8d62,car
9,1,62,0,2018,7,15,6,3,0,1,0,0,0,0,1,0,0,1,692221809.0,5338830.8417,11.585638593,48.173621177,4,#e78ac3,marker
9,1,62,0,2018,7,22,6,3,1,6,2,0,1,0,0,0,0,1,692313.5363,5337759.4666,11.586386595,48.163964184,2,#fc8d62,car
9,7,61,0,2018,7,17,1,3,5,3,0,0,1,0,0,0,0,0,638471.6855,5360371.2227,10.870161664,48.381299442,2,#fc8d62,car
9,7,61,0,2018,7,4,1,3,0,7,2,1,0,0,0,0,0,0,640623015.0,5359108.9582,10.898778245,48.369473742,1,#66c2a5,bicycle
9,7,61,0,2018,7,16,6,2,5,2,0,0,1,0,0,0,1,1,642203.8283,5360353.0628,10.920531779,48.380305963,2,#fc8d62,car
9,7,61,0,2018,7,18,6,3,5,3,0,1,1,0,0,0,0,0,638672.4542,5357742.5611,10.872004865,48.357618954,1,#66c2a5,bicycle
9,1,73,120,2018,7,12,1,3,4,6,0,1,1,0,0,0,0,0,684935128.0,5316001.36,11.477843206,47.970577908,1,#66c2a5,bicycle
9,1,90,148,2018,7,14,1,2,1,5,0,1,1,0,0,0,0,0,641840.8385,5297927.2268,10.894883243,47.819051425,1,#66c2a5,bicycle
9,1,62,0,2018,7,16,5,3,0,7,0,0,1,0,0,0,1,0,691815.4066,5335646.7397,11.578742094,48.145125864,2,#fc8d62,car
9,1,82,125,2018,7,13,1,3,4,2,0,0,1,0,0,0,0,0,712569602.0,5297231898.0,11.838424552,47.793330655,2,#fc8d62,car
9,1,79,121,2018,7,2,1,3,9,2,2,0,1,0,0,0,0,0,666745618.0,5339198156.0,11.243387501,48.184119052,2,#fc8d62,car
9,1,88,137,2018,7,14,1,2,9,1,0,0,0,0,1,0,0,0,671480.8501,5316283707.0,11.29784544,47.976862505,4,#e78ac3,marker
9,1,81,144,2018,7,12,1,2,4,6,0,1,0,0,0,0,0,0,656366.4601,5319642398.0,11.096683098,48.010933281,1,#66c2a5,bicycle
9,1,74,115,2018,7,13,1,3,1,5,0,1,1,0,0,0,0,0,680193.8138,5347547.1709,11.42770474,48.255494562,1,#66c2a5,bicycle
9,1,74,115,2018,7,14,1,2,5,3,0,1,1,0,0,0,0,0,681397.9442,5346335.5637,11.443393231,48.244260381,1,#66c2a5,bicycle
9,2,74,126,2018,7,11,6,3,5,3,0,0,1,0,0,0,0,0,733372.8994,5384348.4819,12.163636105,48.568732035,2,#fc8d62,car
9,1,75,118,2018,7,1,1,3,6,7,2,0,1,1,0,0,0,0,716605.1283,5339469.4918,11.913536749,48.171518663,2,#fc8d62,car
9,1,90,140,2018,7,19,6,2,0,1,0,1,0,0,0,0,0,1,644559.8078,5296710.5157,10.930779665,47.807505144,1,#66c2a5,bicycle
9,1,62,0,2018,7,17,7,3,0,6,0,0,0,0,1,0,0,0,688344467.0,5335707.1084,11.532153633,48.146705533,4,#e78ac3,marker