ULAND,UREGBEZ,UKREIS,UGEMEINDE,UJAHR,UMONAT,USTUNDE,UWOCHENTAG,UKATEGORIE,UART,UTYP1,ULICHTVERH,IstRad,IstPKW,IstFuss,IstKrad,IstGkfz,IstSonstig,STRZUSTAND,LINREFX,LINREFY,XGCSWGS84,YGCSWGS84,Teilnehmer,color,symbol
9,1,73,126,2018,7,12,6,3,2,6,0,0,1,0,0,0,0,1,685111.1673,5304485758.0,11.475254102,47.867014515,2,#fc8d62,car
9,1,62,0,2018,7,11,7,2,6,7,0,1,0,1,0,0,0,0,698245.0089,5335346.0705,11.664945461,48.140452715,1,#66c2a5,bicycle
9,1,62,0,2018,7,23,7,3,0,7,2,0,1,0,1,0,0,0,691965.7992,5336187.6722,11.581005748,48.149942304,2,#fc8d62,car
9,1,62,0,2018,7,0,7,3,6,4,2,0,1,1,0,0,0,1,690974.1263,5334271.7638,11.5668273,48.133020777,2,#fc8d62,car
9,1,84,119,2018,7,13,7,3,1,5,0,1,1,0,0,0,0,0,697408728.0,5347818146.0,11.65951504,48.252801697,1,#66c2a5,bicycle
9,1,62,0,2018,7,19,7,3,5,3,0,1,1,0,0,0,0,0,687850.4939,5334148.8387,11.524831903,48.132845523,1,#66c2a5,bicycle
9,1,63,0,2018,7,19,6,3,4,1,0,0,1,0,0,0,0,1,732992.1453,5304286.7486,12.114520042,47.849649947,2,#fc8d62,car
9,1,62,0,2018,7,15,7,3,5,3,0,1,1,0,0,0,0,0,685614.5298,5339516.7462,11.497150613,48.181750411,1,#66c2a5,bicycle
9,1,62,0,2018,7,18,7,3,0,7,0,1,1,0,0,0,0,0,688558.4324,5330268.0627,11.532621539,48.097754989,1,#66c2a5,bicycle
9,1,62,0,2018,7,10,7,3,3,6,0,0,1,0,1,0,0,0,693380.4853,5330996.0941,11.597650625,48.102853326,2,#fc8d62,car
9,1,79,142,2018,7,17,6,3,0,1,1,1,0,0,0,0,0,1,673003.0849,5341007.6513,11.328241493,48.198712234,1,#66c2a5,bicycle
9,1,81,130,2018,7,17,6,2,5,3,0,1,1,0,0,0,0,1,638405.1153,5323584.8004,10.857256722,48.050527433,1,#66c2a5,bicycle
9,1,62,0,2018,7,23,7,3,3,2,2,1,1,0,0,0,0,0,689695.3854,5331906.8105,11.548605432,48.112146804,1,#66c2a5,bicycle
9,1,62,0,2018,7,14,7,3,1,3,0,0,1,0,0,0,0,0,685495.5739,5339710.4592,11.495636395,48.183526313,2,#fc8d62,car
9,1,74,115,2018,7,16,6,3,5,3,0,0,1,0,1,0,0,0,683549701.0,5348424.9044,11.473255154,48.26242089,2,#fc8d62,car
9,1,84,127,2018,7,14,7,3,5,3,0,1,1,0,0,0,0,0,702172.1262,5322009.8863,11.711365777,48.01936545,1,#66c2a5,bicycle
9,1,78,137,2018,7,19,6,3,0,1,0,0,0,0,1,0,0,0,696946408.0,5366638671.0,11.662091053,48.422084957,4,#e78ac3,marker
9,1,62,0,2018,7,8,7,3,5,3,0,0,1,0,0,0,0,0,695494263.0,5336031864.0,11.628323546,48.147467354,2,#fc8d62,car
9,1,78,124,2018,7,20,6,3,0,1,0,1,0,0,0,0,0,1,704067221.0,5363916.4906,11.756904357,48.395357231,1,#66c2a5,bicycle
9,1,77,117,2018,7,16,6,3,0,3,0,1,1,0,0,0,0,1,713678.3421,5354432.4693,11.881768245,48.306958323,1,#66c2a5,bicycle
9,1,62,0,2018,7,22,7,3,0,1,2,1,0,0,0,0,0,0,690306.9885,5332945.2777,11.557277452,48.121298134,1,#66c2a5,bicycle
9,1,62,0,2018,7,9,5,3,5,3,0,0,1,0,1,0,0,0,692548693.0,5334589191.0,11.588111755,48.135399341,2,#fc8d62,car
9,1,62,0,2018,7,22,5,3,0,7,2,0,1,0,1,0,0,1,696980.6071,5330887.4738,11.645907403,48.100774268,2,#fc8d62,car
9,2,61,0,2018,7,18,4,3,5,3,0,0,1,0,1,0,0,0,731418.3215,5380337.0785,12.134952164,48.533422818,2,#fc8d62,car
9,1,63,0,2018,7,15,4,3,2,6,0,0,1,0,1,0,0,0,734039.7092,5304993623.0,12.128884177,47.855619986,2,#fc8d62,car
9,1,63,0,2018,7,14,4,3,2,6,0,0,1,0,0,0,1,0,731154.1245,5304090.3116,12.089882473,47.84854862,2,#fc8d62,car
9,1,87,129,2018,7,17,4,3,0,1,0,1,0,0,0,0,0,0,725093.8991,5296273.6891,12.004932655,47.780466222,1,#66c2a5,bicycle
9,1,88,139,2018,7,18,4,3,0,1,0,1,0,0,0,0,0,0,675001.8524,5319518.5824,11.346304946,48.004989681,1,#66c2a5,bicycle
9,1,81,133,2018,7,16,4,3,0,1,0,1,0,0,0,0,0,0,642260.6369,5313957.1343,10.90577148,47.963105905,1,#66c2a5,bicycle
9,1,81,130,2018,7,15,4,3,0,5,0,0,1,0,0,0,1,0,639516.4402,5323274.6085,10.872060235,48.047496117,2,#fc8d62,car
9,1,74,115,2018,7,15,4,3,5,3,0,1,0,0,0,0,0,0,680363.6244,5346831.4632,11.429685445,48.24901298,1,#66c2a5,bicycle
9,1,78,124,2018,7,16,4,3,4,1,0,1,1,0,0,0,0,0,702784.3099,5363828.2028,11.73955055,48.394977657,1,#66c2a5,bicycle
9,1,62,0,2018,7,0,3,3,5,3,2,1,1,0,0,0,0,0,689823886.0,5334898.2238,11.551662368,48.138995527,1,#66c2a5,bicycle
9,1,62,0,2018,7,17,3,2,0,7,0,1,0,0,0,0,0,1,691861.7123,5335000.8581,11.579072965,48.139306822,1,#66c2a5,bicycle
9,1,62,0,2018,7,14,3,3,0,7,0,1,0,0,0,0,0,0,684381.1274,5332210.2577,11.477408429,48.116435012,1,#66c2a5,bicycle
9,1,62,0,2018,7,16,3,3,5,3,0,0,1,0,0,0,0,0,688904.5987,5336354.5414,11.539963853,48.152358643,2,#fc8d62,car
9,1,62,0,2018,7,16,3,3,3,6,0,1,1,0,0,0,1,0,688814.3334,5332407.6083,11.537002055,48.116909862,1,#66c2a5,bicycle
9,1,62,0,2018,7,2,3,3,5,2,2,1,1,0,0,0,0,0,688967.7644,5330572.7642,11.538248789,48.100372453,1,#66c2a5,bicycle
9,1,62,0,2018,7,8,3,3,3,2,0,1,1,0,0,0,0,0,684348.6408,5337523.2373,11.479272204,48.164200354,1,#66c2a5,bicycle
9,1,62,0,2018,7,17,3,3,4,2,0,0,1,0,0,0,0,0,679372.8996,5334100.0067,11.410974105,48.134852418,2,#fc8d62,car
9,1,62,0,2018,7,17,3,2,4,2,0,1,1,0,0,0,0,1,697737.8475,5334174.8611,11.657591831,48.130084533,1,#66c2a5,bicycle
9,1,62,0,2018,7,16,3,3,4,2,0,1,1,0,0,0,0,0,686648.1759,5333193.5056,11.508269657,48.124612386,1,#66c2a5,bicycle
9,1,62,0,2018,7,9,3,3,0,7,0,1,0,0,0,0,0,0,690329.9003,5337389.3454,11.55957122,48.161234495,1,#66c2a5,bicycle
9,7,72,147,2018,7,21,5,3,2,2,1,0,0,0,1,0,0,0,638735.7728,5364318105.0,10.875030589,48.416730761,4,#e78ac3,marker
9,1,62,0,2018,7,19,3,3,0,1,0,0,1,0,1,0,0,1,686246.9347,5332342.9069,11.502511324,48.11708437,2,#fc8d62,car
9,1,62,0,2018,7,13,3,3,0,1,0,1,0,0,0,0,0,0,686130.7586,5333150.9974,11.501304668,48.124381791,1,#66c2a5,bicycle
9,7,72,177,2018,7,9,5,3,8,7,0,0,1,0,0,0,0,0,636501.7249,5378626.1478,10.849526522,48.545873031,2,#fc8d62,car
9,1,84,139,2018,7,7,3,3,1,3,0,1,1,0,0,0,0,0,687342.0092,5325601.2807,11.514253683,48.056166933,1,#66c2a5,bicycle
9,7,61,0,2018,7,16,5,3,6,7,0,0,0,1,0,0,1,0,636228.9277,5360484.6139,10.83992471,48.382807332,3,#8da0cb,toilet
9,1,62,0,2018,7,17,3,3,0,1,0,1,0,0,0,0,0,1,694179.3038,5334572408.0,11.609998206,48.134753068,1,#66c2a5,bicycle
9,7,61,0,2018,7,16,5,3,7,1,0,1,0,0,0,0,0,0,639309201.0,5358782.5126,10.880940176,48.366829786,1,#66c2a5,bicycle
9,7,61,0,2018,7,0,5,3,0,1,2,1,0,0,0,0,0,0,638113.6196,5358763.9019,10.864800363,48.366925183,1,#66c2a5,bicycle
9,1,62,0,2018,7,1,3,3,0,1,2,1,0,0,0,0,0,0,692049.8073,5334330.9551,11.58129672,48.133229105,1,#66c2a5,bicycle
9,7,61,0,2018,7,16,5,3,0,7,0,1,1,0,0,0,0,0,639309.6614,5360539.2267,10.881528508,48.382625605,1,#66c2a5,bicycle
9,1,62,0,2018,7,8,3,3,3,2,0,0,1,0,0,0,0,0,689928.5703,5334912.9297,11.553074671,48.139096467,2,#fc8d62,car
9,7,61,0,2018,7,17,5,2,6,4,0,0,1,1,0,0,0,0,639237.1233,5360477.4376,10.880528878,48.382086028,2,#fc8d62,car
9,7,61,0,2018,7,16,5,3,5,1,0,1,0,0,0,0,1,0,642239.9938,5360787.1516,10.921166855,48.384200929,1,#66c2a5,bicycle
9,1,62,0,2018,7,16,3,3,5,3,0,1,1,0,0,0,0,1,690956.0183,5336328.0563,11.567506268,48.151508009,1,#66c2a5,bicycle
9,7,61,0,2018,7,18,5,3,0,7,0,0,0,0,0,0,1,0,641622.8975,5352407533.0,10.910018368,48.308993347,6,#ffd92f,circle
9,1,62,0,2018,7,16,3,3,0,1,0,1,0,0,0,0,0,1,691203.9687,5334050.8111,11.569814169,48.130965864,1,#66c2a5,bicycle
9,7,71,130,2018,7,10,3,3,5,3,0,0,1,0,0,0,0,0,647997.0934,5357018.7972,10.997551038,48.348994782,2,#fc8d62,car
9,7,61,0,2018,7,16,3,3,5,2,0,1,1,0,0,0,0,1,636335.0231,5360432.6322,10.841340014,48.382316996,1,#66c2a5,bicycle
9,7,61,0,2018,7,16,3,3,4,2,0,1,1,0,0,0,0,0,639219.4294,5358603.7163,10.879669586,48.365241898,1,#66c2a5,bicycle
9,7,61,0,2018,7,17,3,3,0,1,0,0,0,0,1,0,0,0,640073.4366,5358135.6176,10.89103758,48.360843961,4,#e78ac3,marker
9,7,61,0,2018,7,8,3,3,5,3,0,0,1,0,0,0,0,0,640181.1023,5359272.7258,10.892869254,48.371044596,2,#fc8d62,car
9,7,61,0,2018,7,15,5,3,2,1,0,0,1,0,0,0,0,0,639718.6068,5356293.6268,10.885638534,48.344359861,2,#fc8d62,car
9,7,61,0,2018,7,15,5,3,3,1,0,1,0,0,1,0,0,0,638414.0689,5355480.2054,10.867774984,48.33733288,1,#66c2a5,bicycle
9,7,61,0,2018,7,16,3,3,2,7,0,1,1,0,0,0,0,0,639779.2204,5359004099.0,10.887356407,48.368718318,1,#66c2a5,bicycle
9,7,61,0,2018,7,7,5,3,3,1,0,1,1,0,0,0,0,0,639464.0456,5357345.6829,10.882553428,48.353875968,1,#66c2a5,bicycle
9,1,73,126,2018,7,15,3,2,6,4,0,0,1,1,0,0,0,0,685780.6845,5303505.8404,11.483776946,47.858012816,2,#fc8d62,car
9,1,87,177,2018,7,14,3,3,5,2,0,0,1,0,1,0,0,0,736912.7002,5306616.0097,12.168121791,47.869142387,2,#fc8d62,car
9,1,81,128,2018,7,14,3,3,5,3,0,1,0,0,0,0,0,0,638141.74,5328258352.0,10.855234913,48.092610736,1,#66c2a5,bicycle
9,1,88,117,2018,7,14,3,3,0,7,0,1,0,0,0,0,0,0,665182.9663,5312020.4699,11.211882699,47.940190521,1,#66c2a5,bicycle
9,1,79,123,2018,7,11,3,3,2,6,0,0,1,0,0,0,0,0,675998.4516,5334338.4301,11.365756717,48.137937865,2,#fc8d62,car
9,2,61,0,2018,7,7,5,3,5,3,0,1,1,0,0,0,0,0,733743.0398,5381335951.0,12.166954715,48.541533934,1,#66c2a5,bicycle
9,1,78,145,2018,7,9,3,3,5,1,0,1,1,0,0,0,0,0,696359.6781,5354334.7717,11.64842573,48.311693342,1,#66c2a5,bicycle
9,2,61,0,2018,7,15,5,3,0,7,0,1,0,0,0,0,0,0,733372.7781,5381659.3971,12.162127211,48.544577132,1,#66c2a5,bicycle
9,1,62,0,2018,7,17,2,3,0,4,0,0,0,1,0,0,1,0,690968.3853,5337403.0991,11.568154856,48.161166667,3,#8da0cb,toilet
9,1,73,118,2018,7,21,5,2,0,7,1,1,0,0,0,0,0,0,690495518.0,5302499.8001,11.54630486,47.847589606,1,#66c2a5,bicycle
9,1,62,0,2018,7,8,2,3,2,6,0,1,0,0,0,0,0,0,691253.5273,5335122.2457,11.570960589,48.14058093,1,#66c2a5,bicycle
9,1,62,0,2018,7,12,2,3,2,6,0,1,1,0,0,0,0,0,691256.3372,5335121.65,11.570998055,48.140574731,1,#66c2a5,bicycle
9,1,62,0,2018,7,12,2,3,5,3,0,1,1,0,0,0,0,0,692009599.0,5334483.1142,11.580825436,48.134608818,1,#66c2a5,bicycle
9,1,62,0,2018,7,17,2,3,5,2,0,1,0,0,0,0,0,0,691892.1133,5333612.8489,11.578856039,48.126822434,1,#66c2a5,bicycle
9,1,62,0,2018,7,9,2,3,0,7,0,0,1,0,0,0,0,0,686098.4056,5333663.5396,11.501094129,48.128998187,2,#fc8d62,car
9,1,62,0,2018,7,9,2,3,4,6,0,1,0,0,0,0,0,0,688165.7519,5336537.0632,11.530120273,48.154218195,1,#66c2a5,bicycle
9,1,63,0,2018,7,14,5,3,0,2,0,1,0,0,0,0,0,0,732994.7119,5305815.2701,12.115377615,47.863381409,1,#66c2a5,bicycle
9,1,62,0,2018,7,8,2,3,5,3,0,1,0,0,0,0,0,0,685579901.0,5335682716.0,11.495012259,48.147298797,1,#66c2a5,bicycle
9,1,63,0,2018,7,16,5,3,6,4,0,0,0,1,0,1,0,0,733899946.0,5304655674.0,12.126835842,47.852634728,3,#8da0cb,toilet
9,1,63,0,2018,7,9,5,3,0,1,0,1,0,0,0,0,0,0,733996.8286,5305155.2128,12.1283992,47.857087319,1,#66c2a5,bicycle
9,1,62,0,2018,7,11,2,3,6,2,0,0,0,1,0,0,1,0,690523.1971,5334620.0535,11.560928544,48.136286343,3,#8da0cb,toilet
9,1,88,139,2018,7,8,5,2,0,3,0,1,1,0,0,0,0,0,674416.3706,5319402.5531,11.338414818,48.004106624,1,#66c2a5,bicycle
9,1,84,130,2018,7,7,2,2,1,2,0,0,1,0,1,0,0,0,699075.2267,5345909.9459,11.681043884,48.235131584,2,#fc8d62,car
9,1,62,0,2018,7,15,2,3,5,3,0,0,1,0,0,0,0,0,691154.9511,5331821823.0,11.568156631,48.110946565,2,#fc8d62,car
9,1,81,145,2018,7,12,5,2,5,2,0,1,1,0,0,0,0,0,647639.6382,5329747.4658,10.983229537,48.103870747,1,#66c2a5,bicycle
9,1,62,0,2018,7,10,2,3,3,6,0,0,1,0,0,0,1,0,688822.05,5335626.2246,11.538531984,48.145836963,2,#fc8d62,car
9,1,81,130,2018,7,19,5,3,0,7,0,0,0,0,1,0,0,0,637669.3399,5325202.6314,10.847909405,48.065234778,4,#e78ac3,marker
9,1,84,146,2018,7,9,2,3,4,6,0,1,0,0,0,0,0,0,696059.22,5328749.9997,11.632563237,48.081847826,1,#66c2a5,bicycle
9,1,81,130,2018,7,22,5,3,6,2,2,0,1,1,0,0,0,0,638908866.0,5322567.5484,10.863682706,48.041270502,2,#fc8d62,car
9,1,62,0,2018,7,14,2,3,5,3,0,1,0,0,0,0,1,0,700270.3249,5332213.8211,11.690668402,48.111668815,1,#66c2a5,bicycle
9,1,79,123,2018,7,18,5,3,3,2,0,1,1,0,0,0,0,0,676739132.0,5332181789.0,11.374809582,48.118345996,1,#66c2a5,bicycle
9,1,62,0,2018,7,6,2,3,0,1,0,1,0,0,0,0,0,0,698429.1956,5333529.0468,11.666572435,48.124065311,1,#66c2a5,bicycle
9,1,79,149,2018,7,19,5,3,5,2,0,1,1,0,0,0,0,0,655209447.0,5330295.6121,11.085045377,48.106999859,1,#66c2a5,bicycle
9,1,74,115,2018,7,8,5,3,0,1,0,1,0,0,0,0,1,0,682216.6281,5346861753.0,11.454636699,48.248755276,1,#66c2a5,bicycle
9,1,62,0,2018,7,18,2,3,0,1,0,1,0,0,0,0,0,0,693478.4671,5333093853.0,11.599916951,48.121677692,1,#66c2a5,bicycle
9,1,75,122,2018,7,8,5,3,0,1,0,1,0,0,0,0,0,0,720575.0936,5325361.4227,11.95956987,48.043392884,1,#66c2a5,bicycle
9,1,62,0,2018,7,10,2,3,0,3,0,1,1,0,0,0,0,1,694136.7122,5333881.6759,11.609111623,48.12855801,1,#66c2a5,bicycle
9,1,62,0,2018,7,22,2,3,1,5,2,1,1,0,0,0,0,0,693036.9608,5333911.5878,11.594360759,48.129161302,1,#66c2a5,bicycle
9,1,62,0,2018,7,21,4,3,0,7,2,1,0,0,0,0,0,0,692552492.0,5335441831.0,11.588548243,48.14306153,1,#66c2a5,bicycle
9,1,62,0,2018,7,16,2,3,2,7,0,0,1,0,0,0,1,0,692760.7349,5333149.6124,11.590307692,48.12239654,2,#fc8d62,car
9,1,62,0,2018,7,11,4,3,3,6,0,1,1,0,0,0,0,0,690294.9703,5333586.5744,11.557402421,48.127065713,1,#66c2a5,bicycle
9,1,62,0,2018,7,6,2,3,5,3,0,0,1,0,0,0,1,0,690140797.0,5334934817.0,11.555934313,48.13922981,2,#fc8d62,car
9,1,62,0,2018,7,18,4,3,6,4,0,1,0,1,0,0,0,0,692446.6563,5332130.6237,11.585631687,48.113333055,1,#66c2a5,bicycle
9,1,62,0,2018,7,20,4,3,3,6,1,1,1,0,0,0,0,0,692239.8934,5337169.9972,11.585130846,48.158688444,1,#66c2a5,bicycle
9,1,62,0,2018,7,21,2,3,3,6,2,0,1,0,1,0,0,0,690202.2433,5333744.3648,11.556227958,48.128511649,2,#fc8d62,car
9,1,62,0,2018,7,19,2,3,5,3,0,1,1,0,0,0,0,0,690622436.0,5336454.8657,11.56308253,48.152747825,1,#66c2a5,bicycle
9,1,62,0,2018,7,22,4,2,2,6,2,0,1,0,1,0,0,0,689579.0573,5333518.7402,11.547760869,48.12666962,2,#fc8d62,car
9,1,62,0,2018,7,8,4,3,3,6,0,1,0,0,0,0,0,0,690851.8513,5334232611.0,11.565168008,48.132705551,1,#66c2a5,bicycle
9,1,62,0,2018,7,12,4,3,3,6,0,0,1,0,0,0,0,0,690694.5076,5340430.8264,11.565833831,48.188461731,2,#fc8d62,car
9,1,62,0,2018,7,13,4,3,5,3,0,1,1,0,0,0,0,0,686211.3846,5333664.5969,11.502611486,48.128974649,1,#66c2a5,bicycle
9,7,62,0,2018,7,9,2,3,3,2,0,1,1,0,0,0,0,0,622074.9785,5305262.3835,10.633016948,47.889076452,1,#66c2a5,bicycle
9,1,62,0,2018,7,16,4,3,2,6,0,1,0,0,0,0,1,0,692005.3953,5332308.8726,11.579789578,48.115068314,1,#66c2a5,bicycle
9,7,62,0,2018,7,21,2,3,5,3,1,1,1,0,0,0,0,0,622530.2204,5308163.9865,10.639928439,47.915085709,1,#66c2a5,bicycle
9,1,62,0,2018,7,19,4,3,6,7,0,0,1,1,0,0,0,0,688313044.0,5339651.1103,11.533477846,48.182164034,2,#fc8d62,car
9,7,62,0,2018,7,11,2,3,5,3,0,1,1,0,0,0,0,0,621307.0749,5304631.4469,10.622571569,47.88354757,1,#66c2a5,bicycle
9,1,62,0,2018,7,13,4,3,0,1,0,1,0,0,0,0,0,0,689146528.0,5339111007.0,11.544439317,48.177061994,1,#66c2a5,bicycle
9,1,62,0,2018,7,18,4,3,5,2,0,1,1,0,0,0,0,0,690813.0515,5333293.0658,11.564226369,48.124272587,1,#66c2a5,bicycle
9,1,62,0,2018,7,20,4,3,5,2,0,1,0,0,1,0,0,0,691074367.0,5333781.2674,11.567953252,48.128582142,1,#66c2a5,bicycle
9,7,72,125,2018,7,7,2,3,0,1,0,1,0,0,0,0,0,0,636380.9629,5348271.8583,10.838025274,48.272957058,1,#66c2a5,bicycle
9,1,62,0,2018,7,12,4,3,6,7,0,1,0,1,0,0,0,0,691848057.0,5336112068.0,11.579390278,48.149298309,1,#66c2a5,bicycle
9,7,61,0,2018,7,15,2,3,3,2,0,1,1,0,0,0,0,0,644052.4527,5357503.7177,10.944507569,48.354266926,1,#66c2a5,bicycle
9,7,61,0,2018,7,18,2,3,0,1,0,1,0,0,0,0,0,0,641321.7097,5353227.8658,10.906233516,48.316436912,1,#66c2a5,bicycle
9,7,61,0,2018,7,17,2,3,5,3,0,1,1,0,0,0,0,0,640823492.0,5359139.2556,10.901493805,48.369701466,1,#66c2a5,bicycle
9,7,61,0,2018,7,7,2,3,0,3,0,1,1,0,0,0,0,0,639518.7452,5359637867.0,10.884051633,48.374474623,1,#66c2a5,bicycle
9,7,61,0,2018,7,18,2,3,0,7,0,1,0,0,0,0,0,0,641067.3493,5359208.9271,10.904808013,48.370273468,1,#66c2a5,bicycle
9,7,61,0,2018,7,9,2,3,0,1,0,1,0,0,0,0,0,0,639615.8566,5358851.7946,10.885101283,48.367384996,1,#66c2a5,bicycle
9,7,61,0,2018,7,17,4,3,5,3,0,1,1,0,0,0,0,0,637747.5047,5359421.4899,10.860075222,48.372918126,1,#66c2a5,bicycle
9,7,61,0,2018,7,8,4,3,2,6,0,1,1,0,0,0,0,0,642706.2968,5360170.6627,10.927251944,48.378552459,1,#66c2a5,bicycle
9,7,61,0,2018,7,16,4,2,5,1,0,1,1,0,0,0,0,0,641446.3721,5352026.8686,10.907511401,48.305610025,1,#66c2a5,bicycle
9,1,63,0,2018,7,22,7,3,0,1,2,1,0,0,0,0,0,0,731990.5246,5304033.2449,12.101015306,47.847734646,1,#66c2a5,bicycle
9,1,82,136,2018,7,11,7,2,4,6,0,1,1,0,0,0,0,0,705390.7164,5296669.7066,11.742414889,47.790607521,1,#66c2a5,bicycle
9,1,87,117,2018,7,20,7,2,6,4,0,0,1,1,0,0,0,0,724831.1354,5305651.8198,12.006295447,47.864821275,2,#fc8d62,car
9,1,86,162,2018,7,18,7,3,9,1,0,0,1,0,0,0,0,0,690996.07,5383916.5245,11.589650766,48.579196849,2,#fc8d62,car
9,1,79,134,2018,7,14,7,2,6,7,0,0,1,1,0,0,0,0,667736.3285,5342278.4647,11.257922863,48.211549866,2,#fc8d62,car
9,1,88,132,2018,7,9,7,3,0,7,0,1,0,0,0,0,0,0,662587226.0,5323945552.0,11.181667611,48.04806908,1,#66c2a5,bicycle
9,1,74,126,2018,7,13,7,3,0,6,0,1,0,0,0,0,1,0,683732.5993,5344786.0668,11.474138271,48.22966056,1,#66c2a5,bicycle
9,1,75,122,2018,7,0,7,2,0,1,2,0,0,0,1,0,0,0,720726.3821,5326029.7591,11.961941562,48.049345659,4,#e78ac3,marker
9,1,84,135,2018,7,12,6,3,5,3,0,1,0,0,0,0,0,0,689131372.0,5347563056.0,11.54800451,48.253033144,1,#66c2a5,bicycle
9,1,62,0,2018,7,14,6,3,3,7,0,0,1,0,0,0,1,0,693617.8663,5334661.0941,11.60250022,48.135721203,2,#fc8d62,car
9,1,62,0,2018,7,17,6,3,3,5,0,1,1,0,0,0,0,0,690829.2734,5333283.3477,11.564439789,48.124180379,1,#66c2a5,bicycle
9,1,62,0,2018,7,11,6,3,0,7,0,1,0,0,0,0,0,0,691849.9319,5334330.7768,11.578612984,48.133287784,1,#66c2a5,bicycle
9,1,62,0,2018,7,7,6,3,5,2,0,0,0,0,1,0,1,0,692318.7512,5331509.8587,11.583635151,48.107792345,4,#e78ac3,marker
9,1,62,0,2018,7,18,6,1,0,7,0,1,0,0,0,0,1,0,686293.9675,5337236.4117,11.505283123,48.16105522,1,#66c2a5,bicycle
9,1,62,0,2018,7,11,6,2,6,4,0,0,1,1,0,0,0,0,690322.4057,5335907.9546,11.558807998,48.147922058,2,#fc8d62,car
9,1,62,0,2018,7,21,1,3,5,2,2,0,1,0,0,0,1,0,689979.8093,5335282.3548,11.553927532,48.142401571,2,#fc8d62,car
9,1,84,119,2018,7,17,6,3,0,6,0,1,0,0,0,0,1,0,695668.7691,5347384.3891,11.635899481,48.249442958,1,#66c2a5,bicycle
9,1,62,0,2018,7,7,6,3,5,3,0,1,1,0,0,0,0,0,688649.7108,5338252.4753,11.537381851,48.169493124,1,#66c2a5,bicycle
9,1,62,0,2018,7,11,1,3,0,1,0,0,1,0,0,0,0,0,685922.7045,5332273.8289,11.498128976,48.116558213,2,#fc8d62,car
9,1,84,113,2018,7,16,6,3,1,5,0,1,1,0,0,0,0,0,686108.1161,5322625.5425,11.496416834,48.029780357,1,#66c2a5,bicycle
9,1,62,0,2018,7,1,1,3,2,6,2,1,0,0,0,0,0,0,687092.4394,5334962.7883,11.515010869,48.140384833,1,#66c2a5,bicycle
9,1,62,0,2018,7,15,6,3,0,2,0,1,0,0,0,0,0,0,686108.9592,5330512.8856,11.499860882,48.100675674,1,#66c2a5,bicycle
9,1,62,0,2018,7,8,6,2,3,3,0,1,1,0,0,0,0,0,689258806.0,5330971.8675,11.542331117,48.103873277,1,#66c2a5,bicycle
9,1,62,0,2018,7,19,1,2,0,1,0,1,0,0,0,0,0,0,685996202.0,5338205182.0,11.501706414,48.169850033,1,#66c2a5,bicycle
9,1,62,0,2018,7,7,6,3,3,6,0,0,1,0,1,0,0,0,698399.9151,5334770.6682,11.666757464,48.135233172,2,#fc8d62,car
9,1,62,0,2018,7,14,1,3,6,7,0,0,1,1,0,0,0,0,689046103.0,5332474.2392,11.540142594,48.117439989,2,#fc8d62,car
9,1,62,0,2018,7,8,6,3,5,3,0,1,1,0,0,0,0,0,692166909.0,5330390.9631,11.581093591,48.097781665,1,#66c2a5,bicycle
9,1,62,0,2018,7,17,6,3,5,3,0,1,1,0,0,0,0,0,697859.3382,5336046.3807,11.660092221,48.146866623,1,#66c2a5,bicycle
9,1,84,149,2018,7,9,1,3,5,3,0,1,1,0,0,0,0,0,691285.3579,5350325.27,11.578242108,48.277212549,1,#66c2a5,bicycle
9,1,62,0,2018,7,9,1,3,5,3,0,1,1,0,0,0,0,0,687718.8655,5329920.9478,11.521203609,48.094882888,1,#66c2a5,bicycle
9,1,62,0,2018,7,10,6,3,1,5,0,1,1,0,0,0,0,0,684717.0731,5332138.6325,11.481886898,48.115693848,1,#66c2a5,bicycle
9,1,62,0,2018,7,12,1,2,5,3,0,1,1,0,0,0,0,0,692867.1101,5335840.5761,11.592953894,48.146550051,1,#66c2a5,bicycle
9,1,62,0,2018,7,13,6,3,5,3,0,0,1,0,1,0,0,0,691468364.0,5333954.05,11.573320494,48.130016707,2,#fc8d62,car
9,1,62,0,2018,7,19,1,3,6,2,0,0,1,1,0,0,0,0,689668.9649,5332307.4061,11.548428983,48.115755266,2,#fc8d62,car
9,1,62,0,2018,7,20,6,3,6,1,0,0,0,1,1,0,0,0,690612.5352,5334747.4817,11.562185165,48.13740491,3,#8da0cb,toilet
9,1,62,0,2018,7,7,6,3,5,2,0,1,1,0,0,0,0,0,688541334.0,5334407.0591,11.534222115,48.134962175,1,#66c2a5,bicycle
9,1,62,0,2018,7,16,1,3,5,3,0,1,1,0,0,0,0,1,688016.2278,5340204.5809,11.529733597,48.187226596,1,#66c2a5,bicycle
9,1,62,0,2018,7,14,6,3,1,5,0,1,1,0,0,0,0,0,691544.0662,5337321.2878,11.575851708,48.160258199,1,#66c2a5,bicycle
9,1,62,0,2018,7,16,1,3,0,1,0,1,0,0,0,0,1,0,690931.2633,5331437.1162,11.564982341,48.107555916,1,#66c2a5,bicycle
9,1,62,0,2018,7,7,6,3,5,3,0,1,1,0,0,0,0,0,692674481.0,5334808.8677,11.589900086,48.137335675,1,#66c2a5,bicycle
9,1,62,0,2018,7,12,1,3,4,6,0,1,0,0,0,0,0,0,693019.4596,5331850.6691,11.593192781,48.110643547,1,#66c2a5,bicycle