ULAND,UREGBEZ,UKREIS,UGEMEINDE,UJAHR,UMONAT,USTUNDE,UWOCHENTAG,UKATEGORIE,UART,UTYP1,ULICHTVERH,IstRad,IstPKW,IstFuss,IstKrad,IstGkfz,IstSonstig,STRZUSTAND,LINREFX,LINREFY,XGCSWGS84,YGCSWGS84,Teilnehmer,color,symbol
9,7,73,182,2018,7,21,1,3,9,7,1,1,0,0,0,0,0,0,624075772.0,5379651255.0,10.681546227,48.557672408,1,#66c2a5,bicycle
9,7,72,184,2018,7,5,1,3,8,1,1,0,1,0,0,0,0,0,634839008.0,5360143.2201,10.821052659,48.380036128,2,#fc8d62,car
9,7,72,163,2018,7,17,1,3,5,7,0,1,1,0,0,0,0,0,639940477.0,5347385312.0,10.885677298,48.264208762,1,#66c2a5,bicycle
9,7,72,202,2018,7,1,1,3,0,1,2,1,0,0,0,0,0,0,636288.5791,5357789.2734,10.839856344,48.358558059,1,#66c2a5,bicycle
9,7,61,0,2018,7,12,1,3,2,1,0,0,1,0,1,0,0,0,640990716.0,5358749991.0,10.903619984,48.366164006,2,#fc8d62,car
9,7,61,0,2018,7,10,1,3,0,2,0,1,1,0,0,0,0,0,640930.3577,5359225.0436,10.902964702,48.370448987,1,#66c2a5,bicycle
9,7,61,0,2018,7,3,1,3,5,3,2,0,1,0,0,0,0,0,639830.9206,5360010.3902,10.888388763,48.377755143,2,#fc8d62,car
9,7,72,211,2018,7,0,6,3,0,7,2,1,0,0,0,0,0,0,622450.8891,5353682.6864,10.651942876,48.324463472,1,#66c2a5,bicycle
9,7,71,113,2018,7,12,1,2,5,3,0,1,1,0,0,0,0,0,658105.3831,5372809.5966,11.139841944,48.488508953,1,#66c2a5,bicycle
9,7,71,122,2018,7,8,6,3,5,3,0,0,1,0,0,0,0,0,654300.6765,5362510074.0,11.084589808,48.39685645,2,#fc8d62,car
9,7,61,0,2018,7,19,6,2,0,1,0,1,0,0,0,0,0,0,638834.4642,5358442.2947,10.874421601,48.363875216,1,#66c2a5,bicycle
9,7,61,0,2018,7,15,6,3,5,3,0,1,1,0,0,0,0,0,639288.1784,5361482.7933,10.881551347,48.391114638,1,#66c2a5,bicycle
9,7,61,0,2018,7,7,6,3,5,3,0,1,1,0,0,0,0,0,641347.1517,5363054.5123,10.909877798,48.40478874,1,#66c2a5,bicycle
9,7,61,0,2018,7,18,6,3,2,7,0,0,1,0,1,0,0,0,641944074.0,5360945595.0,10.917225864,48.385692235,2,#fc8d62,car
9,7,61,0,2018,7,13,6,3,3,2,0,1,1,0,0,0,0,0,639602.1061,5359471.5649,10.885121479,48.372960844,1,#66c2a5,bicycle
9,7,71,114,2018,7,9,6,2,0,1,0,1,0,0,0,0,0,0,644592.9499,5374919.7648,10.957808016,48.51073569,1,#66c2a5,bicycle
9,1,90,115,2018,7,11,1,2,0,1,0,1,0,0,0,0,0,0,671336.1828,5303037.3645,11.290643275,47.857815292,1,#66c2a5,bicycle
9,1,88,124,2018,7,20,1,3,5,2,0,0,1,0,1,0,0,0,661879.4294,5318058.5959,11.169953707,47.995321206,2,#fc8d62,car
9,1,81,115,2018,7,22,1,3,0,5,2,0,1,0,0,0,0,0,657500.6924,5327938.6893,11.114934177,48.085246592,2,#fc8d62,car
9,1,78,145,2018,7,21,1,3,4,2,2,0,1,0,1,0,0,0,697200538.0,5354362971.0,11.659767441,48.311685172,2,#fc8d62,car
9,1,62,0,2018,7,0,7,3,5,3,2,0,1,0,0,0,0,0,690934.6875,5337633.7274,11.567805679,48.163249648,2,#fc8d62,car
9,2,61,0,2018,7,7,6,3,6,6,0,0,0,1,0,0,1,0,733966.5387,5380935.9695,12.169753494,48.53785779,3,#8da0cb,toilet
9,1,62,0,2018,7,19,7,3,5,2,0,0,1,0,0,0,0,0,693934.76,5331205931.0,11.605183508,48.104570808,2,#fc8d62,car
9,2,61,0,2018,7,7,6,3,6,4,0,0,1,1,0,0,0,0,731692.6793,5381900.6841,12.13953233,48.5473672,2,#fc8d62,car
9,1,73,126,2018,7,9,6,3,4,2,0,0,1,0,0,0,0,0,684373.5661,5306181.1572,11.466124044,47.88246666,2,#fc8d62,car
9,1,62,0,2018,7,13,7,3,5,2,0,1,1,0,0,0,0,0,686257192.0,5331778.8131,11.502402647,48.112011061,1,#66c2a5,bicycle
9,1,73,126,2018,7,9,6,3,5,3,0,0,1,0,0,0,0,0,684509024.0,5306043.1734,11.467875202,47.881187407,2,#fc8d62,car
9,1,84,147,2018,7,19,7,3,2,6,0,0,1,0,0,0,0,0,695717.4173,5340015.2988,11.63315356,48.183199546,2,#fc8d62,car
9,1,84,148,2018,7,17,7,3,5,3,0,1,1,0,0,0,0,1,695019.9266,5327067.7856,11.617855826,48.06704738,1,#66c2a5,bicycle
9,1,62,0,2018,7,21,7,3,2,6,2,0,1,0,0,0,0,0,684398233.0,5335410318.0,11.479022922,48.145193977,2,#fc8d62,car
9,1,84,135,2018,7,12,7,2,5,3,0,1,1,0,0,0,0,0,686887.1019,5348232.5484,11.518095552,48.259716351,1,#66c2a5,bicycle
9,1,62,0,2018,7,14,7,3,6,7,0,0,1,1,0,0,0,0,688018062.0,5332331152.0,11.526280059,48.116458252,2,#fc8d62,car
9,1,63,0,2018,7,18,6,3,4,2,0,0,1,0,0,0,0,0,733515.1522,5305915995.0,12.122380158,47.864097401,2,#fc8d62,car
9,1,62,0,2018,7,13,7,3,4,2,0,1,0,0,0,0,1,1,692671.4074,5334805.7914,11.589857424,48.137308956,1,#66c2a5,bicycle
9,1,87,122,2018,7,17,6,3,5,3,0,0,1,0,1,0,0,0,719391.5833,5306890.4922,11.93428992,47.877831958,2,#fc8d62,car
9,1,62,0,2018,7,16,7,3,3,2,0,0,0,0,1,0,1,0,700177.8004,5334634.3516,11.690563338,48.13345137,4,#e78ac3,marker
9,1,62,0,2018,7,16,7,3,1,5,0,1,1,0,0,0,0,0,693947.5741,5334671.0315,11.606931733,48.135710122,1,#66c2a5,bicycle
9,1,62,0,2018,7,11,7,3,0,5,0,1,1,0,0,0,0,0,690827.8772,5334231.5269,11.564845631,48.132702996,1,#66c2a5,bicycle
9,1,88,113,2018,7,17,6,3,0,1,0,1,0,0,0,0,0,0,676537.7653,5314210.3824,11.364697846,47.956849115,1,#66c2a5,bicycle
9,1,79,142,2018,7,19,6,2,3,6,0,1,0,0,0,0,1,0,676907.3149,5343461.8214,11.381760585,48.219697241,1,#66c2a5,bicycle
9,1,81,130,2018,7,13,6,3,5,3,0,1,1,0,0,0,0,0,638651.1924,5323994.6359,10.860689834,48.054159406,1,#66c2a5,bicycle
9,1,88,121,2018,7,22,6,3,8,1,2,0,0,0,1,0,0,0,669134.3044,5331741.4829,11.272535555,48.116453174,4,#e78ac3,marker
9,1,88,120,2018,7,13,6,3,0,7,0,0,0,0,0,0,1,0,677014.1763,5327876.3091,11.37671641,48.079566448,6,#ffd92f,circle
9,7,72,184,2018,7,21,7,2,0,1,1,1,0,0,0,0,0,0,634251.8451,5361887.4079,10.813684332,48.395845197,1,#66c2a5,bicycle
9,1,74,113,2018,7,13,6,3,5,3,0,1,1,0,0,0,0,0,680211.4503,5343512171.0,11.426225603,48.219220013,1,#66c2a5,bicycle
9,7,71,142,2018,7,10,7,3,2,6,0,0,1,0,0,0,0,0,647487.0013,5351416.0606,10.988710474,48.298738515,2,#fc8d62,car
9,7,71,146,2018,7,19,7,3,4,2,0,1,1,0,0,0,0,0,646667.5679,5348570.5203,10.976680203,48.273343681,1,#66c2a5,bicycle
9,1,74,115,2018,7,16,6,3,0,1,0,1,0,0,0,0,0,0,682975.5094,5348410.9845,11.465519594,48.262461858,1,#66c2a5,bicycle
9,7,72,202,2018,7,12,7,3,4,2,0,0,1,0,0,0,0,0,637207.5517,5358018.2107,10.852330145,48.360417607,2,#fc8d62,car
9,1,78,143,2018,7,7,6,3,3,6,0,1,0,0,0,0,1,0,717762.0072,5372998.3429,11.946390092,48.472374847,1,#66c2a5,bicycle
9,7,61,0,2018,7,21,7,2,2,6,2,0,1,0,1,0,0,0,641711.1005,5359945.9343,10.913743856,48.376756107,2,#fc8d62,car
9,1,77,117,2018,7,17,6,3,0,7,0,0,1,0,1,0,0,0,715383.5438,5352242388.0,11.903617825,48.28670189,2,#fc8d62,car
9,1,62,0,2018,7,13,5,3,5,3,0,0,1,0,0,0,0,0,693219729.0,5330202.6015,11.59513431,48.095770353,2,#fc8d62,car
9,7,71,113,2018,7,20,7,2,0,7,0,1,0,0,0,0,0,0,657940.4905,5369906.8717,11.136515372,48.462454405,1,#66c2a5,bicycle
9,7,71,158,2018,7,15,7,3,5,3,0,0,1,0,0,1,0,0,643680.8008,5371571.5323,10.944312921,48.480840342,2,#fc8d62,car
9,1,62,0,2018,7,22,5,3,0,1,2,1,0,0,0,0,0,0,690969.8281,5333222.5708,11.566299426,48.123591974,1,#66c2a5,bicycle
9,1,62,0,2018,7,22,5,3,5,3,2,0,1,0,0,0,0,0,691990313.0,5332057329.0,11.57947391,48.112812018,2,#fc8d62,car
9,1,62,0,2018,7,18,5,3,4,6,0,0,1,0,0,0,0,0,678159.4894,5335324761.0,11.395191714,48.146202709,2,#fc8d62,car
9,1,62,0,2018,7,8,5,3,5,2,0,1,1,0,0,0,0,0,692318.6412,5331518.5134,11.583637576,48.107870165,1,#66c2a5,bicycle
9,1,62,0,2018,7,16,5,2,0,1,0,1,0,0,0,0,0,0,686229.6784,5339402.7234,11.505368298,48.180545536,1,#66c2a5,bicycle
9,1,62,0,2018,7,12,5,3,0,7,0,0,0,0,1,0,0,0,689082.5151,5332775.0823,11.540764764,48.1201332,4,#e78ac3,marker
9,1,62,0,2018,7,18,5,3,4,3,0,1,1,0,0,0,0,0,692133.4002,5337694.4341,11.583937162,48.16343415,1,#66c2a5,bicycle
9,1,62,0,2018,7,16,5,2,5,3,0,1,1,0,0,0,0,0,690722.2759,5340304.5851,11.566150388,48.187318755,1,#66c2a5,bicycle
9,1,62,0,2018,7,19,5,3,5,2,0,1,1,0,0,0,0,0,690257.5562,5338198.5381,11.558961321,48.168529126,1,#66c2a5,bicycle
9,1,62,0,2018,7,8,5,3,3,7,0,1,1,0,0,0,0,0,693356.1178,5340333.2758,11.60156389,48.18678041,1,#66c2a5,bicycle
9,1,62,0,2018,7,16,5,2,0,1,0,1,0,0,0,0,0,0,691007.1774,5337431.0182,11.568688527,48.161405948,1,#66c2a5,bicycle
9,1,62,0,2018,7,14,5,3,4,2,0,1,1,0,0,0,0,0,690371.7275,5333495.1569,11.558392072,48.126221103,1,#66c2a5,bicycle
9,1,62,0,2018,7,14,5,3,5,2,0,0,1,0,0,0,1,0,691911.1726,5333892.0108,11.579237622,48.129325756,2,#fc8d62,car
9,1,62,0,2018,7,17,5,3,4,7,0,0,1,0,0,0,1,0,686382.4855,5329047.6335,11.502891672,48.087425387,2,#fc8d62,car
9,1,62,0,2018,7,18,5,3,4,2,0,1,1,0,0,0,0,0,688612.6492,5335730.1594,11.535765698,48.146833262,1,#66c2a5,bicycle
9,1,62,0,2018,7,12,5,2,2,6,0,0,1,0,1,0,0,0,687637.9807,5335999.7479,11.522794,48.14954462,2,#fc8d62,car
9,1,62,0,2018,7,10,5,3,3,2,0,1,0,0,0,0,1,0,688828.6737,5335613.1049,11.538615124,48.145717076,1,#66c2a5,bicycle
9,1,84,139,2018,7,7,5,2,5,3,0,1,0,0,0,0,0,0,687191969.0,5324582915.0,11.511796587,48.047057434,1,#66c2a5,bicycle
9,1,84,130,2018,7,14,5,3,0,3,0,0,1,0,1,0,0,0,698540.1509,5345552.1879,11.673678284,48.232084141,2,#fc8d62,car
9,1,62,0,2018,7,8,5,3,3,6,0,1,0,0,0,0,0,0,691852663.0,5337048.9784,11.579874507,48.157717699,1,#66c2a5,bicycle
9,1,62,0,2018,7,21,5,3,2,1,1,0,1,0,0,0,1,0,697241.6262,5331786.8937,11.649825355,48.108776961,2,#fc8d62,car
9,1,62,0,2018,7,7,5,3,5,3,0,1,1,0,0,0,0,0,694179.9319,5336380.4375,11.610831118,48.151002747,1,#66c2a5,bicycle
9,2,74,134,2018,7,16,7,3,2,6,0,0,1,0,0,0,0,0,740648.7293,5375199.8282,12.256825785,48.483810341,2,#fc8d62,car
9,1,62,0,2018,7,20,5,3,0,6,0,1,0,0,0,0,0,0,692360.0585,5332924.4491,11.584827518,48.12049399,1,#66c2a5,bicycle
9,1,62,0,2018,7,18,5,3,3,6,0,1,1,0,0,0,0,0,693170.7134,5333476828.0,11.595959386,48.125213218,1,#66c2a5,bicycle
9,1,73,126,2018,7,22,7,2,1,5,2,1,1,0,0,0,0,0,684152.1043,5305484.9599,11.462867868,47.876272065,1,#66c2a5,bicycle
9,1,73,126,2018,7,14,7,3,2,6,0,0,1,0,1,0,0,0,684804.9287,5305037.5482,11.471399056,47.87206274,2,#fc8d62,car
9,7,72,162,2018,7,16,3,3,4,6,0,1,1,0,0,0,0,0,636231.6998,5334914.0097,10.831724177,48.15287223,1,#66c2a5,bicycle
9,7,61,0,2018,7,16,3,2,0,1,0,1,0,0,0,0,0,0,637440.1809,5360794.3946,10.85637648,48.385330106,1,#66c2a5,bicycle
9,7,61,0,2018,7,18,3,3,0,4,0,1,0,1,0,0,0,0,642251661.0,5361188.9463,10.921460382,48.387811042,1,#66c2a5,bicycle
9,7,61,0,2018,7,22,3,3,5,3,2,0,1,0,0,0,0,1,640548.3562,5359279.8774,10.897827858,48.37102722,2,#fc8d62,car
9,7,61,0,2018,7,7,4,3,5,3,0,0,1,0,0,0,1,0,642235.2467,5360798.5182,10.921106623,48.384304203,2,#fc8d62,car
9,7,61,0,2018,7,14,4,3,5,3,0,1,1,0,0,0,0,0,642841.7245,5362255.0363,10.929788532,48.397263396,1,#66c2a5,bicycle
9,7,61,0,2018,7,10,4,3,5,3,0,0,1,0,1,0,0,0,640311.5912,5362819.9696,10.895814935,48.402911177,2,#fc8d62,car
9,7,61,0,2018,7,19,4,3,2,1,0,1,0,0,0,0,0,0,639118.1613,5357974.7101,10.878095074,48.359608341,1,#66c2a5,bicycle
9,7,61,0,2018,7,18,4,3,5,2,0,1,1,0,0,0,0,0,641262.1972,5353650.8025,10.905572911,48.320253133,1,#66c2a5,bicycle
9,7,61,0,2018,7,18,4,3,0,1,0,1,0,0,0,0,0,0,641923.4513,5358852.4668,10.916240812,48.366876397,1,#66c2a5,bicycle
9,7,61,0,2018,7,9,4,3,0,1,0,1,0,0,0,0,0,0,641012.4547,5357216.5529,10.903399419,48.35237101,1,#66c2a5,bicycle
9,7,61,0,2018,7,19,4,3,2,7,0,0,1,0,0,0,0,0,640416.8602,5358360.2145,10.895746239,48.362787177,2,#fc8d62,car
9,7,61,0,2018,7,15,4,3,5,3,0,1,1,0,0,0,0,0,641536.2644,5359510.0732,10.911237402,48.372876266,1,#66c2a5,bicycle
9,7,61,0,2018,7,16,4,3,4,2,0,0,1,0,1,0,0,0,641047.9609,5358312.9956,10.904245918,48.362221912,2,#fc8d62,car
9,7,71,144,2018,7,17,4,2,0,1,0,0,0,0,1,0,0,0,659783.8757,5374527.3022,11.16319952,48.503526664,4,#e78ac3,marker
9,1,73,123,2018,7,14,3,3,3,6,0,1,0,0,0,0,0,0,679762.3714,5298721.2929,11.401403394,47.816713897,1,#66c2a5,bicycle
9,1,73,126,2018,7,17,3,3,1,7,0,0,1,0,0,0,0,0,685149.3587,5303218.6499,11.475221707,47.855613477,2,#fc8d62,car
9,1,87,142,2018,7,16,3,3,5,3,0,1,0,0,1,0,0,0,733238.54,5312643.2148,12.122321969,47.924635175,1,#66c2a5,bicycle
9,1,63,0,2018,7,17,3,3,2,6,0,0,1,0,0,0,0,0,734003.0767,5304353.1015,12.128048762,47.849878882,2,#fc8d62,car
9,1,87,117,2018,7,8,3,3,5,2,0,1,1,0,0,0,0,0,724399.8485,5305805.1118,12.000616309,47.866349385,1,#66c2a5,bicycle
9,1,86,143,2018,7,13,3,3,5,3,0,1,1,0,0,0,0,0,684107.9194,5377268.1069,11.493411323,48.521504094,1,#66c2a5,bicycle
9,1,79,142,2018,7,13,3,2,5,3,0,0,1,0,1,0,0,0,672882.1857,5341964.3519,11.327005563,48.207345366,2,#fc8d62,car
9,1,81,130,2018,7,7,3,3,2,1,0,0,1,0,1,0,0,0,638857.7358,5324983.6558,10.863781197,48.063008088,2,#fc8d62,car
9,1,77,133,2018,7,12,3,3,1,3,0,0,1,0,0,0,1,0,707918.3511,5359603.4814,11.806735223,48.355343651,2,#fc8d62,car
9,1,62,0,2018,7,17,2,3,0,7,0,0,0,0,1,0,0,1,688527.8535,5331164.0919,11.532607059,48.105817752,4,#e78ac3,marker
9,1,62,0,2018,7,9,2,3,5,2,0,1,0,0,0,0,1,0,697717.3244,5330408156.0,11.655570214,48.096238293,1,#66c2a5,bicycle
9,1,84,146,2018,7,16,2,3,0,7,0,1,0,0,0,0,1,0,698486.2678,5327929656.0,11.664734813,48.073724225,1,#66c2a5,bicycle
9,1,62,0,2018,7,19,2,3,1,5,0,0,1,0,0,0,0,0,692536488.0,5334566237.0,11.587937503,48.135196728,2,#fc8d62,car
9,1,62,0,2018,7,15,2,3,5,3,0,1,1,0,0,0,0,0,686752.1844,5339506.1367,11.512436074,48.181321682,1,#66c2a5,bicycle
9,1,62,0,2018,7,16,2,3,4,2,0,1,1,0,0,0,0,0,692423.7217,5331717.9934,11.585137729,48.109631328,1,#66c2a5,bicycle
9,1,62,0,2018,7,16,2,3,5,3,0,0,1,0,1,0,0,0,688361.8575,5343246982.0,11.535729356,48.214469473,2,#fc8d62,car
9,1,62,0,2018,7,8,2,3,5,2,0,0,1,0,1,0,0,0,688011058.0,5338984893.0,11.529124436,48.17626542,2,#fc8d62,car
9,1,62,0,2018,7,16,2,3,5,3,0,1,1,0,0,0,0,0,688920.5617,5343195.8125,11.543220167,48.213843495,1,#66c2a5,bicycle
9,1,62,0,2018,7,16,2,3,2,6,0,1,0,0,0,0,0,0,688150622.0,5337091.3072,11.530162121,48.159204304,1,#66c2a5,bicycle
9,1,62,0,2018,7,16,2,3,2,2,0,1,1,0,0,0,0,0,693806.1633,5331821.1957,11.603737365,48.110139766,1,#66c2a5,bicycle
9,1,62,0,2018,7,7,2,3,5,3,0,1,1,0,0,0,0,1,696449.9727,5336831.4026,11.641527478,48.154358695,1,#66c2a5,bicycle
9,1,62,0,2018,7,11,2,3,4,7,0,0,1,0,0,0,1,0,690144.0635,5334839.5968,11.555935667,48.138372994,2,#fc8d62,car
9,7,62,0,2018,7,7,2,3,0,1,0,1,0,0,0,0,0,1,621476.1514,5304496.2857,10.624794128,47.882299989,1,#66c2a5,bicycle
9,2,61,0,2018,7,17,4,3,5,3,0,1,1,0,0,0,0,0,732670.5468,5380795.4544,12.152144853,48.537077376,1,#66c2a5,bicycle
9,2,61,0,2018,7,20,4,3,8,5,0,0,1,0,1,0,0,0,730747.9924,5382202.2553,12.126918393,48.550424341,2,#fc8d62,car
9,2,61,0,2018,7,10,4,3,5,3,0,1,1,0,0,0,0,0,731412.6514,5382615.0075,12.136140653,48.553887196,1,#66c2a5,bicycle
9,7,71,146,2018,7,16,2,3,5,3,0,0,1,0,0,0,0,1,646782.3691,5348432724.0,10.978178611,48.272078102,2,#fc8d62,car
9,7,61,0,2018,7,14,2,3,2,6,0,1,1,0,0,0,0,0,638915693.0,5359309484.0,10.875804108,48.371654923,1,#66c2a5,bicycle
9,2,61,0,2018,7,14,4,3,6,4,0,0,1,1,0,0,0,0,732707.0709,5381204.6103,12.152867348,48.540739162,2,#fc8d62,car
9,7,61,0,2018,7,9,2,3,0,1,0,1,0,0,0,0,0,0,638278.9012,5357938.6502,10.866759484,48.359468469,1,#66c2a5,bicycle
9,7,61,0,2018,7,17,2,2,6,4,0,0,1,1,0,0,0,0,640893.6244,5360967.8674,10.903053175,48.386128007,2,#fc8d62,car
9,1,90,157,2018,7,13,4,3,0,7,0,1,0,0,0,0,0,0,660645.8601,5301729.7728,11.147342855,47.848820414,1,#66c2a5,bicycle
9,1,90,148,2018,7,17,4,2,6,4,0,1,0,1,0,0,0,0,642027.5676,5297185.1159,10.897133194,47.81233677,1,#66c2a5,bicycle
9,7,61,0,2018,7,12,2,3,0,3,0,1,0,0,0,0,0,0,638844.9882,5355537.1725,10.873605406,48.337750574,1,#66c2a5,bicycle
9,7,61,0,2018,7,9,2,3,5,1,0,1,1,0,0,0,0,0,639730.3312,5356602.7922,10.885899271,48.34713721,1,#66c2a5,bicycle
9,1,90,115,2018,7,19,4,2,0,1,0,1,0,0,0,0,0,0,671419.8348,5303881.2526,11.2920953,47.865379702,1,#66c2a5,bicycle
9,7,61,0,2018,7,22,2,3,4,2,2,1,1,0,0,0,0,0,640774.0296,5359246511.0,10.900862219,48.370676903,1,#66c2a5,bicycle
9,1,63,0,2018,7,18,4,3,5,3,0,0,1,0,0,0,0,0,731002.2522,5303460.5973,12.087519323,47.842945634,2,#fc8d62,car
9,1,79,134,2018,7,0,4,2,0,1,2,1,0,0,0,0,0,0,670351.9509,5342718.8428,11.293279944,48.214812049,1,#66c2a5,bicycle
9,1,88,132,2018,7,15,4,2,0,7,0,1,0,0,0,0,0,0,666032.8688,5322924.8666,11.227471094,48.038005838,1,#66c2a5,bicycle
9,1,88,120,2018,7,21,4,3,0,1,0,1,0,0,0,0,0,0,678623.8682,5325585806.0,11.39735273,48.058527773,1,#66c2a5,bicycle
9,1,79,121,2018,7,8,4,3,5,3,0,0,1,0,0,0,0,0,665909.1713,5337642.6719,11.231535637,48.170354132,2,#fc8d62,car
9,1,74,115,2018,7,17,4,3,3,7,0,1,1,0,0,0,0,0,681313.6965,5347634.0151,11.44281564,48.255955753,1,#66c2a5,bicycle
9,1,75,132,2018,7,13,4,3,5,3,0,1,0,0,0,0,0,0,708076.6833,5331178.9085,11.794916619,48.099866601,1,#66c2a5,bicycle
9,1,78,143,2018,7,12,4,3,8,1,0,1,0,0,0,1,0,0,717150.8002,5371949.7627,11.937587338,48.46316506,1,#66c2a5,bicycle
9,1,78,124,2018,7,10,4,2,0,7,0,1,0,0,0,0,0,0,703202.7521,5364570.8532,11.745556181,48.401516599,1,#66c2a5,bicycle
9,1,77,130,2018,7,19,4,3,2,6,0,1,0,0,0,0,0,0,709788.4264,5350710.3578,11.827525483,48.274814241,1,#66c2a5,bicycle
9,1,84,121,2018,7,17,3,2,5,3,0,1,1,0,0,0,0,1,705501.8808,5331210.4249,11.760388542,48.100985398,1,#66c2a5,bicycle
9,1,62,0,2018,7,16,3,3,5,2,0,1,1,0,0,0,0,0,692203.9709,5331039.8159,11.581883066,48.103602301,1,#66c2a5,bicycle
9,1,62,0,2018,7,19,3,3,0,1,0,1,0,0,0,0,0,0,688585.1948,5336471.7236,11.535725521,48.153506677,1,#66c2a5,bicycle
9,1,62,0,2018,7,17,3,3,6,7,0,1,0,0,0,0,1,1,695458.1519,5336040.4021,11.6278425,48.147555187,1,#66c2a5,bicycle
9,1,62,0,2018,7,17,3,3,2,6,0,0,1,0,0,0,0,0,692316.3163,5337784.5579,11.586435289,48.164188858,2,#fc8d62,car
9,1,62,0,2018,7,16,3,3,5,3,0,1,1,0,0,0,0,0,690424.6238,5336979.4528,11.560660282,48.157522043,1,#66c2a5,bicycle
9,1,62,0,2018,7,16,3,3,6,4,0,0,1,1,0,0,0,0,694560.4253,5335609.7043,11.615589249,48.143959458,2,#fc8d62,car
9,1,62,0,2018,7,12,3,3,5,3,0,1,1,0,0,0,0,0,693516.2818,5335606.4949,11.601565811,48.144249064,1,#66c2a5,bicycle
9,1,62,0,2018,7,10,3,3,6,4,0,0,1,1,0,0,0,0,687553.9678,5341388429.0,11.52404307,48.198003844,2,#fc8d62,car
9,1,62,0,2018,7,13,3,3,2,6,0,0,1,0,1,0,0,0,682945.3661,5341649.7816,11.462194763,48.201697522,2,#fc8d62,car
9,1,62,0,2018,7,18,3,2,6,6,0,1,0,1,0,0,0,0,687953.7712,5338551.9194,11.528163152,48.172390737,1,#66c2a5,bicycle
9,1,62,0,2018,7,17,3,3,2,6,0,0,1,0,0,0,1,1,689436.7573,5337176.1873,11.54747759,48.159585352,2,#fc8d62,car
9,1,62,0,2018,7,18,3,2,0,1,0,0,0,0,1,0,0,1,697417.1389,5331313.1362,11.651961443,48.104464758,4,#e78ac3,marker
9,1,62,0,2018,7,16,3,2,5,4,0,0,1,1,0,0,0,0,686141.5927,5335691.6914,11.502560336,48.14721536,2,#fc8d62,car
9,1,62,0,2018,7,7,3,2,5,3,0,1,0,0,1,0,0,0,691799.3765,5332389.6693,11.577060747,48.115856586,1,#66c2a5,bicycle
9,1,62,0,2018,7,14,3,3,4,2,0,0,1,0,1,0,0,0,693747.3999,5335135.3547,11.604455198,48.139944277,2,#fc8d62,car
9,1,62,0,2018,7,17,3,3,5,3,0,1,1,0,0,0,0,1,687293.3358,5334658.3836,11.517574875,48.137589658,1,#66c2a5,bicycle
9,1,62,0,2018,7,14,3,2,3,2,0,1,1,0,0,0,1,0,690628219.0,5334970249.0,11.562495468,48.139402436,1,#66c2a5,bicycle
9,1,62,0,2018,7,18,3,3,6,4,0,1,1,1,0,0,0,0,691482.4818,5332887738.0,11.573031001,48.120428549,1,#66c2a5,bicycle
9,1,62,0,2018,7,17,3,3,3,6,0,0,1,0,1,0,0,0,691278.7032,5339387.5817,11.573216418,48.1789096,2,#fc8d62,car
9,1,62,0,2018,7,8,3,3,5,2,0,1,1,0,0,0,0,0,687644.7298,5336410.9213,11.523065926,48.153238345,1,#66c2a5,bicycle
9,1,84,113,2018,7,18,3,3,5,4,0,1,0,1,0,0,0,0,685451.7741,5321756.3858,11.487245267,48.022158705,1,#66c2a5,bicycle
9,2,61,0,2018,7,17,2,3,1,7,0,1,1,0,0,0,0,0,731193.3863,5382210.5342,12.13294923,48.550334726,1,#66c2a5,bicycle
9,1,62,0,2018,7,16,3,3,4,6,0,0,1,0,1,0,0,0,687064.0247,5330046.1219,11.512472241,48.096200551,2,#fc8d62,car
9,2,74,126,2018,7,18,2,3,5,3,0,0,1,0,1,0,0,0,732841647.0,5383604.6237,12.15602958,48.562247758,2,#fc8d62,car
9,1,62,0,2018,7,20,3,3,0,2,1,0,1,0,0,0,1,0,696666155.0,5333315766.0,11.642807834,48.122695515,2,#fc8d62,car
9,1,62,0,2018,7,7,3,3,3,2,0,1,1,0,0,0,0,0,693366.2547,5336115.4781,11.599782228,48.148869261,1,#66c2a5,bicycle
9,1,73,147,2018,7,15,2,3,2,6,0,0,1,0,0,0,0,0,681743.6206,5308873.6627,11.432113537,47.907420115,2,#fc8d62,car
9,1,62,0,2018,7,11,3,3,6,7,0,0,1,1,0,0,0,0,690353.7315,5334475.3758,11.558588369,48.135036693,2,#fc8d62,car
9,1,62,0,2018,7,18,3,3,0,5,0,0,1,0,0,0,0,0,691115.9062,5334758.0589,11.568949103,48.137349001,2,#fc8d62,car
9,1,73,147,2018,7,16,2,3,3,2,0,1,1,0,0,0,0,0,681667.5391,5308930.5893,11.431120333,47.907953392,1,#66c2a5,bicycle
9,1,62,0,2018,7,6,3,3,0,1,0,1,0,0,0,0,0,0,691442.4483,5335446.4654,11.573643295,48.143438164,1,#66c2a5,bicycle
9,1,90,157,2018,7,14,2,3,5,3,0,0,1,0,0,0,0,1,661219.9787,5301583.6055,11.154956993,47.847362465,2,#fc8d62,car
9,1,90,157,2018,7,17,2,3,5,3,0,0,1,0,0,0,0,0,660824445.0,5301705118.0,11.149719087,47.84855408,2,#fc8d62,car
9,1,73,126,2018,7,17,2,3,5,2,0,0,1,0,0,0,0,0,685612.8668,5303609.0504,11.481579799,47.858989064,2,#fc8d62,car