ULAND,UREGBEZ,UKREIS,UGEMEINDE,UJAHR,UMONAT,USTUNDE,UWOCHENTAG,UKATEGORIE,UART,UTYP1,ULICHTVERH,IstRad,IstPKW,IstFuss,IstKrad,IstGkfz,IstSonstig,STRZUSTAND,LINREFX,LINREFY,XGCSWGS84,YGCSWGS84,Teilnehmer,color,symbol
9,7,62,0,2018,7,11,3,3,5,3,0,1,1,0,0,0,0,0,621922.5023,5305622.3932,10.631079798,47.892343259,1,#66c2a5,bicycle
9,1,87,165,2018,7,16,2,3,3,2,0,1,1,0,0,0,0,0,733446382.0,5300071.05,12.118310821,47.811610885,1,#66c2a5,bicycle
9,1,87,150,2018,7,15,2,3,4,2,0,0,1,0,1,0,0,0,729295.7535,5303627.1668,12.064832777,47.845052987,2,#fc8d62,car
9,1,81,122,2018,7,20,2,2,6,7,0,0,1,1,0,0,0,0,648691.0943,5331799.8883,10.998060374,48.122080619,2,#fc8d62,car
9,1,81,130,2018,7,8,2,3,1,6,0,0,1,0,0,0,0,0,639574.2469,5324576.5874,10.87326021,48.05919125,2,#fc8d62,car
9,1,74,115,2018,7,17,2,3,5,3,0,1,1,0,0,0,0,0,682374.0787,5348622.3198,11.457514431,48.264534851,1,#66c2a5,bicycle
9,1,75,113,2018,7,15,2,3,4,6,0,0,1,0,0,0,0,0,716714918.0,5315215442.0,11.902722653,47.953546942,2,#fc8d62,car
9,1,84,112,2018,7,16,5,3,8,7,0,0,1,0,0,0,0,0,702327.3956,5338792.4013,11.721398727,48.170139217,2,#fc8d62,car
9,1,62,0,2018,7,17,5,2,3,2,0,1,1,0,0,0,0,0,693747.4747,5335135.9799,11.604456486,48.139949873,1,#66c2a5,bicycle
9,1,62,0,2018,7,19,5,3,0,6,0,1,0,0,0,0,1,0,694117381.0,5336542.4772,11.610064903,48.152478189,1,#66c2a5,bicycle
9,1,62,0,2018,7,9,5,3,5,2,0,1,1,0,0,0,0,0,693309.8226,5333249.0424,11.597723536,48.123123718,1,#66c2a5,bicycle
9,1,62,0,2018,7,6,5,3,5,2,0,0,1,0,1,0,0,0,692142.7871,5332902.7858,11.581901258,48.120364885,2,#fc8d62,car
9,1,62,0,2018,7,10,6,3,0,7,0,1,1,0,0,0,0,0,698067.3368,5329261.9824,11.659734414,48.085828558,1,#66c2a5,bicycle
9,1,62,0,2018,7,23,5,3,6,3,2,0,1,1,0,0,0,0,691101166.0,5336128825.0,11.569366373,48.149673746,2,#fc8d62,car
9,1,62,0,2018,7,16,6,3,1,1,0,1,1,0,0,0,0,0,685126.4332,5339762.4204,11.490697534,48.184101031,1,#66c2a5,bicycle
9,1,62,0,2018,7,21,6,3,0,7,2,1,1,1,0,0,0,0,686707.3074,5334589.5076,11.50967521,48.137142791,1,#66c2a5,bicycle
9,1,62,0,2018,7,18,5,3,1,5,0,1,1,0,0,0,0,0,691545.6495,5336224.4821,11.57537927,48.150399806,1,#66c2a5,bicycle
9,1,62,0,2018,7,10,6,3,5,3,0,0,1,0,0,0,0,0,687355.4725,5331965.6561,11.517225617,48.113368343,2,#fc8d62,car
9,1,62,0,2018,7,22,6,2,0,1,2,1,0,0,0,0,0,1,688075.8862,5337385.7201,11.529288287,48.161872643,1,#66c2a5,bicycle
9,1,62,0,2018,7,23,6,1,5,2,2,1,0,0,0,1,0,1,690623729.0,5340904.5217,11.565095089,48.192740482,1,#66c2a5,bicycle
9,1,62,0,2018,7,16,6,3,2,3,0,0,1,0,1,0,0,0,692572.3786,5338018.7683,11.589981434,48.166216367,2,#fc8d62,car
9,1,62,0,2018,7,14,6,3,4,2,0,0,1,0,1,0,0,0,689728.7494,5333349.1276,11.549695019,48.125100534,2,#fc8d62,car
9,1,62,0,2018,7,8,6,3,6,4,0,0,1,1,0,0,0,0,686947.9881,5338057.2998,11.514430454,48.168241612,2,#fc8d62,car
9,1,62,0,2018,7,0,6,3,5,2,2,1,1,0,0,0,0,0,693011936.0,5333849389.0,11.593996619,48.128609863,1,#66c2a5,bicycle
9,1,62,0,2018,7,14,6,3,5,3,0,0,1,0,0,0,0,0,685653.2121,5334412421.0,11.495443109,48.135859461,2,#fc8d62,car
9,7,62,0,2018,7,9,5,2,0,1,0,1,0,0,0,0,0,0,622073.3548,5303717.6467,10.632558552,47.875183838,1,#66c2a5,bicycle
9,1,62,0,2018,7,19,6,3,0,3,0,0,1,0,0,0,1,0,688334416.0,5340829.7747,11.534287662,48.192751632,2,#fc8d62,car
9,7,72,200,2018,7,12,5,3,0,1,0,0,0,0,1,0,0,0,630327.3932,5339191.0252,10.753687727,48.192571623,4,#e78ac3,marker
9,1,62,0,2018,7,13,6,3,6,4,0,0,0,1,0,0,1,0,688923.6524,5343204585.0,11.543265638,48.213921422,3,#8da0cb,toilet
9,1,62,0,2018,7,19,6,3,6,4,0,0,1,1,0,0,0,0,687630.9407,5335523.9116,11.522489718,48.145269773,2,#fc8d62,car
9,7,71,130,2018,7,17,5,3,0,1,0,1,0,0,0,0,0,0,646669.5882,5357640.9506,10.979861344,48.35489839,1,#66c2a5,bicycle
9,1,62,0,2018,7,9,6,3,5,2,0,1,1,0,0,0,0,0,686219.4408,5334395.3597,11.503039047,48.13554067,1,#66c2a5,bicycle
9,7,72,163,2018,7,16,5,3,1,6,0,1,0,0,0,0,0,0,640114.9373,5348063.7098,10.888251574,48.270270266,1,#66c2a5,bicycle
9,1,62,0,2018,7,14,6,3,6,4,0,0,1,1,0,0,0,0,692303.7544,5332536.0429,11.583896556,48.117020064,2,#fc8d62,car
9,1,62,0,2018,7,8,6,3,3,2,0,1,1,0,0,0,0,0,694536.9594,5335305.4512,11.615135129,48.141232135,1,#66c2a5,bicycle
9,7,72,163,2018,7,9,5,3,5,2,0,1,1,0,0,0,0,0,640432.4396,5349249.6973,10.892921979,48.280864152,1,#66c2a5,bicycle
9,1,62,0,2018,7,2,6,2,3,6,2,1,0,0,0,0,0,0,692271.3633,5334179.7583,11.584203231,48.131803283,1,#66c2a5,bicycle
9,1,62,0,2018,7,12,6,3,5,3,0,1,1,0,0,0,0,0,692895.0212,5333959957.0,11.592477053,48.129639061,1,#66c2a5,bicycle
9,7,72,202,2018,7,13,5,3,5,3,0,0,1,0,0,0,0,0,637538.0433,5358580536.0,10.856973265,48.36540206,2,#fc8d62,car
9,1,62,0,2018,7,9,6,3,5,3,0,0,1,0,1,0,0,0,691514.4645,5333906.6352,11.573918123,48.129576679,2,#fc8d62,car
9,7,61,0,2018,7,22,5,3,0,1,2,1,0,0,0,0,0,0,638031.2865,5358415.9166,10.863575124,48.363814162,1,#66c2a5,bicycle
9,7,61,0,2018,7,15,5,3,4,1,0,0,1,0,1,0,0,0,640989.1591,5355171.1812,10.902400395,48.333984883,2,#fc8d62,car
9,7,61,0,2018,7,6,5,3,5,1,0,1,1,0,0,0,0,0,641439.8929,5354662.3358,10.908307963,48.329308789,1,#66c2a5,bicycle
9,7,61,0,2018,7,18,5,2,3,6,0,0,1,0,0,0,0,0,640999.1783,5358729.6075,10.903727341,48.365978834,2,#fc8d62,car
9,7,61,0,2018,7,16,5,3,4,2,0,1,1,0,0,0,0,0,639608467.0,5360054.3489,10.885400865,48.378199668,1,#66c2a5,bicycle
9,7,77,121,2018,7,8,6,3,5,3,0,1,0,0,0,0,0,0,628875.5594,5321186.8988,10.728720453,48.030958651,1,#66c2a5,bicycle
9,7,73,182,2018,7,18,6,2,5,3,0,0,1,0,1,0,0,0,624788.0481,5379893.6555,10.691267714,48.559710808,2,#fc8d62,car
9,7,72,215,2018,7,16,6,3,5,3,0,0,1,0,0,0,1,0,634360.9645,5345407.1809,10.809905847,48.247628887,2,#fc8d62,car
9,7,61,0,2018,7,8,6,3,1,2,0,0,1,0,0,0,1,0,641779.5959,5361550.9626,10.915209873,48.391172416,2,#fc8d62,car
9,7,61,0,2018,7,17,6,3,7,7,0,0,0,1,1,0,0,0,642533.8242,5358380479.0,10.92431727,48.362494967,3,#8da0cb,toilet
9,7,61,0,2018,7,18,6,3,6,1,0,1,0,1,0,0,0,0,641483745.0,5355806138.0,10.909283361,48.339583656,1,#66c2a5,bicycle
9,7,61,0,2018,7,17,6,3,0,1,0,1,0,0,0,0,0,0,639428.4254,5358115.8663,10.882328068,48.360809142,1,#66c2a5,bicycle
9,2,74,183,2018,7,0,5,2,7,7,2,1,0,0,0,0,1,0,741753102.0,5362232773.0,12.26427166,48.366918337,1,#66c2a5,bicycle
9,2,74,113,2018,7,2,5,3,0,7,2,1,0,0,0,0,0,0,730239077.0,5383219.3234,12.120595011,48.559747607,1,#66c2a5,bicycle
9,2,61,0,2018,7,16,5,3,0,7,0,1,1,0,0,0,0,0,732039.1994,5378927.0413,12.142565295,48.520527517,1,#66c2a5,bicycle
9,1,73,126,2018,7,14,5,3,6,4,0,0,1,1,0,0,0,0,684279.6375,5305573.3513,11.464609582,47.877030034,2,#fc8d62,car
9,1,73,126,2018,7,11,5,3,6,4,0,0,1,1,0,0,0,0,685468.0578,5303089.9106,11.479423002,47.854364342,2,#fc8d62,car
9,1,63,0,2018,7,12,5,3,4,2,0,1,0,0,0,1,0,0,733380.8587,5304122.1296,12.119619428,47.848030001,1,#66c2a5,bicycle
9,1,86,143,2018,7,7,5,3,1,7,0,0,1,0,0,0,0,0,685162284.0,5379545.2608,11.508688049,48.54166047,2,#fc8d62,car
9,1,79,128,2018,7,17,5,3,2,6,0,0,1,0,1,0,0,0,656370603.0,5343177.4604,11.105369811,48.222534768,2,#fc8d62,car
9,1,74,126,2018,7,12,5,3,3,6,0,1,1,0,0,0,0,0,683100.8565,5343453.5499,11.465063907,48.217865914,1,#66c2a5,bicycle
9,1,77,133,2018,7,6,5,3,3,6,0,0,1,0,0,0,1,0,706324.7685,5359404.1978,11.785151954,48.354075505,2,#fc8d62,car
9,1,78,138,2018,7,15,5,3,0,7,0,1,0,0,0,0,0,0,712159.3858,5367772.2314,11.868037364,48.427331992,1,#66c2a5,bicycle
9,1,78,124,2018,7,11,5,2,5,3,0,0,1,0,1,0,0,0,701088.1362,5364105.0524,11.716795256,48.398008643,2,#fc8d62,car
9,1,78,124,2018,7,13,5,3,6,1,0,1,0,1,0,0,0,0,704032.7565,5363930.1582,11.756445949,48.3954912,1,#66c2a5,bicycle
9,1,77,117,2018,7,12,5,3,1,6,0,0,1,0,0,0,0,0,715195015.0,5351737.3238,11.900822426,48.2822279,2,#fc8d62,car
9,1,62,0,2018,7,16,4,3,0,4,0,1,0,1,0,0,0,0,692693.9898,5334719.9855,11.590121835,48.136530915,1,#66c2a5,bicycle
9,1,62,0,2018,7,21,4,3,5,3,2,1,0,0,1,0,0,0,688634963.0,5332794415.0,11.534765521,48.120439711,1,#66c2a5,bicycle
9,1,62,0,2018,7,15,4,3,0,3,0,0,1,0,1,0,0,0,691487945.0,5336546749.0,11.574749223,48.153313668,2,#fc8d62,car
9,1,62,0,2018,7,9,4,3,5,3,0,1,1,0,0,0,0,0,691648.3631,5337190.1281,11.577193718,48.159047932,1,#66c2a5,bicycle
9,1,86,143,2018,7,17,6,3,0,3,0,0,1,0,0,0,0,0,684417.7538,5378845.6578,11.498301106,48.535591873,2,#fc8d62,car
9,1,62,0,2018,7,8,4,3,1,5,0,0,1,0,0,0,1,0,691737.8335,5339102.1324,11.579257703,48.176205672,2,#fc8d62,car
9,1,79,142,2018,7,19,6,3,3,6,0,1,1,0,0,0,0,0,673330355.0,5344085263.0,11.333899614,48.226288815,1,#66c2a5,bicycle
9,1,88,127,2018,7,8,6,2,0,7,0,1,0,0,0,0,0,0,673883.7024,5328139.7742,11.334828204,48.082796296,1,#66c2a5,bicycle
9,1,62,0,2018,7,8,4,3,5,3,0,0,1,0,1,0,0,0,699356.8242,5335176.2219,11.679794835,48.138578905,2,#fc8d62,car
9,1,62,0,2018,7,15,4,3,5,3,0,1,1,0,0,0,0,0,683180.8015,5340736.2049,11.464966172,48.19341792,1,#66c2a5,bicycle
9,1,79,130,2018,7,8,6,2,5,3,0,1,1,0,0,0,0,0,660579968.0,5338849.2238,11.160365628,48.182570452,1,#66c2a5,bicycle
9,1,74,146,2018,7,18,6,3,8,1,0,0,0,0,1,0,0,0,667050.9123,5348940.7411,11.251331707,48.271623586,4,#e78ac3,marker
9,1,75,118,2018,7,11,6,3,5,3,0,1,1,0,0,0,0,0,715711.5898,5338208.7913,11.900894461,48.160494645,1,#66c2a5,bicycle
9,1,62,0,2018,7,18,4,3,5,3,0,1,1,0,0,0,0,0,689309.4244,5333002.7707,11.54391181,48.122112268,1,#66c2a5,bicycle
9,1,62,0,2018,7,17,4,3,0,7,0,1,0,0,0,0,1,0,689874445.0,5333476.9086,11.551707881,48.1262056,1,#66c2a5,bicycle
9,1,78,130,2018,7,11,6,3,5,1,0,1,1,0,0,0,0,0,703608.1648,5355510.9125,11.746643637,48.319970886,1,#66c2a5,bicycle
9,1,62,0,2018,7,8,4,2,5,3,0,1,1,0,0,0,0,0,691420507.0,5337032494.0,11.574061909,48.157699773,1,#66c2a5,bicycle
9,1,78,124,2018,7,10,6,3,5,3,0,1,1,0,0,0,0,0,703633.3241,5364195.8217,11.751184977,48.398007596,1,#66c2a5,bicycle
9,1,62,0,2018,7,12,4,2,5,2,0,1,1,0,0,0,0,0,689419407.0,5332444.5749,11.545140237,48.117062432,1,#66c2a5,bicycle
9,1,78,124,2018,7,9,6,3,3,2,0,1,0,0,0,0,1,0,703840.2487,5362198.4846,11.753008256,48.379992324,1,#66c2a5,bicycle
9,1,84,149,2018,7,9,4,2,5,2,0,1,1,0,0,0,0,0,690939.5245,5350506.3058,11.573667455,48.278944007,1,#66c2a5,bicycle
9,1,62,0,2018,7,8,4,3,5,2,0,1,1,0,0,0,0,0,688038.1857,5336293.5089,11.528299109,48.152066816,1,#66c2a5,bicycle
9,1,78,124,2018,7,12,6,2,0,1,0,1,0,0,0,0,0,0,702922.9618,5364778368.0,11.741880623,48.403471482,1,#66c2a5,bicycle
9,1,62,0,2018,7,19,4,2,4,2,0,1,1,0,0,0,0,0,695855.2382,5333198401.0,11.631868727,48.121890663,1,#66c2a5,bicycle
9,1,77,118,2018,7,18,6,2,0,7,0,0,0,0,1,0,0,0,706715.2787,5345913.4451,11.783814151,48.232718974,4,#e78ac3,marker
9,1,62,0,2018,7,17,4,3,1,7,0,1,1,0,0,0,0,0,686727059.0,5331199.3861,11.508455514,48.106665371,1,#66c2a5,bicycle
9,1,77,115,2018,7,6,6,3,9,1,0,0,1,0,0,0,0,0,731716.1494,5352609.6478,12.123673547,48.28423481,2,#fc8d62,car
9,1,62,0,2018,7,22,4,3,6,4,2,1,0,1,0,0,0,0,688706.0262,5334085.4116,11.536291059,48.132022345,1,#66c2a5,bicycle
9,1,77,139,2018,7,17,6,3,1,6,0,0,1,0,1,0,0,0,732444.6989,5360020.3386,12.137562996,48.350539516,2,#fc8d62,car
9,1,62,0,2018,7,16,4,3,0,7,0,1,0,0,0,0,0,0,691461.2454,5340498672.0,11.576170226,48.188840877,1,#66c2a5,bicycle
9,1,62,0,2018,7,14,5,3,1,5,0,0,1,0,0,0,0,0,690147.5355,5336343.6483,11.556653999,48.151890362,2,#fc8d62,car
9,1,62,0,2018,7,9,5,3,0,7,0,1,0,0,0,0,0,0,689421.4802,5336087.8824,11.546787925,48.149808171,1,#66c2a5,bicycle
9,1,62,0,2018,7,8,4,3,3,6,0,1,0,0,0,0,1,0,686864.9799,5339529.1932,11.513962172,48.181495756,1,#66c2a5,bicycle
9,1,62,0,2018,7,16,5,3,6,4,0,0,1,1,0,0,0,0,691286.6368,5329976.3209,11.569096759,48.094319717,2,#fc8d62,car
9,1,62,0,2018,7,8,4,3,1,5,0,1,1,0,0,0,0,0,688843.4003,5336501.9759,11.539207254,48.153701973,1,#66c2a5,bicycle
9,1,62,0,2018,7,8,4,3,3,6,0,0,1,0,0,0,1,0,686214.8572,5334753.5568,11.503134095,48.138761621,2,#fc8d62,car
9,1,62,0,2018,7,9,5,3,2,6,0,1,0,0,0,0,0,0,689493907.0,5333121399.0,11.546441055,48.123123632,1,#66c2a5,bicycle
9,1,84,130,2018,7,13,4,3,3,6,0,1,0,0,0,0,0,0,700020.6202,5345249.1158,11.693449474,48.228895334,1,#66c2a5,bicycle
9,1,62,0,2018,7,15,5,3,0,3,0,0,1,0,1,0,0,0,681626842.0,5335759148.0,11.441948941,48.14912681,2,#fc8d62,car
9,1,62,0,2018,7,21,4,3,0,1,2,1,0,0,0,0,0,0,690479.0449,5333941.1015,11.560032132,48.130197149,1,#66c2a5,bicycle
9,1,62,0,2018,7,12,5,3,2,6,0,1,0,0,0,0,0,0,686693.1419,5334385.8955,11.509395752,48.135316813,1,#66c2a5,bicycle
9,1,62,0,2018,7,22,5,3,2,6,2,0,1,0,1,0,0,0,687311.9542,5332092.2052,11.516697089,48.114518607,2,#fc8d62,car
9,1,62,0,2018,7,19,4,3,5,2,0,0,1,0,1,0,0,0,692913.75,5338540.0582,11.594804285,48.170798058,2,#fc8d62,car
9,1,62,0,2018,7,8,5,3,5,3,0,1,1,0,0,0,0,0,695817.5754,5339160.4798,11.634105723,48.175486098,1,#66c2a5,bicycle
9,1,62,0,2018,7,18,5,3,4,2,0,0,1,0,0,0,1,0,692289234.0,5338132013.0,11.586228544,48.167319889,2,#fc8d62,car
9,1,62,0,2018,7,12,4,3,3,5,0,1,1,0,0,0,0,0,692368365.0,5335458.9544,11.586083314,48.143271129,1,#66c2a5,bicycle
9,1,62,0,2018,7,21,5,3,1,5,1,1,1,0,0,0,0,0,692369.7208,5338590.2566,11.587517236,48.171414111,1,#66c2a5,bicycle
9,1,62,0,2018,7,14,5,3,2,7,0,1,1,0,0,0,0,0,695568.0303,5331863.74,11.627401422,48.109983636,1,#66c2a5,bicycle
9,1,62,0,2018,7,13,5,3,5,4,0,0,0,1,0,0,1,0,699004477.0,5332112791.0,11.673633632,48.111157591,3,#8da0cb,toilet
9,1,62,0,2018,7,17,5,3,5,3,0,1,1,0,0,0,0,0,696356.5039,5331918.7928,11.638008065,48.110235854,1,#66c2a5,bicycle
9,1,62,0,2018,7,20,5,3,5,3,0,1,0,0,0,0,1,0,688233.6044,5330230.9475,11.528246654,48.097517422,1,#66c2a5,bicycle
9,1,62,0,2018,7,10,5,3,6,4,0,1,0,1,0,0,0,0,686226.1101,5333918.4147,11.502920123,48.131251754,1,#66c2a5,bicycle
9,1,62,0,2018,7,17,5,3,6,4,0,0,0,1,1,0,0,0,689835012.0,5330646.9082,11.549918859,48.100781079,3,#8da0cb,toilet
9,1,84,119,2018,7,11,5,2,3,6,0,1,0,0,0,0,0,0,697491.0406,5348848987.0,11.661103802,48.262040294,1,#66c2a5,bicycle
9,1,62,0,2018,7,13,5,3,2,6,0,0,1,0,1,0,0,0,691839.9148,5339995.1278,11.581032584,48.184200898,2,#fc8d62,car
9,1,62,0,2018,7,19,5,2,0,1,0,1,0,0,0,0,0,0,683005.2969,5335721.4144,11.460448203,48.148392542,1,#66c2a5,bicycle
9,1,62,0,2018,7,22,5,3,0,1,2,0,0,0,1,0,0,0,687344.1312,5333840.6607,11.517897383,48.130224785,4,#e78ac3,marker
9,1,62,0,2018,7,20,5,3,5,3,0,1,1,0,0,0,0,0,687827.6874,5337038.0019,11.525800294,48.158820659,1,#66c2a5,bicycle
9,7,72,125,2018,7,18,4,3,0,7,0,1,0,0,0,0,0,0,635817.3309,5347735.1451,10.830260753,48.268251978,1,#66c2a5,bicycle
9,7,73,122,2018,7,13,3,3,5,3,0,1,1,0,0,0,0,0,625939338.0,5383440.9713,10.707938531,48.591379065,1,#66c2a5,bicycle
9,7,71,142,2018,7,19,3,3,0,1,0,1,0,0,0,0,0,0,645360.4677,5351836.4963,10.960198703,48.303010972,1,#66c2a5,bicycle
9,7,61,0,2018,7,18,3,3,0,1,0,1,0,0,0,0,0,0,637654.2383,5360759.0108,10.859254535,48.384965265,1,#66c2a5,bicycle
9,7,61,0,2018,7,11,3,3,0,1,0,1,1,0,0,0,0,0,641389.4564,5352439.0166,10.906882394,48.309328667,1,#66c2a5,bicycle
9,7,61,0,2018,7,14,3,3,0,1,0,1,0,0,0,0,0,0,638479.4044,5355575.0908,10.868687333,48.338171761,1,#66c2a5,bicycle
9,7,61,0,2018,7,11,3,2,0,1,0,1,0,0,0,0,0,0,638608.7764,5355546.5389,10.87042276,48.337886659,1,#66c2a5,bicycle
9,2,61,0,2018,7,12,2,3,4,7,0,1,1,0,0,0,0,0,732650.9261,5380738.0344,12.151847407,48.536568862,1,#66c2a5,bicycle
9,1,63,0,2018,7,15,2,3,1,3,0,1,0,0,0,0,0,0,732458213.0,5304599.0831,12.107561372,47.852649304,1,#66c2a5,bicycle
9,1,63,0,2018,7,18,2,2,5,2,0,0,1,0,1,0,0,0,733729887.0,5303672601.0,12.124034994,47.843864623,2,#fc8d62,car
9,1,87,154,2018,7,16,2,2,0,7,0,1,0,0,0,0,0,0,735639.4102,5297009.3762,12.145896742,47.783306023,1,#66c2a5,bicycle
9,1,75,132,2018,7,11,2,2,0,7,0,1,1,0,0,0,0,0,705880.7094,5331345339.0,11.765536068,48.102075521,1,#66c2a5,bicycle
9,1,77,115,2018,7,14,2,2,0,1,0,1,0,0,0,0,0,1,735441.7651,5351009297.0,12.17292653,48.268484662,1,#66c2a5,bicycle
9,1,62,0,2018,7,0,1,2,1,5,2,1,1,0,0,0,0,1,689319913.0,5334817.4143,11.544858852,48.138419348,1,#66c2a5,bicycle
9,1,62,0,2018,7,16,1,3,2,5,0,0,1,0,0,0,0,0,696996.0768,5331599.4468,11.646443642,48.107168283,2,#fc8d62,car
9,1,62,0,2018,7,14,1,3,8,7,0,0,1,0,0,0,0,1,688903.1768,5333698.5786,11.538766661,48.128486954,2,#fc8d62,car
9,1,62,0,2018,7,0,1,3,5,3,2,0,1,0,0,0,0,1,679382.3384,5334106.3155,11.411103513,48.134906468,2,#fc8d62,car
9,1,62,0,2018,7,5,1,3,5,3,1,0,1,0,0,0,0,1,690878946.0,5334270342.0,11.565548703,48.13303655,2,#fc8d62,car
9,1,62,0,2018,7,20,1,3,0,1,1,0,0,0,1,0,0,1,690333.3651,5340219.9475,11.560885137,48.186674685,4,#e78ac3,marker
9,1,62,0,2018,7,20,1,3,1,5,1,0,1,0,0,0,0,0,690631.3825,5340924.6353,11.565206999,48.192918963,2,#fc8d62,car
9,1,62,0,2018,7,4,1,2,5,3,2,0,1,0,0,0,0,1,690897377.0,5333097125.0,11.565270645,48.122486199,2,#fc8d62,car
9,1,62,0,2018,7,13,1,3,5,3,0,0,1,0,0,0,0,1,685964.0641,5334390.9194,11.499607894,48.135575435,2,#fc8d62,car
9,1,62,0,2018,7,18,1,3,3,6,0,1,1,0,0,0,0,1,690447485.0,5336491.0194,11.560748781,48.153125184,1,#66c2a5,bicycle
9,7,62,0,2018,7,14,1,3,5,3,0,0,1,0,0,0,0,0,621941.5843,5305636.4039,10.631338928,47.892465641,2,#fc8d62,car
9,7,61,0,2018,7,7,1,3,0,1,0,1,0,0,0,0,0,1,639081.4143,5358549.1237,10.877789167,48.364781438,1,#66c2a5,bicycle
9,2,61,0,2018,7,7,3,3,6,4,0,0,1,1,0,0,0,0,734095.4199,5381529.0913,12.171829958,48.543137472,2,#fc8d62,car
9,7,61,0,2018,7,1,1,3,5,1,2,0,1,0,0,0,0,1,638853.0339,5355536.8223,10.873713801,48.337745657,2,#fc8d62,car
9,2,61,0,2018,7,11,3,3,9,1,0,1,0,0,0,0,0,0,732061199.0,5379299375.0,12.143069906,48.523863993,1,#66c2a5,bicycle
9,2,74,126,2018,7,16,3,3,0,7,0,1,0,0,0,0,0,0,734094.7557,5385390.3526,12.173992385,48.577821489,1,#66c2a5,bicycle
9,1,73,120,2018,7,19,3,3,4,6,0,1,1,0,0,0,0,0,684038111.0,5313197.3194,11.464636316,47.945631177,1,#66c2a5,bicycle
9,1,90,157,2018,7,12,3,3,6,7,0,0,1,1,0,0,0,0,660500.0771,5300395.2278,11.144900674,47.836857779,2,#fc8d62,car
9,1,83,119,2018,7,12,3,3,0,1,0,1,0,0,0,0,0,0,736252.5024,5339183.8284,12.177249105,48.161955,1,#66c2a5,bicycle
9,1,87,182,2018,7,16,3,3,6,7,0,0,1,1,0,0,0,0,738924.2534,5328191.4014,12.20696571,48.062213202,2,#fc8d62,car
9,1,87,130,2018,7,14,3,2,0,1,0,1,0,0,0,0,0,0,712323.0629,5310305.5908,11.841552868,47.910896979,1,#66c2a5,bicycle
9,1,63,0,2018,7,16,1,3,1,5,0,0,1,0,0,0,0,0,731711.1498,5304097.4912,12.097320949,47.848412602,2,#fc8d62,car
9,1,77,117,2018,7,1,1,3,5,3,2,0,1,0,0,0,0,1,715081.9336,5352929.2597,11.899906891,48.292976104,2,#fc8d62,car
9,1,75,122,2018,7,15,1,2,5,3,0,0,1,0,0,0,0,1,719371964.0,5325252121.0,11.943392991,48.042825275,2,#fc8d62,car
9,1,62,0,2018,7,13,7,3,0,7,0,0,1,0,0,0,0,1,690352118.0,5334416.7504,11.558540509,48.134510251,2,#fc8d62,car
9,1,62,0,2018,7,4,7,3,4,2,2,0,1,0,0,0,0,1,690171.8774,5333721.5743,11.555810106,48.12831588,2,#fc8d62,car
9,1,79,142,2018,7,21,3,3,0,1,1,1,0,0,0,0,0,0,671345782.0,5340900847.0,11.305913565,48.198201499,1,#66c2a5,bicycle
9,1,62,0,2018,7,13,7,3,1,5,0,1,1,0,0,0,0,1,689853.5948,5335322.91,11.552250639,48.142803756,1,#66c2a5,bicycle
9,1,62,0,2018,7,10,7,2,0,1,0,1,0,0,0,0,0,1,689823.4807,5334587.9881,11.551518667,48.136207238,1,#66c2a5,bicycle
9,1,88,121,2018,7,8,3,3,0,2,0,0,0,0,1,0,1,0,670721.2518,5329457.5381,11.292926692,48.095497479,4,#e78ac3,marker
9,1,62,0,2018,7,22,7,2,6,4,2,0,1,1,0,0,0,1,693625.3692,5333702.7953,11.602165488,48.127106029,2,#fc8d62,car
9,1,62,0,2018,7,14,7,2,0,7,0,1,1,0,1,0,0,1,691558.1156,5333861.5984,11.574483927,48.129158759,1,#66c2a5,bicycle
9,1,81,144,2018,7,19,3,3,0,1,0,1,0,0,0,0,0,0,653224.0976,5321424.3049,11.055213177,48.027716159,1,#66c2a5,bicycle
9,1,62,0,2018,7,11,7,2,0,1,0,1,0,0,0,0,0,1,686821.4649,5341436.4463,11.514216275,48.198651361,1,#66c2a5,bicycle
9,1,74,115,2018,7,19,3,3,1,3,0,0,1,0,1,0,0,0,682364.6611,5348594.1245,11.457375493,48.264284129,2,#fc8d62,car
9,1,74,115,2018,7,18,3,3,2,6,0,1,1,0,0,0,0,0,682524.6928,5348075.4398,11.459306084,48.259575857,1,#66c2a5,bicycle
9,1,62,0,2018,7,18,7,3,4,6,0,0,1,0,1,0,0,1,691295.5669,5334347.9597,11.571177394,48.133609087,2,#fc8d62,car
9,1,78,124,2018,7,8,3,3,2,6,0,0,1,0,0,0,0,0,704466.4649,5359112.0254,11.75995544,48.35205432,2,#fc8d62,car
9,1,62,0,2018,7,12,7,3,0,7,0,0,1,0,1,0,0,1,690865.5662,5336662.2387,11.56644123,48.15453876,2,#fc8d62,car
9,1,75,139,2018,7,15,3,3,1,5,0,0,0,0,1,0,1,0,710391459.0,5329034.7335,11.824913771,48.079838799,4,#e78ac3,marker
9,1,62,0,2018,7,16,7,3,3,6,0,0,1,0,1,0,0,0,690925.8126,5336196366.0,11.567041487,48.150333456,2,#fc8d62,car
9,1,78,124,2018,7,15,3,3,0,6,0,1,1,0,0,0,0,0,706756.6217,5363452971.0,11.792964829,48.390316191,1,#66c2a5,bicycle
9,1,77,133,2018,7,6,3,2,4,6,0,0,0,0,1,1,0,0,712089.3236,5356402851.0,11.861356492,48.325197814,4,#e78ac3,marker