ULAND,UREGBEZ,UKREIS,UGEMEINDE,UJAHR,UMONAT,USTUNDE,UWOCHENTAG,UKATEGORIE,UART,UTYP1,ULICHTVERH,IstRad,IstPKW,IstFuss,IstKrad,IstGkfz,IstSonstig,STRZUSTAND,LINREFX,LINREFY,XGCSWGS84,YGCSWGS84,Teilnehmer,color,symbol
9,1,77,117,2018,7,10,3,3,5,3,0,1,1,0,0,0,0,0,716342.6425,5356617.7051,11.918772826,48.325687227,1,#66c2a5,bicycle
9,1,62,0,2018,7,20,2,3,0,1,0,1,0,0,0,0,0,0,690269.3995,5334929.5023,11.557658869,48.1391436,1,#66c2a5,bicycle
9,1,62,0,2018,7,16,2,3,1,6,0,0,1,0,0,1,0,0,690324.7224,5335892.8646,11.558832366,48.147785737,2,#fc8d62,car
9,7,62,0,2018,7,15,7,3,0,3,0,1,0,0,0,0,0,0,621746.4764,5304928.9048,10.628530313,47.886139637,1,#66c2a5,bicycle
9,1,62,0,2018,7,19,2,3,0,2,0,0,0,0,1,0,1,0,688832.3604,5332408.1512,11.537244269,48.116909397,4,#e78ac3,marker
9,7,77,121,2018,7,10,7,3,0,3,0,1,0,0,0,0,0,1,628199.6227,5321101.3134,10.719632151,48.030325023,1,#66c2a5,bicycle
9,1,62,0,2018,7,18,2,3,4,6,0,1,0,0,0,0,0,0,692937.7737,5336409.1408,11.594160604,48.151638725,1,#66c2a5,bicycle
9,1,62,0,2018,7,18,2,3,5,3,0,1,1,0,0,0,0,0,686222714.0,5332810.8447,11.502390584,48.12129747,1,#66c2a5,bicycle
9,7,61,0,2018,7,11,7,3,5,3,0,0,1,0,0,0,0,1,644225.0173,5358130.8233,10.947050478,48.359866111,2,#fc8d62,car
9,1,62,0,2018,7,8,2,3,6,4,0,1,0,1,0,1,0,0,691474.6589,5333960.3566,11.573407842,48.130071497,1,#66c2a5,bicycle
9,7,61,0,2018,7,12,7,3,9,1,0,0,1,1,0,0,0,1,640444.7769,5359564.3209,10.896525032,48.3736079,2,#fc8d62,car
9,1,62,0,2018,7,12,2,3,3,6,0,1,1,0,0,0,0,0,688293.5128,5330525.4041,11.529180392,48.100146375,1,#66c2a5,bicycle
9,1,62,0,2018,7,18,2,3,6,2,0,0,1,1,0,0,0,0,680407.3363,5334741.2739,11.425136837,48.140324304,2,#fc8d62,car
9,1,62,0,2018,7,19,2,3,5,7,0,1,0,0,1,0,0,1,691283.0763,5336966.4493,11.572186098,48.157147527,1,#66c2a5,bicycle
9,1,62,0,2018,7,18,2,3,5,3,0,1,0,0,0,0,0,0,691387.9552,5335706.1865,11.573028232,48.1457889,1,#66c2a5,bicycle
9,1,62,0,2018,7,13,2,3,0,6,0,0,1,0,0,0,1,0,690300.7409,5334947518.0,11.558087784,48.139296153,2,#fc8d62,car
9,1,62,0,2018,7,9,2,2,4,2,0,0,1,0,1,0,0,0,693169416.0,5339813937.0,11.598818416,48.182169583,2,#fc8d62,car
9,1,62,0,2018,7,7,2,3,1,3,0,1,1,0,0,0,0,0,690272281.0,5334929.8624,11.557697724,48.139145975,1,#66c2a5,bicycle
9,1,62,0,2018,7,17,2,3,6,4,0,1,0,1,0,0,0,0,686264.1216,5336195.0143,11.504426278,48.151703536,1,#66c2a5,bicycle
9,1,84,122,2018,7,9,2,3,0,6,0,0,1,0,1,0,0,1,688095.2952,5323494.6743,11.523427454,48.037010382,2,#fc8d62,car
9,1,62,0,2018,7,20,2,3,0,7,1,1,1,0,0,0,0,1,686709.3933,5329038.0562,11.507273109,48.087243636,1,#66c2a5,bicycle
9,1,62,0,2018,7,9,2,3,6,4,0,0,0,1,1,0,0,0,694587.9533,5335955.6046,11.616117012,48.147059842,3,#8da0cb,toilet
9,1,62,0,2018,7,18,2,3,6,7,0,1,0,1,0,0,0,0,692180.5608,5333508.7112,11.582681474,48.125799448,1,#66c2a5,bicycle
9,1,62,0,2018,7,10,2,3,6,2,0,0,1,1,0,0,0,0,690506.6419,5334967.9266,11.560861838,48.139417973,2,#fc8d62,car
9,1,62,0,2018,7,9,2,3,5,2,0,1,1,0,0,0,0,0,691725.1088,5338061.3698,11.578617377,48.166855352,1,#66c2a5,bicycle
9,7,72,148,2018,7,16,2,3,5,3,0,1,1,0,0,0,0,0,628215.0055,5354111.6919,10.729799074,48.32717847,1,#66c2a5,bicycle
9,2,61,0,2018,7,15,7,3,2,2,0,0,1,0,0,0,0,0,731697.9842,5381881.7139,12.13959355,48.547194836,2,#fc8d62,car
9,7,72,166,2018,7,21,2,2,8,1,2,0,0,0,1,0,0,0,631852.6348,5381221.2956,10.787388433,48.570202926,4,#e78ac3,marker
9,7,72,147,2018,7,11,2,3,5,3,0,1,1,0,0,0,0,0,638518.6372,5364729.49,10.872233478,48.420477591,1,#66c2a5,bicycle
9,2,61,0,2018,7,15,7,3,5,3,0,1,1,0,0,0,0,0,732013.5175,5381996.11,12.143926157,48.548105826,1,#66c2a5,bicycle
9,7,61,0,2018,7,19,2,3,0,1,0,1,0,0,0,0,0,0,638859.1052,5355854.7107,10.873900477,48.340602724,1,#66c2a5,bicycle
9,7,61,0,2018,7,17,2,3,2,6,0,1,1,0,0,0,0,0,640487.2053,5358049.3964,10.896591627,48.359976748,1,#66c2a5,bicycle
9,1,73,120,2018,7,11,7,3,8,1,0,0,0,0,0,0,1,1,691380641.0,5312871.78,11.56272281,47.940553785,6,#ffd92f,circle
9,1,79,134,2018,7,0,7,2,0,1,2,1,0,0,0,0,0,1,663457.8189,5341860813.0,11.200212966,48.208911452,1,#66c2a5,bicycle
9,1,78,145,2018,7,23,7,3,1,1,2,0,1,0,0,0,0,1,698938.2799,5355660.0175,11.683790597,48.322797322,2,#fc8d62,car
9,1,78,145,2018,7,9,7,2,6,1,0,0,1,1,0,0,0,1,697484.9047,5354551.4974,11.663686814,48.31329073,2,#fc8d62,car
9,1,77,130,2018,7,16,7,3,5,3,0,1,1,0,0,0,0,0,709714.2068,5350850.3963,11.826595882,48.276097177,1,#66c2a5,bicycle
9,1,77,117,2018,7,18,7,3,4,6,0,1,1,0,0,0,0,0,716883.4448,5354350.4215,11.924893537,48.305130512,1,#66c2a5,bicycle
9,1,77,117,2018,7,14,7,3,0,1,0,1,0,0,0,0,0,1,715560.2755,5354252.7046,11.907023293,48.304704704,1,#66c2a5,bicycle
9,1,62,0,2018,7,7,6,3,2,5,0,1,1,0,0,0,0,0,690586.2396,5335515.1841,11.562175636,48.144312865,1,#66c2a5,bicycle
9,1,62,0,2018,7,19,6,3,1,5,0,1,1,0,0,0,0,0,691410.9993,5336351.3994,11.573627835,48.151581055,1,#66c2a5,bicycle
9,1,62,0,2018,7,22,6,3,9,1,2,1,0,0,0,0,0,1,694464.1578,5334802.2785,11.613927785,48.136732077,1,#66c2a5,bicycle
9,1,62,0,2018,7,8,6,3,3,2,0,1,1,0,0,0,0,0,693786.0333,5333203214.0,11.604095241,48.122567061,1,#66c2a5,bicycle
9,1,62,0,2018,7,13,6,3,0,3,0,1,0,0,1,0,0,0,689686.8404,5334719.3236,11.549742385,48.137428431,1,#66c2a5,bicycle
9,1,62,0,2018,7,14,6,3,5,3,0,1,1,0,0,0,0,0,687850.5184,5343622.1607,11.529018849,48.217993166,1,#66c2a5,bicycle
9,1,62,0,2018,7,8,6,3,5,3,0,1,1,0,0,0,0,0,690901.4491,5334268682.0,11.565850103,48.133014881,1,#66c2a5,bicycle
9,1,62,0,2018,7,8,6,3,3,6,0,1,0,0,0,0,0,0,691788.4419,5335552.8728,11.578337684,48.144290332,1,#66c2a5,bicycle
9,1,62,0,2018,7,7,6,3,1,1,0,0,1,0,0,0,1,0,691372.0076,5342541.2873,11.575891518,48.207226337,2,#fc8d62,car
9,1,62,0,2018,7,23,6,3,0,1,2,1,0,0,0,0,0,1,691219.1402,5337356.0191,11.57150234,48.160668157,1,#66c2a5,bicycle
9,1,62,0,2018,7,8,6,3,5,3,0,0,1,0,1,0,0,0,692719.2667,5330084.8481,11.588366565,48.094863543,2,#fc8d62,car
9,1,87,134,2018,7,9,5,3,0,1,0,1,0,0,0,0,0,0,737078.2293,5320520.0147,12.17798328,47.993987579,1,#66c2a5,bicycle
9,1,63,0,2018,7,8,5,3,5,3,0,1,1,0,0,0,0,0,733509.9566,5305935.8452,12.122321514,47.864277624,1,#66c2a5,bicycle
9,1,87,165,2018,7,8,5,3,0,7,0,1,0,0,0,0,0,0,729911.0724,5298427.6865,12.070286745,47.798118401,1,#66c2a5,bicycle
9,1,87,150,2018,7,20,5,3,5,3,0,1,1,0,0,0,0,0,729110.9748,5304429.6447,12.062791486,47.852328766,1,#66c2a5,bicycle
9,1,86,143,2018,7,10,5,3,5,7,0,1,1,0,0,0,0,0,683987.3726,5377778.6209,11.492005568,48.526127851,1,#66c2a5,bicycle
9,1,79,121,2018,7,8,5,3,5,3,0,0,1,0,0,0,0,0,665875.5756,5337542.1048,11.231044883,48.169458793,2,#fc8d62,car
9,1,81,114,2018,7,17,5,3,1,7,0,1,1,0,0,0,0,0,657203.3936,5312718.9971,11.105363906,47.948478767,1,#66c2a5,bicycle
9,1,62,0,2018,7,19,4,3,5,3,0,1,1,0,0,0,0,0,682857.8383,5336694.1743,11.458885526,48.15717875,1,#66c2a5,bicycle
9,1,62,0,2018,7,18,4,3,5,3,0,1,1,0,0,0,0,1,686712.5242,5343508.6409,11.513663483,48.217308692,1,#66c2a5,bicycle
9,1,62,0,2018,7,10,4,3,5,3,0,1,1,0,0,0,0,0,689692.5307,5334648.8626,11.549787416,48.136793428,1,#66c2a5,bicycle
9,1,62,0,2018,7,9,4,3,1,6,0,0,1,0,0,0,0,0,683587.0536,5335453.0115,11.468146473,48.14581234,2,#fc8d62,car
9,1,62,0,2018,7,8,4,3,2,6,0,0,1,0,1,0,0,0,692322.4587,5337519.8897,11.586398141,48.161808227,2,#fc8d62,car
9,1,62,0,2018,7,9,4,3,5,2,0,1,1,0,0,0,0,0,691347.9117,5338306.0572,11.573659663,48.16916821,1,#66c2a5,bicycle
9,1,62,0,2018,7,18,4,3,5,2,0,0,1,0,1,0,0,1,690505.3762,5337389.7065,11.561928749,48.161185189,2,#fc8d62,car
9,1,62,0,2018,7,10,4,3,1,5,0,1,1,0,0,0,0,0,690269.3149,5334929.4918,11.557657728,48.139143531,1,#66c2a5,bicycle
9,1,62,0,2018,7,23,4,3,0,1,2,1,0,0,0,0,0,0,691842.6107,5330302.5376,11.576702603,48.097084616,1,#66c2a5,bicycle
9,1,62,0,2018,7,1,4,2,1,7,2,1,1,0,0,0,0,0,688702.3889,5334414.6468,11.536388049,48.13498264,1,#66c2a5,bicycle
9,7,73,188,2018,7,22,6,2,0,7,2,1,0,0,0,0,0,0,620776.2695,5376648.0819,10.635977879,48.53131018,1,#66c2a5,bicycle
9,1,62,0,2018,7,17,4,2,5,3,0,1,0,0,1,0,0,0,693753.8379,5337676.3892,11.605698377,48.162780216,1,#66c2a5,bicycle
9,1,62,0,2018,7,9,4,2,5,3,0,0,1,0,0,0,1,0,693731.1344,5340312.6767,11.606594848,48.18648102,2,#fc8d62,car
9,1,62,0,2018,7,19,4,3,3,7,0,1,0,0,0,0,0,0,692288.1937,5338060.2028,11.586182097,48.166674792,1,#66c2a5,bicycle
9,7,61,0,2018,7,19,6,3,0,1,0,1,0,0,0,0,0,0,640998.2273,5352746.2758,10.901711704,48.3121788,1,#66c2a5,bicycle
9,1,62,0,2018,7,21,4,3,5,3,2,1,1,0,0,0,0,0,691040.02,5333902101.0,11.567546295,48.129678496,1,#66c2a5,bicycle
9,1,62,0,2018,7,5,4,3,9,1,0,0,1,0,0,0,0,0,685305.5199,5337686.5607,11.492199663,48.165390188,2,#fc8d62,car
9,7,61,0,2018,7,17,6,3,5,2,0,0,1,0,0,0,1,0,639234.4955,5360764.4101,10.880588494,48.384666988,2,#fc8d62,car
9,7,61,0,2018,7,21,6,3,5,3,2,1,1,0,0,0,0,0,637424.2843,5361735.1536,10.856469655,48.393792731,1,#66c2a5,bicycle
9,1,62,0,2018,7,10,4,3,4,6,0,1,1,0,0,0,0,0,686365.8742,5336571.5161,11.50595792,48.155057852,1,#66c2a5,bicycle
9,7,61,0,2018,7,13,6,3,5,7,0,1,1,0,0,0,0,0,641775.4247,5361962.7498,10.915292566,48.394875953,1,#66c2a5,bicycle
9,1,62,0,2018,7,19,4,2,5,3,0,1,1,0,0,0,0,1,689670.0965,5336029.3703,11.550101088,48.149208177,1,#66c2a5,bicycle
9,7,61,0,2018,7,11,6,3,5,3,0,0,1,0,0,0,1,0,643094324.0,5360075.5326,10.93245678,48.377609216,2,#fc8d62,car
9,1,62,0,2018,7,8,4,3,6,4,0,0,1,1,0,0,0,0,688148254.0,5327978.3161,11.526109103,48.07729532,2,#fc8d62,car
9,1,84,130,2018,7,13,4,3,2,6,0,1,0,0,0,0,0,0,699037.4341,5344929176.0,11.680074869,48.226329297,1,#66c2a5,bicycle
9,7,61,0,2018,7,15,6,3,0,3,0,0,1,0,0,0,0,0,640968.4659,5351262.4837,10.900814871,48.29884355,2,#fc8d62,car
9,1,62,0,2018,7,14,4,2,5,3,0,1,1,0,0,0,0,0,692350.0223,5332333.1199,11.584426051,48.115182251,1,#66c2a5,bicycle
9,7,61,0,2018,7,14,6,3,0,4,0,0,0,1,1,0,0,0,641347.8386,5358342.7469,10.908302139,48.362422353,3,#8da0cb,toilet
9,1,62,0,2018,7,19,4,3,0,2,0,0,1,0,1,0,0,1,691489.1919,5336766.5069,11.574864856,48.155288443,2,#fc8d62,car
9,1,62,0,2018,7,10,4,3,5,7,0,1,1,0,0,0,0,0,688695.5117,5337850.9418,11.537819082,48.165870511,1,#66c2a5,bicycle
9,7,61,0,2018,7,19,6,3,3,2,0,1,1,0,0,0,0,0,641029.9424,5358630.6281,10.904109283,48.365081975,1,#66c2a5,bicycle
9,7,72,177,2018,7,5,4,3,0,1,1,1,0,0,0,0,0,0,636249.9141,5378344.8364,10.846024442,48.543398324,1,#66c2a5,bicycle
9,7,71,130,2018,7,16,4,3,4,1,0,1,0,0,0,0,0,0,647417.3898,5360296.3796,10.990880151,48.378599687,1,#66c2a5,bicycle
9,7,61,0,2018,7,8,4,3,3,6,0,1,1,0,0,0,0,0,638341004.0,5358853464.0,10.867898256,48.367680714,1,#66c2a5,bicycle
9,7,61,0,2018,7,19,4,3,5,3,0,0,1,0,0,0,0,0,638851.5055,5359235.9974,10.874913588,48.371008274,2,#fc8d62,car
9,7,61,0,2018,7,21,4,3,0,1,1,1,0,0,0,0,0,0,639559989.0,5358809.3388,10.884333292,48.3670156,1,#66c2a5,bicycle
9,7,61,0,2018,7,13,4,3,3,1,0,1,1,0,0,0,0,0,636639.5803,5352932.6305,10.843016989,48.314811293,1,#66c2a5,bicycle
9,7,61,0,2018,7,16,4,3,1,1,0,1,1,0,0,0,0,0,640160.3133,5359513.3577,10.892668912,48.373212901,1,#66c2a5,bicycle
9,7,61,0,2018,7,18,4,3,0,7,0,1,0,0,0,0,0,0,640836218.0,5359087.6569,10.901648262,48.369234669,1,#66c2a5,bicycle
9,1,63,0,2018,7,15,6,3,5,7,0,1,1,0,0,0,0,0,732501.9609,5302080.3552,12.10679262,47.830004753,1,#66c2a5,bicycle
9,1,82,120,2018,7,13,6,2,2,6,0,1,1,0,0,0,0,0,701675.4264,5306094.0968,11.697253895,47.876483062,1,#66c2a5,bicycle
9,1,86,143,2018,7,10,6,3,5,3,0,1,1,0,0,0,0,0,685010.8498,5378138.6481,11.506013968,48.529062889,1,#66c2a5,bicycle
9,1,79,145,2018,7,9,6,3,0,1,0,1,0,0,0,0,0,0,674910122.0,5338864322.0,11.353001033,48.178922772,1,#66c2a5,bicycle
9,1,79,111,2018,7,23,6,3,0,7,2,1,0,0,0,0,0,0,657090.9152,5338856.4644,11.113461776,48.183507885,1,#66c2a5,bicycle
9,1,74,115,2018,7,0,6,3,8,1,2,0,0,0,1,0,0,0,682602.2217,5346194.9667,11.459538508,48.242650905,4,#e78ac3,marker
9,1,74,118,2018,7,9,6,3,6,4,0,0,1,1,0,0,0,0,670674112.0,5355775.2195,11.302884136,48.332095763,2,#fc8d62,car
9,1,77,117,2018,7,13,6,3,5,2,0,1,1,0,0,0,0,0,714861.7663,5353248.1351,11.897104585,48.295916042,1,#66c2a5,bicycle
9,1,78,120,2018,7,20,6,3,0,1,0,1,0,0,0,0,0,0,694405.4111,5353183.8367,11.621565963,48.301953254,1,#66c2a5,bicycle
9,1,78,124,2018,7,13,6,3,2,5,0,0,1,0,0,0,0,0,703987.5625,5365141.8841,11.756424804,48.406394554,2,#fc8d62,car
9,1,77,117,2018,7,18,6,3,5,3,0,1,1,0,0,0,0,0,715273016.0,5350598731.0,11.90129268,48.2719709,1,#66c2a5,bicycle
9,1,62,0,2018,7,17,5,3,1,7,0,1,0,0,0,0,1,0,693265.9809,5336354.7372,11.598544133,48.15105012,1,#66c2a5,bicycle
9,1,62,0,2018,7,13,5,3,6,2,0,0,1,1,0,0,0,0,687849.7121,5338153.1431,11.52658868,48.168837235,2,#fc8d62,car
9,1,62,0,2018,7,9,5,3,5,2,0,1,1,0,0,0,0,0,689942.1706,5336609.7803,11.554014363,48.154343718,1,#66c2a5,bicycle
9,1,62,0,2018,7,14,5,3,5,3,0,1,1,0,0,0,0,0,687380.3963,5339922.0356,11.52106255,48.184874901,1,#66c2a5,bicycle
9,2,61,0,2018,7,12,5,3,2,6,0,0,1,0,1,0,0,0,731378.0058,5383167.5952,12.135978943,48.558863775,2,#fc8d62,car
9,1,62,0,2018,7,1,5,3,1,1,2,0,0,0,1,0,1,0,689892688.0,5340874.9848,11.555254928,48.192693996,4,#e78ac3,marker
9,1,62,0,2018,7,19,5,2,1,5,0,1,1,0,0,0,0,0,700455562.0,5331210765.0,11.69268299,48.10259601,1,#66c2a5,bicycle
9,2,61,0,2018,7,12,5,3,3,6,0,0,1,0,1,0,0,0,731674.6261,5382082.2248,12.139389053,48.549004612,2,#fc8d62,car
9,1,62,0,2018,7,14,5,3,5,3,0,1,1,0,0,0,0,0,691454.8097,5334591.3464,11.573424897,48.135748737,1,#66c2a5,bicycle
9,1,83,119,2018,7,17,4,3,2,6,0,0,1,0,0,0,0,1,735880.4435,5339350.5095,12.17234584,48.163590435,2,#fc8d62,car
9,1,62,0,2018,7,18,5,3,0,1,0,1,0,0,0,0,0,0,691668.9947,5333748.2139,11.57592155,48.128106295,1,#66c2a5,bicycle
9,2,61,0,2018,7,17,5,3,5,3,0,0,1,0,0,0,0,0,731737.3139,5381908.1137,12.140140334,48.547417454,2,#fc8d62,car
9,1,62,0,2018,7,13,5,3,3,2,0,1,1,0,0,0,0,0,689726646.0,5333346717.0,11.549665709,48.125079494,1,#66c2a5,bicycle
9,1,62,0,2018,7,12,5,2,5,3,0,1,0,0,0,0,0,0,694165.3627,5334606.4644,11.609826545,48.135063408,1,#66c2a5,bicycle
9,1,62,0,2018,7,10,5,3,6,4,0,0,1,1,0,0,0,0,690578.4247,5335039.5572,11.561857823,48.140040291,2,#fc8d62,car
9,1,90,157,2018,7,12,5,2,0,3,0,0,1,0,0,0,1,0,660137.7642,5300756.3514,11.140195861,47.840195033,2,#fc8d62,car
9,1,62,0,2018,7,11,5,3,4,6,0,1,0,0,0,0,1,0,688039.8652,5343568.0335,11.53154143,48.217450587,1,#66c2a5,bicycle
9,1,62,0,2018,7,19,5,3,2,6,0,0,1,0,1,0,0,0,693432.5647,5340351.1111,11.602599487,48.186917434,2,#fc8d62,car
9,1,62,0,2018,7,19,5,3,5,3,0,0,1,0,0,0,0,0,686086.4953,5337617.7433,11.502662625,48.164543513,2,#fc8d62,car
9,1,62,0,2018,7,7,5,3,3,6,0,1,0,0,0,0,0,0,689631.3281,5337316.2439,11.550153852,48.160786186,1,#66c2a5,bicycle
9,1,62,0,2018,7,16,5,3,3,2,0,0,1,0,1,0,0,0,691480.4263,5332888895.0,11.573003929,48.120439566,2,#fc8d62,car
9,1,62,0,2018,7,18,5,3,5,3,0,1,1,0,0,0,0,0,688256.5962,5333770.6177,11.53011756,48.129326007,1,#66c2a5,bicycle
9,1,62,0,2018,7,10,5,3,1,7,0,1,1,0,0,0,0,0,690754.4131,5336625.2046,11.564931583,48.154239249,1,#66c2a5,bicycle
9,1,88,137,2018,7,17,4,3,0,1,0,0,0,0,1,0,0,0,671679.4878,5315140.3481,11.300048244,47.966530479,4,#e78ac3,marker
9,1,88,139,2018,7,17,4,3,0,1,0,1,0,0,0,0,0,0,674823774.0,5319689123.0,11.343988962,48.006571504,1,#66c2a5,bicycle
9,1,81,130,2018,7,19,4,3,0,7,0,1,0,1,0,0,0,0,638946.1174,5324871.0753,10.864930244,48.061976484,1,#66c2a5,bicycle
9,1,79,128,2018,7,2,4,2,9,1,2,1,0,0,0,0,0,0,656107.4696,5343152.3081,11.101820204,48.222373432,1,#66c2a5,bicycle
9,1,79,131,2018,7,15,4,2,0,1,0,1,0,0,0,0,0,0,658433.2854,5332247.2818,11.129048073,48.12375322,1,#66c2a5,bicycle
9,1,74,115,2018,7,12,4,3,0,1,0,1,0,0,0,0,0,0,680206869.0,5347538309.0,11.427876692,48.255411193,1,#66c2a5,bicycle
9,7,72,147,2018,7,14,5,3,2,6,0,0,1,0,0,1,0,0,638186.6015,5366549.8139,10.868348236,48.43691836,2,#fc8d62,car
9,1,74,126,2018,7,9,4,3,0,1,0,1,0,0,0,0,0,0,683030.0714,5343672.9046,11.46420653,48.219858007,1,#66c2a5,bicycle
9,7,72,171,2018,7,17,5,1,5,3,0,0,1,0,1,0,0,0,637784445.0,5371242.7481,10.864458986,48.479203956,2,#fc8d62,car
9,1,78,124,2018,7,11,4,3,0,1,0,0,1,0,1,0,0,0,703061.0481,5364792.1337,11.743750869,48.403550726,2,#fc8d62,car
9,1,62,0,2018,7,17,3,3,1,3,0,1,1,0,0,0,0,0,687882388.0,5330245.3192,11.523540389,48.097750248,1,#66c2a5,bicycle
9,7,71,145,2018,7,13,5,3,8,1,0,0,1,0,0,0,0,0,645063.8064,5346223.6012,10.954274115,48.252610692,2,#fc8d62,car
9,1,62,0,2018,7,19,3,3,5,3,0,1,1,0,0,0,0,0,694194.4951,5334571.2988,11.61020167,48.134738464,1,#66c2a5,bicycle
9,7,61,0,2018,7,8,5,3,2,6,0,0,1,0,0,0,0,0,638683783.0,5360393856.0,10.873032074,48.381456366,2,#fc8d62,car
9,7,61,0,2018,7,23,5,3,0,1,2,1,0,0,0,0,0,0,638631.6494,5356090.1866,10.870910178,48.342770039,1,#66c2a5,bicycle
9,1,62,0,2018,7,11,3,3,6,4,0,0,1,1,0,0,0,0,691162903.0,5331813.4,11.568259578,48.110868473,2,#fc8d62,car
9,7,61,0,2018,7,10,5,3,3,6,0,1,0,0,0,0,1,0,640256.0429,5358573.0948,10.893647282,48.364737082,1,#66c2a5,bicycle
9,1,62,0,2018,7,16,3,3,5,2,0,1,1,0,0,0,0,0,687368.3268,5339013.3627,11.520499663,48.17671114,1,#66c2a5,bicycle
9,1,62,0,2018,7,10,3,3,5,2,0,1,1,0,0,0,0,0,693934.76,5331205931.0,11.605183508,48.104570808,1,#66c2a5,bicycle
9,1,62,0,2018,7,21,3,3,3,6,2,1,0,0,0,0,0,0,690517.3905,5339758.6729,11.563151731,48.18247364,1,#66c2a5,bicycle
9,1,62,0,2018,7,17,3,3,4,2,0,1,1,0,0,0,0,0,691064.9716,5330102.2321,11.566179105,48.095517901,1,#66c2a5,bicycle
9,1,62,0,2018,7,18,3,3,0,7,0,0,0,0,0,0,1,0,691812.5059,5342959.4271,11.582003471,48.210851511,6,#ffd92f,circle
9,1,62,0,2018,7,15,3,3,5,3,0,1,1,0,0,0,0,0,687790.7567,5337532.9942,11.525522687,48.163280649,1,#66c2a5,bicycle
9,1,62,0,2018,7,13,3,3,5,3,0,1,1,0,0,0,0,0,690698.7433,5337054.0599,11.564376008,48.158110461,1,#66c2a5,bicycle
9,1,62,0,2018,7,17,3,3,5,2,0,1,0,0,0,0,1,0,691464.3475,5340001865.0,11.575988007,48.184374745,1,#66c2a5,bicycle
9,1,62,0,2018,7,14,3,3,0,6,0,0,0,0,1,0,0,0,697886.1736,5333774.7505,11.659397317,48.126442531,4,#e78ac3,marker
9,1,62,0,2018,7,6,3,3,3,7,0,1,0,0,0,0,1,0,693545.0014,5334996.2937,11.601674167,48.138756036,1,#66c2a5,bicycle
9,1,62,0,2018,7,10,3,3,5,3,0,1,1,0,0,0,0,0,690735164.0,5335751.4965,11.56428151,48.146392196,1,#66c2a5,bicycle
9,1,62,0,2018,7,16,3,3,3,6,0,1,1,0,0,0,0,0,690467.1035,5335650682.0,11.560636286,48.145566394,1,#66c2a5,bicycle
9,1,88,126,2018,7,15,3,2,0,1,0,1,0,0,0,0,0,0,660941.9556,5326050.1868,11.160398837,48.067408178,1,#66c2a5,bicycle
9,1,62,0,2018,7,19,1,3,5,3,0,0,1,0,1,0,0,0,689060675.0,5333350.05,11.540726593,48.125307575,2,#fc8d62,car
9,1,62,0,2018,7,19,1,3,0,1,0,0,0,0,1,0,0,0,692198.1221,5337020.9223,11.584502381,48.157361219,4,#e78ac3,marker
9,1,62,0,2018,7,15,2,3,2,6,0,1,1,0,0,0,0,0,693507238.0,5331529221.0,11.599593231,48.107606454,1,#66c2a5,bicycle
9,7,61,0,2018,7,14,2,3,3,2,0,1,1,0,0,0,0,0,640120.8418,5357303.9666,10.891400284,48.353355471,1,#66c2a5,bicycle
9,7,72,147,2018,7,16,1,3,0,7,0,1,0,0,0,0,0,0,639103.3747,5367636.5662,10.881097417,48.446488179,1,#66c2a5,bicycle
9,7,71,146,2018,7,11,1,3,0,6,0,0,1,0,1,0,0,0,647763.5354,5347946.8155,10.991223666,48.267480974,2,#fc8d62,car
9,7,61,0,2018,7,13,1,3,1,1,0,0,1,0,1,0,0,0,638348834.0,5360216591.0,10.868452479,48.379935978,2,#fc8d62,car
9,7,61,0,2018,7,23,1,3,0,1,2,1,0,0,0,0,0,0,638902.0295,5357587.6351,10.875051149,48.356175427,1,#66c2a5,bicycle
9,1,62,0,2018,7,14,2,2,4,6,0,1,0,0,0,0,0,0,691962.8067,5333665.9449,11.579829011,48.12727834,1,#66c2a5,bicycle
9,7,61,0,2018,7,13,1,3,2,1,0,1,0,0,0,0,0,0,639380.3614,5358681.9147,10.881867102,48.365909525,1,#66c2a5,bicycle
9,7,71,113,2018,7,18,1,2,4,6,0,0,1,0,1,0,0,0,654973.2132,5365274.9754,11.094690525,48.421549441,2,#fc8d62,car
9,1,62,0,2018,7,15,2,3,3,2,0,1,1,0,0,0,0,1,693618.8247,5334645.8845,11.602506175,48.135584213,1,#66c2a5,bicycle
9,7,71,113,2018,7,22,1,3,0,1,2,0,0,0,1,0,0,0,649519.1665,5367616.2132,11.021854989,48.443917309,4,#e78ac3,marker
9,1,62,0,2018,7,18,2,3,5,3,0,0,1,0,1,0,0,0,687418.6174,5339466.9334,11.521375524,48.180773087,2,#fc8d62,car
9,7,78,111,2018,7,8,2,2,5,3,0,0,1,0,1,0,0,0,625171.78,5324535927.0,10.680040343,48.061813978,2,#fc8d62,car
9,1,88,121,2018,7,21,3,3,8,7,2,1,0,0,0,0,0,0,670968.3067,5329991093.0,11.296455794,48.100227796,1,#66c2a5,bicycle
9,1,62,0,2018,7,16,2,3,0,7,0,1,0,0,0,0,0,0,684254.9496,5330913.9843,11.475154769,48.104819842,1,#66c2a5,bicycle
9,2,61,0,2018,7,14,1,3,2,6,0,0,1,0,1,0,0,0,732100.4665,5379443.8912,12.143681336,48.525147641,2,#fc8d62,car
9,1,62,0,2018,7,18,2,3,6,4,0,1,0,1,0,0,0,0,687466.0916,5335675.1688,11.520342333,48.146677908,1,#66c2a5,bicycle