ULAND,UREGBEZ,UKREIS,UGEMEINDE,UJAHR,UMONAT,USTUNDE,UWOCHENTAG,UKATEGORIE,UART,UTYP1,ULICHTVERH,IstRad,IstPKW,IstFuss,IstKrad,IstGkfz,IstSonstig,STRZUSTAND,LINREFX,LINREFY,XGCSWGS84,YGCSWGS84,Teilnehmer,color,symbol
9,1,73,137,2018,7,13,1,3,0,7,0,1,0,0,0,0,0,0,677603.1789,5308150.1189,11.37645766,47.902075516,1,#66c2a5,bicycle
9,7,72,125,2018,7,7,2,3,5,3,0,1,1,0,0,0,0,0,635921.8709,5348984.6897,10.832070549,48.279465648,1,#66c2a5,bicycle
9,1,62,0,2018,7,12,6,2,1,5,0,1,1,0,0,0,0,0,692325.2584,5336970.2933,11.586187301,48.15686774,1,#66c2a5,bicycle
9,1,62,0,2018,7,9,2,3,3,7,0,1,1,0,0,0,0,0,689684.7058,5333299.1868,11.549081516,48.124664787,1,#66c2a5,bicycle
9,1,62,0,2018,7,14,6,2,4,2,0,0,1,0,1,0,0,0,691540894.0,5337033.23,11.575679407,48.157670138,2,#fc8d62,car
9,1,62,0,2018,7,10,6,3,5,2,0,1,1,0,0,0,0,0,693366.2762,5336115796.0,11.599782661,48.148872111,1,#66c2a5,bicycle
9,7,61,0,2018,7,8,2,3,0,1,0,1,0,0,0,0,0,0,640298.7467,5358753.5355,10.8942837,48.366350059,1,#66c2a5,bicycle
9,1,62,0,2018,7,0,6,3,8,1,2,1,0,0,0,0,0,0,690926.5666,5334406.5763,11.566249145,48.134246733,1,#66c2a5,bicycle
9,1,62,0,2018,7,17,2,3,5,3,0,1,1,0,0,0,0,0,687818.2963,5344669711.0,11.52904955,48.227418153,1,#66c2a5,bicycle
9,1,87,182,2018,7,19,1,2,0,7,0,1,0,0,0,0,0,0,738369.0636,5326725.7763,12.198709293,48.049255032,1,#66c2a5,bicycle
9,1,81,130,2018,7,17,3,3,0,1,0,1,0,0,0,0,0,0,639639.4134,5323271.2177,10.873708294,48.047438734,1,#66c2a5,bicycle
9,1,87,122,2018,7,21,1,3,0,1,2,1,0,0,0,0,0,0,717995.6522,5308748.5709,11.916582868,47.895003463,1,#66c2a5,bicycle
9,1,87,117,2018,7,21,1,3,3,6,2,1,1,0,0,0,0,0,725239.0399,5305436.0957,12.011629519,47.862740138,1,#66c2a5,bicycle
9,1,87,117,2018,7,11,1,3,0,1,0,1,0,0,0,0,0,0,725163.5806,5305739.3829,12.010779948,47.86549161,1,#66c2a5,bicycle
9,1,81,130,2018,7,10,1,3,0,1,0,1,0,0,0,0,0,0,639230.7942,5324334.5426,10.868574402,48.057089753,1,#66c2a5,bicycle
9,1,62,0,2018,7,20,2,3,3,6,0,1,1,0,0,0,0,0,692556.3363,5334905.0022,11.588357145,48.138235471,1,#66c2a5,bicycle
9,1,81,144,2018,7,10,1,3,5,2,0,1,1,0,0,0,0,0,656172.7635,5319844723.0,11.094161345,48.012799777,1,#66c2a5,bicycle
9,1,74,115,2018,7,12,1,3,0,1,0,1,0,0,0,0,0,0,683302833.0,5347703.7069,11.469619486,48.256009941,1,#66c2a5,bicycle
9,1,63,0,2018,7,10,2,3,2,6,0,0,1,0,0,0,0,0,733952.9544,5305425.5037,12.127959733,47.859531581,2,#fc8d62,car
9,1,78,143,2018,7,10,1,3,8,1,0,1,0,0,0,0,0,0,717493.8673,5372099.6443,11.942299841,48.464393194,1,#66c2a5,bicycle
9,1,75,132,2018,7,13,3,2,3,6,0,0,1,0,0,1,0,0,705293.0999,5334761.0789,11.759296801,48.132960879,2,#fc8d62,car
9,1,62,0,2018,7,21,7,2,0,1,2,1,0,0,0,0,0,0,689991.8475,5334104.2857,11.553563731,48.131809463,1,#66c2a5,bicycle
9,7,77,155,2018,7,9,2,3,5,3,0,0,1,0,0,0,0,0,626749.6529,5310521.5304,10.697069176,47.935467758,2,#fc8d62,car
9,1,62,0,2018,7,0,7,3,0,3,2,0,1,0,1,0,0,0,690769.8488,5339999.3696,11.566652751,48.184561237,2,#fc8d62,car
9,1,82,120,2018,7,16,2,2,5,3,0,1,1,0,0,0,0,0,701322.3813,5307397118.0,11.693144954,47.888304639,1,#66c2a5,bicycle
9,1,62,0,2018,7,19,7,3,5,3,0,1,1,0,0,0,0,0,690667087.0,5338432.2029,11.564568565,48.170506576,1,#66c2a5,bicycle
9,1,62,0,2018,7,21,7,3,1,7,1,1,1,0,0,0,0,0,691952.1337,5337997548.0,11.58163874,48.166213226,1,#66c2a5,bicycle
9,1,87,122,2018,7,18,2,3,5,7,0,0,1,0,0,0,0,0,718953.3015,5307564.0182,11.928777365,47.884033576,2,#fc8d62,car
9,1,62,0,2018,7,1,7,3,6,7,2,0,1,1,0,0,0,0,691410.9993,5336351.3994,11.573627835,48.151581055,2,#fc8d62,car
9,1,62,0,2018,7,8,7,2,8,1,0,0,0,0,1,0,0,0,697244.4264,5332239.47,11.6500722,48.112843569,4,#e78ac3,marker
9,1,62,0,2018,7,11,2,3,1,5,0,1,1,0,0,0,0,0,692427672.0,5337497.5423,11.587801469,48.161575541,1,#66c2a5,bicycle
9,1,62,0,2018,7,14,7,3,4,6,0,1,0,0,0,0,0,0,683467673.0,5335463071.0,11.466547397,48.145937202,1,#66c2a5,bicycle
9,7,61,0,2018,7,8,2,3,4,2,0,1,0,0,0,0,0,0,641035.5358,5357896.5577,10.903938673,48.358480225,1,#66c2a5,bicycle
9,1,62,0,2018,7,17,7,3,0,7,0,1,0,0,0,0,0,0,683124.9761,5335977156.0,11.462165736,48.150656867,1,#66c2a5,bicycle
9,1,87,150,2018,7,16,2,3,5,3,0,0,1,0,0,0,0,0,729461.8981,5303578346.0,12.067024344,47.844555083,2,#fc8d62,car
9,1,62,0,2018,7,23,7,2,0,7,2,1,0,0,0,0,0,0,685949.9849,5337236.3566,11.500661792,48.161155417,1,#66c2a5,bicycle
9,1,86,143,2018,7,9,2,3,5,3,0,1,1,0,0,0,0,0,684617.8933,5377909.8504,11.500595261,48.527122203,1,#66c2a5,bicycle
9,1,62,0,2018,7,1,7,3,0,7,2,1,0,0,0,0,0,0,685905.9598,5335640.3154,11.499373088,48.146822479,1,#66c2a5,bicycle
9,1,62,0,2018,7,15,7,3,5,3,0,1,0,0,1,0,0,0,687827124.0,5337040244.0,11.525793716,48.158840978,1,#66c2a5,bicycle
9,1,84,112,2018,7,9,7,3,4,6,0,0,1,0,0,0,0,0,699542.2577,5336575.9484,11.68294061,48.151100249,2,#fc8d62,car
9,1,84,147,2018,7,8,7,3,4,2,0,1,0,0,0,0,0,0,696308.3797,5340744.7003,11.641432584,48.189572597,1,#66c2a5,bicycle
9,1,62,0,2018,7,14,7,3,1,7,0,0,1,0,0,0,0,0,695701.2885,5332277823.0,11.629379737,48.113664291,2,#fc8d62,car
9,1,62,0,2018,7,7,2,3,0,7,0,0,1,1,0,0,0,0,697084.0875,5332079.9529,11.647846652,48.11145956,2,#fc8d62,car
9,1,62,0,2018,7,13,7,3,1,1,0,1,0,0,1,0,0,0,694424.6167,5329605.0576,11.611027702,48.09003337,1,#66c2a5,bicycle
9,1,62,0,2018,7,9,7,3,0,7,0,1,0,0,0,0,0,0,694688.0755,5335221.3374,11.617125913,48.140429936,1,#66c2a5,bicycle
9,1,62,0,2018,7,19,7,3,2,6,0,0,1,0,0,0,1,0,690838801.0,5334959341.0,11.565318361,48.139241275,2,#fc8d62,car
9,1,62,0,2018,7,19,2,3,0,1,0,1,0,0,0,0,0,0,695759.4994,5332090.2498,11.630074897,48.111960583,1,#66c2a5,bicycle
9,1,62,0,2018,7,17,2,3,4,2,0,1,1,0,0,0,0,0,693362.7528,5339662.6882,11.60134788,48.180751408,1,#66c2a5,bicycle
9,1,79,142,2018,7,18,2,3,0,1,0,1,0,0,0,0,0,0,673132.1776,5342129.5783,11.330435005,48.208762519,1,#66c2a5,bicycle
9,7,61,0,2018,7,0,7,3,0,1,2,1,0,0,0,0,0,0,639970714.0,5358059679.0,10.889626312,48.360183925,1,#66c2a5,bicycle
9,7,61,0,2018,7,17,7,2,5,3,0,0,1,0,0,0,0,0,639620.3325,5360107.4013,10.88557864,48.378674074,2,#fc8d62,car
9,1,79,123,2018,7,15,2,3,6,7,0,0,1,1,0,0,0,0,674192.7987,5333900038.0,11.341327129,48.134493827,2,#fc8d62,car
9,1,74,135,2018,7,19,2,3,5,3,0,1,1,0,0,0,0,0,662538157.0,5353481404.0,11.192308093,48.313619012,1,#66c2a5,bicycle
9,1,79,126,2018,7,14,3,3,7,7,0,1,0,0,0,0,0,0,676315.7677,5340650.9928,11.372635504,48.194594979,1,#66c2a5,bicycle
9,1,74,115,2018,7,6,2,3,5,3,0,1,1,0,0,0,0,0,682812.6594,5347755.2936,11.463044061,48.25661522,1,#66c2a5,bicycle
9,1,77,117,2018,7,17,2,3,2,6,0,0,1,0,0,0,0,0,715391.4436,5355179.8618,11.905222695,48.313092825,2,#fc8d62,car
9,1,62,0,2018,7,8,2,2,0,1,0,1,0,0,0,0,0,0,692318.3699,5337784.5206,11.586462861,48.164187901,1,#66c2a5,bicycle
9,7,61,0,2018,7,11,2,3,2,2,0,0,1,0,0,0,0,0,640295695.0,5359156.4631,10.894376934,48.369973735,2,#fc8d62,car
9,1,77,115,2018,7,12,2,3,8,1,0,1,0,0,0,0,0,0,738986.5682,5355925626.0,12.223401074,48.311318348,1,#66c2a5,bicycle
9,1,62,0,2018,7,14,2,3,4,2,0,1,1,0,0,0,0,0,690197.0989,5333290.2076,11.555956218,48.12443121,1,#66c2a5,bicycle
9,7,72,163,2018,7,16,2,2,3,6,0,1,0,0,0,0,0,0,640396.4737,5347209.3504,10.891759906,48.26252564,1,#66c2a5,bicycle
9,1,62,0,2018,7,0,1,3,0,7,2,1,0,0,0,0,0,0,686194.9979,5335842.6129,11.503343637,48.148556267,1,#66c2a5,bicycle
9,1,62,0,2018,7,1,1,3,8,7,2,0,1,0,0,0,0,0,691824419.0,5335664219.0,11.578871004,48.145280247,2,#fc8d62,car
9,1,62,0,2018,7,8,2,3,3,2,0,0,0,0,1,0,1,0,689899.5148,5334734.5667,11.552604978,48.137502007,4,#e78ac3,marker
9,1,62,0,2018,7,10,1,3,4,6,0,0,1,0,0,0,0,0,683937.9424,5338888.4261,11.47434475,48.176590341,2,#fc8d62,car
9,1,62,0,2018,7,2,1,3,3,7,2,0,1,0,0,0,0,0,690695.5411,5334750.2498,11.563300999,48.137404921,2,#fc8d62,car
9,1,62,0,2018,7,12,1,3,9,6,0,0,1,0,0,0,0,0,688311.9745,5338283023.0,11.532857359,48.169867836,2,#fc8d62,car
9,1,62,0,2018,7,12,2,2,0,6,0,1,1,0,1,0,0,0,689655.1325,5343518.5857,11.553243003,48.216525466,1,#66c2a5,bicycle
9,1,62,0,2018,7,23,1,3,5,2,2,0,1,0,0,0,0,0,693703.5562,5340316.1432,11.606225771,48.186520585,2,#fc8d62,car
9,1,85,158,2018,7,18,3,3,0,1,0,1,0,0,0,0,0,0,667727.7573,5381436.7944,11.273440534,48.563567346,1,#66c2a5,bicycle
9,2,61,0,2018,7,21,7,3,5,3,1,0,1,0,0,0,0,0,731700.6977,5381873.8822,12.139625905,48.547123483,2,#fc8d62,car
9,1,62,0,2018,7,18,2,3,1,1,0,1,1,0,0,0,0,0,691593.5956,5337697.4353,11.576686491,48.163624024,1,#66c2a5,bicycle
9,1,62,0,2018,7,13,1,3,0,7,0,1,0,0,0,0,0,0,696605.3805,5331798.9421,11.641292753,48.109081934,1,#66c2a5,bicycle
9,1,87,137,2018,7,17,7,3,0,1,0,0,0,0,1,0,0,0,731017809.0,5309584481.0,12.090999996,47.897958838,4,#e78ac3,marker
9,1,74,115,2018,7,10,3,3,0,1,0,1,0,0,0,0,0,0,680417.5104,5347102.4157,11.430526146,48.251433153,1,#66c2a5,bicycle
9,1,88,113,2018,7,12,7,3,0,7,0,1,0,0,0,0,0,0,678959.6499,5311611.4653,11.396028887,47.932814168,1,#66c2a5,bicycle
9,1,62,0,2018,7,12,1,3,5,3,0,0,1,0,1,0,0,0,691862.8858,5333423.0328,11.578378213,48.125125201,2,#fc8d62,car
9,1,81,129,2018,7,6,7,3,8,1,0,0,1,0,0,0,0,0,642911971.0,5305588838.0,10.91171608,47.887710741,2,#fc8d62,car
9,1,62,0,2018,7,20,1,3,0,3,0,1,0,0,1,0,0,0,685998.0537,5334847.7884,11.500263815,48.139672021,1,#66c2a5,bicycle
9,1,74,115,2018,7,12,7,3,5,3,0,1,1,0,0,0,0,0,683548.8372,5348420.8729,11.473241776,48.262384904,1,#66c2a5,bicycle
9,1,78,123,2018,7,8,7,3,2,1,0,0,1,0,0,0,1,0,687385.2339,5359073032.0,11.529614298,48.357002859,2,#fc8d62,car
9,1,77,115,2018,7,10,7,3,0,7,0,1,0,0,0,0,0,0,734062.1033,5351349.7778,12.154551329,48.272054454,1,#66c2a5,bicycle
9,1,62,0,2018,7,23,6,3,1,1,2,1,1,0,0,0,0,0,690179.4496,5331906.3539,11.555102056,48.111998347,1,#66c2a5,bicycle
9,1,62,0,2018,7,19,2,3,0,7,0,1,0,0,0,0,1,1,690747.9247,5334307.4438,11.563806124,48.133409301,1,#66c2a5,bicycle
9,1,62,0,2018,7,11,6,3,5,2,0,0,1,0,1,0,0,0,690911095.0,5335648784.0,11.566598243,48.145416252,2,#fc8d62,car
9,7,61,0,2018,7,18,2,2,0,1,0,1,0,0,0,0,0,0,640431.1094,5352026.6448,10.893827541,48.305834225,1,#66c2a5,bicycle
9,1,62,0,2018,7,11,6,3,3,2,0,1,1,0,0,0,0,0,697617.6282,5337936.3028,11.657723881,48.163926966,1,#66c2a5,bicycle
9,1,62,0,2018,7,13,6,3,2,6,0,0,1,0,0,0,0,0,689902.9485,5331936.5982,11.551404492,48.112352686,2,#fc8d62,car
9,1,62,0,2018,7,18,6,3,4,6,0,1,0,0,0,0,0,0,691015.4541,5340330.0152,11.570102393,48.187459228,1,#66c2a5,bicycle
9,1,62,0,2018,7,20,6,3,4,6,0,1,0,0,0,0,0,0,689059.6371,5338251653.0,11.54288946,48.169363941,1,#66c2a5,bicycle
9,1,62,0,2018,7,8,2,3,2,2,0,0,1,0,0,0,0,0,688960.7029,5334294.8731,11.539803439,48.133829453,2,#fc8d62,car
9,1,62,0,2018,7,8,6,3,2,6,0,1,1,0,0,0,0,0,691314.5075,5336316.0077,11.572315898,48.15129199,1,#66c2a5,bicycle
9,1,62,0,2018,7,9,6,2,5,2,0,1,1,0,0,0,0,0,688025.1519,5339629181.0,11.529598893,48.182052193,1,#66c2a5,bicycle
9,1,62,0,2018,7,16,2,3,2,6,0,0,1,0,1,0,0,0,680341.0306,5334905.6904,11.424315974,48.141821025,2,#fc8d62,car
9,1,62,0,2018,7,23,6,3,1,7,2,0,1,0,0,0,0,0,694319.8619,5329928.4514,11.609769574,48.09297188,2,#fc8d62,car
9,7,71,113,2018,7,13,2,3,0,1,0,0,0,0,1,0,0,0,657318.8765,5368887.2174,11.127729349,48.453443202,4,#e78ac3,marker
9,1,62,0,2018,7,9,6,3,6,7,0,0,1,1,0,0,0,0,690388.7689,5335599.7666,11.559561479,48.145132215,2,#fc8d62,car
9,1,62,0,2018,7,12,6,3,3,3,0,1,0,0,0,0,1,0,690176.0646,5333738.6465,11.55587394,48.128468074,1,#66c2a5,bicycle
9,1,62,0,2018,7,8,6,3,2,7,0,1,0,0,0,0,0,0,692398.8139,5337574.8312,11.587448748,48.162278927,1,#66c2a5,bicycle
9,1,62,0,2018,7,19,6,3,5,3,0,0,1,0,0,0,0,0,684771.1374,5333623.0767,11.483256026,48.129021145,2,#fc8d62,car
9,1,84,146,2018,7,12,2,3,4,6,0,1,0,0,0,0,0,0,699393.7322,5328078.6265,11.676973525,48.074780003,1,#66c2a5,bicycle
9,1,62,0,2018,7,9,6,3,2,2,0,0,1,0,0,0,1,0,691496.9382,5335977.5075,11.574613914,48.1481947,2,#fc8d62,car
9,1,84,119,2018,7,10,6,3,5,3,0,1,1,0,0,0,0,0,698209.2209,5349063.1844,11.670870418,48.263741027,1,#66c2a5,bicycle
9,1,78,120,2018,7,15,6,3,5,3,0,1,1,0,0,0,0,0,698657.5255,5350839.1964,11.677738861,48.27956151,1,#66c2a5,bicycle
9,1,62,0,2018,7,18,6,3,5,7,0,0,1,0,0,0,0,0,693170.8879,5340385.0987,11.599097891,48.187302526,2,#fc8d62,car
9,1,62,0,2018,7,16,6,3,0,1,0,1,1,0,0,0,0,0,686885.6748,5334352.5286,11.511966425,48.134960391,1,#66c2a5,bicycle
9,1,62,0,2018,7,13,6,3,5,3,0,1,1,0,0,0,0,0,697937.5393,5332933.7485,11.65969636,48.118868236,1,#66c2a5,bicycle
9,1,78,133,2018,7,11,3,3,9,5,0,0,0,1,0,1,0,0,689298849.0,5367038955.0,11.55901045,48.428026661,3,#8da0cb,toilet
9,1,62,0,2018,7,19,3,3,0,1,0,1,0,0,0,0,0,0,691733.9431,5332745.7211,11.576342588,48.119076446,1,#66c2a5,bicycle
9,7,72,147,2018,8,8,4,3,3,2,0,1,0,0,0,0,1,0,638117.1427,5364759.3537,10.866819671,48.420834265,1,#66c2a5,bicycle
9,1,62,0,2018,7,10,3,3,5,2,0,0,1,0,0,0,0,0,694107.4704,5334745.1499,11.609112431,48.136327522,2,#fc8d62,car
9,1,77,115,2018,8,15,4,3,5,3,0,1,0,0,0,0,1,0,735497961.0,5351846662.0,12.174148953,48.275985776,1,#66c2a5,bicycle
9,1,62,0,2018,7,22,3,3,4,7,2,1,1,0,0,0,0,0,688523.1289,5331161.5481,11.532542531,48.105796286,1,#66c2a5,bicycle
9,1,62,0,2018,7,13,3,3,1,5,0,0,1,0,0,0,1,0,690290.0776,5334932.0862,11.557937697,48.139160641,2,#fc8d62,car
9,1,62,0,2018,7,14,3,3,6,4,0,0,1,1,0,0,0,0,688937.9517,5331052.5918,11.538061182,48.104694075,2,#fc8d62,car
9,1,62,0,2018,7,17,3,3,5,3,0,1,1,0,0,0,0,0,689983.3106,5342178.3986,11.557056411,48.204381857,1,#66c2a5,bicycle
9,1,62,0,2018,7,13,3,3,0,1,0,0,0,0,1,0,0,0,690785.2475,5335321.8374,11.564761621,48.14251543,4,#e78ac3,marker
9,1,62,0,2018,7,20,3,3,0,7,0,1,0,0,0,0,0,0,692824.4183,5335368.5997,11.592166802,48.142320991,1,#66c2a5,bicycle
9,1,62,0,2018,7,15,3,3,1,1,0,0,1,0,1,0,0,0,691067.4667,5332651.7658,11.567354334,48.118432311,2,#fc8d62,car
9,1,84,122,2018,7,7,3,3,5,3,0,0,1,0,0,0,0,0,689805.1613,5326441.6585,11.547650067,48.062992568,2,#fc8d62,car
9,7,72,147,2018,8,8,4,2,4,2,0,0,1,0,0,0,0,0,636003.3005,5364444583.0,10.838161883,48.41846376,2,#fc8d62,car
9,1,62,0,2018,7,14,3,3,3,6,0,0,1,0,1,0,0,0,692198.4273,5332238.1763,11.58234857,48.11437468,2,#fc8d62,car
9,1,88,132,2018,8,21,4,3,0,1,1,1,0,0,0,0,0,0,663281.5868,5322588864.0,11.190460398,48.035694481,1,#66c2a5,bicycle
9,7,72,200,2018,7,6,3,3,2,6,0,1,1,0,0,0,0,0,623878.4165,5338121.2417,10.666637236,48.184241782,1,#66c2a5,bicycle
9,1,62,0,2018,7,18,3,3,0,6,0,0,1,0,0,0,1,0,689077.6847,5340121.7382,11.543963918,48.186166958,2,#fc8d62,car
9,1,87,165,2018,8,10,6,3,5,3,0,1,1,0,0,0,0,0,732922.6573,5297534.0603,12.109963784,47.789007712,1,#66c2a5,bicycle
9,1,87,122,2018,8,13,6,3,0,3,0,0,1,0,0,1,0,0,719255.3875,5307374.2367,11.932716337,47.882225195,2,#fc8d62,car
9,7,61,0,2018,7,21,3,3,0,1,2,1,0,0,0,0,0,0,641621.4831,5359717.4384,10.912457338,48.374721688,1,#66c2a5,bicycle
9,7,61,0,2018,7,19,3,3,2,6,0,0,1,0,0,0,0,0,640930.6617,5357902654.0,10.902525757,48.358558458,2,#fc8d62,car
9,1,73,123,2018,8,19,4,2,8,1,0,0,0,0,1,0,0,0,677995.7125,5303851.5368,11.379933693,47.863324222,4,#e78ac3,marker
9,1,81,138,2018,8,23,6,3,9,1,2,0,1,0,0,0,0,0,639505.1477,5335092.7281,10.875772231,48.153769615,2,#fc8d62,car
9,1,88,117,2018,8,18,6,3,0,7,0,1,0,0,0,0,0,0,663219.7446,5314332.6707,11.186491244,47.961481988,1,#66c2a5,bicycle
9,1,62,0,2018,7,15,3,3,5,3,0,0,1,0,0,0,0,0,688563.2432,5328546.4552,11.531925907,48.082279331,2,#fc8d62,car
9,1,78,157,2018,8,15,6,3,5,3,0,0,1,0,1,0,0,0,704985.4241,5371563.8692,11.773033297,48.463778639,2,#fc8d62,car
9,1,62,0,2018,8,17,5,3,2,6,0,0,1,0,1,0,0,0,689091977.0,5333264173.0,11.541108723,48.124526404,2,#fc8d62,car
9,1,62,0,2018,8,12,5,3,0,4,0,1,0,1,0,0,0,0,691882.1011,5334642.3289,11.579185237,48.136078269,1,#66c2a5,bicycle
9,1,62,0,2018,8,17,5,3,6,4,0,0,1,1,0,0,0,0,689390.2429,5337203.2352,11.546864764,48.159842315,2,#fc8d62,car
9,1,87,182,2018,8,20,4,3,0,7,2,1,0,0,0,0,0,0,738481481.0,5327371024.0,12.200574932,48.055009344,1,#66c2a5,bicycle
9,1,62,0,2018,8,11,5,3,5,2,0,1,1,0,0,0,0,0,686813.6726,5334849.1398,11.5112174,48.139445231,1,#66c2a5,bicycle
9,1,62,0,2018,8,13,5,2,5,2,0,1,1,0,0,0,0,0,694441.5341,5333015.5611,11.612808785,48.12068066,1,#66c2a5,bicycle
9,1,62,0,2018,8,17,5,3,9,1,0,0,0,0,1,0,0,0,688042319.0,5331554.3475,11.526263175,48.109468975,4,#e78ac3,marker
9,1,62,0,2018,8,18,5,3,0,7,0,1,0,0,0,0,0,0,689067.4043,5332623.4502,11.540494682,48.118774796,1,#66c2a5,bicycle
9,1,62,0,2018,8,12,5,3,0,6,0,0,0,0,0,0,1,0,686216.0972,5333905.6469,11.5027801,48.131139922,6,#ffd92f,circle
9,1,62,0,2018,8,16,5,2,4,7,0,0,1,0,1,0,0,0,691751.5897,5335409.9284,11.577778404,48.143016679,2,#fc8d62,car
9,1,62,0,2018,8,1,5,3,7,7,2,1,0,0,0,0,0,0,690449.6158,5334245.5324,11.55977309,48.132942177,1,#66c2a5,bicycle
9,1,62,0,2018,8,19,5,3,5,3,0,0,0,0,1,0,1,0,686184.4549,5337938.4076,11.504119156,48.167397066,4,#e78ac3,marker
9,1,85,158,2018,8,15,4,1,5,3,0,1,0,0,0,0,1,0,666838578.0,5381868731.0,11.2615713,48.56768741,1,#66c2a5,bicycle
9,1,62,0,2018,8,15,5,3,2,6,0,0,1,0,0,0,0,0,686248.5851,5332197.7866,11.502470094,48.115779487,2,#fc8d62,car
9,1,62,0,2018,8,17,5,3,0,7,0,1,0,0,0,0,0,0,686204.5791,5334767.8457,11.503002318,48.138893063,1,#66c2a5,bicycle
9,7,61,0,2018,8,14,4,3,1,6,0,0,1,0,0,0,0,0,641633642.0,5359765481.0,10.912637623,48.375150938,2,#fc8d62,car
9,1,84,145,2018,8,10,5,3,5,2,0,1,1,0,0,0,0,0,694278.2606,5325661.7133,11.607272108,48.054636238,1,#66c2a5,bicycle
9,1,62,0,2018,8,7,5,3,5,2,0,1,0,0,0,0,1,0,693587.7133,5333372.8774,11.601510119,48.124152276,1,#66c2a5,bicycle
9,1,62,0,2018,8,7,5,3,0,1,0,1,0,0,0,0,0,0,690164.6192,5333791.9351,11.555744058,48.128950453,1,#66c2a5,bicycle
9,1,78,124,2018,8,21,4,3,0,7,1,0,0,0,1,0,0,0,701152.0798,5360555.5886,11.715959456,48.366091131,4,#e78ac3,marker
9,1,62,0,2018,8,15,5,3,1,1,0,1,1,0,0,0,0,0,690349.4937,5332960.1915,11.557854691,48.121419474,1,#66c2a5,bicycle
9,1,62,0,2018,8,16,5,3,2,6,0,1,1,0,0,0,0,0,691125.9391,5335611.1232,11.569466678,48.145013252,1,#66c2a5,bicycle
9,1,62,0,2018,8,15,5,3,0,4,0,1,0,1,0,0,0,0,691363.1989,5334126.8914,11.571986184,48.131601815,1,#66c2a5,bicycle
9,1,62,0,2018,7,11,3,3,5,2,0,0,1,0,0,0,0,0,690267.1118,5336888.3301,11.558503645,48.156750183,2,#fc8d62,car
9,7,78,116,2018,8,11,5,3,0,6,0,1,0,0,0,0,0,0,619135885.0,5318186.7201,10.597294582,48.005867378,1,#66c2a5,bicycle
9,1,84,141,2018,7,11,3,3,5,3,0,0,1,0,0,1,0,0,693480121.0,5313761389.0,11.591206612,47.947919135,2,#fc8d62,car
9,7,72,131,2018,8,21,5,3,0,7,2,1,0,0,0,0,0,0,616600.5414,5356132.9011,10.573727726,48.347605165,1,#66c2a5,bicycle
9,7,72,177,2018,8,15,5,2,4,2,0,0,1,0,1,0,0,0,637060018.0,5381217.04,10.857940138,48.569047497,2,#fc8d62,car
9,7,71,130,2018,8,17,5,3,4,2,0,1,1,0,0,0,0,0,646073.33,5357786.6618,10.971868123,48.356346732,1,#66c2a5,bicycle
9,7,61,0,2018,8,8,5,3,5,3,0,0,1,0,0,0,0,0,636965054.0,5360747738.0,10.849947314,48.385013921,2,#fc8d62,car
9,1,62,0,2018,7,15,3,3,0,7,0,1,0,1,0,0,0,0,691488.2287,5332356.2043,11.572869441,48.115649438,1,#66c2a5,bicycle
9,7,61,0,2018,8,11,5,3,0,1,0,1,1,0,0,0,0,0,639227.8936,5360637.3207,10.880457265,48.383525691,1,#66c2a5,bicycle
9,1,73,126,2018,8,13,4,3,3,6,0,1,0,0,0,0,0,0,684956.3649,5306087.8432,11.473871917,47.881460234,1,#66c2a5,bicycle
9,1,81,127,2018,8,15,4,3,4,6,0,0,1,0,0,0,0,0,633374.7944,5325163.3184,10.790281908,48.065793684,2,#fc8d62,car
9,1,63,0,2018,8,19,4,3,4,6,0,0,1,0,1,0,0,0,732825.3769,5304361.8302,12.112334567,47.850384909,2,#fc8d62,car
9,7,72,184,2018,8,21,4,3,9,1,2,0,1,0,0,0,0,0,635583.2963,5362442.8298,10.831841503,48.400554642,2,#fc8d62,car
9,1,62,0,2018,7,15,3,3,5,3,0,1,1,0,0,0,0,0,686933.0834,5339233.0807,11.514747219,48.178814196,1,#66c2a5,bicycle
9,1,62,0,2018,7,16,3,3,3,7,0,0,1,0,0,0,0,0,698505.2347,5334922.2462,11.66824214,48.136562593,2,#fc8d62,car
9,2,61,0,2018,8,10,5,3,0,7,0,1,0,0,0,0,0,0,732582.6825,5381709.7042,12.15146665,48.545322388,1,#66c2a5,bicycle
9,1,62,0,2018,7,11,3,3,0,5,0,1,0,0,0,0,1,0,696132.5366,5335921.1549,11.636844404,48.146275898,1,#66c2a5,bicycle
9,1,84,141,2018,7,19,3,2,2,6,0,1,0,0,0,0,0,0,694269.0342,5315198.6696,11.602409993,47.960598604,1,#66c2a5,bicycle
9,1,82,120,2018,8,15,5,3,5,3,0,0,1,0,0,0,0,0,701806.7123,5307142.2338,11.699497431,47.885861823,2,#fc8d62,car
9,1,87,150,2018,8,10,5,3,6,4,0,0,1,1,0,0,0,0,729477.1663,5304173.1711,12.067543521,47.849893852,2,#fc8d62,car
9,1,86,128,2018,8,17,5,3,0,1,0,0,0,0,1,0,0,0,675258.8454,5385305.9388,11.377061014,48.596285244,4,#e78ac3,marker
9,1,74,115,2018,8,13,5,3,2,6,0,0,1,0,0,0,0,0,683344.3031,5347710.9403,11.470180803,48.256062961,2,#fc8d62,car
9,1,74,115,2018,8,8,5,3,1,6,0,0,1,0,0,0,0,0,680813.9306,5347164.8837,11.435888267,48.25188169,2,#fc8d62,car