ULAND,UREGBEZ,UKREIS,UGEMEINDE,UJAHR,UMONAT,USTUNDE,UWOCHENTAG,UKATEGORIE,UART,UTYP1,ULICHTVERH,IstRad,IstPKW,IstFuss,IstKrad,IstGkfz,IstSonstig,STRZUSTAND,LINREFX,LINREFY,XGCSWGS84,YGCSWGS84,Teilnehmer,color,symbol
9,1,78,116,2018,8,15,5,2,4,6,0,0,0,0,1,0,1,0,696776913.0,5379387773.0,11.665803314,48.536710356,4,#e78ac3,marker
9,1,78,156,2018,8,10,5,3,5,3,0,0,1,0,0,0,0,0,701686.26,5373051.5986,11.729172855,48.478213956,2,#fc8d62,car
9,1,77,117,2018,8,9,5,3,4,2,0,0,1,0,0,0,0,0,714728.4908,5355296.1793,11.896351809,48.314363368,2,#fc8d62,car
9,7,72,163,2018,8,8,4,3,0,7,0,1,0,0,0,0,0,0,640258.1264,5350585423.0,10.891017196,48.292913414,1,#66c2a5,bicycle
9,1,62,0,2018,8,18,4,3,0,7,0,0,0,0,0,0,1,0,693978.6686,5335039.1353,11.607516873,48.139009031,6,#ffd92f,circle
9,1,62,0,2018,8,18,4,3,5,3,0,0,1,0,1,0,0,0,690801.5671,5334756.3739,11.564727447,48.137428183,2,#fc8d62,car
9,1,62,0,2018,7,8,3,2,8,1,0,0,0,0,1,0,0,0,695916.0422,5339117291.0,11.635408923,48.175067597,4,#e78ac3,marker
9,1,62,0,2018,8,21,4,3,0,1,1,1,0,0,0,0,0,0,692238.1705,5332703.9754,11.583091974,48.118549218,1,#66c2a5,bicycle
9,1,84,123,2018,8,8,4,3,0,1,0,1,0,0,0,0,0,0,702133896.0,5332567.4343,11.715844369,48.114258035,1,#66c2a5,bicycle
9,1,74,115,2018,8,8,4,3,5,3,0,1,1,0,0,0,0,0,682553.4015,5347748.1936,11.459551348,48.25662614,1,#66c2a5,bicycle
9,1,62,0,2018,8,19,4,3,0,7,0,1,0,0,0,0,0,0,690853.1715,5335955.0771,11.565957643,48.148186571,1,#66c2a5,bicycle
9,1,62,0,2018,8,9,4,3,5,2,0,0,1,0,1,0,0,0,694960.3744,5340288848.0,11.62310504,48.185890812,2,#fc8d62,car
9,1,62,0,2018,8,18,4,3,3,3,0,0,1,0,1,0,0,0,695127.6837,5333946.4322,11.622445062,48.128837019,2,#fc8d62,car
9,1,62,0,2018,8,19,4,3,4,2,0,0,1,0,0,0,0,0,687486.7111,5338923.1988,11.52205081,48.175865814,2,#fc8d62,car
9,1,62,0,2018,8,6,4,3,0,1,0,1,0,0,0,0,0,0,687373.0375,5337613.0828,11.519945874,48.164123748,1,#66c2a5,bicycle
9,1,62,0,2018,7,6,3,3,2,5,0,0,1,0,1,0,0,0,692976.6922,5330835.0,11.592159452,48.101527874,2,#fc8d62,car
9,1,62,0,2018,8,7,4,3,1,6,0,0,1,0,1,0,0,0,690276863.0,5338913.9007,11.559540891,48.174952977,2,#fc8d62,car
9,1,62,0,2018,8,14,4,3,3,2,0,1,1,0,0,0,0,0,686231.7481,5334375.2198,11.503195505,48.135356043,1,#66c2a5,bicycle
9,1,62,0,2018,8,17,4,3,5,3,0,0,1,0,1,0,0,0,698193.8446,5332302.6333,11.662843182,48.113116508,2,#fc8d62,car
9,1,62,0,2018,8,8,4,3,0,6,0,1,0,0,0,0,0,0,694286.0597,5330234.3217,11.609455277,48.095731254,1,#66c2a5,bicycle
9,1,62,0,2018,8,19,4,3,0,1,1,1,0,0,0,0,0,0,692854.2343,5334332.5095,11.592098087,48.132999834,1,#66c2a5,bicycle
9,1,62,0,2018,8,16,4,3,2,6,0,0,1,0,0,0,0,0,692933101.0,5338914375.0,11.595234161,48.174156423,2,#fc8d62,car
9,1,62,0,2018,8,12,4,3,1,5,0,1,1,0,0,0,0,0,692721.3657,5335396.2757,11.590795445,48.142600959,1,#66c2a5,bicycle
9,1,62,0,2018,7,17,3,3,5,6,0,0,1,0,1,0,0,0,695581.1677,5334219.1648,11.628658255,48.131149034,2,#fc8d62,car
9,1,62,0,2018,8,10,4,3,1,5,0,1,1,0,0,0,0,0,690426.0843,5335421.6873,11.55998298,48.143520476,1,#66c2a5,bicycle
9,1,63,0,2018,8,18,4,3,6,4,0,0,1,1,0,0,0,0,733758.3101,5305095.4006,12.125182933,47.856636761,2,#fc8d62,car
9,1,87,182,2018,7,11,3,3,6,4,0,0,0,1,0,0,1,0,740391.5334,5328310.5464,12.226694996,48.062732417,3,#8da0cb,toilet
9,1,90,144,2018,8,12,4,2,5,3,0,1,1,0,0,0,0,0,658121.9132,5307285.9351,11.115662834,47.899403142,1,#66c2a5,bicycle
9,1,87,182,2018,7,16,3,3,5,7,0,1,1,0,0,0,0,0,740258.5619,5327726.1037,12.224584877,48.057532548,1,#66c2a5,bicycle
9,7,62,0,2018,8,12,4,3,5,3,0,0,1,0,0,0,0,0,621539934.0,5304837.0176,10.625742802,47.885352372,2,#fc8d62,car
9,1,79,118,2018,8,12,4,3,0,7,0,0,0,1,0,0,1,0,673089.2049,5338879.7832,11.328532311,48.179560404,3,#8da0cb,toilet
9,7,77,158,2018,8,11,4,2,0,1,0,1,0,0,0,0,0,0,620859.3686,5310495.5373,10.618229371,47.936372122,1,#66c2a5,bicycle
9,7,61,0,2018,8,16,4,3,0,7,0,1,0,0,0,0,0,0,639087.2027,5356782.1138,10.87728325,48.348891582,1,#66c2a5,bicycle
9,1,62,0,2018,8,7,7,3,5,2,0,1,1,0,0,0,0,0,684819.8296,5334505.9247,11.484292779,48.136942499,1,#66c2a5,bicycle
9,1,84,112,2018,8,7,7,3,0,1,0,1,0,0,0,0,0,0,699845.5634,5336839.2712,11.687137693,48.15337152,1,#66c2a5,bicycle
9,1,62,0,2018,8,8,7,3,5,2,0,1,1,0,0,0,0,0,692220.0384,5332526.1866,11.582768446,48.116956752,1,#66c2a5,bicycle
9,1,62,0,2018,8,16,7,3,5,3,0,1,1,0,0,0,0,0,692179199.0,5340950069.0,11.586024575,48.192681101,1,#66c2a5,bicycle
9,1,62,0,2018,8,17,7,3,3,2,0,1,1,0,0,0,0,0,688871.0745,5343308.7491,11.542604947,48.214873296,1,#66c2a5,bicycle
9,1,62,0,2018,8,0,7,3,9,1,2,1,0,0,0,0,0,0,690616.4886,5339650.6213,11.564435103,48.181472763,1,#66c2a5,bicycle
9,1,62,0,2018,8,15,7,3,5,3,0,1,1,0,0,0,0,0,687861.7577,5342609.5939,11.528721563,48.20888881,1,#66c2a5,bicycle
9,1,84,134,2018,8,11,7,2,9,1,0,0,1,0,0,0,0,0,693931.7706,5322390.1444,11.601145443,48.025337294,2,#fc8d62,car
9,1,62,0,2018,8,19,7,3,4,2,0,0,1,0,0,0,0,0,695426.5663,5335122.7727,11.626997165,48.139317703,2,#fc8d62,car
9,1,62,0,2018,8,8,7,3,2,6,0,0,1,0,1,0,0,0,694201.0668,5334458496.0,11.610238486,48.133722629,2,#fc8d62,car
9,1,62,0,2018,8,22,7,3,0,1,1,0,0,0,0,0,1,0,689578.1845,5335197.5053,11.5484962,48.141758735,6,#ffd92f,circle
9,1,62,0,2018,8,14,7,3,6,4,0,1,0,1,0,0,0,0,689775.3143,5335344.5431,11.551209018,48.143021549,1,#66c2a5,bicycle
9,7,72,184,2018,8,9,7,3,0,3,0,1,0,0,0,0,0,0,636567.2184,5361481.7873,10.844815397,48.391700682,1,#66c2a5,bicycle
9,7,72,184,2018,8,19,7,3,5,3,0,0,1,0,0,0,0,0,636142.8947,5361716.5322,10.8391626,48.393903237,2,#fc8d62,car
9,7,72,184,2018,8,15,7,3,0,7,0,1,0,0,0,0,0,0,635638.7771,5360176.2461,10.831858782,48.38016166,1,#66c2a5,bicycle
9,7,61,0,2018,8,3,7,3,6,2,2,0,1,1,0,0,0,0,638358.2862,5359615.0362,10.868382061,48.374524842,2,#fc8d62,car
9,7,61,0,2018,8,0,7,2,0,1,2,1,0,0,0,0,0,0,639641.9864,5358122.3468,10.885211739,48.360820212,1,#66c2a5,bicycle
9,7,61,0,2018,8,20,7,3,5,3,0,1,1,0,0,0,0,0,639660438.0,5360355.0484,10.886202253,48.380891969,1,#66c2a5,bicycle
9,1,84,135,2018,8,7,2,3,5,7,0,1,1,0,0,0,0,0,689606.7403,5348134.5255,11.554658166,48.258027384,1,#66c2a5,bicycle
9,1,62,0,2018,8,19,2,3,0,3,0,1,0,0,0,0,0,0,690796.9779,5334700.3907,11.564640747,48.136926385,1,#66c2a5,bicycle
9,1,62,0,2018,8,15,2,3,6,4,0,0,0,1,0,1,1,0,693405.1088,5335213422.0,11.59989431,48.140750053,3,#8da0cb,toilet
9,1,62,0,2018,8,16,2,3,5,3,0,1,1,0,0,0,0,0,688539.6817,5335683.7085,11.534765126,48.146437384,1,#66c2a5,bicycle
9,1,62,0,2018,8,12,2,3,5,2,0,0,1,0,1,0,0,0,689405.5216,5336084.0975,11.546571896,48.149778904,2,#fc8d62,car
9,1,62,0,2018,8,13,2,3,3,6,0,1,0,0,0,1,0,0,693163.0582,5334662.9031,11.596394289,48.13587567,1,#66c2a5,bicycle
9,1,62,0,2018,8,4,2,2,0,7,2,1,0,0,0,0,0,0,689537.9481,5331883.3868,11.546481981,48.11198314,1,#66c2a5,bicycle
9,1,62,0,2018,8,14,2,3,2,7,0,0,1,0,0,0,0,0,690826.4756,5333284.5391,11.564402763,48.124191926,2,#fc8d62,car
9,1,84,149,2018,8,8,2,3,4,6,0,0,1,0,0,0,0,0,690401.7513,5350604345.0,11.566470559,48.279987084,2,#fc8d62,car
9,1,84,120,2018,8,9,2,3,5,3,0,1,0,0,1,0,0,0,682206.5507,5333037488.0,11.448571443,48.124496715,1,#66c2a5,bicycle
9,1,62,0,2018,8,22,2,3,5,3,2,0,0,0,1,0,0,0,679585.4248,5336908.1296,11.415012687,48.160034579,4,#e78ac3,marker
9,1,62,0,2018,8,14,2,3,6,4,0,0,1,1,0,0,0,0,693594781.0,5335161.6527,11.602417764,48.140227087,2,#fc8d62,car
9,2,61,0,2018,8,16,7,3,0,7,0,1,0,0,0,0,0,0,731703491.0,5380483262.0,12.138890482,48.534630762,1,#66c2a5,bicycle
9,1,90,157,2018,8,3,7,3,1,7,2,0,1,0,0,0,0,0,659600.7374,5299658.6603,11.132619161,47.830459003,2,#fc8d62,car
9,7,71,146,2018,8,21,2,3,0,1,2,1,0,0,0,0,0,0,647975.1775,5347371.7924,10.993872726,48.262261352,1,#66c2a5,bicycle
9,7,72,125,2018,8,17,2,3,2,6,0,0,1,0,0,0,0,0,637265.0706,5347606.7319,10.84971816,48.266785177,2,#fc8d62,car
9,7,61,0,2018,8,17,2,3,5,1,0,1,0,0,0,0,0,0,637168.4301,5356166.7893,10.851198954,48.343778256,1,#66c2a5,bicycle
9,1,87,182,2018,8,11,7,3,0,7,0,1,0,0,0,0,0,0,738680.4381,5328437.3623,12.203835646,48.064513911,1,#66c2a5,bicycle
9,1,63,0,2018,8,10,7,3,5,2,0,1,0,0,0,0,0,0,733323382.0,5305284189.0,12.119479009,47.858490887,1,#66c2a5,bicycle
9,1,87,130,2018,8,1,7,3,0,1,2,1,0,0,0,0,0,0,712073.6232,5308443.3073,11.837303438,47.894244472,1,#66c2a5,bicycle
9,1,87,130,2018,8,8,7,3,0,1,0,0,0,0,1,0,0,0,715281.1695,5309560.5699,11.880718427,47.903216315,4,#e78ac3,marker
9,1,87,117,2018,8,10,7,3,0,1,0,1,0,0,0,0,0,0,725442691.0,5305061.2924,12.014153213,47.859301133,1,#66c2a5,bicycle
9,1,74,115,2018,8,11,7,3,0,1,0,1,0,0,0,0,0,0,683244.9771,5348443.5212,11.469161155,48.262676432,1,#66c2a5,bicycle
9,1,74,115,2018,8,10,7,3,0,7,0,1,0,0,0,0,0,0,682180.8939,5347293.2238,11.454341475,48.252643835,1,#66c2a5,bicycle
9,1,62,0,2018,8,23,6,3,1,5,2,0,1,0,0,0,0,0,690515.1453,5329258.6428,11.558425694,48.088100274,2,#fc8d62,car
9,1,62,0,2018,8,18,6,3,0,3,0,1,1,0,0,0,0,0,686518.9927,5340149.2226,11.509584323,48.187170402,1,#66c2a5,bicycle
9,1,62,0,2018,8,9,6,3,5,3,0,1,0,0,1,0,0,0,692792.8979,5334245.0231,11.591234969,48.132232109,1,#66c2a5,bicycle
9,1,62,0,2018,8,16,6,3,4,2,0,0,1,0,1,0,0,0,692460.9709,5341929.9859,11.590256377,48.201402954,2,#fc8d62,car
9,1,62,0,2018,8,11,6,3,4,2,0,0,1,0,0,0,0,0,692089.7775,5336652.9284,11.582880879,48.154086504,2,#fc8d62,car
9,1,62,0,2018,8,0,6,3,5,3,2,0,1,0,0,0,0,0,691686.6562,5333718.5404,11.576145315,48.127834275,2,#fc8d62,car
9,1,62,0,2018,8,16,6,3,5,3,0,0,1,0,1,0,0,0,684888.4627,5339232257.0,11.487268317,48.179405002,2,#fc8d62,car
9,1,62,0,2018,8,22,6,3,5,3,2,1,1,0,0,0,0,0,690104.4078,5343129.4933,11.559110752,48.212893929,1,#66c2a5,bicycle
9,1,62,0,2018,8,8,6,2,6,4,0,0,1,1,0,0,0,0,691734.1263,5332745.6164,11.576345,48.11907545,2,#fc8d62,car
9,1,84,141,2018,8,15,6,3,6,4,0,0,1,1,0,0,0,0,697975439.0,5317033509.0,11.652851062,47.975954152,2,#fc8d62,car
9,1,62,0,2018,8,6,6,3,0,1,0,1,0,0,0,0,0,0,689946.9693,5333343336.0,11.552621999,48.124983408,1,#66c2a5,bicycle
9,1,62,0,2018,8,8,6,3,2,6,0,0,1,0,0,0,0,0,694559.1471,5335445.4027,11.615497013,48.142483176,2,#fc8d62,car
9,1,62,0,2018,8,14,6,3,0,6,0,0,1,0,0,0,1,0,692253.2277,5337218.0094,11.585331664,48.159115935,2,#fc8d62,car
9,1,62,0,2018,8,21,6,2,6,4,1,0,1,1,0,0,0,0,690716.5581,5334750.9507,11.563583527,48.137404923,2,#fc8d62,car
9,1,62,0,2018,8,9,6,3,5,3,0,0,1,0,1,0,0,0,695422.2464,5335121.5934,11.626938617,48.139308431,2,#fc8d62,car
9,1,62,0,2018,8,13,6,3,5,2,0,1,1,0,0,0,0,0,694174.8827,5336395.0175,11.610769954,48.151135328,1,#66c2a5,bicycle
9,1,62,0,2018,8,21,6,2,3,7,2,0,1,0,1,0,0,0,692152.3443,5336856.9319,11.583813396,48.155901143,2,#fc8d62,car
9,2,61,0,2018,8,13,2,3,4,6,0,1,0,0,0,0,0,0,731975.5951,5380823.5142,12.142760267,48.537586675,1,#66c2a5,bicycle
9,1,62,0,2018,8,12,6,3,6,4,0,1,0,1,0,0,0,0,686805.7718,5339381.9926,11.513101708,48.180190093,1,#66c2a5,bicycle
9,1,62,0,2018,8,12,6,3,2,6,0,0,1,0,1,0,0,0,687786.1719,5334496.0503,11.524121295,48.135985324,2,#fc8d62,car
9,1,62,0,2018,8,18,6,3,2,6,0,0,1,0,0,0,0,0,686214.8481,5334754.4692,11.503134371,48.138769825,2,#fc8d62,car
9,1,84,148,2018,8,20,6,3,5,3,0,1,1,0,0,0,0,0,695759.9744,5326601.2161,11.627565493,48.062627369,1,#66c2a5,bicycle
9,1,84,145,2018,8,17,6,3,5,3,0,0,1,0,0,0,0,0,695667.4186,5325322.1053,11.62573952,48.051159576,2,#fc8d62,car
9,1,87,117,2018,8,8,2,3,4,2,0,0,1,0,0,0,0,0,724415873.0,5305869567.0,12.00086374,47.866922921,2,#fc8d62,car
9,1,62,0,2018,8,19,6,3,0,1,1,1,0,0,0,0,0,0,689979.5239,5330637.0027,11.55185358,48.100648976,1,#66c2a5,bicycle
9,1,87,122,2018,8,10,2,3,5,3,0,1,1,0,0,0,0,0,719404.0172,5306828.6711,11.934424599,47.877272213,1,#66c2a5,bicycle
9,1,62,0,2018,8,15,6,3,5,3,0,1,0,0,0,0,0,0,691926.7267,5334980.2332,11.579936698,48.139101842,1,#66c2a5,bicycle
9,1,85,158,2018,8,17,2,3,5,3,0,1,1,0,0,0,0,0,667165716.0,5380079223.0,11.265283445,48.551513889,1,#66c2a5,bicycle
9,1,86,143,2018,8,8,2,3,0,7,0,1,0,0,0,0,0,0,685188846.0,5378111.01,11.508410285,48.528761997,1,#66c2a5,bicycle
9,1,88,139,2018,8,14,2,3,0,1,0,1,0,0,0,0,0,0,677087.2983,5322576.6784,11.375503688,48.031905907,1,#66c2a5,bicycle
9,1,79,134,2018,8,10,2,3,0,1,0,1,0,0,0,0,0,0,672478.5382,5344173.9515,11.322475767,48.227318253,1,#66c2a5,bicycle
9,7,78,116,2018,8,10,6,2,0,3,0,1,1,0,0,0,0,0,619205.4771,5318612.3693,10.598345557,48.009682551,1,#66c2a5,bicycle
9,7,78,116,2018,8,18,6,3,4,6,0,0,1,0,1,0,0,0,619085.5027,5317518.7419,10.596433938,47.999869181,2,#fc8d62,car
9,1,79,123,2018,8,17,2,3,0,7,0,1,0,0,0,0,0,0,676393.4251,5332566.5144,11.370327691,48.121900265,1,#66c2a5,bicycle
9,7,78,116,2018,8,11,6,3,5,2,0,1,1,0,0,0,0,0,619189.9284,5318120.9792,10.598000601,48.00526605,1,#66c2a5,bicycle
9,1,78,130,2018,8,17,2,2,5,3,0,0,1,0,1,0,0,0,702473.8647,5356961.5314,11.732056908,48.333370998,2,#fc8d62,car
9,1,77,117,2018,8,21,2,3,5,2,2,1,1,0,0,0,0,0,714756.3007,5355043.5794,11.896597849,48.312084269,1,#66c2a5,bicycle
9,1,75,119,2018,8,16,2,2,5,2,0,0,1,0,1,0,0,0,725059.8798,5325610.8649,12.019789942,48.044069056,2,#fc8d62,car
9,1,62,0,2018,8,0,1,3,0,1,2,1,0,0,0,0,0,0,687315.1486,5338061.5927,11.519365666,48.168172111,1,#66c2a5,bicycle
9,7,72,163,2018,8,12,6,2,2,6,0,0,1,0,1,0,0,0,640232.8629,5350475.3405,10.890640221,48.291929171,2,#fc8d62,car
9,1,62,0,2018,8,10,1,2,0,5,0,1,1,0,0,0,0,0,692111.2302,5332511.1093,11.581301188,48.116854074,1,#66c2a5,bicycle
9,7,61,0,2018,8,15,6,3,2,6,0,0,1,0,0,0,0,0,638664.0309,5358367.2851,10.872097112,48.363238205,2,#fc8d62,car
9,1,62,0,2018,8,13,1,3,6,4,0,0,1,1,0,0,0,0,691918.2686,5340292.7211,11.582220091,48.186851928,2,#fc8d62,car
9,7,61,0,2018,8,10,6,3,5,3,0,0,1,0,0,0,0,0,637748134.0,5359425.67,10.860085085,48.372955576,2,#fc8d62,car
9,7,61,0,2018,8,4,6,3,3,6,2,0,0,0,1,1,0,0,638401.2908,5362348.6139,10.869862982,48.399095153,4,#e78ac3,marker
9,7,61,0,2018,8,10,6,3,0,7,0,1,0,1,0,0,0,0,641996.6328,5359875.7942,10.917573903,48.376061247,1,#66c2a5,bicycle
9,7,61,0,2018,8,23,6,3,4,3,0,0,1,0,1,0,0,0,641419.2363,5359226.2998,10.909562584,48.370350925,2,#fc8d62,car
9,7,61,0,2018,8,14,6,2,5,2,0,0,1,0,1,0,0,0,640949.8091,5357199.0373,10.902548442,48.352227501,2,#fc8d62,car
9,7,61,0,2018,8,16,6,3,0,2,0,1,1,0,0,0,0,0,640637.3781,5358037.9852,10.898614004,48.359840709,1,#66c2a5,bicycle
9,7,61,0,2018,8,22,6,3,0,1,2,1,0,0,0,0,0,0,640851938.0,5358278228.0,10.901589348,48.361953059,1,#66c2a5,bicycle
9,7,77,158,2018,8,8,1,2,0,1,0,1,0,0,0,0,0,0,620650131.0,5309112387.0,10.61504151,47.923971894,1,#66c2a5,bicycle
9,7,61,0,2018,8,17,1,3,0,7,0,1,0,0,0,0,0,0,641242239.0,5355009.2898,10.905759035,48.332472692,1,#66c2a5,bicycle
9,1,90,152,2018,8,13,1,3,0,1,0,1,0,0,0,0,0,0,671435279.0,5300024.8662,11.290773654,47.830705812,1,#66c2a5,bicycle
9,1,81,116,2018,8,9,1,3,2,6,0,1,0,0,0,0,0,0,647538.3116,5340437.7681,10.98557553,48.200016602,1,#66c2a5,bicycle
9,1,74,113,2018,8,15,1,3,8,7,0,0,1,0,0,0,0,0,674298.0386,5345346.0118,11.347436775,48.237356875,2,#fc8d62,car
9,2,61,0,2018,8,16,6,3,2,6,0,0,1,0,0,0,0,0,732237.3771,5380621.3452,12.146188629,48.535673826,2,#fc8d62,car
9,1,78,130,2018,8,14,1,3,2,1,0,0,1,0,0,0,0,0,703138.2142,5356895.2774,11.740978649,48.332562446,2,#fc8d62,car
9,1,77,117,2018,8,18,1,3,0,6,0,0,1,0,1,0,0,0,715346.6321,5354259.7296,11.904149552,48.304840576,2,#fc8d62,car
9,1,90,158,2018,8,17,6,3,0,7,0,0,0,0,1,0,0,0,651186.9891,5304318.8358,11.021896054,47.874395405,4,#e78ac3,marker
9,1,75,115,2018,8,18,1,2,0,7,0,1,0,0,0,0,0,0,720063.1373,5328167.5018,11.954153356,48.068782527,1,#66c2a5,bicycle
9,1,90,157,2018,8,14,6,3,2,6,0,0,1,0,1,0,0,0,659090537.0,5299544651.0,11.125764732,47.829560323,2,#fc8d62,car
9,1,62,0,2018,8,22,7,3,5,3,2,1,1,0,0,0,0,0,690013.7853,5337392675.0,11.555325958,48.161358969,1,#66c2a5,bicycle
9,1,62,0,2018,8,14,7,3,6,4,0,1,0,1,0,0,0,0,689007.8512,5332390.3065,11.539591939,48.116696944,1,#66c2a5,bicycle
9,1,62,0,2018,8,19,7,3,5,3,0,1,1,0,0,0,0,0,690361.2534,5343197.7528,11.562595351,48.213430451,1,#66c2a5,bicycle
9,1,62,0,2018,8,0,7,3,4,6,2,1,0,0,0,0,0,0,686542.0538,5338308.4734,11.509086313,48.170618487,1,#66c2a5,bicycle
9,1,62,0,2018,8,12,7,3,0,1,0,1,0,0,0,0,0,0,685853.3028,5328934.5456,11.495743177,48.0865634,1,#66c2a5,bicycle
9,1,63,0,2018,8,11,6,3,0,7,0,1,0,0,0,0,0,0,730993.6924,5304053.1584,12.087721335,47.848272487,1,#66c2a5,bicycle
9,1,62,0,2018,8,12,4,2,5,3,0,1,1,0,0,0,0,0,690742.9864,5342914.1305,11.567601267,48.210766698,1,#66c2a5,bicycle
9,1,62,0,2018,8,23,4,3,6,4,2,1,0,1,0,0,0,0,692642.3388,5338030.4945,11.59092667,48.166300563,1,#66c2a5,bicycle
9,1,62,0,2018,8,23,4,3,5,2,2,1,0,0,1,0,0,0,692313.9762,5337521.5048,11.586284917,48.161825309,1,#66c2a5,bicycle
9,1,62,0,2018,8,9,4,3,5,2,0,1,1,0,0,0,0,0,687996679.0,5339217572.0,11.529034126,48.178361024,1,#66c2a5,bicycle
9,1,62,0,2018,8,9,4,3,5,3,0,1,1,0,0,0,0,0,695673.6423,5330904.8008,11.628378988,48.101332696,1,#66c2a5,bicycle
9,1,62,0,2018,8,21,4,3,4,6,1,1,0,0,0,0,0,0,690760502.0,5338968.4155,11.566064344,48.175297963,1,#66c2a5,bicycle
9,1,62,0,2018,8,18,4,3,5,7,0,1,1,0,0,0,0,0,682735.9782,5334265.1227,11.45620582,48.13537982,1,#66c2a5,bicycle
9,1,62,0,2018,8,9,4,3,0,1,0,1,0,0,0,0,0,0,687709.6048,5328517.3911,11.520462462,48.082269985,1,#66c2a5,bicycle
9,1,62,0,2018,8,15,4,3,5,3,0,1,1,0,0,0,0,0,691779.6738,5333314.9842,11.577212516,48.124179146,1,#66c2a5,bicycle
9,1,62,0,2018,8,9,4,3,1,5,0,1,1,0,0,0,0,0,693036.2726,5333910.5771,11.594351062,48.129152427,1,#66c2a5,bicycle
9,1,62,0,2018,8,10,4,2,1,5,0,1,1,0,0,0,0,0,690844.2895,5335480.5726,11.565625651,48.143924424,1,#66c2a5,bicycle
9,7,72,184,2018,8,12,4,3,5,3,0,1,1,0,0,0,0,0,634344.7549,5361861.5962,10.81493059,48.395593309,1,#66c2a5,bicycle
9,7,71,130,2018,8,9,4,3,3,7,0,1,1,0,0,0,0,0,646863.3505,5357709.0436,10.982499034,48.355465596,1,#66c2a5,bicycle
9,7,61,0,2018,8,1,4,3,1,1,2,1,1,0,0,0,0,0,639244.5357,5361662841.0,10.881021827,48.392743213,1,#66c2a5,bicycle
9,7,61,0,2018,8,16,4,2,0,7,0,1,0,0,0,0,0,0,641564.0291,5353325.1608,10.909532842,48.317257554,1,#66c2a5,bicycle
9,7,61,0,2018,8,22,4,3,0,1,2,1,0,0,0,0,0,0,639373.8044,5358005.4657,10.88155451,48.359828506,1,#66c2a5,bicycle
9,1,78,136,2018,8,11,7,3,5,3,0,1,1,0,0,0,0,0,696418.4157,5370835.4283,11.656929845,48.459965262,1,#66c2a5,bicycle
9,1,62,0,2018,8,15,6,3,3,7,0,0,1,0,1,0,0,0,692575.5133,5335435.6171,11.588854589,48.142998713,2,#fc8d62,car
9,1,62,0,2018,8,15,6,3,5,2,0,1,1,0,0,0,0,0,691019.8443,5335345.4595,11.567922662,48.142657354,1,#66c2a5,bicycle
9,1,62,0,2018,8,13,6,3,5,3,0,0,1,0,1,0,0,1,686099.9781,5339627.7397,11.503723705,48.182606051,2,#fc8d62,car
9,1,62,0,2018,8,17,6,3,2,6,0,0,1,0,0,0,1,0,692485.7108,5334842.5906,11.587380591,48.137695896,2,#fc8d62,car
9,1,84,148,2018,8,11,6,3,5,3,0,1,1,0,0,0,0,1,695579.8431,5326713.4782,11.625201671,48.063691581,1,#66c2a5,bicycle
9,1,62,0,2018,8,8,6,2,4,2,0,1,1,0,0,0,0,1,689249.6639,5340134.1255,11.546280976,48.186227085,1,#66c2a5,bicycle
9,1,62,0,2018,8,13,6,3,0,7,0,0,0,0,1,0,1,1,692634.1753,5333772.9097,11.588890489,48.128036913,4,#e78ac3,marker
9,1,62,0,2018,8,19,6,3,5,2,0,0,1,0,0,0,1,0,680111575.0,5335529.19,11.421498032,48.147490607,2,#fc8d62,car
9,1,84,136,2018,8,16,6,3,5,3,0,1,1,0,0,0,0,1,697653.6523,5326474.0418,11.652896293,48.06090058,1,#66c2a5,bicycle
9,1,84,145,2018,8,13,6,3,5,3,0,1,0,0,0,0,1,1,697805.1686,5324503.2508,11.654016727,48.043141264,1,#66c2a5,bicycle
9,1,62,0,2018,8,10,6,3,6,2,0,0,1,1,0,0,0,1,694062.9861,5336376.0249,11.609258412,48.15099878,2,#fc8d62,car
9,7,61,0,2018,8,13,6,3,1,2,0,0,1,0,1,0,0,0,639866.4907,5359257.6992,10.888618449,48.370979285,2,#fc8d62,car
9,2,61,0,2018,8,15,4,3,1,6,0,1,0,0,0,0,0,0,731675.9015,5381887.1992,12.13929784,48.547252264,1,#66c2a5,bicycle
9,2,61,0,2018,8,19,4,3,3,6,0,1,0,0,0,0,0,0,731649.9825,5382287.2377,12.139169655,48.550855303,1,#66c2a5,bicycle
9,1,73,126,2018,8,11,4,3,5,3,0,0,1,0,0,0,0,0,687041.4294,5302758.6151,11.500292697,47.850930392,2,#fc8d62,car
9,1,87,150,2018,8,16,4,3,0,1,0,1,0,0,0,0,0,0,729449.0662,5304090.2774,12.067124494,47.849159122,1,#66c2a5,bicycle
9,1,87,150,2018,8,20,4,3,5,7,0,1,1,0,0,0,0,1,729269.9518,5303491.0791,12.064416331,47.843839501,1,#66c2a5,bicycle
9,1,78,130,2018,8,5,4,3,0,2,0,0,1,0,0,0,0,0,703943.9155,5358739.2865,11.752729825,48.348873737,2,#fc8d62,car
9,1,78,143,2018,8,11,4,3,0,1,0,1,0,0,0,0,0,0,716459341.0,5371658.3737,11.928095391,48.460785269,1,#66c2a5,bicycle
9,2,74,113,2018,8,19,6,3,5,3,0,0,1,0,0,0,0,0,728337.4926,5381765.5028,12.094063628,48.547382932,2,#fc8d62,car