ULAND,UREGBEZ,UKREIS,UGEMEINDE,UJAHR,UMONAT,USTUNDE,UWOCHENTAG,UKATEGORIE,UART,UTYP1,ULICHTVERH,IstRad,IstPKW,IstFuss,IstKrad,IstGkfz,IstSonstig,STRZUSTAND,LINREFX,LINREFY,XGCSWGS84,YGCSWGS84,Teilnehmer,color,symbol
9,1,78,124,2018,8,11,4,2,5,3,0,1,1,0,0,0,0,0,704992.8997,5364481.2367,11.769670583,48.400131867,1,#66c2a5,bicycle
9,2,61,0,2018,8,13,6,3,5,3,0,1,1,0,0,0,0,1,732130.4308,5381005.2818,12.144955899,48.539162204,1,#66c2a5,bicycle
9,1,78,137,2018,8,19,4,3,0,1,0,0,0,0,1,0,0,0,696206.2266,5361176.5726,11.649545314,48.373228431,4,#e78ac3,marker
9,1,62,0,2018,8,8,3,3,5,3,0,1,1,0,0,0,0,0,688337.8818,5340829.4726,11.534334118,48.192747889,1,#66c2a5,bicycle
9,1,82,120,2018,8,10,6,3,5,3,0,0,1,0,0,0,0,1,702748513.0,5310477.0108,11.713647965,47.915535546,2,#fc8d62,car
9,1,62,0,2018,8,16,3,3,0,1,0,1,0,0,0,0,0,0,698341.2778,5333570.8681,11.665411745,48.124468564,1,#66c2a5,bicycle
9,1,84,129,2018,8,8,3,2,0,7,0,1,1,0,0,0,0,1,699220.2343,5325835.0908,11.673601694,48.054670951,1,#66c2a5,bicycle
9,1,62,0,2018,8,8,3,3,5,3,0,1,1,0,0,0,0,0,682354.4495,5337243.9691,11.452358577,48.162265236,1,#66c2a5,bicycle
9,1,62,0,2018,8,17,3,3,6,4,0,1,0,1,0,0,0,1,690382731.0,5335196.6352,11.559300147,48.141510687,1,#66c2a5,bicycle
9,1,62,0,2018,8,15,3,3,5,2,0,1,1,0,0,0,0,0,691231.8914,5340013.2196,11.572868895,48.18454681,1,#66c2a5,bicycle
9,1,62,0,2018,8,8,3,3,0,1,0,1,0,0,0,0,1,0,687945.8776,5337862.7812,11.527752474,48.166198991,1,#66c2a5,bicycle
9,1,81,132,2018,8,14,6,3,8,1,0,0,1,0,0,1,0,0,643062.8086,5325754.5241,10.920448239,48.069010591,2,#fc8d62,car
9,1,62,0,2018,8,20,3,3,6,7,0,1,0,1,0,0,0,0,682078547.0,5339325.4234,11.449543116,48.181053853,1,#66c2a5,bicycle
9,1,79,123,2018,8,18,6,3,5,3,0,1,1,0,0,0,0,0,676731.8337,5334326.5741,11.375601089,48.137628023,1,#66c2a5,bicycle
9,1,62,0,2018,8,12,3,3,6,7,0,0,1,1,0,0,0,0,690699.5107,5334750.3822,11.563354362,48.137404922,2,#fc8d62,car
9,1,88,121,2018,8,13,6,2,4,6,0,0,1,0,0,0,0,1,672249.7988,5330856.7917,11.314003831,48.107664995,2,#fc8d62,car
9,1,62,0,2018,8,18,3,3,5,3,0,0,1,0,0,0,0,0,691800.2031,5337741881.0,11.579482217,48.163961198,2,#fc8d62,car
9,1,62,0,2018,8,9,3,3,0,3,0,1,1,0,0,0,0,0,691406201.0,5340885503.0,11.575604696,48.19233422,1,#66c2a5,bicycle
9,1,88,127,2018,8,9,6,3,2,2,0,0,1,0,0,1,0,1,676746.5986,5330429.1917,11.374183616,48.102589339,2,#fc8d62,car
9,1,88,120,2018,8,16,6,3,0,7,0,1,0,0,0,0,0,1,675983.3562,5326722728.0,11.362413126,48.069481775,1,#66c2a5,bicycle
9,1,78,157,2018,8,12,6,3,0,1,0,0,0,0,1,0,0,1,706981.8205,5369626.0176,11.799048986,48.445712065,4,#e78ac3,marker
9,1,77,117,2018,8,14,6,3,5,3,0,0,1,0,1,0,0,1,714385.4886,5354734.0448,11.891445759,48.309428817,2,#fc8d62,car
9,1,84,146,2018,8,12,5,3,1,3,0,0,1,0,0,0,0,0,698475.6055,5328146.3646,11.664692461,48.075675175,2,#fc8d62,car
9,1,62,0,2018,8,17,5,3,5,3,0,1,1,0,0,0,0,0,690856.2254,5334812.1728,11.565486395,48.13791331,1,#66c2a5,bicycle
9,1,62,0,2018,8,20,5,3,0,1,1,0,1,0,1,0,0,1,694116.2758,5333857.5365,11.608826267,48.128347286,2,#fc8d62,car
9,7,72,163,2018,8,18,3,3,0,1,0,1,0,0,0,0,0,0,640098.9728,5348050.1096,10.888032044,48.270151506,1,#66c2a5,bicycle
9,7,61,0,2018,8,9,3,3,0,7,0,1,0,0,0,0,0,0,643486.8294,5360162.4294,10.937783992,48.378301407,1,#66c2a5,bicycle
9,7,61,0,2018,8,17,3,3,2,2,0,1,1,0,0,0,0,0,640568.2333,5356972.7238,10.897325278,48.350277608,1,#66c2a5,bicycle
9,1,62,0,2018,8,20,5,3,6,4,1,0,1,1,0,0,0,0,689016.2837,5340136.5082,11.543145208,48.186317983,2,#fc8d62,car
9,7,61,0,2018,8,11,3,3,0,7,0,0,0,0,1,0,0,0,640566.8644,5359163.1923,10.898038627,48.369973905,4,#e78ac3,marker
9,1,62,0,2018,8,18,5,2,0,7,0,1,0,0,0,0,0,0,693991.5509,5331004.1415,11.605853846,48.102739893,1,#66c2a5,bicycle
9,1,62,0,2018,8,15,5,3,6,4,0,0,1,1,0,0,0,0,692659.9042,5340002.1388,11.592056288,48.184015782,2,#fc8d62,car
9,1,62,0,2018,8,20,5,3,3,7,2,0,1,0,0,0,0,1,691490.4028,5335606.6555,11.574359335,48.1448635,2,#fc8d62,car
9,1,62,0,2018,8,8,5,3,0,7,0,1,0,1,0,0,0,0,694808348.0,5340280821.0,11.621058134,48.185865305,1,#66c2a5,bicycle
9,1,62,0,2018,8,18,5,3,0,1,0,1,0,0,0,0,0,1,688537.0985,5339005.7973,11.536202821,48.176297463,1,#66c2a5,bicycle
9,1,62,0,2018,8,9,5,2,5,3,0,1,1,0,0,0,0,0,680714.7637,5341518.7658,11.432146368,48.20115867,1,#66c2a5,bicycle
9,1,62,0,2018,8,20,5,3,5,2,0,1,1,0,0,0,0,0,690789852.0,5339016085.0,11.566480139,48.1757176,1,#66c2a5,bicycle
9,1,62,0,2018,8,15,5,3,4,6,0,1,0,0,0,0,0,0,686238.2019,5332220.2494,11.502340531,48.115984428,1,#66c2a5,bicycle
9,1,62,0,2018,8,16,5,3,5,3,0,1,1,0,0,0,0,0,700863688.0,5334130.0341,11.699533936,48.128702988,1,#66c2a5,bicycle
9,1,62,0,2018,8,19,5,3,9,1,0,0,0,0,1,0,0,0,697686.9076,5331825.6074,11.655818732,48.108986863,4,#e78ac3,marker
9,1,62,0,2018,8,16,5,3,5,2,0,1,1,0,0,0,0,0,692263.6297,5331416.3001,11.58285326,48.106968092,1,#66c2a5,bicycle
9,1,62,0,2018,8,8,5,3,3,6,0,1,0,0,0,0,0,0,690140.4546,5335078.5682,11.555993893,48.140521948,1,#66c2a5,bicycle
9,1,62,0,2018,8,11,5,3,5,7,0,1,1,0,0,0,0,0,692385.5918,5337810.1174,11.587377541,48.164397621,1,#66c2a5,bicycle
9,1,62,0,2018,8,16,5,3,5,7,0,1,0,0,0,0,0,0,691244.9977,5336219.4247,11.571338885,48.150444817,1,#66c2a5,bicycle
9,1,62,0,2018,8,19,5,3,5,2,0,1,1,0,0,0,0,1,692063.9318,5334946.2739,11.581763795,48.138755224,1,#66c2a5,bicycle
9,1,62,0,2018,8,8,5,3,0,1,0,1,0,0,0,0,0,0,690901.1,5334285318.0,11.56585287,48.133164509,1,#66c2a5,bicycle
9,7,78,203,2018,8,9,5,3,1,5,0,1,0,0,0,1,0,0,622065.5334,5324357.6849,10.638315693,48.060812912,1,#66c2a5,bicycle
9,7,61,0,2018,8,15,5,3,0,7,0,1,0,0,0,0,0,0,643643.7128,5356401.5665,10.938617384,48.344450064,1,#66c2a5,bicycle
9,1,73,147,2018,8,11,3,3,0,7,0,0,0,0,0,0,1,0,682045.8884,5308856.4758,11.436147484,47.907179907,6,#ffd92f,circle
9,2,61,0,2018,8,8,5,3,3,7,0,1,1,0,0,0,0,0,732171.4701,5379335.6184,12.144581265,48.524148798,1,#66c2a5,bicycle
9,1,90,148,2018,8,12,5,3,0,7,0,0,0,0,0,0,1,0,641231.6765,5298099.0336,10.886805882,47.820730422,6,#ffd92f,circle
9,1,63,0,2018,8,12,3,3,3,6,0,1,1,0,0,0,0,0,733855134.0,5304608.6035,12.126212264,47.85222815,1,#66c2a5,bicycle
9,1,63,0,2018,8,13,3,3,0,7,0,1,0,0,0,0,0,0,733264.1114,5306355.7339,12.119265842,47.868139222,1,#66c2a5,bicycle
9,1,63,0,2018,8,10,5,2,1,7,0,1,1,0,0,0,0,0,733255885.0,5305982.1895,12.118954466,47.864786267,1,#66c2a5,bicycle
9,1,87,122,2018,8,6,5,3,2,6,1,1,0,0,0,0,1,0,719266.2903,5307685.3127,11.933019897,47.885016667,1,#66c2a5,bicycle
9,1,87,165,2018,8,16,3,3,0,1,0,1,0,0,0,0,0,0,729912451.0,5298449051.0,12.070316447,47.79830986,1,#66c2a5,bicycle
9,1,88,139,2018,8,13,5,3,1,5,0,1,1,0,0,0,0,0,674324.5692,5317827.4711,11.33654534,47.989972149,1,#66c2a5,bicycle
9,1,81,128,2018,8,9,5,3,8,1,0,0,0,0,1,0,0,0,639824777.0,5328988.0819,10.878064519,48.098805556,4,#e78ac3,marker
9,1,78,120,2018,8,20,5,3,0,1,0,0,1,0,1,0,0,0,694308.4684,5352582.9917,11.619983586,48.296583059,2,#fc8d62,car
9,1,78,120,2018,8,7,5,2,5,3,0,1,0,0,0,0,1,0,696036.0807,5354105.6863,11.64395957,48.309734903,1,#66c2a5,bicycle
9,1,88,145,2018,8,8,3,3,0,1,0,1,0,0,0,0,0,0,663796.3717,5326777.4188,11.198964659,48.073219729,1,#66c2a5,bicycle
9,1,77,117,2018,8,19,5,3,0,1,0,0,0,0,1,0,0,1,714863.8212,5353251.6601,11.897134049,48.295947017,4,#e78ac3,marker
9,1,79,145,2018,8,8,3,3,0,7,0,1,0,0,0,0,0,0,674704.1166,5337001.2133,11.349466557,48.162231323,1,#66c2a5,bicycle
9,1,75,123,2018,8,15,5,3,0,7,0,0,1,1,0,0,0,0,722828.1201,5337990.0266,11.996349557,48.156075354,2,#fc8d62,car
9,1,74,113,2018,8,18,3,3,4,6,0,1,0,0,0,0,0,0,675118.1999,5346949.4536,11.359136073,48.25154452,1,#66c2a5,bicycle
9,1,77,117,2018,8,21,3,3,5,3,1,1,1,0,0,0,0,0,715315176.0,5354752749.0,11.90397742,48.309281129,1,#66c2a5,bicycle
9,1,77,115,2018,8,11,5,3,6,7,0,0,1,1,0,0,0,0,733658.0479,5351527.9102,12.149212686,48.273803811,2,#fc8d62,car
9,1,77,117,2018,8,8,3,3,4,7,0,1,1,0,0,0,0,0,716239.7732,5354358.2849,11.916228701,48.305421483,1,#66c2a5,bicycle
9,1,62,0,2018,8,17,4,3,1,6,0,0,1,0,0,0,0,0,695796255.0,5334118125.0,11.631499492,48.130174814,2,#fc8d62,car
9,1,77,121,2018,8,20,3,3,0,1,0,1,0,0,0,0,0,0,732384.1701,5365951.4208,12.140025227,48.40384119,1,#66c2a5,bicycle
9,1,62,0,2018,8,17,4,3,5,3,0,1,1,0,0,0,0,0,694515.5454,5334809.7739,11.614621198,48.136783738,1,#66c2a5,bicycle
9,1,62,0,2018,8,18,2,2,3,6,0,1,0,0,0,0,0,0,692266.3378,5338129.8146,11.585919929,48.167307056,1,#66c2a5,bicycle
9,1,73,147,2018,8,14,2,3,0,7,0,1,0,0,0,0,0,0,681297.4099,5309987.4394,11.426616153,47.917558397,1,#66c2a5,bicycle
9,1,63,0,2018,8,7,2,3,6,4,0,0,1,1,0,0,0,0,733726.7218,5304812.4287,12.124608381,47.854106024,2,#fc8d62,car
9,1,87,117,2018,8,13,2,3,1,7,0,1,1,0,0,0,0,0,725677.5415,5306000555.0,12.017778879,47.867657893,1,#66c2a5,bicycle
9,1,79,142,2018,8,16,2,2,0,1,0,0,0,0,1,0,0,1,675706.4445,5344585.1993,11.366072875,48.230129139,4,#e78ac3,marker
9,1,75,127,2018,8,11,2,3,1,5,0,1,1,0,0,0,0,0,713130.5307,5341371.6955,11.867815447,48.18978568,1,#66c2a5,bicycle
9,1,62,0,2018,8,18,1,3,2,2,0,0,1,0,0,0,0,0,688287.1235,5335737.4489,11.531396891,48.146995214,2,#fc8d62,car
9,1,62,0,2018,8,21,1,3,8,1,2,0,1,0,0,0,0,0,699148119.0,5333753.22,11.676327446,48.125855523,2,#fc8d62,car
9,1,62,0,2018,8,5,1,3,1,5,1,0,1,0,1,0,0,0,693870.7329,5333105.0467,11.60518757,48.121658979,2,#fc8d62,car
9,1,62,0,2018,8,15,1,3,3,2,0,1,1,0,0,0,0,0,686223347.0,5332685674.0,11.502344406,48.1201722,1,#66c2a5,bicycle
9,1,84,131,2018,8,11,1,3,5,3,0,1,1,0,0,0,0,0,704800.1332,5339173.2901,11.754802033,48.172770218,1,#66c2a5,bicycle
9,1,79,126,2018,8,16,4,3,0,1,0,0,1,0,1,0,0,0,676777.5491,5340070.8993,11.378602548,48.189252073,2,#fc8d62,car
9,1,79,121,2018,8,14,4,3,5,3,0,0,1,0,0,0,0,0,667752.26,5338986.1469,11.256836233,48.181948093,2,#fc8d62,car
9,7,73,182,2018,8,20,1,3,0,1,0,1,0,0,0,0,0,0,624072.9654,5380051.6032,10.681627566,48.561273066,1,#66c2a5,bicycle
9,1,79,121,2018,8,9,4,3,0,7,0,0,0,0,1,0,0,0,665510.6863,5338314.6031,11.226441705,48.176498764,4,#e78ac3,marker
9,7,61,0,2018,8,19,1,3,5,3,0,1,1,0,0,0,0,0,637954.6197,5355772.4379,10.861674239,48.340061087,1,#66c2a5,bicycle
9,1,74,115,2018,8,19,4,3,2,2,0,0,1,0,1,0,0,0,681303.8789,5347677.6153,11.442702173,48.256350467,2,#fc8d62,car
9,7,72,134,2018,8,14,1,3,0,7,0,1,0,0,0,0,1,0,632511.7107,5383492.1436,10.797042152,48.590483036,1,#66c2a5,bicycle
9,1,74,115,2018,8,17,4,2,1,1,0,0,1,0,1,0,0,0,682695.6525,5347749.5648,11.461466659,48.256597471,2,#fc8d62,car
9,1,74,111,2018,8,13,4,3,0,1,0,1,0,0,0,0,0,0,665055.5039,5360109.7478,11.228833168,48.372554772,1,#66c2a5,bicycle
9,1,77,117,2018,8,14,4,3,4,6,0,1,0,0,0,0,0,0,715868207.0,5353065125.0,11.910563312,48.293929206,1,#66c2a5,bicycle
9,1,75,137,2018,8,11,4,3,4,3,0,1,1,0,0,0,0,0,725445.8523,5330232994.0,12.027397796,48.085460516,1,#66c2a5,bicycle
9,1,77,115,2018,8,17,4,3,9,1,0,0,0,0,1,0,0,0,729648.9276,5353250.6033,12.096196972,48.29074602,4,#e78ac3,marker
9,7,72,163,2018,8,11,1,3,5,2,0,1,1,0,0,0,0,0,640206195.0,5348362.73,10.889579872,48.272938818,1,#66c2a5,bicycle
9,1,62,0,2018,8,14,3,3,0,5,0,1,1,0,0,0,0,0,690145615.0,5334656.4189,11.555874728,48.136726126,1,#66c2a5,bicycle
9,1,62,0,2018,8,12,3,2,6,4,0,1,0,1,0,0,0,0,690611.0503,5338444.8001,11.563821273,48.170636605,1,#66c2a5,bicycle
9,1,62,0,2018,8,16,3,3,0,6,0,0,0,0,0,0,1,0,686659.1627,5338225.1777,11.510623351,48.169835422,6,#ffd92f,circle
9,1,62,0,2018,8,12,3,3,6,4,0,0,1,1,0,0,0,0,686373538.0,5339373.3889,11.507288869,48.180239688,2,#fc8d62,car
9,1,62,0,2018,8,17,3,3,0,7,0,1,0,0,0,0,0,0,696691.4531,5338513.3862,11.64554863,48.169400607,1,#66c2a5,bicycle
9,1,62,0,2018,8,14,3,3,0,7,0,1,0,0,0,0,0,0,691446.4907,5335078.8185,11.5735323,48.140132582,1,#66c2a5,bicycle
9,1,62,0,2018,8,13,3,3,0,6,0,0,1,0,1,0,0,0,691505.8209,5335424.9569,11.574484675,48.143225776,2,#fc8d62,car
9,1,62,0,2018,8,7,3,3,0,7,0,0,1,0,0,0,0,0,686555.3157,5329395.7154,11.505362326,48.090503543,2,#fc8d62,car
9,1,62,0,2018,8,10,3,3,5,2,0,1,1,0,0,0,0,0,693049.5269,5332338.2813,11.593817003,48.115016986,1,#66c2a5,bicycle
9,1,62,0,2018,8,11,3,3,6,4,0,1,0,1,0,0,0,0,690730.5618,5334751.4177,11.563771776,48.137404923,1,#66c2a5,bicycle
9,1,62,0,2018,8,12,3,3,5,2,0,1,1,0,0,0,0,0,685874863.0,5335089.4244,11.498714934,48.14187994,1,#66c2a5,bicycle
9,1,88,127,2018,8,13,3,3,6,4,0,0,1,1,0,0,0,0,679539.0739,5329853.5174,11.411417754,48.096633776,2,#fc8d62,car
9,1,62,0,2018,8,8,3,3,1,5,0,0,1,0,1,0,0,0,689019.3098,5335980.6931,11.541338636,48.148964381,2,#fc8d62,car
9,1,62,0,2018,8,8,3,3,6,4,0,1,0,1,0,0,0,0,689103099.0,5332993694.0,11.541138044,48.122091999,1,#66c2a5,bicycle
9,7,62,0,2018,8,10,3,3,5,5,0,0,1,0,1,0,0,0,621594604.0,5304949228.0,10.626505377,47.886351208,2,#fc8d62,car
9,7,77,121,2018,8,22,3,3,8,1,2,0,1,0,0,0,0,0,629513.1367,5319849.4519,10.736864528,48.018801998,2,#fc8d62,car
9,7,72,147,2018,8,16,3,3,5,3,0,0,1,0,0,0,0,0,637833.4006,5365389538.0,10.863193831,48.426562872,2,#fc8d62,car
9,2,74,185,2018,8,12,1,2,0,1,0,1,0,0,0,0,0,0,731092.2323,5372368.0201,12.126132753,48.461957054,1,#66c2a5,bicycle
9,2,61,0,2018,8,14,1,3,0,2,0,0,1,0,1,0,0,0,732401.1039,5379297.3237,12.147665253,48.523719856,2,#fc8d62,car
9,7,72,147,2018,8,12,3,3,0,7,0,0,1,0,1,0,0,0,637793.6982,5365206.3481,10.862597229,48.424924359,2,#fc8d62,car
9,1,90,157,2018,8,14,1,3,5,3,0,1,1,0,0,0,0,0,658634.1617,5301452.6252,11.120370157,47.846828169,1,#66c2a5,bicycle
9,7,71,160,2018,8,16,3,2,5,3,0,1,0,0,0,0,1,0,655452.9433,5349143.7088,11.095214058,48.276401507,1,#66c2a5,bicycle
9,7,71,130,2018,8,13,3,3,0,1,0,1,0,0,0,0,0,0,647858.2638,5357163.9813,10.995729395,48.350332672,1,#66c2a5,bicycle
9,7,61,0,2018,8,17,3,3,5,1,0,1,1,0,0,0,0,0,641264.0352,5358062.9543,10.907077437,48.35992532,1,#66c2a5,bicycle
9,7,61,0,2018,8,14,3,3,5,1,0,0,1,0,0,0,0,0,640596.7731,5354003.0569,10.896719183,48.323568844,2,#fc8d62,car
9,7,61,0,2018,8,11,3,3,5,1,0,1,1,0,0,0,0,0,641232.0564,5358011.6386,10.906628745,48.359471062,1,#66c2a5,bicycle
9,7,61,0,2018,8,11,3,3,3,2,0,1,1,0,0,0,0,0,639908.7875,5358869.6203,10.88906015,48.367480416,1,#66c2a5,bicycle
9,7,71,113,2018,8,18,3,3,3,3,0,0,1,0,1,0,0,0,657252488.0,5368800941.0,11.126799683,48.452684147,2,#fc8d62,car
9,1,81,127,2018,8,20,1,2,0,1,1,1,0,0,0,0,0,0,636392542.0,5327277542.0,10.831442543,48.084167637,1,#66c2a5,bicycle
9,1,88,132,2018,8,22,1,3,1,5,2,1,1,0,0,0,0,0,663986.7139,5321989.8523,11.199683309,48.03012838,1,#66c2a5,bicycle
9,1,74,115,2018,8,17,1,2,5,3,0,1,1,0,0,0,0,0,680777.0567,5348631.7652,11.436018681,48.26507748,1,#66c2a5,bicycle
9,1,74,115,2018,8,9,1,3,0,1,0,0,1,0,0,0,0,0,681985.4669,5347790.1224,11.451924856,48.257166372,2,#fc8d62,car
9,1,78,122,2018,8,12,1,3,0,1,0,1,0,0,0,0,0,0,706388.3744,5384420.5063,11.798350182,48.578845252,1,#66c2a5,bicycle
9,1,78,124,2018,8,9,1,3,0,1,0,1,0,0,0,0,0,0,702906.7104,5364021.8126,11.741295709,48.396678118,1,#66c2a5,bicycle
9,1,62,0,2018,8,17,7,3,5,2,0,1,0,0,0,0,0,0,686691.6573,5338376.0323,11.511126218,48.1711818,1,#66c2a5,bicycle
9,1,62,0,2018,8,8,7,3,5,3,0,0,1,0,0,0,0,0,681933.8681,5334494.7193,11.445532705,48.137673428,2,#fc8d62,car
9,1,62,0,2018,8,17,7,3,5,2,0,0,1,0,0,0,0,0,689969.3383,5334916.3021,11.553623626,48.139114609,2,#fc8d62,car
9,1,62,0,2018,8,20,7,3,5,2,1,1,1,0,0,0,0,0,690574.2671,5337116.1539,11.562731695,48.158705874,1,#66c2a5,bicycle
9,1,84,112,2018,8,16,7,3,0,1,0,0,0,0,1,0,0,0,699797326.0,5336480646.0,11.686321483,48.150163693,4,#e78ac3,marker
9,1,84,136,2018,8,12,7,3,4,6,0,0,1,0,0,0,1,0,700319.09,5327208.2297,11.688974983,48.066667637,2,#fc8d62,car
9,1,62,0,2018,8,14,7,3,1,5,0,0,1,0,0,0,0,0,691583.9439,5338059.1082,11.576719745,48.166877583,2,#fc8d62,car
9,1,62,0,2018,8,20,7,3,0,1,2,1,0,0,0,0,0,0,693501.1238,5336407.58,11.601726374,48.151453563,1,#66c2a5,bicycle
9,1,82,120,2018,8,14,3,2,6,4,0,0,1,1,0,0,0,0,702027.3128,5306283.7872,11.702043402,47.878077277,2,#fc8d62,car
9,7,61,0,2018,8,20,7,3,2,6,1,0,1,0,1,0,0,0,638959.8287,5360634.7884,10.876837878,48.383562028,2,#fc8d62,car
9,1,81,130,2018,8,16,3,3,5,3,0,1,1,0,0,0,0,0,638635.7922,5325128.6647,10.860850861,48.064360329,1,#66c2a5,bicycle
9,1,75,131,2018,8,20,3,2,9,1,1,0,1,0,0,0,0,0,711752.6392,5323241167.0,11.840300176,48.027327121,2,#fc8d62,car
9,7,61,0,2018,8,23,7,3,4,2,2,0,1,1,0,0,1,0,640403105.0,5359180299.0,10.895834396,48.370164175,2,#fc8d62,car
9,1,62,0,2018,8,13,2,3,6,7,0,0,1,0,0,0,1,0,691517.9218,5337179.5887,11.575436702,48.158992506,2,#fc8d62,car
9,1,62,0,2018,8,21,2,3,5,3,2,1,1,0,0,0,0,0,691325268.0,5336701067.0,11.572633533,48.154749615,1,#66c2a5,bicycle
9,1,62,0,2018,8,18,2,3,2,6,0,0,1,0,0,0,0,1,690677644.0,5332934462.0,11.562248191,48.12109003,2,#fc8d62,car
9,1,62,0,2018,8,14,2,3,5,3,0,1,1,0,0,0,0,0,691225.0801,5334399.8788,11.570254283,48.134096914,1,#66c2a5,bicycle
9,1,84,139,2018,8,17,2,3,5,3,0,0,1,0,0,0,0,1,687342.3048,5325601.7566,11.514257855,48.056171124,2,#fc8d62,car
9,1,62,0,2018,8,8,2,3,5,3,0,1,0,0,1,0,0,0,688034.1938,5333428.5404,11.526980616,48.126317076,1,#66c2a5,bicycle
9,1,62,0,2018,8,21,2,3,5,3,2,0,1,0,0,0,0,1,683130.9609,5334829.0004,11.461752261,48.140334784,2,#fc8d62,car
9,1,62,0,2018,8,17,2,3,1,6,0,0,1,0,0,0,0,1,686215.0774,5334731451.0,11.503127387,48.138562862,2,#fc8d62,car
9,1,84,123,2018,8,13,2,3,0,5,0,0,1,0,0,0,0,0,703189.0684,5332260.8745,11.729858847,48.111167293,2,#fc8d62,car
9,1,62,0,2018,8,17,2,3,6,7,1,1,0,1,0,0,0,1,699869.4486,5333225.5547,11.685762879,48.120887294,1,#66c2a5,bicycle
9,1,62,0,2018,8,22,2,2,4,6,2,1,0,0,0,0,0,0,693853.8537,5342353.3127,11.609175886,48.204783889,1,#66c2a5,bicycle
9,1,62,0,2018,8,11,2,3,1,7,0,1,1,0,0,0,0,0,690574.8513,5337119.4308,11.562741011,48.158735152,1,#66c2a5,bicycle
9,7,77,121,2018,8,13,2,2,0,1,0,1,0,0,0,0,0,0,627878.2941,5321669.8904,10.715493706,48.035502714,1,#66c2a5,bicycle
9,1,73,147,2018,8,15,7,3,6,4,0,0,1,1,0,0,0,0,682377.2727,5307906.1881,11.440176192,47.89854348,2,#fc8d62,car
9,7,72,200,2018,8,15,2,3,0,1,0,1,0,0,0,0,0,1,631179883.0,5338313475.0,10.764882157,48.184504624,1,#66c2a5,bicycle
9,1,90,152,2018,8,8,7,2,0,7,0,1,0,0,0,0,0,0,672392704.0,5299200964.0,11.303228527,47.82304287,1,#66c2a5,bicycle
9,7,61,0,2018,8,17,2,3,4,3,0,1,1,0,0,0,0,0,639430.5785,5361539.2345,10.883492591,48.391590674,1,#66c2a5,bicycle
9,1,73,126,2018,8,13,7,2,3,2,0,1,1,0,0,0,0,0,683799.7222,5306196.5447,11.458462353,47.882769516,1,#66c2a5,bicycle
9,1,73,126,2018,8,19,7,2,1,5,0,1,1,0,0,0,0,0,681080.6115,5307542.3678,11.422690527,47.895640228,1,#66c2a5,bicycle
9,7,61,0,2018,8,13,2,3,5,3,0,1,1,0,0,0,0,0,639184.6759,5362618.2725,10.88053035,48.401347392,1,#66c2a5,bicycle
9,7,61,0,2018,8,9,2,3,1,1,0,1,1,0,0,0,0,0,639608.2788,5356182.2887,10.884113477,48.343383127,1,#66c2a5,bicycle
9,1,63,0,2018,8,12,7,3,1,6,0,0,1,0,0,0,0,0,732814.2982,5304893.7558,12.112472931,47.85516781,2,#fc8d62,car
9,1,88,137,2018,8,17,7,3,3,2,0,1,1,0,0,0,0,0,671964.1707,5315797.4842,11.304121949,47.972361687,1,#66c2a5,bicycle
9,1,88,113,2018,8,12,7,2,5,3,0,0,1,0,1,0,0,0,677402.2198,5314542.6205,11.376403841,47.959596868,2,#fc8d62,car
9,1,79,123,2018,8,16,7,3,0,7,0,1,0,0,0,0,0,0,676215296.0,5332583.3402,11.367943116,48.122100844,1,#66c2a5,bicycle
9,1,78,120,2018,8,8,7,3,5,3,0,1,1,0,0,0,0,0,695420.4777,5353701.2142,11.635478709,48.306290326,1,#66c2a5,bicycle
9,1,78,120,2018,8,10,7,3,0,1,0,1,0,0,0,0,0,0,694543.8925,5352057194.0,11.622912295,48.291785236,1,#66c2a5,bicycle
9,1,62,0,2018,8,20,6,3,5,7,0,1,0,0,0,0,0,0,688616.4716,5332899.3278,11.534563712,48.121388165,1,#66c2a5,bicycle
9,1,62,0,2018,8,10,6,3,5,3,0,0,1,0,0,0,0,0,687888.3382,5330418.4857,11.523696453,48.099304965,2,#fc8d62,car
9,1,62,0,2018,8,14,6,3,5,3,0,0,1,0,0,0,0,0,688113.0053,5333887.8138,11.528241423,48.130421842,2,#fc8d62,car
9,1,62,0,2018,8,17,6,3,2,6,0,0,1,0,0,0,0,0,690818.7747,5340308.8238,11.567449322,48.187327873,2,#fc8d62,car
9,1,62,0,2018,8,8,6,3,0,1,0,1,0,0,0,0,0,0,691242243.0,5334042585.0,11.570324354,48.13088043,1,#66c2a5,bicycle
9,1,62,0,2018,8,19,6,3,0,1,0,1,0,0,0,0,0,0,690815.2281,5332969.3278,11.564110676,48.121362186,1,#66c2a5,bicycle
9,1,62,0,2018,8,13,6,3,6,4,0,0,1,1,0,0,0,0,697934.7347,5334525.6778,11.660398,48.133176225,2,#fc8d62,car
9,1,62,0,2018,8,16,6,2,3,2,0,1,0,0,0,0,1,0,690717.0656,5335724.5179,11.564026359,48.14615514,1,#66c2a5,bicycle
9,1,84,119,2018,8,9,6,3,4,3,0,1,1,0,0,0,0,0,698313622.0,5349400.4151,11.672433737,48.266739041,1,#66c2a5,bicycle
9,1,62,0,2018,8,9,6,3,0,7,0,1,0,0,0,0,0,0,689059.7562,5341553.0282,11.54436015,48.199036736,1,#66c2a5,bicycle