ULAND,UREGBEZ,UKREIS,UGEMEINDE,UJAHR,UMONAT,USTUNDE,UWOCHENTAG,UKATEGORIE,UART,UTYP1,ULICHTVERH,IstRad,IstPKW,IstFuss,IstKrad,IstGkfz,IstSonstig,STRZUSTAND,LINREFX,LINREFY,XGCSWGS84,YGCSWGS84,Teilnehmer,color,symbol
9,1,84,134,2018,8,15,6,3,4,2,0,1,0,0,0,0,0,0,691599159.0,5324568898.0,11.570866302,48.045623917,1,#66c2a5,bicycle
9,1,84,130,2018,8,19,6,3,2,7,0,0,1,0,1,0,0,0,697911.0517,5344267.0155,11.6646159,48.220730792,2,#fc8d62,car
9,1,62,0,2018,8,17,6,3,6,4,0,1,0,1,0,0,0,0,693989.6011,5335213.5547,11.607743119,48.140573317,1,#66c2a5,bicycle
9,1,62,0,2018,8,10,6,3,4,2,0,0,1,0,0,0,1,0,689687025.0,5334741.8811,11.549754909,48.137631124,2,#fc8d62,car
9,1,62,0,2018,8,9,6,3,0,1,0,1,0,0,0,0,0,0,689577.4167,5335187.5523,11.548481458,48.141669506,1,#66c2a5,bicycle
9,7,72,160,2018,8,23,6,3,8,7,2,0,1,0,0,0,0,0,637539.5368,5342541.5199,10.851769391,48.221178772,2,#fc8d62,car
9,7,61,0,2018,8,16,6,3,0,1,0,0,1,0,0,0,0,0,635513.5302,5353582.2271,10.828045451,48.320894854,2,#fc8d62,car
9,7,61,0,2018,8,8,6,3,0,7,0,1,1,0,0,0,0,0,640699.9255,5358955.3684,10.899764759,48.368075574,1,#66c2a5,bicycle
9,2,61,0,2018,8,18,2,3,3,7,0,1,0,0,0,0,0,0,733039.9758,5382102.0858,12.157872626,48.54867734,1,#66c2a5,bicycle
9,1,90,140,2018,8,17,2,3,5,3,0,0,1,0,1,0,0,0,644328.0908,5296119732.0,10.92748998,47.802244585,2,#fc8d62,car
9,7,71,113,2018,8,15,6,2,2,3,0,0,1,0,1,0,0,0,656398874.0,5367467845.0,11.114765108,48.440911866,2,#fc8d62,car
9,1,63,0,2018,8,17,2,3,0,7,0,1,0,0,0,0,0,0,733385.8954,5304695.2028,12.119995748,47.853176702,1,#66c2a5,bicycle
9,1,87,117,2018,8,10,2,3,8,6,0,1,0,0,0,0,0,0,726467.5704,5305792.2236,12.028218846,47.86550807,1,#66c2a5,bicycle
9,1,81,128,2018,8,19,2,3,5,3,0,0,1,0,0,0,0,0,638011.2456,5327379.0311,10.853199138,48.084731862,2,#fc8d62,car
9,1,79,136,2018,8,19,2,3,5,3,0,1,1,0,0,0,0,0,661481668.0,5341886977.0,11.173643071,48.209652516,1,#66c2a5,bicycle
9,1,77,133,2018,8,17,2,3,0,7,0,0,0,0,0,0,1,0,706655.2979,5359740.6033,11.789773392,48.356990369,6,#ffd92f,circle
9,1,77,117,2018,8,7,2,3,0,7,0,1,1,0,0,0,0,0,715496.7771,5354677.5447,11.906385017,48.308543573,1,#66c2a5,bicycle
9,1,62,0,2018,8,13,1,3,2,6,0,0,1,0,0,0,0,0,686779.3801,5339389.2592,11.512750208,48.180263165,2,#fc8d62,car
9,1,84,144,2018,8,14,1,2,0,1,0,1,0,0,0,0,0,0,685000.4357,5317038.7794,11.479164009,47.979884186,1,#66c2a5,bicycle
9,1,62,0,2018,8,22,1,3,0,1,2,1,0,0,0,0,0,0,691477.9691,5329317.1953,11.57136823,48.08833806,1,#66c2a5,bicycle
9,1,62,0,2018,8,22,1,3,0,1,2,1,0,0,0,0,0,0,691488.9547,5329322.3328,11.571517906,48.088380935,1,#66c2a5,bicycle
9,1,73,120,2018,8,10,6,2,8,1,0,1,1,0,0,0,0,0,683270.66,5310171.3045,11.453080828,47.918650245,1,#66c2a5,bicycle
9,1,62,0,2018,8,18,1,3,0,1,0,0,0,0,1,0,0,0,680714.2378,5341255.0182,11.432027012,48.198788056,4,#e78ac3,marker
9,1,62,0,2018,8,17,1,3,8,7,0,0,1,0,0,0,0,0,686253.5351,5331037.3768,11.50202986,48.105347785,2,#fc8d62,car
9,1,63,0,2018,8,8,6,3,6,4,0,0,1,1,0,0,0,0,733367.6667,5304616.0345,12.11970973,47.852472067,2,#fc8d62,car
9,1,84,135,2018,8,16,1,2,0,7,0,1,0,0,0,0,0,0,689903.9938,5347126.7423,11.558206892,48.248880609,1,#66c2a5,bicycle
9,1,62,0,2018,8,11,1,2,0,7,0,1,0,0,0,0,0,0,679203.7073,5336479.9753,11.409703833,48.15629361,1,#66c2a5,bicycle
9,1,62,0,2018,8,20,1,3,2,6,1,0,1,0,0,0,1,0,687001.3642,5343493.5912,11.517541533,48.217088372,2,#fc8d62,car
9,1,62,0,2018,8,3,1,2,9,7,2,1,0,0,0,0,0,0,687447.7065,5336051.5436,11.52026114,48.150066273,1,#66c2a5,bicycle
9,1,82,120,2018,8,15,6,3,5,3,0,1,1,0,0,0,0,0,702162.7599,5306586.9834,11.703994766,47.880759579,1,#66c2a5,bicycle
9,1,84,146,2018,8,17,1,3,1,7,0,1,0,0,0,0,1,0,695494.0625,5328739.3119,11.624978025,48.081925301,1,#66c2a5,bicycle
9,1,87,154,2018,8,15,6,3,8,1,0,1,0,0,0,0,0,0,734799.8541,5296513.7932,12.134437724,47.779160155,1,#66c2a5,bicycle
9,1,87,122,2018,8,14,6,3,2,6,0,0,1,0,1,0,0,0,719320.7105,5307213.5058,11.933507291,47.880758628,2,#fc8d62,car
9,1,79,121,2018,8,15,6,3,0,1,0,1,0,0,0,0,0,0,667672.8668,5340234.1423,11.256261633,48.193188417,1,#66c2a5,bicycle
9,1,74,131,2018,8,18,6,3,1,6,0,0,1,0,0,0,0,0,676500.0705,5357559.9073,11.382171353,48.346538009,2,#fc8d62,car
9,7,72,149,2018,8,13,1,3,8,1,0,0,0,0,1,0,0,0,637286.1572,5338716.6944,10.847122414,48.186840126,4,#e78ac3,marker
9,1,78,124,2018,8,8,6,3,0,6,0,0,0,0,1,0,0,0,703954.2773,5364156.9999,11.755497144,48.397555018,4,#e78ac3,marker
9,1,62,0,2018,8,18,5,3,5,3,0,1,1,0,0,0,0,0,691147.33,5335567811.0,11.56973451,48.14461754,1,#66c2a5,bicycle
9,1,62,0,2018,8,12,5,3,4,7,0,0,1,0,0,0,0,0,696642.0398,5338047764.0,11.644669438,48.165231196,2,#fc8d62,car
9,1,62,0,2018,8,14,5,3,3,6,0,0,1,0,0,0,0,0,693424.1589,5336621.4523,11.600789845,48.153399186,2,#fc8d62,car
9,1,62,0,2018,8,14,5,3,2,6,0,0,1,0,0,0,0,0,687995.1673,5339627.8395,11.529195309,48.182049008,2,#fc8d62,car
9,1,62,0,2018,8,19,5,3,3,6,0,1,0,0,0,0,0,0,690691.6707,5337906.9661,11.564663347,48.165778426,1,#66c2a5,bicycle
9,1,62,0,2018,8,14,5,3,3,2,0,0,1,0,0,0,1,0,692266.2949,5332748.1501,11.583489401,48.118937762,2,#fc8d62,car
9,1,62,0,2018,8,22,5,2,4,6,2,1,0,0,0,0,0,0,688928961.0,5335588.7053,11.539951187,48.145467995,1,#66c2a5,bicycle
9,1,62,0,2018,8,16,5,3,0,1,0,1,0,0,0,0,0,0,696927.9352,5336215.0592,11.647662033,48.148671598,1,#66c2a5,bicycle
9,1,62,0,2018,8,16,5,3,5,3,0,1,1,0,0,0,0,0,692858.3006,5332595.3429,11.591366665,48.117385339,1,#66c2a5,bicycle
9,7,62,0,2018,8,15,5,3,4,2,0,0,1,0,0,0,0,0,622054.8602,5305598257.0,10.632842913,47.892101024,2,#fc8d62,car
9,7,61,0,2018,8,7,5,3,2,6,0,0,0,0,1,1,0,0,640072788.0,5365247555.0,10.89340075,48.424792209,4,#e78ac3,marker
9,7,72,184,2018,8,13,5,3,0,6,0,0,0,0,1,0,1,0,635436.3101,5361668.3241,10.829606835,48.393621904,4,#e78ac3,marker
9,7,61,0,2018,8,19,5,3,0,7,0,1,0,0,0,0,0,0,643886854.0,5357568.3025,10.942295633,48.354885392,1,#66c2a5,bicycle
9,7,61,0,2018,8,9,5,3,0,5,0,1,1,0,0,0,0,0,641750.4734,5360359.5482,10.914414749,48.380466298,1,#66c2a5,bicycle
9,7,61,0,2018,8,11,5,3,0,1,0,0,0,0,0,0,1,0,640831.0058,5356511.6675,10.900715809,48.346073396,6,#ffd92f,circle
9,2,61,0,2018,8,21,1,3,0,1,2,1,0,0,0,0,0,0,731675.4614,5381887.0686,12.139291813,48.547251253,1,#66c2a5,bicycle
9,2,61,0,2018,8,19,1,3,7,1,0,1,0,0,0,0,0,0,731406.2479,5379591.2841,12.134374961,48.52672789,1,#66c2a5,bicycle
9,1,81,128,2018,8,4,1,2,1,7,2,1,1,0,0,0,0,0,637657108.0,5327034.7781,10.848335445,48.081712788,1,#66c2a5,bicycle
9,1,88,144,2018,8,16,1,2,0,7,0,1,0,0,0,0,0,0,667071.1753,5326545.3125,11.242803572,48.07028356,1,#66c2a5,bicycle
9,1,88,121,2018,8,20,1,2,0,7,2,1,0,0,0,0,0,0,670063.6879,5330822.4034,11.284646272,48.107943261,1,#66c2a5,bicycle
9,1,88,121,2018,8,15,1,3,0,7,0,1,0,0,0,0,0,0,670287.8509,5329829.7262,11.287259056,48.098959359,1,#66c2a5,bicycle
9,1,77,127,2018,8,17,1,3,7,7,0,0,1,0,0,0,0,0,727941.4904,5351989055.0,12.072530813,48.280029649,2,#fc8d62,car
9,1,62,0,2018,8,19,7,3,1,2,0,1,1,0,0,0,0,0,691816043.0,5332077363.0,11.577143983,48.11304459,1,#66c2a5,bicycle
9,1,62,0,2018,8,11,7,3,6,5,0,0,1,1,0,0,0,0,691747.0316,5334453.0688,11.577286416,48.134417937,2,#fc8d62,car
9,1,62,0,2018,8,1,7,3,3,7,2,1,0,0,0,0,0,0,693305.3435,5338038.4376,11.599837797,48.166170698,1,#66c2a5,bicycle
9,1,62,0,2018,8,3,7,3,1,1,2,1,1,0,0,0,0,0,687616.2583,5334501.9885,11.521842318,48.136088814,1,#66c2a5,bicycle
9,1,62,0,2018,8,18,7,3,0,7,0,0,0,0,1,0,1,0,689063.9748,5332577.2488,11.54042816,48.118360549,4,#e78ac3,marker
9,2,61,0,2018,8,15,5,2,5,3,0,0,1,0,0,0,0,0,730852.0128,5382243.8697,12.128348874,48.550759889,2,#fc8d62,car
9,1,62,0,2018,8,18,7,3,4,2,0,1,1,0,0,0,0,0,694511832.0,5334955.1994,11.614637747,48.138091898,1,#66c2a5,bicycle
9,1,73,147,2018,8,10,5,3,5,3,0,1,1,0,0,0,0,0,682069639.0,5308831.52,11.436454484,47.906948834,1,#66c2a5,bicycle
9,1,90,148,2018,8,20,5,3,5,3,1,1,1,0,0,0,0,0,640719.3097,5296592.1828,10.879475446,47.807292144,1,#66c2a5,bicycle
9,7,78,116,2018,8,15,7,3,0,3,0,0,1,0,1,0,0,0,618809665.0,5317854924.0,10.592830698,48.002944025,2,#fc8d62,car
9,1,63,0,2018,8,16,5,3,4,7,0,1,1,0,0,0,0,0,731427.7409,5303844.3432,12.093402917,47.846240328,1,#66c2a5,bicycle
9,1,63,0,2018,8,16,5,3,0,1,0,1,0,0,0,0,0,0,733983.5908,5306451.7143,12.128924039,47.868739875,1,#66c2a5,bicycle
9,1,87,177,2018,8,21,5,3,1,5,1,1,1,0,0,0,0,0,738243.7197,5305022.1511,12.185014442,47.854331771,1,#66c2a5,bicycle
9,7,72,200,2018,8,19,7,2,5,3,0,1,1,0,0,0,0,0,630736.4378,5338037.7004,10.758834139,48.1821161,1,#66c2a5,bicycle
9,1,79,142,2018,8,14,5,2,2,6,0,1,0,0,0,0,1,0,673696.6302,5342595.2321,11.338216887,48.212794236,1,#66c2a5,bicycle
9,7,72,121,2018,8,19,7,2,0,7,0,1,0,0,0,0,0,0,635501002.0,5375893.2181,10.835085975,48.521516253,1,#66c2a5,bicycle
9,1,79,123,2018,8,10,5,3,5,3,0,0,1,0,0,0,1,0,675931.5767,5332362.0954,11.364042621,48.120190465,2,#fc8d62,car
9,7,72,125,2018,8,15,7,3,5,3,0,1,1,0,0,0,0,0,635920956.0,5348982598.0,10.832057551,48.279447036,1,#66c2a5,bicycle
9,7,61,0,2018,8,20,7,3,3,1,1,0,1,0,0,0,0,0,639878.4196,5358122.5929,10.888401944,48.360770085,2,#fc8d62,car
9,1,78,144,2018,8,16,5,2,9,1,0,0,0,0,0,0,1,0,704580.44,5379902.8494,11.77164678,48.5388435,6,#ffd92f,circle
9,7,61,0,2018,8,16,7,3,0,1,0,1,0,1,0,0,0,0,638157.1217,5355889.0888,10.864443729,48.341065748,1,#66c2a5,bicycle
9,1,75,128,2018,8,16,5,2,0,7,0,1,0,0,0,0,1,0,714752.7463,5323797.2003,11.880767842,48.031322069,1,#66c2a5,bicycle
9,1,84,134,2018,8,8,4,3,0,1,0,1,0,0,0,0,0,0,692028.6594,5323353.0242,11.576078032,48.034566574,1,#66c2a5,bicycle
9,1,62,0,2018,8,17,4,3,3,6,0,0,1,0,0,0,0,0,694704.5253,5336163.6829,11.617777723,48.148894289,2,#fc8d62,car
9,1,84,127,2018,8,11,4,3,5,3,0,1,1,0,0,0,0,0,703428.2015,5321833.3924,11.728107759,48.017380675,1,#66c2a5,bicycle
9,1,62,0,2018,8,13,4,3,3,6,0,0,0,0,1,0,1,0,693968018.0,5335043832.0,11.607375998,48.13905449,4,#e78ac3,marker
9,1,62,0,2018,8,18,4,3,0,1,0,1,0,0,0,0,0,0,686249.2855,5332826.3368,11.502754057,48.121428948,1,#66c2a5,bicycle
9,7,78,116,2018,8,12,4,3,2,6,0,1,0,0,0,0,0,0,618706.6658,5318743.7717,10.591696387,48.010957191,1,#66c2a5,bicycle
9,7,78,116,2018,8,12,4,2,5,3,0,1,0,0,0,0,0,0,619371.3622,5317769.0344,10.600334199,48.002066918,1,#66c2a5,bicycle
9,7,72,170,2018,8,13,4,3,0,1,0,1,0,0,0,0,0,0,629132.4779,5332462.6944,10.73557371,48.132309239,1,#66c2a5,bicycle
9,7,71,130,2018,8,12,4,3,0,1,0,0,0,0,1,0,0,0,644671.9435,5363938.1053,10.955079996,48.411979116,4,#e78ac3,marker
9,1,87,177,2018,8,8,7,3,8,1,0,0,1,0,0,0,0,0,734987.9446,5308012.4362,12.143182539,47.882394565,2,#fc8d62,car
9,7,61,0,2018,8,19,4,3,0,6,0,0,0,0,1,0,1,0,638898.5067,5359136486.0,10.875515022,48.370103147,4,#e78ac3,marker
9,7,61,0,2018,8,17,4,3,3,6,0,1,1,0,0,0,0,0,640548.8895,5359244653.0,10.897823282,48.370710375,1,#66c2a5,bicycle
9,1,63,0,2018,8,18,7,3,0,7,0,0,0,0,1,0,0,0,733980.1517,5305320.2737,12.128265873,47.858576295,4,#e78ac3,marker
9,1,86,143,2018,8,14,7,3,5,3,0,1,1,0,0,0,0,0,685164152.0,5378775434.0,11.508371264,48.53474094,1,#66c2a5,bicycle
9,1,81,138,2018,8,8,7,2,0,1,0,1,0,0,0,0,0,1,640389225.0,5336775.9652,10.888208351,48.168710794,1,#66c2a5,bicycle
9,1,79,123,2018,8,15,7,3,5,2,0,0,1,0,0,0,0,0,675797.0387,5334008.0518,11.362915378,48.135023668,2,#fc8d62,car
9,1,78,113,2018,8,11,7,3,0,7,0,1,0,0,0,0,0,0,694468.2479,5367618.0174,11.629085351,48.431656124,1,#66c2a5,bicycle
9,1,77,133,2018,8,16,7,2,5,3,0,0,1,0,1,0,0,0,710522.4377,5357663.9485,11.840874174,48.33705321,2,#fc8d62,car
9,1,75,115,2018,8,15,7,2,6,7,0,0,1,1,0,0,0,0,721352.3631,5328783.0636,11.971754727,48.073867303,2,#fc8d62,car
9,1,90,140,2018,8,14,4,3,2,6,0,0,1,0,0,0,0,0,643754665.0,5296757.8571,10.920047914,47.808111189,2,#fc8d62,car
9,1,87,179,2018,8,17,4,3,5,3,0,0,1,0,1,0,0,0,724538.7144,5310817.5124,12.005077074,47.911337207,2,#fc8d62,car
9,1,88,132,2018,8,15,4,3,0,7,0,1,0,0,0,0,0,0,663210.8235,5322265.0309,11.189388412,48.032801131,1,#66c2a5,bicycle
9,1,77,133,2018,8,10,4,3,2,6,0,0,1,0,0,0,0,0,707784.2356,5360191.9284,11.80521754,48.360675473,2,#fc8d62,car
9,1,77,113,2018,8,22,4,3,0,1,2,1,0,0,0,0,0,1,721138.0919,5355560.9486,11.982826104,48.314533785,1,#66c2a5,bicycle
9,1,77,117,2018,8,15,4,2,6,7,0,0,1,1,0,0,0,0,714725.3109,5353196.8636,11.895241052,48.295501666,2,#fc8d62,car
9,1,77,131,2018,8,19,4,3,5,3,0,1,1,0,0,0,0,0,710601618.0,5347906638.0,11.837076121,48.2493509,1,#66c2a5,bicycle
9,1,75,115,2018,8,16,4,3,3,2,0,0,1,0,0,1,0,0,721118085.0,5329242179.0,11.968851334,48.078073704,2,#fc8d62,car
9,1,62,0,2018,8,13,3,3,1,7,0,1,1,0,0,0,0,0,698721.4403,5329494.4751,11.668616307,48.087714481,1,#66c2a5,bicycle
9,1,62,0,2018,8,17,3,3,5,3,0,0,1,0,0,0,0,0,691992.6105,5337731.0411,11.582062248,48.163805697,2,#fc8d62,car
9,1,62,0,2018,8,12,3,2,4,2,0,0,1,0,1,0,0,0,697641.8075,5329874.1952,11.654309895,48.091462813,2,#fc8d62,car
9,1,62,0,2018,8,18,3,3,0,1,0,1,0,0,0,0,0,0,691249.8517,5337072.3337,11.571787387,48.158109195,1,#66c2a5,bicycle
9,1,62,0,2018,8,17,3,3,5,2,0,1,1,0,0,0,0,0,690692.6202,5340370.0208,11.565781164,48.187915785,1,#66c2a5,bicycle
9,1,62,0,2018,8,19,3,3,2,6,0,0,1,0,1,0,0,0,692072.8902,5336572192.0,11.58261761,48.153365962,2,#fc8d62,car
9,1,62,0,2018,8,8,3,3,1,7,0,1,1,0,0,0,0,0,682981.8644,5335529.7125,11.460051061,48.146676141,1,#66c2a5,bicycle
9,1,84,134,2018,8,11,3,2,0,1,0,1,0,0,0,0,0,0,692055427.0,5323276.8776,11.576402604,48.033874118,1,#66c2a5,bicycle
9,1,84,136,2018,8,7,3,3,2,6,0,1,1,0,0,0,0,0,699769.2684,5326807.8595,11.681415835,48.063241831,1,#66c2a5,bicycle
9,1,62,0,2018,8,8,3,2,5,3,0,1,0,0,0,0,0,0,695994.5659,5334133.8289,11.634169091,48.130254921,1,#66c2a5,bicycle
9,1,62,0,2018,8,19,3,3,5,2,0,1,0,0,1,0,0,0,692599.7372,5334189.8164,11.588616585,48.131794403,1,#66c2a5,bicycle
9,1,62,0,2018,8,23,3,2,0,1,2,1,0,0,0,0,0,0,692161.4337,5339228.0158,11.585006875,48.177209134,1,#66c2a5,bicycle
9,1,63,0,2018,8,7,6,3,5,3,0,1,1,0,0,0,0,1,732894.2253,5304822.2966,12.113501368,47.854496856,1,#66c2a5,bicycle
9,1,62,0,2018,8,10,3,3,6,4,0,0,1,1,0,0,0,0,692698943.0,5337984.1384,11.591666151,48.165866773,2,#fc8d62,car
9,1,62,0,2018,8,10,3,3,2,6,0,0,1,0,0,0,0,0,691439.8861,5337652.7526,11.574601352,48.163268726,2,#fc8d62,car
9,1,87,117,2018,8,13,6,3,4,2,0,1,1,0,0,0,0,0,724822.2516,5305153.0934,12.005917524,47.860343324,1,#66c2a5,bicycle
9,1,62,0,2018,8,10,3,3,3,5,0,0,1,0,1,0,0,0,690826.6918,5335965.1301,11.565606509,48.14828487,2,#fc8d62,car
9,1,87,117,2018,8,14,6,3,5,3,0,1,1,0,0,0,0,0,724113.5164,5305960.4533,11.996873502,47.867845085,1,#66c2a5,bicycle
9,1,62,0,2018,8,17,5,3,5,3,0,0,1,0,1,0,0,0,690164529.0,5333908.7743,11.555794987,48.130000633,2,#fc8d62,car
9,1,62,0,2018,8,14,5,3,2,6,0,0,1,0,0,0,1,0,695458.5952,5335675.8541,11.627681095,48.144278681,2,#fc8d62,car
9,1,62,0,2018,8,18,5,3,6,4,0,0,1,1,0,0,0,0,679280.7571,5334314.2839,11.409826927,48.136804522,2,#fc8d62,car
9,1,62,0,2018,8,5,5,3,5,7,2,0,1,0,0,0,0,0,690526399.0,5339648025.0,11.563223188,48.181476448,2,#fc8d62,car
9,1,62,0,2018,8,8,5,3,0,7,0,0,0,0,1,0,1,0,690149.6322,5334740.68,11.555966285,48.137482265,4,#e78ac3,marker
9,1,62,0,2018,8,12,5,3,6,4,0,1,0,1,0,0,0,0,685222.7545,5333743.7533,11.489372114,48.129974591,1,#66c2a5,bicycle
9,1,84,119,2018,8,12,5,3,5,2,0,0,1,0,0,0,0,0,696263.4195,5349040.5755,11.644669398,48.264143586,2,#fc8d62,car
9,1,62,0,2018,8,17,5,3,2,6,0,0,1,0,1,0,0,0,690804.9998,5339609.8516,11.566950268,48.181049748,2,#fc8d62,car
9,7,78,216,2018,8,12,3,2,0,7,0,1,0,0,0,0,0,0,623256.1782,5320427.3376,10.653157506,48.025236927,1,#66c2a5,bicycle
9,1,62,0,2018,8,22,5,2,1,5,2,1,1,0,0,0,0,0,688275.4879,5336447.9491,11.53155489,48.153384747,1,#66c2a5,bicycle
9,1,62,0,2018,8,12,5,3,5,3,0,0,1,0,1,0,0,0,694608.4784,5334961.9363,11.615938547,48.138122897,2,#fc8d62,car
9,1,62,0,2018,8,18,5,3,6,2,0,1,0,1,0,0,0,0,691335966.0,5338426502.0,11.573553359,48.170254344,1,#66c2a5,bicycle
9,7,72,185,2018,8,14,3,3,4,5,0,0,0,0,1,1,0,0,635320.5407,5383804.6545,10.835215408,48.592692419,4,#e78ac3,marker
9,7,61,0,2018,8,17,3,3,2,6,0,0,0,0,1,0,0,0,641784.9733,5362019.5288,10.915440657,48.395384337,4,#e78ac3,marker
9,7,61,0,2018,8,17,3,3,6,1,0,0,1,1,0,0,0,0,640873.6621,5352469342.0,10.899940119,48.309716442,2,#fc8d62,car
9,7,61,0,2018,8,12,3,3,8,1,0,0,1,0,0,0,0,0,639465664.0,5354277.0813,10.881559213,48.326283381,2,#fc8d62,car
9,7,72,147,2018,8,18,5,3,8,1,0,0,0,0,1,0,0,0,634391765.0,5364985.95,10.816566023,48.423677538,4,#e78ac3,marker
9,7,72,163,2018,8,11,5,3,5,3,0,1,0,0,0,0,0,0,640362.1165,5347770.6093,10.891483494,48.267580016,1,#66c2a5,bicycle
9,7,61,0,2018,8,15,3,3,3,5,0,1,1,0,0,0,0,0,640954.8708,5359218.3914,10.903293279,48.370383698,1,#66c2a5,bicycle
9,7,72,163,2018,8,18,5,3,5,3,0,1,1,0,0,0,0,1,641028.9123,5346659.4074,10.900093459,48.257440173,1,#66c2a5,bicycle
9,7,72,125,2018,8,17,5,3,5,3,0,0,1,0,1,0,0,0,636348866.0,5347589.8,10.837372984,48.266830812,2,#fc8d62,car
9,7,61,0,2018,8,20,5,3,3,1,1,1,1,0,0,0,0,1,641210.4776,5358841.8784,10.906616291,48.366941097,1,#66c2a5,bicycle
9,7,61,0,2018,8,15,5,3,0,3,0,1,0,0,0,0,0,0,640741.1817,5358006.5558,10.900004045,48.359534974,1,#66c2a5,bicycle
9,7,71,114,2018,8,5,5,3,9,1,0,0,1,0,0,0,0,0,645702.4381,5377250.0981,10.973635507,48.531431364,2,#fc8d62,car
9,1,88,137,2018,8,10,3,2,0,1,0,1,0,0,0,0,0,0,671559.8788,5314242.4286,11.298088884,47.958490251,1,#66c2a5,bicycle
9,1,79,142,2018,8,14,3,3,1,2,0,1,1,0,0,0,0,0,673073601.0,5341029955.0,11.329198764,48.198893515,1,#66c2a5,bicycle
9,1,81,113,2018,8,12,3,1,0,7,0,0,0,0,0,0,1,0,640001.1697,5306971.3957,10.873248907,47.900784973,6,#ffd92f,circle
9,1,79,123,2018,8,22,3,3,4,6,2,0,1,0,0,0,0,0,677113.5,5334305111.0,11.380717872,48.13732897,2,#fc8d62,car
9,1,74,143,2018,8,19,3,2,0,1,0,0,0,0,1,0,0,0,674136717.0,5355184136.0,11.349320005,48.32583792,4,#e78ac3,marker
9,1,75,127,2018,8,23,3,2,0,1,2,1,0,0,0,0,0,0,713010.4126,5341338.7464,11.866184753,48.189529901,1,#66c2a5,bicycle
9,1,88,139,2018,8,7,5,2,0,1,0,1,0,0,0,0,0,0,676585.4966,5322270558.0,11.368652154,48.029292994,1,#66c2a5,bicycle
9,1,78,120,2018,8,15,3,3,0,5,0,1,1,0,0,0,0,0,694172.8065,5352585.0275,11.618157292,48.296642994,1,#66c2a5,bicycle
9,1,78,116,2018,8,10,5,1,3,6,0,1,1,0,0,0,0,0,702078.9074,5382011.0343,11.738819577,48.55859828,1,#66c2a5,bicycle
9,1,77,117,2018,8,14,3,3,2,6,0,0,1,0,1,0,0,0,714306.9956,5355544.8352,11.890800343,48.316740553,2,#fc8d62,car
9,1,78,124,2018,8,19,5,3,5,3,0,1,1,0,0,0,0,0,702779225.0,5365327001.0,11.740205806,48.408447879,1,#66c2a5,bicycle
9,1,62,0,2018,8,18,4,3,7,1,0,1,0,0,0,0,0,0,691863.6957,5332133309.0,11.577808716,48.113533073,1,#66c2a5,bicycle
9,1,62,0,2018,8,17,2,3,0,7,0,1,0,0,0,0,0,0,690429.9379,5336405.7725,11.560474944,48.152364243,1,#66c2a5,bicycle
9,1,62,0,2018,8,11,4,3,1,5,0,1,0,0,0,0,1,0,690285.2974,5333408.0344,11.557192848,48.125463884,1,#66c2a5,bicycle
9,1,62,0,2018,8,18,4,3,1,5,0,1,1,0,0,0,0,0,691284.4245,5336328.7881,11.571917584,48.151415906,1,#66c2a5,bicycle
9,1,62,0,2018,8,0,2,3,5,7,2,0,1,0,0,0,0,0,690353.3901,5334236.3996,11.558477008,48.132888878,2,#fc8d62,car
9,1,62,0,2018,8,19,4,3,5,3,0,1,1,0,0,0,0,0,689063058.0,5334945332.0,11.541466488,48.139645453,1,#66c2a5,bicycle
9,1,62,0,2018,8,21,2,3,3,6,2,1,1,0,0,0,0,0,691023.5785,5336972.2686,11.56870288,48.157277833,1,#66c2a5,bicycle
9,1,84,146,2018,8,18,2,3,1,5,0,1,1,0,0,0,0,0,695649.9358,5328728.5832,11.627063806,48.081781064,1,#66c2a5,bicycle
9,1,62,0,2018,8,16,4,3,0,7,0,1,0,0,0,0,0,0,685221.8089,5335341.5806,11.490054231,48.144336885,1,#66c2a5,bicycle
9,1,62,0,2018,8,7,2,3,4,2,0,0,1,0,0,0,0,0,698565.9415,5335287.4243,11.669227463,48.139825582,2,#fc8d62,car
9,1,62,0,2018,8,13,4,3,6,4,0,0,1,1,0,0,0,0,688991.4972,5335934.3106,11.540944488,48.148555754,2,#fc8d62,car
9,1,62,0,2018,8,14,2,3,4,7,0,1,0,0,0,0,0,0,684429.6394,5333635.9876,11.478676465,48.129236233,1,#66c2a5,bicycle
9,1,84,132,2018,8,10,4,3,1,7,0,1,1,0,0,0,0,0,683234.0473,5328938.3486,11.46060583,48.087355845,1,#66c2a5,bicycle
9,1,62,0,2018,8,17,2,3,6,7,0,0,1,1,0,0,0,0,691550.2052,5334760.7272,11.574781973,48.137242404,2,#fc8d62,car
9,1,62,0,2018,8,11,2,1,6,4,0,0,1,1,0,0,0,0,693251.7283,5331484.6319,11.596144151,48.107283262,2,#fc8d62,car
9,1,62,0,2018,8,17,4,3,5,3,0,1,1,0,0,0,0,0,690133.7612,5340186.8209,11.558187472,48.186436719,1,#66c2a5,bicycle
9,1,62,0,2018,8,18,2,3,5,2,0,1,1,0,0,0,0,0,691726.7964,5338059.6238,11.578639263,48.16683915,1,#66c2a5,bicycle
9,1,62,0,2018,8,7,4,3,6,4,0,1,0,1,0,0,0,0,687953.6752,5334035.5369,11.526167347,48.131796679,1,#66c2a5,bicycle