ULAND,UREGBEZ,UKREIS,UGEMEINDE,UJAHR,UMONAT,USTUNDE,UWOCHENTAG,UKATEGORIE,UART,UTYP1,ULICHTVERH,IstRad,IstPKW,IstFuss,IstKrad,IstGkfz,IstSonstig,STRZUSTAND,LINREFX,LINREFY,XGCSWGS84,YGCSWGS84,Teilnehmer,color,symbol
9,1,62,0,2018,8,1,6,3,0,1,2,1,0,0,0,0,0,0,688930608.0,5333968.5096,11.539254627,48.13090499,1,#66c2a5,bicycle
9,7,61,0,2018,9,15,1,3,0,7,0,1,0,0,0,0,1,0,641202213.0,5357714.9126,10.906126521,48.356809684,1,#66c2a5,bicycle
9,7,61,0,2018,9,20,1,3,4,2,2,0,1,0,1,0,0,0,641089.1807,5358306.6116,10.904799953,48.362155298,2,#fc8d62,car
9,1,62,0,2018,8,16,6,3,5,2,0,0,1,0,0,0,0,1,688536.9958,5336337.2642,11.535018527,48.152312429,2,#fc8d62,car
9,1,63,0,2018,8,20,5,3,0,2,2,1,1,0,0,0,0,0,733894291.0,5305593.0263,12.127267209,47.861057956,1,#66c2a5,bicycle
9,7,71,113,2018,9,2,1,3,1,5,2,0,1,0,1,0,0,0,656989659.0,5370019.3085,11.123704561,48.463703231,2,#fc8d62,car
9,1,63,0,2018,8,17,5,3,5,3,0,1,1,0,0,0,0,1,731768069.0,5303856.7316,12.097951713,47.846229038,1,#66c2a5,bicycle
9,1,63,0,2018,8,8,5,3,2,6,0,0,1,1,1,0,0,1,734354.4187,5304902.2089,12.133035517,47.854684054,2,#fc8d62,car
9,1,82,125,2018,8,8,5,3,2,6,0,0,1,0,1,0,0,1,712103182.0,5297687.5351,11.832427051,47.797579006,2,#fc8d62,car
9,1,74,131,2018,8,13,5,2,5,3,0,0,1,0,0,0,1,0,677143.39,5357206.5159,11.390697562,48.343181372,2,#fc8d62,car
9,1,62,0,2018,8,19,4,3,5,3,0,1,1,0,0,0,0,0,683465.5109,5337492784.0,11.467393464,48.164182091,1,#66c2a5,bicycle
9,1,84,139,2018,8,6,4,3,4,2,1,1,1,0,0,0,0,0,688412.2533,5326462.3871,11.528981907,48.06359175,1,#66c2a5,bicycle
9,1,84,139,2018,8,10,4,2,0,1,0,1,0,0,0,0,0,0,686998.3759,5323954.1683,11.508926843,48.041462697,1,#66c2a5,bicycle
9,1,62,0,2018,8,21,4,3,1,7,2,1,1,0,0,0,1,0,689299.6221,5335311.4219,11.544805965,48.142865565,1,#66c2a5,bicycle
9,1,62,0,2018,8,21,4,2,6,4,2,0,1,1,0,0,0,1,686535.4053,5336338.5685,11.508133137,48.152914343,2,#fc8d62,car
9,1,62,0,2018,8,6,4,3,4,2,0,1,1,0,0,0,0,0,686405.5395,5337528.7509,11.506910165,48.163650156,1,#66c2a5,bicycle
9,1,84,149,2018,8,16,4,3,6,4,0,0,0,1,0,0,1,0,691319.4601,5350809.4059,11.578920417,48.281553478,3,#8da0cb,toilet
9,1,62,0,2018,8,11,6,3,5,3,0,0,1,0,0,0,0,1,686349.9283,5329828.9515,11.502795864,48.094457744,2,#fc8d62,car
9,1,62,0,2018,8,8,4,3,2,6,0,0,1,0,0,0,0,0,692487.0837,5340438.7284,11.589931437,48.187992099,2,#fc8d62,car
9,1,62,0,2018,8,20,4,3,0,5,2,1,1,0,0,0,0,0,690388.3192,5338448.7533,11.560830297,48.17073889,1,#66c2a5,bicycle
9,1,62,0,2018,8,13,4,3,5,3,0,1,0,0,0,0,0,0,686314.9304,5337154.4225,11.505528843,48.160312133,1,#66c2a5,bicycle
9,1,87,130,2018,9,17,1,2,1,1,0,0,1,0,0,0,0,1,716076.4632,5306808.0449,11.889968828,47.878215082,2,#fc8d62,car
9,1,62,0,2018,9,14,7,3,5,3,0,0,1,0,0,0,0,1,692179.4021,5332118.2592,11.582039185,48.113302623,2,#fc8d62,car
9,1,62,0,2018,8,22,4,3,0,1,2,1,0,0,0,0,0,1,688655.2077,5336499.1116,11.536678102,48.15373208,1,#66c2a5,bicycle
9,1,62,0,2018,9,4,7,3,5,2,2,0,1,0,0,0,0,1,690146522.0,5335251029.0,11.556152376,48.142070213,2,#fc8d62,car
9,1,84,122,2018,8,8,4,3,3,6,0,1,1,0,0,0,0,0,687832.0853,5323470.7044,11.519889341,48.036872405,1,#66c2a5,bicycle
9,1,84,137,2018,8,14,4,3,0,7,0,1,0,0,0,0,0,0,712314.8267,5315139.4146,11.84382536,47.954337448,1,#66c2a5,bicycle
9,1,62,0,2018,9,23,7,3,0,1,2,1,0,0,0,0,0,1,692165.3607,5333736.4882,11.582580119,48.127851259,1,#66c2a5,bicycle
9,1,62,0,2018,8,14,6,3,5,2,0,0,1,0,0,0,0,1,696464.8678,5332668.4723,11.639807639,48.116940146,2,#fc8d62,car
9,1,62,0,2018,8,15,4,3,1,5,0,1,1,0,0,0,0,0,689613.2427,5332040.6372,11.54756245,48.113374113,1,#66c2a5,bicycle
9,1,62,0,2018,9,0,7,3,5,2,2,1,1,0,0,0,0,1,688903267.0,5333697004.0,11.538767174,48.128472774,1,#66c2a5,bicycle
9,1,62,0,2018,8,8,4,3,0,7,0,1,0,1,0,0,0,0,689956.0124,5334551.1839,11.55328185,48.135836895,1,#66c2a5,bicycle
9,1,62,0,2018,9,15,7,3,0,6,0,0,1,0,0,0,1,1,688566.0217,5334961.4271,11.534799031,48.139937607,2,#fc8d62,car
9,1,62,0,2018,8,19,4,3,2,6,0,0,1,0,0,0,0,0,692259765.0,5338593.1108,11.586041102,48.171473033,2,#fc8d62,car
9,1,62,0,2018,8,16,4,3,3,6,0,0,1,0,0,0,0,0,692899.4489,5338518.2852,11.594602254,48.17060671,2,#fc8d62,car
9,1,62,0,2018,9,19,7,3,5,3,1,0,1,0,0,0,0,1,687098.0224,5331546.8639,11.513586387,48.109679779,2,#fc8d62,car
9,1,62,0,2018,8,19,6,3,5,3,1,0,1,0,0,0,0,1,689532943.0,5331886565.0,11.546416217,48.112013196,2,#fc8d62,car
9,1,62,0,2018,8,22,4,3,5,2,2,1,1,0,0,0,0,1,690714.0411,5337970.0922,11.564992208,48.166339087,1,#66c2a5,bicycle
9,7,78,116,2018,9,14,7,3,8,1,0,0,1,0,0,0,0,1,617979.5418,5317687.9684,10.581660083,48.001596218,2,#fc8d62,car
9,7,72,131,2018,9,18,7,3,1,7,0,1,1,0,0,0,0,0,616948468.0,5353580.1112,10.577713087,48.32458298,1,#66c2a5,bicycle
9,7,61,0,2018,8,21,4,3,2,6,2,0,1,0,0,1,0,1,639268.9585,5362281.8848,10.881556869,48.398304082,2,#fc8d62,car
9,7,71,142,2018,9,12,7,3,5,3,0,0,1,0,0,0,0,1,645929.6993,5352159.2468,10.967981745,48.305781897,2,#fc8d62,car
9,7,72,125,2018,9,13,7,3,1,1,0,0,1,0,0,0,0,1,635900.2567,5349001.2395,10.831784691,48.279619106,2,#fc8d62,car
9,7,61,0,2018,8,17,4,3,4,3,0,0,1,0,1,0,0,0,644091808.0,5356419.1688,10.944667289,48.344506282,2,#fc8d62,car
9,7,71,114,2018,9,20,7,3,8,1,2,0,1,0,0,0,0,1,644560.8322,5377193.2169,10.958161421,48.531183942,2,#fc8d62,car
9,7,61,0,2018,8,20,4,3,1,2,2,1,1,0,0,0,0,1,640649.6415,5358148.8634,10.898816531,48.360834957,1,#66c2a5,bicycle
9,7,61,0,2018,8,7,4,3,5,3,0,1,1,0,0,0,0,0,641073911.0,5358750.6632,10.904742841,48.366151462,1,#66c2a5,bicycle
9,7,72,130,2018,9,7,6,3,5,3,0,0,1,0,0,1,0,0,632152.8576,5357621.9704,10.784001339,48.357932836,2,#fc8d62,car
9,1,62,0,2018,9,11,2,3,5,3,0,1,1,0,0,0,0,0,690407.1165,5342937.1307,11.563095128,48.211074263,1,#66c2a5,bicycle
9,1,62,0,2018,9,13,2,3,5,2,0,1,0,0,0,0,1,0,691827.9173,5335656.2594,11.578914399,48.145207653,1,#66c2a5,bicycle
9,1,62,0,2018,9,8,5,3,2,6,0,0,1,0,1,0,0,0,693169.1337,5340375.0711,11.599069753,48.187212935,2,#fc8d62,car
9,1,62,0,2018,9,8,5,3,0,1,0,1,0,0,0,0,0,1,691109.3975,5333819.0162,11.568440484,48.12891091,1,#66c2a5,bicycle
9,1,74,122,2018,9,17,7,3,8,1,0,0,0,0,1,0,0,0,682119.5591,5351985.3636,11.455537174,48.294836721,4,#e78ac3,marker
9,1,62,0,2018,9,15,6,2,6,4,0,1,0,1,0,0,0,0,692223.2832,5330945.1673,11.582099582,48.102745785,1,#66c2a5,bicycle
9,1,74,115,2018,9,4,3,3,1,1,2,1,1,0,0,0,0,1,682018.1441,5346503.3863,11.451811406,48.245591104,1,#66c2a5,bicycle
9,1,62,0,2018,9,15,5,3,2,6,0,0,1,0,0,0,0,0,688943742.0,5340126289.0,11.542165638,48.186247712,2,#fc8d62,car
9,1,63,0,2018,9,17,5,3,5,3,0,1,1,0,0,0,0,0,734159.6965,5304773.2953,12.130366559,47.853596866,1,#66c2a5,bicycle
9,1,62,0,2018,9,8,5,3,6,3,0,0,1,1,0,0,0,0,691977.2095,5340294.4715,11.583013083,48.186849851,2,#fc8d62,car
9,7,61,0,2018,9,12,6,3,0,1,0,1,0,0,0,0,0,0,642156399.0,5360360.9529,10.919894266,48.380387595,1,#66c2a5,bicycle
9,1,62,0,2018,9,9,5,2,3,6,0,1,1,0,0,0,0,0,691212.7817,5333910.0443,11.569869327,48.129698016,1,#66c2a5,bicycle
9,1,88,120,2018,9,19,5,3,2,5,0,1,1,0,0,0,0,0,678389.6903,5326935325.0,11.394775594,48.070724406,1,#66c2a5,bicycle
9,1,79,121,2018,9,17,5,3,5,3,0,0,1,0,0,0,0,0,667754.7239,5338985.5094,11.256869103,48.181941712,2,#fc8d62,car
9,1,62,0,2018,9,18,5,3,1,1,0,0,1,0,0,0,0,0,695898.6223,5334473.6055,11.633037238,48.133338188,2,#fc8d62,car
9,1,79,121,2018,9,18,5,3,4,6,0,0,1,0,0,0,0,0,666688.8382,5338171.7296,11.242221566,48.174906373,2,#fc8d62,car
9,1,78,130,2018,9,16,5,3,2,6,0,0,1,0,0,0,0,0,703892.1482,5356618.6577,11.751005629,48.329833909,2,#fc8d62,car
9,1,75,135,2018,9,17,5,3,6,4,0,1,0,1,0,0,0,0,706773.4981,5338594.0191,11.781032128,48.166925811,1,#66c2a5,bicycle
9,1,78,145,2018,9,21,5,3,0,1,2,1,0,0,0,0,0,0,696599.35,5356787734.0,11.652798402,48.333663738,1,#66c2a5,bicycle
9,1,62,0,2018,9,10,5,3,6,6,0,1,0,1,0,0,0,0,682876.0175,5343016.1184,11.461851213,48.213998884,1,#66c2a5,bicycle
9,1,78,137,2018,9,17,5,2,0,1,0,1,0,0,0,0,0,0,697146.8661,5367119.5051,11.665023622,48.426343416,1,#66c2a5,bicycle
9,1,77,144,2018,9,16,5,2,3,6,0,1,0,0,0,0,1,0,715393.1317,5349391.7246,11.902294732,48.26108486,1,#66c2a5,bicycle
9,1,62,0,2018,9,10,4,3,8,1,0,0,1,0,0,0,0,0,687788.8904,5342295423.0,11.52760268,48.206086573,2,#fc8d62,car
9,1,84,149,2018,9,15,4,3,1,6,0,1,1,0,0,0,0,0,690505.2974,5350245.1895,11.567702953,48.276727957,1,#66c2a5,bicycle
9,1,62,0,2018,9,14,6,3,5,3,0,1,1,0,0,0,0,0,694855.7531,5331147.5474,11.617515468,48.10376506,1,#66c2a5,bicycle
9,1,62,0,2018,9,18,4,3,6,1,0,0,0,1,1,0,0,0,692212.0567,5337116.2319,11.584732619,48.158213629,3,#8da0cb,toilet
9,1,62,0,2018,9,17,4,3,0,7,0,1,0,0,0,0,1,1,687305.4337,5343311.1955,11.521550462,48.2153593,1,#66c2a5,bicycle
9,1,62,0,2018,9,18,4,3,4,2,0,0,1,0,1,0,0,0,686777.6096,5336496.2697,11.511455757,48.154260725,2,#fc8d62,car
9,1,62,0,2018,9,18,4,2,0,6,0,1,0,0,0,0,0,0,683381.9942,5338978.7537,11.466912277,48.177562932,1,#66c2a5,bicycle
9,1,62,0,2018,9,5,4,3,5,3,2,0,1,0,0,0,1,0,690143343.0,5335258.8621,11.556113182,48.142141567,2,#fc8d62,car
9,1,62,0,2018,9,14,4,3,2,6,0,0,1,0,0,0,0,0,692139.0602,5340921.2479,11.585471986,48.192434209,2,#fc8d62,car
9,1,62,0,2018,9,14,4,3,0,6,0,0,1,0,1,0,0,0,689588.9848,5335690.3814,11.548860698,48.146185512,2,#fc8d62,car
9,1,62,0,2018,9,17,4,3,5,3,0,1,0,1,0,0,0,0,687951.4082,5334327.0294,11.526265502,48.134417347,1,#66c2a5,bicycle
9,1,62,0,2018,9,17,5,3,5,3,0,1,1,0,0,0,0,0,690117.7708,5334056.4196,11.555233086,48.13134164,1,#66c2a5,bicycle
9,1,84,136,2018,9,19,6,3,5,7,0,1,0,0,0,0,1,0,698026.2883,5326461.9433,11.65788662,48.060676307,1,#66c2a5,bicycle
9,1,62,0,2018,9,6,5,3,5,2,0,1,1,0,0,0,0,0,687450.1271,5336043.6095,11.520290158,48.149994246,1,#66c2a5,bicycle
9,1,84,147,2018,9,14,4,3,5,3,0,1,1,0,0,0,0,0,695741.3575,5339541.8834,11.633257225,48.178937403,1,#66c2a5,bicycle
9,1,62,0,2018,9,11,4,3,6,7,0,1,0,1,0,0,0,0,696338.6916,5334097.9826,11.638772545,48.129826702,1,#66c2a5,bicycle
9,1,62,0,2018,9,21,4,3,6,4,1,0,1,1,0,0,0,0,690401.6482,5335183.8313,11.559548462,48.141389946,2,#fc8d62,car
9,7,78,216,2018,9,18,4,2,4,6,0,1,1,0,0,0,0,0,624430.9554,5322184.9091,10.669417771,48.040815545,1,#66c2a5,bicycle
9,1,62,0,2018,9,8,5,3,3,2,0,1,1,0,0,0,0,0,692662.1029,5334798432.0,11.589729158,48.137245629,1,#66c2a5,bicycle
9,7,62,0,2018,9,14,4,3,4,2,0,0,1,0,0,0,0,0,621438.1675,5304635.4751,10.624325434,47.883559011,2,#fc8d62,car
9,7,62,0,2018,9,10,4,3,4,1,0,0,1,0,0,0,0,0,622254.0932,5305419.5725,10.635456506,47.890456066,2,#fc8d62,car
9,7,61,0,2018,9,15,6,3,5,3,0,1,1,0,0,0,0,0,642969.4111,5360032.5359,10.930756231,48.377250929,1,#66c2a5,bicycle
9,7,72,184,2018,9,7,4,3,0,5,0,1,1,0,0,0,0,0,635814.3296,5361416.6988,10.834629406,48.391277999,1,#66c2a5,bicycle
9,1,78,155,2018,9,16,6,3,0,1,0,1,0,0,0,0,0,0,718340.5584,5376222.9839,11.955891892,48.501145897,1,#66c2a5,bicycle
9,7,72,202,2018,9,19,4,2,0,1,1,1,0,0,0,0,0,0,637126241.0,5358024531.0,10.85123509,48.360492104,1,#66c2a5,bicycle
9,7,61,0,2018,9,10,4,3,5,3,0,1,1,0,0,0,0,0,643144.8206,5360271.1322,10.933204934,48.379356489,1,#66c2a5,bicycle
9,1,86,143,2018,9,8,7,3,0,2,0,1,0,0,1,0,0,0,685309.6971,5378041.8433,11.510014854,48.528104681,1,#66c2a5,bicycle
9,7,61,0,2018,9,17,6,3,5,3,0,0,1,0,0,0,0,0,639460.3065,5360077.4839,10.88340877,48.378440457,2,#fc8d62,car
9,1,74,115,2018,9,1,7,3,0,1,2,1,0,0,0,0,0,1,680706.1685,5347842.3856,11.434727164,48.258002254,1,#66c2a5,bicycle
9,1,84,119,2018,9,6,6,3,0,2,0,0,1,0,0,0,0,1,693937.2742,5347457.3751,11.612632842,48.250631036,2,#fc8d62,car
9,7,72,163,2018,9,16,5,3,2,6,0,0,1,0,0,0,0,0,640437.6784,5349268.0116,10.89299864,48.281027669,2,#fc8d62,car
9,1,87,122,2018,9,15,6,3,0,1,0,1,0,0,0,0,0,0,718063.8471,5307017.6506,11.916619938,47.879426782,1,#66c2a5,bicycle
9,7,72,125,2018,9,5,5,3,9,1,2,0,1,0,0,0,0,0,634972452.0,5347953209.0,10.818950836,48.270393468,2,#fc8d62,car
9,1,62,0,2018,9,13,6,3,5,7,0,1,1,0,0,0,0,0,686362.4705,5331281.5245,11.503598434,48.107510429,1,#66c2a5,bicycle
9,7,61,0,2018,9,19,5,3,5,3,1,1,1,0,0,0,0,0,637669.1671,5358558.7975,10.858735553,48.365178006,1,#66c2a5,bicycle
9,7,72,202,2018,9,18,5,3,4,2,0,0,1,0,0,0,0,0,636796.2216,5359819549.0,10.847366052,48.376704369,2,#fc8d62,car
9,7,61,0,2018,9,15,6,3,3,7,0,1,1,0,0,0,0,0,639237841.0,5360175.2151,10.880438438,48.379368364,1,#66c2a5,bicycle
9,1,62,0,2018,9,16,5,3,5,3,0,1,1,0,0,0,0,0,687551478.0,5341353.3524,11.523994101,48.197689306,1,#66c2a5,bicycle
9,7,61,0,2018,9,19,5,2,5,3,1,1,0,0,1,0,0,0,639270.8236,5362271.6138,10.881578646,48.398211316,1,#66c2a5,bicycle
9,7,71,158,2018,9,10,5,3,5,3,0,0,1,0,0,0,0,0,641412.4331,5372661.8788,10.914003958,48.491158403,2,#fc8d62,car
9,1,63,0,2018,9,18,4,3,4,6,0,0,1,0,1,0,0,0,733938.6973,5302905.8336,12.126407343,47.836900028,2,#fc8d62,car
9,1,63,0,2018,9,8,4,3,4,2,0,0,1,0,0,0,0,0,734558187.0,5304275524.0,12.135415705,47.848979632,2,#fc8d62,car
9,1,62,0,2018,9,10,5,3,5,3,0,1,0,0,0,1,0,0,697616.6105,5337933.8513,11.657709071,48.16390525,1,#66c2a5,bicycle
9,1,87,117,2018,9,18,4,2,6,3,0,0,1,1,0,0,0,0,722731.6284,5304265.6786,11.977547736,47.853097714,2,#fc8d62,car
9,1,77,113,2018,9,11,7,3,5,3,0,0,1,0,1,0,0,0,722487815.0,5352749.6613,11.999524523,48.288802823,2,#fc8d62,car
9,1,88,139,2018,9,16,4,3,0,1,0,0,0,0,1,0,0,0,676361.8942,5322303.6617,11.365669112,48.029652357,4,#e78ac3,marker
9,1,88,145,2018,9,17,4,3,0,4,0,1,0,1,0,0,0,0,662500.3448,5326433055.0,11.181447716,48.070455269,1,#66c2a5,bicycle
9,1,88,120,2018,9,17,4,3,5,3,0,1,0,0,0,0,0,0,673282.4672,5326050.9102,11.325915134,48.064181845,1,#66c2a5,bicycle
9,1,81,139,2018,9,16,4,3,0,7,0,1,1,0,0,0,0,0,656552.2499,5324317.5038,11.100881192,48.052922078,1,#66c2a5,bicycle
9,1,62,0,2018,9,6,6,3,5,3,1,0,1,0,0,1,0,1,683956.3516,5339206.4157,11.474729791,48.179443264,2,#fc8d62,car
9,1,74,113,2018,9,17,4,3,4,6,0,0,1,0,1,0,0,0,675334.1424,5346556.4923,11.361879858,48.247952434,2,#fc8d62,car
9,1,78,144,2018,9,15,4,3,6,4,0,0,1,1,0,0,0,0,707094.7152,5380076.3947,11.805754024,48.539578202,2,#fc8d62,car
9,1,78,124,2018,9,18,4,3,0,6,0,1,0,0,0,0,0,0,703682.4912,5364731.4438,11.752108272,48.402804908,1,#66c2a5,bicycle
9,1,62,0,2018,9,9,3,3,1,6,0,0,1,0,0,0,0,0,692728.7659,5330083.0468,11.588493199,48.094844481,2,#fc8d62,car
9,1,62,0,2018,9,12,3,3,1,6,0,0,1,0,0,0,0,0,688041.6197,5339660.1024,11.529833903,48.182325245,2,#fc8d62,car
9,1,62,0,2018,9,13,3,3,5,3,0,1,1,0,0,0,0,1,686022.2008,5330171.4136,11.49854785,48.0976317,1,#66c2a5,bicycle
9,1,62,0,2018,9,18,3,3,3,6,0,0,1,0,1,0,0,1,694015.0716,5336413.4274,11.608631923,48.151349556,2,#fc8d62,car
9,1,62,0,2018,9,17,5,3,5,2,0,1,1,0,0,0,0,0,686420.8604,5337549.7454,11.507125208,48.163834369,1,#66c2a5,bicycle
9,1,62,0,2018,9,20,3,3,5,3,2,1,1,0,0,0,0,0,690670.0949,5338450.0049,11.564616964,48.170665676,1,#66c2a5,bicycle
9,1,84,130,2018,9,16,3,2,8,1,0,0,0,0,1,0,0,0,701444.1944,5343611.2486,11.711818781,48.213725766,4,#e78ac3,marker
9,1,62,0,2018,9,11,3,3,6,4,0,0,0,1,0,0,1,1,690818.9578,5334756.0324,11.564960815,48.137419899,3,#8da0cb,toilet
9,1,62,0,2018,9,14,3,3,4,2,0,0,1,0,0,0,0,0,686763.8084,5336947.3943,11.511468378,48.158319616,2,#fc8d62,car
9,7,61,0,2018,9,11,6,3,0,7,0,1,0,0,0,0,0,0,641963.9488,5360978.5664,10.917505296,48.385984226,1,#66c2a5,bicycle
9,1,62,0,2018,9,18,3,3,5,2,0,1,1,0,0,0,0,0,682860.3715,5335560.1803,11.458432329,48.146984941,1,#66c2a5,bicycle
9,1,62,0,2018,9,5,3,3,2,7,2,0,1,0,0,0,0,1,698213.5221,5333655829.0,11.663736332,48.125271917,2,#fc8d62,car
9,1,84,119,2018,9,9,3,3,4,2,0,1,1,0,0,0,0,1,698152.7644,5348763.4724,11.669970146,48.261065177,1,#66c2a5,bicycle
9,1,79,142,2018,9,10,6,3,6,7,0,0,1,1,0,0,0,0,672991.9843,5342052.7896,11.32851825,48.208110456,2,#fc8d62,car
9,7,72,215,2018,9,9,3,2,5,3,0,0,1,0,0,0,1,1,635355163.0,5344768.07,10.823086842,48.241670313,2,#fc8d62,car
9,7,61,0,2018,9,18,3,3,6,4,1,0,1,1,0,0,0,0,639378.3974,5360806.9444,10.882545143,48.385017665,2,#fc8d62,car
9,7,61,0,2018,9,8,3,2,5,3,0,0,1,0,0,0,0,1,639738.2018,5356436.2096,10.885950154,48.345637598,2,#fc8d62,car
9,1,79,145,2018,9,19,7,3,5,3,0,1,0,0,0,0,0,0,674456.0427,5337308.3721,11.346259289,48.165060609,1,#66c2a5,bicycle
9,1,62,0,2018,9,18,6,3,1,5,0,1,1,0,0,0,0,0,693961.4663,5333693.4906,11.606673278,48.126920086,1,#66c2a5,bicycle
9,1,62,0,2018,9,9,5,3,2,6,0,0,1,0,0,0,0,0,694632.7136,5342888.8601,11.61989324,48.209358796,2,#fc8d62,car
9,1,62,0,2018,9,12,6,3,5,2,0,1,0,0,0,0,1,1,691707.5085,5340923997.0,11.579672273,48.192589322,1,#66c2a5,bicycle
9,1,62,0,2018,9,8,2,3,5,2,0,1,1,0,0,0,0,0,690266.1518,5336166.9378,11.558168228,48.150266621,1,#66c2a5,bicycle
9,1,62,0,2018,9,18,5,3,1,5,0,1,1,0,0,0,0,0,686293.4499,5337243.5235,11.505279283,48.161119295,1,#66c2a5,bicycle
9,1,62,0,2018,9,11,2,3,5,2,0,1,1,0,0,0,0,0,693007.8739,5335319.1795,11.594608001,48.141821191,1,#66c2a5,bicycle
9,1,79,121,2018,9,16,4,3,5,2,0,1,1,0,0,0,0,0,665701.3888,5336370.5113,11.228247419,48.158971467,1,#66c2a5,bicycle
9,1,62,0,2018,9,15,2,3,5,2,0,0,1,0,0,0,0,0,689045174.0,5335561958.0,11.541500078,48.145193064,2,#fc8d62,car
9,1,62,0,2018,9,16,2,3,6,4,0,0,0,1,0,0,1,0,690507.2307,5335019.1394,11.560892653,48.139878096,3,#8da0cb,toilet
9,1,62,0,2018,9,17,2,2,5,3,0,0,1,0,1,0,0,0,686491.1934,5331056.5861,11.505227667,48.105450919,2,#fc8d62,car
9,1,62,0,2018,9,13,2,2,4,2,0,1,1,0,0,0,0,0,690453.2401,5333101181.0,11.559310347,48.122655665,1,#66c2a5,bicycle
9,1,62,0,2018,9,8,2,3,3,6,0,1,1,1,0,0,0,0,689038.6451,5336187.7328,11.54169028,48.150819526,1,#66c2a5,bicycle
9,1,62,0,2018,9,23,3,3,0,7,2,1,0,0,0,0,0,0,693567.8873,5333388.3421,11.601250996,48.124297297,1,#66c2a5,bicycle
9,1,62,0,2018,9,8,2,3,5,2,0,1,1,0,0,0,0,0,686261.0539,5332259.0198,11.502664207,48.116326229,1,#66c2a5,bicycle
9,1,62,0,2018,9,17,2,3,5,3,0,0,1,0,0,0,0,0,696649.0621,5338024.6997,11.644753114,48.165021737,2,#fc8d62,car
9,1,62,0,2018,9,13,2,3,3,2,0,1,1,0,0,0,0,0,692080.4221,5336598.2562,11.582730541,48.153597947,1,#66c2a5,bicycle
9,1,62,0,2018,9,8,2,3,5,2,0,1,1,0,0,0,0,0,692322.4587,5337519.8897,11.586398141,48.161808227,1,#66c2a5,bicycle
9,7,72,168,2018,9,11,3,3,5,3,0,0,1,0,0,0,0,0,619120.7078,5346968.6749,10.60514098,48.264719482,2,#fc8d62,car
9,1,62,0,2018,9,13,3,3,5,2,0,0,1,0,0,0,1,0,693874.3657,5333958.9302,11.605624733,48.129332302,2,#fc8d62,car
9,7,72,125,2018,9,18,3,3,5,3,0,1,1,0,0,0,0,0,634994.32,5347954554.0,10.819245815,48.270400902,1,#66c2a5,bicycle
9,7,72,163,2018,9,17,3,3,1,6,0,0,1,0,0,0,0,0,641222.4391,5347608.5246,10.903016229,48.265931348,2,#fc8d62,car
9,7,61,0,2018,9,18,3,3,5,3,0,0,1,0,0,0,0,0,643203.1243,5360115.7902,10.933938948,48.377946507,2,#fc8d62,car
9,7,72,163,2018,9,11,2,3,2,1,0,0,1,0,0,0,0,0,639890821.0,5349376.31,10.885667406,48.282122546,2,#fc8d62,car
9,7,61,0,2018,9,17,2,3,5,3,0,1,1,0,0,0,0,0,638315.6803,5362379.3755,10.868717121,48.399390541,1,#66c2a5,bicycle
9,1,84,134,2018,9,18,3,2,8,1,0,0,0,0,1,0,0,0,691523.9647,5320697.3913,11.568127923,48.010849036,4,#e78ac3,marker
9,7,61,0,2018,9,9,2,3,5,2,0,1,1,0,0,0,0,0,638040.0315,5355847.5267,10.862850833,48.340717621,1,#66c2a5,bicycle
9,7,61,0,2018,9,15,2,3,3,2,0,1,1,0,0,0,0,0,640785762.0,5359235627.0,10.901016906,48.370576421,1,#66c2a5,bicycle
9,7,61,0,2018,9,18,3,3,0,1,0,1,0,0,0,0,0,0,639202.9078,5357932175.0,10.879224439,48.359207196,1,#66c2a5,bicycle
9,7,61,0,2018,9,16,3,3,0,1,0,0,0,0,1,0,0,0,641263.7073,5352285137.0,10.905135904,48.307973124,4,#e78ac3,marker
9,1,79,126,2018,9,16,4,3,0,1,0,1,0,0,0,0,0,0,677479.1973,5340172.4298,11.388077398,48.189969076,1,#66c2a5,bicycle
9,1,62,0,2018,9,19,3,3,2,6,0,1,0,0,0,0,0,0,688505.2255,5337390.6369,11.535058464,48.161789691,1,#66c2a5,bicycle
9,1,74,115,2018,9,10,4,3,6,3,0,0,1,1,0,0,0,0,682999.0648,5348008.4878,11.465662594,48.258837239,2,#fc8d62,car
9,1,62,0,2018,9,21,3,3,0,1,2,1,0,0,0,0,0,0,692321065.0,5337859.3398,11.586532901,48.164859542,1,#66c2a5,bicycle
9,1,62,0,2018,9,20,3,3,4,2,2,0,1,0,0,0,0,0,686239.3203,5332257.0823,11.50237163,48.11631517,2,#fc8d62,car
9,1,62,0,2018,9,15,3,3,5,6,0,1,1,0,0,0,0,0,688572.4732,5334751.5168,11.534792728,48.138048989,1,#66c2a5,bicycle
9,2,74,134,2018,9,13,2,3,3,6,0,1,1,0,0,0,0,0,737514.1944,5372893.32,12.213164605,48.464284454,1,#66c2a5,bicycle
9,2,61,0,2018,9,8,2,3,0,7,0,1,0,0,0,0,0,0,733369.0531,5381906.2913,12.162215119,48.546796273,1,#66c2a5,bicycle
9,1,73,126,2018,9,9,2,3,4,2,0,1,1,0,0,0,0,0,684290.6025,5306269.2143,11.465052987,47.883282028,1,#66c2a5,bicycle
9,1,73,141,2018,9,17,2,3,6,6,0,0,1,1,0,0,0,0,696998.4763,5299680.3132,11.631852329,47.820288311,2,#fc8d62,car