ULAND,UREGBEZ,UKREIS,UGEMEINDE,UJAHR,UMONAT,USTUNDE,UWOCHENTAG,UKATEGORIE,UART,UTYP1,ULICHTVERH,IstRad,IstPKW,IstFuss,IstKrad,IstGkfz,IstSonstig,STRZUSTAND,LINREFX,LINREFY,XGCSWGS84,YGCSWGS84,Teilnehmer,color,symbol
9,1,87,182,2018,9,17,2,3,5,3,0,0,1,0,0,0,1,0,739838.5406,5327169.5176,12.218644923,48.052690771,2,#fc8d62,car
9,1,62,0,2018,9,14,3,3,3,6,0,1,1,0,0,0,0,0,691253.1049,5340006.1218,11.573150812,48.184476631,1,#66c2a5,bicycle
9,1,63,0,2018,9,19,2,3,6,4,0,1,0,1,0,0,0,0,733302.8733,5304199.6466,12.118620379,47.848754725,1,#66c2a5,bicycle
9,1,79,142,2018,9,19,2,1,6,1,1,0,0,1,1,0,0,0,674090.1479,5342836.8951,11.343608817,48.214858799,3,#8da0cb,toilet
9,1,88,120,2018,9,14,4,3,0,1,0,1,0,0,0,0,0,0,678969.4528,5325446.4179,11.401928367,48.057177953,1,#66c2a5,bicycle
9,1,88,120,2018,9,6,2,3,1,5,0,1,1,0,0,0,0,0,677082275.0,5326784694.0,11.377177639,48.069734667,1,#66c2a5,bicycle
9,1,85,158,2018,9,11,4,2,2,6,0,1,1,0,0,0,0,0,667117.2853,5380893.4881,11.264954561,48.558846451,1,#66c2a5,bicycle
9,1,78,130,2018,9,11,2,3,4,2,0,0,1,0,0,0,0,0,702449.8939,5356968.9146,11.73173739,48.333445025,2,#fc8d62,car
9,1,62,0,2018,9,16,3,3,1,5,0,0,1,0,0,0,1,0,687135.1971,5327969.8714,11.51251753,48.077517512,2,#fc8d62,car
9,1,62,0,2018,9,21,1,3,5,2,2,1,1,0,0,0,0,0,685898.1525,5329176.8239,11.496450306,48.088728041,1,#66c2a5,bicycle
9,1,62,0,2018,9,17,1,3,1,5,0,1,1,0,0,0,0,0,692290.5182,5334453.0484,11.584583754,48.134253777,1,#66c2a5,bicycle
9,1,62,0,2018,9,17,1,3,2,6,0,0,1,0,0,0,0,0,699554743.0,5332766.2168,11.681323826,48.116857868,2,#fc8d62,car
9,1,62,0,2018,9,13,1,3,2,6,0,0,1,0,1,0,0,0,687646.9504,5338135.1621,11.523856336,48.168735507,2,#fc8d62,car
9,1,75,132,2018,9,17,4,2,6,7,0,0,0,1,0,0,1,0,706569.3033,5332485517.0,11.775326526,48.112098813,3,#8da0cb,toilet
9,1,84,123,2018,9,10,1,3,1,5,0,0,1,0,0,0,0,0,702933.0107,5331447.5376,11.726035883,48.103939609,2,#fc8d62,car
9,1,62,0,2018,9,6,1,3,9,1,0,0,1,0,0,0,0,0,696250.9989,5331709.3437,11.636495832,48.108385949,2,#fc8d62,car
9,1,62,0,2018,9,14,1,2,3,6,0,1,1,0,0,0,0,0,690493.0185,5336694.1396,11.56145131,48.15493718,1,#66c2a5,bicycle
9,1,62,0,2018,9,23,1,3,0,7,2,0,0,0,0,0,1,0,688425.7324,5336417.1479,11.533559394,48.153063407,6,#ffd92f,circle
9,1,62,0,2018,9,20,1,3,2,6,2,1,0,0,0,0,0,0,693163.8856,5334665.9548,11.596406782,48.135902847,1,#66c2a5,bicycle
9,1,62,0,2018,9,23,1,3,3,2,2,1,1,0,0,0,0,0,690629.6714,5335501.9444,11.562752985,48.144180855,1,#66c2a5,bicycle
9,1,62,0,2018,9,17,3,3,1,6,0,0,1,0,0,0,0,0,690717.64,5338222.9616,11.565153969,48.168610771,2,#fc8d62,car
9,1,62,0,2018,9,14,3,3,5,3,0,0,1,0,0,0,0,0,692320.7373,5337429.6469,11.586334217,48.160997667,2,#fc8d62,car
9,1,62,0,2018,9,7,3,3,3,6,0,0,1,0,0,0,0,0,690445.4516,5342534.4013,11.563429854,48.207443094,2,#fc8d62,car
9,1,62,0,2018,9,13,3,3,5,3,0,1,1,0,0,0,0,0,690576.1557,5338495.5051,11.563375137,48.1711028,1,#66c2a5,bicycle
9,1,88,126,2018,9,15,4,3,0,7,0,0,1,0,1,0,0,0,658654.1226,5327172.9986,11.130127129,48.078076368,2,#fc8d62,car
9,1,90,138,2018,9,15,1,2,8,1,0,1,0,0,0,0,0,0,664561.7573,5309888.82,11.202756372,47.921185488,1,#66c2a5,bicycle
9,1,90,157,2018,9,13,1,3,0,1,0,1,0,0,0,0,0,0,664395.9708,5299219.4275,11.196479422,47.825302126,1,#66c2a5,bicycle
9,1,90,111,2018,9,9,1,3,8,1,2,0,1,0,0,0,0,0,640994.0189,5298410.7437,10.883734076,47.823585635,2,#fc8d62,car
9,1,73,118,2018,9,10,1,3,4,2,0,1,1,0,0,0,0,0,691086.0833,5299097.2785,11.552689398,47.81683074,1,#66c2a5,bicycle
9,1,74,115,2018,9,16,4,2,0,1,0,1,0,0,0,0,0,0,682786.9207,5348472.5277,11.463007471,48.263069473,1,#66c2a5,bicycle
9,1,83,114,2018,9,10,1,3,6,7,0,0,1,1,0,0,0,0,742679.4404,5355956.2495,12.273143559,48.3101876,2,#fc8d62,car
9,1,63,0,2018,9,3,1,3,6,7,2,0,1,0,0,0,1,0,734071.2207,5305034.5306,12.129326941,47.855976024,2,#fc8d62,car
9,1,63,0,2018,9,18,1,2,2,6,0,0,1,0,0,0,0,0,733450.6322,5306105.7711,12.121621239,47.8658258,2,#fc8d62,car
9,1,62,0,2018,9,8,3,3,5,5,0,0,1,0,1,0,0,0,692024.7104,5331361.2816,11.579622252,48.106545655,2,#fc8d62,car
9,1,63,0,2018,9,0,1,3,0,1,2,1,0,0,0,0,0,0,730629.0356,5304293.8477,12.082982503,47.850565851,1,#66c2a5,bicycle
9,1,75,122,2018,9,16,4,2,1,7,0,0,1,0,0,0,1,0,721890.2816,5326603.7079,11.977835773,48.05409907,2,#fc8d62,car
9,2,61,0,2018,9,7,3,3,3,6,1,1,0,0,0,0,0,0,729970.3516,5379804.8591,12.115073703,48.52917403,1,#66c2a5,bicycle
9,2,61,0,2018,9,9,3,3,5,3,0,0,1,0,0,0,0,0,731260.0391,5382554.7633,12.134042196,48.553402316,2,#fc8d62,car
9,1,62,0,2018,9,16,3,2,0,7,0,1,0,0,0,0,1,0,691329.3764,5332970.6985,11.571013039,48.121220216,1,#66c2a5,bicycle
9,1,79,123,2018,9,9,1,2,5,3,0,1,0,0,0,0,0,0,675224.1637,5333595.8824,11.355052508,48.131476522,1,#66c2a5,bicycle
9,1,62,0,2018,9,12,7,3,4,2,0,0,1,0,1,0,0,0,689708.8088,5343359.4681,11.553893707,48.215079289,2,#fc8d62,car
9,2,61,0,2018,9,6,3,3,3,6,0,0,1,0,1,0,0,0,731861.6604,5380183.1177,12.140862922,48.531876214,2,#fc8d62,car
9,1,62,0,2018,9,9,7,3,1,5,0,1,1,0,0,0,0,0,691063.1308,5336803.0431,11.5691582,48.155744971,1,#66c2a5,bicycle
9,1,84,149,2018,9,15,7,3,5,3,0,1,1,0,0,0,0,0,691277.8952,5350322.3706,11.578140315,48.277188744,1,#66c2a5,bicycle
9,1,90,139,2018,9,8,3,3,5,3,0,1,1,0,0,0,0,0,654687.4669,5296121.8652,11.065749558,47.799858009,1,#66c2a5,bicycle
9,1,62,0,2018,9,18,7,2,4,7,0,0,1,0,1,0,0,0,690189.5644,5334740.6886,11.556502498,48.137470409,2,#fc8d62,car
9,1,73,118,2018,9,13,3,3,2,6,0,1,1,0,0,0,0,0,691085.2672,5299097.1171,11.552678436,47.816829532,1,#66c2a5,bicycle
9,1,62,0,2018,9,16,7,3,1,3,0,1,1,0,0,0,0,0,689520287.0,5330982647.0,11.54584481,48.103892434,1,#66c2a5,bicycle
9,1,62,0,2018,9,15,7,2,0,1,0,1,0,0,0,0,0,0,690649.2409,5332906.8648,11.561854577,48.120850492,1,#66c2a5,bicycle
9,1,84,149,2018,9,14,3,3,0,7,0,1,0,0,0,0,0,0,691297.0855,5350307.9107,11.578392156,48.277052987,1,#66c2a5,bicycle
9,1,87,124,2018,9,12,3,3,5,3,0,0,1,0,1,0,0,0,734602467.0,5328642801.0,12.149295692,48.067871877,2,#fc8d62,car
9,1,88,120,2018,9,16,4,3,5,3,0,0,1,0,0,0,0,0,676675994.0,5327241429.0,11.371917294,48.073953086,2,#fc8d62,car
9,7,72,134,2018,9,19,7,3,0,7,1,1,0,0,0,0,1,0,632588.8438,5384324.0666,10.798353196,48.597947211,1,#66c2a5,bicycle
9,7,72,125,2018,9,16,7,3,9,1,0,0,1,0,0,0,0,0,636416.8067,5348881.3331,10.838704789,48.278429805,2,#fc8d62,car
9,1,62,0,2018,9,8,3,3,4,6,0,1,0,0,0,0,0,0,688653168.0,5335659899.0,11.536278758,48.146189737,1,#66c2a5,bicycle
9,7,61,0,2018,9,18,7,3,5,3,0,1,0,0,0,0,0,0,637989.8051,5357600.8389,10.862748067,48.356494167,1,#66c2a5,bicycle
9,7,61,0,2018,9,15,7,3,1,1,0,1,1,0,0,0,0,0,637267.8826,5360181.9029,10.853850478,48.379860179,1,#66c2a5,bicycle
9,1,63,0,2018,9,18,3,3,0,3,0,1,1,0,0,0,0,0,731686.7792,5304654.9873,12.097294188,47.853430076,1,#66c2a5,bicycle
9,7,61,0,2018,9,16,7,3,5,3,0,1,1,0,0,0,0,0,640655.5283,5359966.8443,10.899504009,48.377180309,1,#66c2a5,bicycle
9,7,71,112,2018,9,16,7,2,8,1,0,1,0,0,0,0,0,0,645293.8318,5369251473.0,10.965321424,48.459609643,1,#66c2a5,bicycle
9,1,75,132,2018,9,8,4,3,4,5,0,1,1,0,0,0,0,0,707918.5179,5331220.4387,11.792814966,48.100291432,1,#66c2a5,bicycle
9,1,79,118,2018,9,17,3,3,0,1,0,1,0,0,0,0,0,0,672293.4111,5337846.6228,11.317416987,48.170489052,1,#66c2a5,bicycle
9,1,81,111,2018,9,17,3,3,0,1,0,0,0,0,1,0,0,1,644595.1195,5307285.5534,10.934786667,47.902591003,4,#e78ac3,marker
9,1,79,121,2018,9,15,3,3,2,6,0,1,1,0,0,0,0,0,665527087.0,5336830.0227,11.226084169,48.163147937,1,#66c2a5,bicycle
9,1,62,0,2018,9,18,3,3,2,6,0,0,1,0,0,0,0,0,694115.6102,5334754.2012,11.609225849,48.136406389,2,#fc8d62,car
9,1,81,114,2018,9,14,3,3,4,2,0,1,0,0,0,0,0,0,656804.3054,5313577.7219,11.100335782,47.956297569,1,#66c2a5,bicycle
9,1,74,115,2018,9,8,3,3,5,6,0,1,1,0,0,0,0,0,681335345.0,5347294031.0,11.442961362,48.252893578,1,#66c2a5,bicycle
9,1,62,0,2018,9,18,3,3,5,3,0,1,1,0,0,0,0,0,689439.1422,5337145.5764,11.547495998,48.159309509,1,#66c2a5,bicycle
9,1,62,0,2018,9,9,3,3,0,1,0,1,0,0,0,0,0,0,691926.8332,5334408.7142,11.579680622,48.133965088,1,#66c2a5,bicycle
9,1,78,145,2018,9,17,3,3,0,5,0,1,1,0,0,0,0,0,696793.4971,5354593719.0,11.654391185,48.313885685,1,#66c2a5,bicycle
9,1,78,124,2018,9,19,3,3,0,1,0,1,0,0,0,0,0,0,705425.9557,5365713.3441,11.776117447,48.41106263,1,#66c2a5,bicycle
9,1,62,0,2018,9,18,3,3,6,6,0,1,0,1,0,0,0,0,690314.0343,5338830.2251,11.560002927,48.174189777,1,#66c2a5,bicycle
9,1,77,117,2018,9,18,3,3,2,6,0,0,1,0,0,0,0,0,714947.5893,5355090.0545,11.899198163,48.312436882,2,#fc8d62,car
9,1,75,122,2018,9,16,3,3,6,7,0,1,0,1,0,0,0,0,720990638.0,5325418918.0,11.965167389,48.043765797,1,#66c2a5,bicycle
9,1,62,0,2018,9,8,2,3,5,3,0,1,1,0,0,0,0,0,686349.6776,5329835.9438,11.502795553,48.094520667,1,#66c2a5,bicycle
9,1,86,143,2018,9,16,4,3,5,3,0,0,1,0,1,0,0,0,685160.5748,5379174.6246,11.508500212,48.538329805,2,#fc8d62,car
9,1,84,123,2018,9,6,3,3,9,1,1,0,0,0,1,0,0,1,701929.8657,5333640.7123,11.713614521,48.123968198,4,#e78ac3,marker
9,1,62,0,2018,9,16,2,2,3,6,0,1,1,0,0,0,0,0,690176.4705,5330596.8174,11.554478386,48.100229036,1,#66c2a5,bicycle
9,1,62,0,2018,9,9,2,3,0,7,0,1,0,0,0,0,0,0,694542.9672,5334185.1341,11.614704161,48.131161345,1,#66c2a5,bicycle
9,1,77,117,2018,9,21,4,3,2,6,2,0,1,0,0,0,0,0,715384.6998,5354315.9737,11.904690944,48.305332979,2,#fc8d62,car
9,7,61,0,2018,9,16,5,3,2,1,0,0,1,0,1,0,0,1,638338.2701,5360888.4245,10.86853106,48.385979283,2,#fc8d62,car
9,7,61,0,2018,9,17,5,3,5,3,0,0,1,0,1,0,0,0,638145.7882,5361750.6303,10.866216204,48.393774248,2,#fc8d62,car
9,7,61,0,2018,9,13,5,3,5,1,0,1,1,0,0,0,0,0,639190.6818,5356987.3547,10.878747004,48.350714269,1,#66c2a5,bicycle
9,7,61,0,2018,9,7,5,3,0,1,0,1,0,0,0,0,0,1,640586411.0,5358942.1187,10.898228504,48.367981732,1,#66c2a5,bicycle
9,1,87,122,2018,9,14,7,3,1,7,2,1,1,0,0,0,0,0,721260.5537,5307946.2581,11.959793248,47.886677201,1,#66c2a5,bicycle
9,7,71,156,2018,9,17,5,2,5,3,0,1,1,0,0,0,0,0,652232.6015,5380552.4433,11.06323942,48.559571102,1,#66c2a5,bicycle
9,1,79,145,2018,9,17,7,3,3,3,0,1,1,0,0,0,0,0,674012019.0,5335590.1179,11.339590029,48.149736183,1,#66c2a5,bicycle
9,1,74,141,2018,9,15,7,3,1,5,0,1,1,0,0,0,0,0,680967.0931,5356061.9695,11.44176179,48.33180998,1,#66c2a5,bicycle
9,1,74,115,2018,9,11,7,3,5,7,0,1,1,0,0,0,0,0,682826.5815,5347743.8053,11.463226491,48.256507941,1,#66c2a5,bicycle
9,1,75,127,2018,9,11,7,2,0,7,0,1,0,0,0,0,0,0,713068.4147,5341665.9756,11.867128346,48.192450804,1,#66c2a5,bicycle
9,1,78,124,2018,9,9,7,3,0,1,0,1,0,0,0,0,0,0,702348.2434,5364371.6676,11.733928273,48.400001458,1,#66c2a5,bicycle
9,1,62,0,2018,9,10,6,3,0,1,0,0,0,0,1,0,0,0,688968.2498,5334297.1581,11.539905786,48.133847751,4,#e78ac3,marker
9,1,62,0,2018,9,15,6,3,5,2,0,1,1,0,0,0,0,0,689603.1634,5334737.4259,11.548626824,48.137616073,1,#66c2a5,bicycle
9,1,62,0,2018,9,13,6,3,3,6,0,0,1,0,0,0,1,0,690386675.0,5342677779.0,11.562703865,48.208749382,2,#fc8d62,car
9,1,62,0,2018,9,6,6,3,4,2,0,0,1,0,0,0,0,1,698566.0237,5335288.0798,11.669228872,48.139831447,2,#fc8d62,car
9,1,62,0,2018,9,15,6,3,5,2,0,0,1,1,0,0,0,0,697723.3332,5332726.8248,11.656725323,48.117075094,2,#fc8d62,car
9,1,62,0,2018,9,8,6,3,4,6,0,1,1,0,0,0,0,1,695470.2049,5339268386.0,11.629487685,48.176562834,1,#66c2a5,bicycle
9,1,62,0,2018,9,9,6,3,0,1,0,1,0,0,0,0,0,1,694044.9005,5336452.5297,11.609050384,48.151691893,1,#66c2a5,bicycle
9,1,62,0,2018,9,8,6,3,0,7,0,1,1,0,0,0,0,1,693158.6726,5333499.8199,11.595808165,48.125423517,1,#66c2a5,bicycle
9,1,62,0,2018,9,11,6,3,3,6,0,1,1,0,0,0,0,1,690143.6491,5334864.5937,11.555941261,48.13859779,1,#66c2a5,bicycle
9,2,61,0,2018,9,8,5,3,3,2,0,1,1,0,0,0,0,0,733754016.0,5381233569.0,12.167045763,48.540610191,1,#66c2a5,bicycle
9,2,61,0,2018,9,8,5,3,6,4,0,0,1,1,0,0,0,0,732881.3772,5380754.5411,12.154973746,48.536631672,2,#fc8d62,car
9,2,61,0,2018,9,17,5,3,5,3,0,1,1,0,0,0,0,0,732431.9856,5382000.7074,12.149590304,48.547992231,1,#66c2a5,bicycle
9,1,90,139,2018,9,17,7,3,2,2,0,0,1,0,0,0,0,0,655320.2001,5296291.6492,11.074254378,47.801232306,2,#fc8d62,car
9,1,63,0,2018,9,13,5,3,3,3,0,1,1,0,0,0,0,0,733855134.0,5304608.6035,12.126212264,47.85222815,1,#66c2a5,bicycle
9,7,72,200,2018,9,12,6,2,1,6,0,0,1,0,0,1,0,0,631232.0213,5337651.2855,10.765378735,48.178539032,2,#fc8d62,car
9,1,87,117,2018,9,7,5,3,2,6,0,0,1,0,0,0,0,0,724462.9801,5305192.0399,12.001141028,47.860818854,2,#fc8d62,car
9,7,72,177,2018,9,11,6,3,1,5,0,1,1,0,0,0,0,0,636498.5595,5376607.3701,10.848822351,48.527721573,1,#66c2a5,bicycle
9,7,72,177,2018,9,11,6,3,5,3,0,0,1,0,1,0,0,0,636550.0137,5378166.1129,10.850029643,48.541726054,2,#fc8d62,car
9,7,61,0,2018,9,19,6,3,3,1,0,1,0,0,0,0,1,0,640804.0143,5351070.7147,10.898534718,48.297155826,1,#66c2a5,bicycle
9,1,79,121,2018,9,8,5,3,4,2,0,1,1,0,0,0,0,0,665551021.0,5337816061.0,11.22678969,48.172006309,1,#66c2a5,bicycle
9,7,61,0,2018,9,21,6,3,5,1,2,1,1,0,0,0,0,0,641021.3703,5358706.8917,10.904019183,48.365769625,1,#66c2a5,bicycle
9,1,74,113,2018,9,9,5,3,2,6,0,0,1,0,0,1,0,1,675115456.0,5345749895.0,11.358603022,48.240762246,2,#fc8d62,car
9,7,61,0,2018,9,14,6,3,0,1,0,1,0,0,0,0,0,0,639543.6974,5356474.0481,10.883339078,48.346020832,1,#66c2a5,bicycle
9,1,77,117,2018,9,13,5,3,5,3,0,1,1,0,0,0,0,0,714996.1286,5354628.2726,11.899616712,48.308271199,1,#66c2a5,bicycle
9,7,61,0,2018,9,12,6,3,1,1,0,0,1,0,0,0,0,0,640140.7046,5352702.0695,10.890137753,48.311971915,2,#fc8d62,car
9,1,62,0,2018,9,8,4,3,4,2,0,0,1,0,1,0,0,0,690152.4041,5334286.6058,11.555800818,48.133400212,2,#fc8d62,car
9,1,62,0,2018,9,15,4,3,1,5,0,1,1,0,0,0,0,0,692515.7018,5336821369.0,11.588678095,48.155471621,1,#66c2a5,bicycle
9,1,84,131,2018,9,9,4,3,6,4,0,0,1,1,0,0,0,0,704333.7385,5339465.1911,11.748676281,48.175543509,2,#fc8d62,car
9,1,62,0,2018,9,18,4,2,0,7,0,1,0,0,0,0,0,0,690278728.0,5337350284.0,11.558866291,48.160898729,1,#66c2a5,bicycle
9,1,84,149,2018,9,19,4,3,4,6,0,1,0,0,0,0,0,0,690852053.0,5350627629.0,11.572544448,48.280060789,1,#66c2a5,bicycle
9,1,62,0,2018,9,9,4,3,5,3,0,0,1,0,1,0,0,0,694924.7813,5331718.6185,11.618702619,48.10887651,2,#fc8d62,car
9,1,62,0,2018,9,19,4,3,2,6,1,0,1,0,0,0,0,0,693561.4968,5335170.5427,11.601974856,48.140317113,2,#fc8d62,car
9,1,62,0,2018,9,17,4,3,3,2,0,1,1,0,0,0,0,0,689978.0462,5340175.7105,11.556089574,48.186383445,1,#66c2a5,bicycle
9,1,62,0,2018,9,12,4,3,5,3,0,1,1,0,0,0,0,0,696031.5732,5338421.1887,11.636640345,48.168775837,1,#66c2a5,bicycle
9,1,62,0,2018,9,11,4,3,3,2,0,0,1,0,0,1,0,0,697601.9308,5330173.4109,11.653913421,48.094164341,2,#fc8d62,car
9,1,62,0,2018,9,17,4,3,0,6,0,0,1,0,1,0,0,0,693173.3016,5329803.1818,11.594330692,48.092194522,2,#fc8d62,car
9,1,84,119,2018,9,16,4,3,2,6,0,0,1,0,0,0,0,0,695651.4054,5348832.9244,11.636335492,48.26246667,2,#fc8d62,car
9,1,62,0,2018,9,8,4,3,2,3,0,0,1,0,0,0,1,0,684482.29,5332981608.0,11.479100133,48.123339049,2,#fc8d62,car
9,1,62,0,2018,9,17,4,3,3,6,0,0,1,0,1,0,0,0,688436.6663,5338159.6556,11.53447813,48.168722043,2,#fc8d62,car
9,1,62,0,2018,9,10,4,2,5,3,0,0,1,0,1,0,0,0,687408.0176,5338828.8794,11.520951712,48.175041264,2,#fc8d62,car
9,1,62,0,2018,9,18,4,3,3,7,0,1,1,0,0,0,0,0,698618.7522,5331176.1332,11.668021205,48.102860007,1,#66c2a5,bicycle
9,1,62,0,2018,9,22,4,3,1,7,2,0,1,0,1,0,0,0,695484.3755,5338590.0313,11.629366168,48.170461811,2,#fc8d62,car
9,1,62,0,2018,9,19,4,3,6,2,1,0,1,1,0,0,0,0,690144.8824,5334728.5312,11.555897082,48.137374491,2,#fc8d62,car
9,1,62,0,2018,9,13,4,3,5,7,0,1,1,0,0,0,0,0,696805.6052,5330278.9585,11.643278763,48.095359346,1,#66c2a5,bicycle
9,1,62,0,2018,9,7,4,3,3,6,0,1,0,0,0,0,0,0,694486.5291,5334205.9086,11.61395592,48.131365306,1,#66c2a5,bicycle
9,1,62,0,2018,9,9,4,3,5,2,0,1,1,0,0,0,0,0,693780343.0,5341854771.0,11.607959922,48.200325669,1,#66c2a5,bicycle
9,1,84,145,2018,9,15,4,3,8,1,0,0,1,1,0,0,0,0,693316.2526,5325566.2891,11.594332311,48.054070702,2,#fc8d62,car
9,1,62,0,2018,9,17,4,3,1,3,0,0,1,0,1,0,0,0,695937.5461,5330735.7724,11.631842394,48.09973245,2,#fc8d62,car
9,1,62,0,2018,9,17,4,3,4,2,0,0,1,0,0,0,0,0,694871.2303,5334962.1344,11.619466738,48.138044269,2,#fc8d62,car
9,1,62,0,2018,9,9,4,3,2,2,0,0,1,0,0,0,0,0,690143.7516,5334858.5959,11.55593996,48.138543851,2,#fc8d62,car
9,1,62,0,2018,9,10,4,3,5,2,0,1,0,0,0,1,0,0,692197.8911,5337006.5216,11.584492773,48.157231859,1,#66c2a5,bicycle
9,1,62,0,2018,9,11,4,3,5,2,0,1,1,0,0,0,0,0,692093893.0,5334945.2496,11.582165654,48.138736974,1,#66c2a5,bicycle
9,7,72,147,2018,9,20,4,3,0,1,2,1,0,0,0,0,0,0,638311.1665,5368162.5354,10.870564075,48.451392102,1,#66c2a5,bicycle
9,7,72,163,2018,9,7,4,3,6,4,0,0,0,1,0,0,1,0,640201.7295,5348012.4796,10.889403577,48.269790404,3,#8da0cb,toilet
9,7,61,0,2018,9,18,4,3,2,6,0,0,1,0,0,0,0,0,636802.3271,5360853.7915,10.84778513,48.386002855,2,#fc8d62,car
9,7,61,0,2018,9,17,4,3,2,6,0,0,1,0,1,0,0,0,638955.7114,5362681.1855,10.877459355,48.401963597,2,#fc8d62,car
9,7,61,0,2018,9,7,4,3,0,1,0,1,0,0,0,0,0,0,641538.3295,5356994.6082,10.910419005,48.350257724,1,#66c2a5,bicycle
9,7,61,0,2018,9,15,4,3,0,1,0,1,0,0,0,0,0,0,640249.3506,5359519.9725,10.89387276,48.373252597,1,#66c2a5,bicycle
9,1,90,148,2018,9,13,6,3,5,3,0,0,1,0,0,0,0,0,643648.7767,5296861.4534,10.918668768,47.809066414,2,#fc8d62,car
9,1,63,0,2018,9,15,6,3,2,6,0,0,1,0,0,0,0,0,733731.8508,5303686.3096,12.124068605,47.843987068,2,#fc8d62,car
9,1,82,127,2018,9,18,6,3,0,1,0,1,0,0,0,0,0,0,700314776.0,5310149877.0,11.680959221,47.91336024,1,#66c2a5,bicycle
9,1,87,117,2018,9,8,6,3,5,3,0,0,1,0,0,1,0,1,724775.8813,5305450.1418,12.005452831,47.863028529,2,#fc8d62,car
9,1,74,115,2018,9,20,6,3,5,3,2,0,1,0,1,0,0,0,681300.8711,5347677.4614,11.442661621,48.256349944,2,#fc8d62,car
9,1,75,132,2018,9,13,6,3,1,5,0,1,1,0,0,0,0,0,707535.1434,5331668.8098,11.787889739,48.104445634,1,#66c2a5,bicycle
9,1,78,124,2018,9,14,6,3,2,6,0,0,1,0,0,0,0,0,703815.2763,5363587.2804,11.753344987,48.392480363,2,#fc8d62,car
9,1,77,115,2018,9,19,6,2,0,1,1,0,0,0,1,0,0,0,735083.2999,5350987999.0,12.16809152,48.268426454,4,#e78ac3,marker
9,1,62,0,2018,9,17,5,3,4,6,0,1,0,0,0,0,0,0,690453.4293,5336520794.0,11.560841949,48.153391016,1,#66c2a5,bicycle
9,1,62,0,2018,9,8,5,3,5,2,0,1,1,0,0,0,0,0,688928.7833,5333952.3276,11.539222953,48.130760085,1,#66c2a5,bicycle
9,1,62,0,2018,9,12,5,3,0,1,0,1,0,0,0,0,0,0,694263.1074,5336224.3655,11.611877013,48.149574639,1,#66c2a5,bicycle
9,1,62,0,2018,9,15,5,3,7,1,0,0,0,0,1,1,0,0,693543.1212,5333406.8425,11.600926934,48.124471102,4,#e78ac3,marker
9,1,62,0,2018,9,17,5,3,1,5,0,1,1,0,0,0,0,0,692154.9475,5334925.8319,11.582976736,48.138544017,1,#66c2a5,bicycle
9,1,84,136,2018,9,8,5,2,3,2,0,0,1,1,0,0,0,0,699397.1252,5327440.1184,11.676721196,48.069040515,2,#fc8d62,car
9,1,62,0,2018,9,12,5,3,0,6,0,1,0,0,0,0,0,0,694802.4648,5333474.0511,11.617863063,48.124691062,1,#66c2a5,bicycle
9,1,84,130,2018,9,16,5,3,2,6,0,1,1,0,0,0,0,0,698737.3923,5345307.6662,11.676216797,48.229824854,1,#66c2a5,bicycle
9,1,62,0,2018,9,1,5,3,6,6,2,1,0,1,0,0,0,0,696562.1963,5338297614.0,11.643712275,48.167501373,1,#66c2a5,bicycle
9,1,62,0,2018,9,16,5,3,5,2,0,1,1,0,0,0,0,0,689571.7923,5333534.0837,11.547670159,48.126809692,1,#66c2a5,bicycle
9,1,84,120,2018,9,16,5,3,3,7,0,0,1,0,1,0,0,0,682331.4887,5333025.5164,11.450243702,48.124353335,2,#fc8d62,car
9,1,62,0,2018,9,19,5,3,0,7,0,1,1,0,0,0,0,0,694120.4588,5342207.4242,11.612693659,48.203391254,1,#66c2a5,bicycle
9,1,62,0,2018,9,14,5,3,4,7,0,1,1,0,0,0,0,0,690811647.0,5342228.1711,11.568216078,48.204580787,1,#66c2a5,bicycle
9,1,62,0,2018,9,14,5,3,1,6,0,1,1,0,0,0,0,0,688947.4945,5336074.9502,11.540415913,48.149832909,1,#66c2a5,bicycle
9,1,62,0,2018,9,11,5,3,5,3,0,1,1,0,0,0,0,0,689532.4226,5331896.5474,11.546413668,48.112103073,1,#66c2a5,bicycle
9,1,62,0,2018,9,15,5,3,1,5,0,1,1,0,0,0,0,0,690414.7528,5334741.5453,11.559526702,48.137410766,1,#66c2a5,bicycle
9,2,61,0,2018,9,16,4,3,5,3,0,1,1,0,0,0,0,0,731605.7043,5382481893.0,12.138678815,48.552620203,1,#66c2a5,bicycle
9,1,73,137,2018,9,15,4,3,6,7,0,0,1,1,0,0,0,0,674760926.0,5303394522.0,11.336535025,47.860103802,2,#fc8d62,car
9,7,77,158,2018,9,14,5,3,0,6,0,0,1,0,1,0,0,0,619977.0725,5308151.4363,10.605767982,47.915455651,2,#fc8d62,car
9,1,90,157,2018,9,17,4,3,2,6,0,0,1,0,0,0,0,0,660988.0538,5301626.1579,11.15187505,47.847803186,2,#fc8d62,car
9,7,71,146,2018,9,17,5,2,5,3,0,1,1,0,0,0,0,0,647297.5649,5347430.5631,10.98476849,48.262947693,1,#66c2a5,bicycle
9,7,61,0,2018,9,16,5,3,5,3,0,1,1,0,0,0,0,1,638339.4434,5358847.5465,10.867875249,48.367627846,1,#66c2a5,bicycle