ULAND,UREGBEZ,UKREIS,UGEMEINDE,UJAHR,UMONAT,USTUNDE,UWOCHENTAG,UKATEGORIE,UART,UTYP1,ULICHTVERH,IstRad,IstPKW,IstFuss,IstKrad,IstGkfz,IstSonstig,STRZUSTAND,LINREFX,LINREFY,XGCSWGS84,YGCSWGS84,Teilnehmer,color,symbol
9,7,61,0,2018,9,17,5,3,5,3,0,1,0,1,0,0,0,0,636977.1827,5359464.6355,10.849692879,48.373473763,1,#66c2a5,bicycle
9,7,61,0,2018,9,7,5,3,2,6,0,0,1,0,0,0,0,1,638525197.0,5359327.5647,10.870540052,48.371903337,2,#fc8d62,car
9,1,77,139,2018,9,17,2,3,4,6,0,0,1,0,0,1,0,0,735463.8604,5364844.4337,12.180951763,48.392755011,2,#fc8d62,car
9,1,84,135,2018,9,15,1,3,4,6,0,1,0,0,0,0,0,0,690571.3474,5348414.4774,11.567767323,48.260254162,1,#66c2a5,bicycle
9,1,62,0,2018,9,20,1,3,5,3,2,1,1,0,0,0,0,0,679765.6259,5335408.2603,11.416800173,48.146501437,1,#66c2a5,bicycle
9,1,74,115,2018,9,17,2,3,5,3,0,0,1,0,1,0,0,0,682750959.0,5348244.3909,11.46242481,48.261029249,2,#fc8d62,car
9,1,62,0,2018,9,7,1,2,5,3,0,0,1,0,1,0,0,0,683242.5231,5338168.02,11.464688389,48.170315822,2,#fc8d62,car
9,1,62,0,2018,9,23,1,3,5,3,2,0,1,0,0,0,0,1,692319613.0,5334236.4102,11.584876613,48.132297883,2,#fc8d62,car
9,1,62,0,2018,9,1,1,3,5,3,2,0,1,0,0,0,0,0,695861.1468,5338464.6209,11.634370617,48.169218713,2,#fc8d62,car
9,1,84,129,2018,9,15,1,3,0,7,0,1,0,0,0,0,0,0,699206.1746,5326502.4756,11.673723982,48.06067332,1,#66c2a5,bicycle
9,1,62,0,2018,9,14,1,3,5,7,0,1,1,0,0,0,0,0,692282302.0,5335027536.0,11.584732764,48.139419644,1,#66c2a5,bicycle
9,7,71,130,2018,9,19,1,3,8,1,0,0,0,0,1,0,0,0,646789.9376,5364083.7489,10.983735562,48.412798855,4,#e78ac3,marker
9,7,71,146,2018,9,18,1,3,0,1,0,1,0,0,0,0,0,0,647489.0513,5346920.8754,10.987169376,48.258320356,1,#66c2a5,bicycle
9,1,73,147,2018,9,16,2,3,0,1,0,0,0,0,1,0,0,0,681253.7246,5309704.1295,11.42591286,47.915024005,4,#e78ac3,marker
9,7,61,0,2018,9,17,1,3,6,4,0,1,0,1,0,0,0,0,638780.3227,5358043.4915,10.873559478,48.360301162,1,#66c2a5,bicycle
9,7,61,0,2018,9,14,1,3,0,7,0,1,1,0,0,0,0,0,637608.8023,5361325.1581,10.858826624,48.390065883,1,#66c2a5,bicycle
9,7,61,0,2018,9,18,1,3,2,7,0,0,1,0,0,0,0,0,641336.6036,5363052.5285,10.909734686,48.404773268,2,#fc8d62,car
9,7,61,0,2018,9,12,1,3,2,7,0,0,1,0,1,0,0,0,641799.3749,5361366.0191,10.915414467,48.389505042,2,#fc8d62,car
9,7,61,0,2018,9,13,1,3,5,1,0,1,1,0,0,0,0,0,641232786.0,5356204.4489,10.906032255,48.343221284,1,#66c2a5,bicycle
9,7,61,0,2018,9,11,1,3,0,1,0,1,0,0,0,0,0,0,641128.4745,5358319159.0,10.90533435,48.362259337,1,#66c2a5,bicycle
9,7,61,0,2018,9,15,1,3,5,3,0,1,1,0,0,0,0,0,639934.1907,5360185244.0,10.889840829,48.37930448,1,#66c2a5,bicycle
9,1,62,0,2018,9,8,2,3,0,5,0,1,0,0,0,0,1,1,696897.6893,5338517.5093,11.648321394,48.169373814,1,#66c2a5,bicycle
9,1,88,118,2018,9,8,2,3,5,3,0,1,1,0,0,0,0,0,669353.1237,5313691.1954,11.268335937,47.954122027,1,#66c2a5,bicycle
9,2,74,113,2018,9,15,2,3,5,3,0,1,1,0,0,0,0,0,729250.8256,5382933.9012,12.107063925,48.557545683,1,#66c2a5,bicycle
9,1,73,120,2018,9,18,1,3,6,4,0,0,1,1,0,0,0,0,690744.1669,5311869.6187,11.553764853,47.93173581,2,#fc8d62,car
9,1,63,0,2018,9,13,2,3,4,6,0,1,1,0,0,0,0,0,733446.7147,5306590.6125,12.121830758,47.870183051,1,#66c2a5,bicycle
9,1,87,177,2018,9,12,1,3,0,1,0,0,0,0,1,0,0,0,735039.86,5305110566.0,12.142298018,47.856305627,4,#e78ac3,marker
9,1,79,113,2018,9,14,2,3,0,7,0,1,0,0,0,0,0,0,666023.5912,5334113.2219,11.231696342,48.138594121,1,#66c2a5,bicycle
9,1,87,169,2018,9,12,1,3,0,1,0,1,0,0,0,0,0,0,737850.2862,5297786.2706,12.175791908,47.789473122,1,#66c2a5,bicycle
9,1,87,172,2018,9,11,1,2,0,7,0,1,0,0,0,0,1,0,742317.9814,5296133.6385,12.23442556,47.772962332,1,#66c2a5,bicycle
9,1,86,143,2018,9,15,1,2,0,1,0,1,0,0,0,0,0,0,678075.9144,5379598656.0,11.412791009,48.544191754,1,#66c2a5,bicycle
9,1,88,139,2018,9,15,1,3,4,6,0,1,1,0,0,0,0,0,677830.6345,5322463.2316,11.385419002,48.030679559,1,#66c2a5,bicycle
9,1,88,137,2018,9,10,1,3,5,3,0,1,1,0,0,0,0,0,671547.8461,5314999.0595,11.298229687,47.965295587,1,#66c2a5,bicycle
9,1,88,139,2018,9,13,1,3,0,1,0,1,0,0,0,0,0,0,675923.3106,5318758.4627,11.358336773,47.997903632,1,#66c2a5,bicycle
9,1,63,0,2018,9,19,3,2,6,4,1,0,1,1,0,0,0,0,731433.7882,5304174.0182,12.093659929,47.84920005,2,#fc8d62,car
9,1,82,127,2018,9,13,3,3,0,1,0,1,0,0,0,0,0,0,700369.8541,5310176.1932,11.681707765,47.913579551,1,#66c2a5,bicycle
9,1,88,139,2018,9,18,1,3,4,1,0,1,1,0,0,0,0,0,675026.8963,5319447325.0,11.346611354,48.004342248,1,#66c2a5,bicycle
9,1,79,118,2018,9,13,1,3,2,6,0,1,1,0,0,0,0,0,672453.6457,5337028.4141,11.319238558,48.163090273,1,#66c2a5,bicycle
9,1,88,120,2018,9,16,1,2,7,7,0,1,0,1,0,0,0,0,677343.1793,5325643.2632,11.380203552,48.059401502,1,#66c2a5,bicycle
9,1,77,117,2018,9,14,1,3,5,3,0,1,1,0,0,0,0,0,715866.7418,5354067.0934,11.91105581,48.302932487,1,#66c2a5,bicycle
9,1,81,130,2018,9,7,3,3,0,1,0,1,0,0,0,0,0,0,639955.0142,5323525.2116,10.878023795,48.049653592,1,#66c2a5,bicycle
9,1,75,137,2018,9,16,1,3,8,1,0,1,0,0,0,0,0,0,725747676.0,5330117.1551,12.031383746,48.084312974,1,#66c2a5,bicycle
9,1,79,126,2018,9,15,3,2,0,1,0,1,0,0,0,0,0,0,675607.0905,5341633.1513,11.363513758,48.203620168,1,#66c2a5,bicycle
9,1,74,113,2018,9,21,3,3,4,1,2,0,1,0,0,0,0,0,678521.7616,5342921.3241,11.403249117,48.21438658,2,#fc8d62,car
9,1,84,136,2018,9,2,7,3,5,3,2,0,1,0,0,0,0,0,700473.48,5327031.8902,11.690962394,48.06503435,2,#fc8d62,car
9,1,77,117,2018,9,15,3,3,5,2,0,1,1,0,0,0,0,0,715082.0204,5352929.5614,11.899908213,48.292978786,1,#66c2a5,bicycle
9,1,73,123,2018,9,16,2,2,8,1,0,0,0,0,1,0,0,0,680625.1049,5299777562.0,11.41335821,47.82596762,4,#e78ac3,marker
9,1,62,0,2018,9,15,7,3,2,6,0,0,1,0,0,0,0,0,691675.3805,5334118712.0,11.576173936,48.131434364,2,#fc8d62,car
9,1,62,0,2018,9,6,2,3,3,6,2,1,0,0,0,0,0,1,687532.8147,5328783.6965,11.518207903,48.084715657,1,#66c2a5,bicycle
9,1,62,0,2018,9,15,7,3,1,2,0,1,1,0,0,0,0,0,686086.8776,5337627.7061,11.502672121,48.16463295,1,#66c2a5,bicycle
9,1,62,0,2018,9,18,2,2,0,1,0,1,0,0,0,0,0,0,697579.3629,5333795.7679,11.655288419,48.126726717,1,#66c2a5,bicycle
9,1,84,138,2018,9,17,7,3,1,5,0,1,1,0,0,0,0,0,682394.5472,5331091.2859,11.450263007,48.106948927,1,#66c2a5,bicycle
9,1,62,0,2018,9,9,2,3,5,3,0,1,1,0,0,0,0,0,683227.5249,5334278.6988,11.462812355,48.135360516,1,#66c2a5,bicycle
9,1,62,0,2018,9,4,7,3,9,1,2,0,1,0,0,0,0,0,690058216.0,5339305147.0,11.556777714,48.178534901,2,#fc8d62,car
9,1,62,0,2018,9,6,2,3,1,6,1,0,1,0,0,0,0,1,690580.0947,5340272645.0,11.564225013,48.187074353,2,#fc8d62,car
9,1,62,0,2018,9,10,7,3,5,3,0,0,1,0,1,0,0,0,688708928.0,5333416.6956,11.53603389,48.126010959,2,#fc8d62,car
9,1,62,0,2018,9,11,7,3,5,3,0,1,1,0,0,0,0,0,686716.2394,5338506.6693,11.511513907,48.172348779,1,#66c2a5,bicycle
9,1,62,0,2018,9,5,2,2,5,3,2,0,1,0,1,0,0,1,688828307.0,5342486151.0,11.541663653,48.207492518,2,#fc8d62,car
9,1,62,0,2018,9,20,7,3,4,7,2,0,1,0,1,0,0,0,697908.3828,5334474.0627,11.66002023,48.13272054,2,#fc8d62,car
9,1,62,0,2018,9,10,2,3,4,2,0,0,0,0,1,0,1,0,682203.3846,5336709.1516,11.450099878,48.157501232,4,#e78ac3,marker
9,1,62,0,2018,9,17,7,3,3,6,0,1,1,0,0,0,0,0,692719311.0,5342198.5534,11.593851524,48.203738383,1,#66c2a5,bicycle
9,1,62,0,2018,9,7,2,3,3,7,0,1,1,0,0,0,0,0,692244.5923,5338555.6723,11.585820305,48.171141134,1,#66c2a5,bicycle
9,1,84,148,2018,9,17,2,3,5,3,0,1,1,0,0,0,0,0,695580.6023,5326713.5337,11.625211876,48.063691848,1,#66c2a5,bicycle
9,1,62,0,2018,9,8,7,3,5,7,0,1,1,0,0,0,0,0,693304.9714,5331308.2469,11.596778745,48.1056818,1,#66c2a5,bicycle
9,1,62,0,2018,9,11,2,2,0,7,0,0,1,0,0,0,1,0,691443.0274,5342337.9838,11.576754731,48.205377681,2,#fc8d62,car
9,1,84,123,2018,9,8,7,3,5,3,0,1,1,0,0,0,0,0,703427.52,5332190.96,11.733025343,48.110462878,1,#66c2a5,bicycle
9,1,62,0,2018,9,6,2,3,5,2,0,0,1,0,1,0,0,0,696444.4902,5334064.7958,11.640177604,48.129495796,2,#fc8d62,car
9,1,74,113,2018,9,15,2,3,4,1,0,1,1,0,0,0,0,0,676828.5753,5346489.1362,11.381964846,48.246931845,1,#66c2a5,bicycle
9,1,62,0,2018,9,12,2,3,3,7,0,1,1,0,0,0,0,0,691801.9007,5335600.7621,11.578540002,48.144716696,1,#66c2a5,bicycle
9,1,62,0,2018,9,9,7,3,6,4,0,0,1,1,0,0,0,0,696014.6816,5338861.6497,11.636616461,48.172739637,2,#fc8d62,car
9,1,62,0,2018,9,7,2,3,0,7,0,1,0,0,0,0,0,1,698859.4135,5333254453.0,11.672219272,48.121463252,1,#66c2a5,bicycle
9,1,62,0,2018,9,10,2,2,6,4,0,0,1,1,0,0,0,0,689045114.0,5335551177.0,11.541494485,48.145096181,2,#fc8d62,car
9,1,84,132,2018,9,11,2,3,5,3,0,0,1,0,0,0,0,0,683102026.0,5329023252.0,11.45887104,48.088156956,2,#fc8d62,car
9,1,62,0,2018,9,14,7,3,6,7,0,0,1,1,0,0,0,0,691688.7907,5334320.2673,11.576444664,48.133241879,2,#fc8d62,car
9,1,62,0,2018,9,8,2,2,6,4,0,0,1,1,0,0,0,0,692357865.0,5335260017.0,11.585852444,48.141486297,2,#fc8d62,car
9,1,62,0,2018,9,17,2,3,3,6,0,1,1,0,0,0,0,0,690574.5066,5332670.7784,11.560745846,48.11875092,1,#66c2a5,bicycle
9,1,62,0,2018,9,15,2,2,4,2,0,0,0,0,1,0,1,0,698214.5117,5333652.9524,11.663748278,48.125245756,4,#e78ac3,marker
9,1,62,0,2018,9,12,2,3,6,7,0,1,0,1,0,0,0,0,683005.9423,5335723.2813,11.460457674,48.148409137,1,#66c2a5,bicycle
9,1,62,0,2018,9,7,2,3,3,6,0,1,0,0,0,0,1,0,690264.4886,5343650395.0,11.561497131,48.217527746,1,#66c2a5,bicycle
9,1,84,146,2018,9,11,2,3,2,7,0,0,1,0,1,0,0,0,698196.6242,5328226.4567,11.660988248,48.076481752,2,#fc8d62,car
9,1,84,147,2018,9,18,2,3,5,2,0,1,1,0,0,0,0,0,696041.3042,5340266.7223,11.637622311,48.185359324,1,#66c2a5,bicycle
9,1,62,0,2018,9,6,2,3,5,3,0,1,0,0,0,0,1,1,696950.9555,5334177.6141,11.647029023,48.130353235,1,#66c2a5,bicycle
9,1,62,0,2018,9,19,2,3,5,3,1,0,1,0,0,0,0,0,688260.5412,5334464.2159,11.530477003,48.135559036,2,#fc8d62,car
9,1,62,0,2018,9,17,2,3,0,5,0,1,1,0,0,0,0,0,690037488.0,5334467.6877,11.554338623,48.135062104,1,#66c2a5,bicycle
9,7,62,0,2018,9,20,7,3,6,4,0,0,1,1,0,0,0,0,622630711.0,5305067054.0,10.64039244,47.887213775,2,#fc8d62,car
9,1,62,0,2018,9,12,2,3,1,5,0,1,1,0,0,0,0,0,688603.5606,5334765.8632,11.535216534,48.138168723,1,#66c2a5,bicycle
9,7,73,122,2018,9,18,7,2,0,1,0,1,0,0,0,0,0,0,625946999.0,5385315.0395,10.708610797,48.608229596,1,#66c2a5,bicycle
9,1,62,0,2018,9,17,2,3,4,7,0,1,0,1,0,0,0,0,693132.2843,5336778.8394,11.596940898,48.154902431,1,#66c2a5,bicycle
9,7,61,0,2018,9,19,7,3,0,1,0,1,0,0,0,0,0,0,638060.8626,5358224.6232,10.863911434,48.362087613,1,#66c2a5,bicycle
9,1,62,0,2018,9,10,2,3,6,4,0,1,0,1,0,0,0,0,691576.2266,5334545.4084,11.575034545,48.135299313,1,#66c2a5,bicycle
9,7,72,147,2018,9,18,7,2,0,1,0,1,0,0,0,0,0,0,639088.4013,5363481.5366,10.879516389,48.409130856,1,#66c2a5,bicycle
9,1,90,115,2018,9,15,2,3,8,7,0,1,0,0,0,0,0,0,672059.1078,5302892.2348,11.300242492,47.856317381,1,#66c2a5,bicycle
9,7,61,0,2018,9,16,7,3,0,7,0,1,0,0,0,0,0,0,639164.3337,5360802.4647,10.87965398,48.385024648,1,#66c2a5,bicycle
9,7,61,0,2018,9,12,7,3,5,3,0,0,1,0,0,0,0,0,641124.1584,5351853.3553,10.903110575,48.304121808,2,#fc8d62,car
9,1,63,0,2018,9,16,2,3,2,6,0,0,1,0,0,0,0,0,731966.0851,5304389.0271,12.100879836,47.850939894,2,#fc8d62,car
9,7,72,184,2018,9,9,2,2,0,5,0,1,1,0,0,0,0,0,635916.5978,5361704.0392,10.836103132,48.393839716,1,#66c2a5,bicycle
9,7,71,130,2018,9,17,2,3,4,6,0,0,1,0,0,0,0,0,646438961.0,5357269.59,10.976620884,48.351612911,2,#fc8d62,car
9,7,61,0,2018,9,19,2,2,0,7,2,0,0,0,1,0,0,0,644231.1124,5360026.5584,10.947782859,48.37691004,4,#e78ac3,marker
9,7,61,0,2018,9,12,2,3,3,7,0,1,0,0,0,0,1,0,642764.9855,5359548.2932,10.927832711,48.372943148,1,#66c2a5,bicycle
9,7,61,0,2018,9,19,2,3,5,1,0,1,1,0,0,0,0,0,641512.4294,5358210.6869,10.910478534,48.361198048,1,#66c2a5,bicycle
9,1,79,123,2018,9,18,2,3,6,4,0,0,1,1,0,0,0,0,675999.5776,5333371.3003,11.365372291,48.129243734,2,#fc8d62,car
9,7,61,0,2018,9,20,2,3,4,1,2,1,0,0,0,0,0,0,640607.6634,5354179.4139,10.896924836,48.325152179,1,#66c2a5,bicycle
9,7,61,0,2018,9,16,2,3,5,1,0,1,1,0,0,0,0,0,640914.34,5357698.9086,10.902237316,48.356730092,1,#66c2a5,bicycle
9,1,78,124,2018,9,14,2,3,5,3,0,0,1,0,1,0,0,0,703024789.0,5364180312.0,11.74296569,48.39806443,2,#fc8d62,car
9,1,63,0,2018,9,9,2,3,2,6,0,0,1,0,0,0,0,0,733769.2209,5303866.0068,12.124664378,47.845587889,2,#fc8d62,car
9,2,61,0,2018,9,13,7,3,6,4,0,0,1,1,0,0,0,0,732885.0391,5381106.3861,12.155219879,48.539790827,2,#fc8d62,car
9,1,86,132,2018,9,18,5,3,3,3,0,1,1,0,0,0,0,0,678856.9844,5367400.3295,11.41814237,48.434326378,1,#66c2a5,bicycle
9,1,81,130,2018,9,7,5,3,5,3,0,1,1,0,0,0,0,0,638809.6006,5323134643.0,10.862535527,48.046391612,1,#66c2a5,bicycle
9,1,79,136,2018,9,12,5,2,0,7,0,0,0,1,0,1,0,0,662162322.0,5342239.6913,11.18293304,48.212649993,3,#8da0cb,toilet
9,1,62,0,2018,9,15,4,3,0,7,0,0,0,0,0,0,1,0,687612.5554,5334674.2959,11.521868489,48.137638647,6,#ffd92f,circle
9,1,62,0,2018,9,14,4,3,1,5,0,0,1,0,0,0,1,0,692144.6144,5334667.7058,11.582721543,48.136227147,2,#fc8d62,car
9,1,62,0,2018,9,17,4,3,0,7,0,1,0,0,0,0,0,0,678909.7388,5337026.2683,11.405984271,48.161287009,1,#66c2a5,bicycle
9,1,62,0,2018,9,7,4,3,5,6,0,0,1,0,0,0,0,0,693606.1998,5332593.3079,11.60140427,48.117140109,2,#fc8d62,car
9,1,62,0,2018,9,8,4,3,5,7,0,0,1,0,1,0,1,0,693834.8727,5332532.7276,11.604446024,48.116526069,2,#fc8d62,car
9,1,62,0,2018,9,7,4,3,5,3,0,1,1,0,0,0,0,0,691176.9183,5336890.2574,11.570725847,48.156494647,1,#66c2a5,bicycle
9,1,84,138,2018,9,17,4,2,6,4,0,0,1,1,0,0,0,0,680140.8888,5331299.8858,11.420103935,48.109465329,2,#fc8d62,car
9,1,62,0,2018,9,15,4,3,5,3,0,1,1,0,0,0,0,0,689488382.0,5331485316.0,11.545639906,48.108419979,1,#66c2a5,bicycle
9,1,62,0,2018,9,5,4,3,0,7,2,0,0,0,0,1,1,0,693569.6317,5332879.7396,11.601043477,48.119725593,5,#a6d854,bus
9,1,62,0,2018,9,8,4,3,1,2,0,0,0,0,0,0,1,0,686160.0501,5338566841.0,11.504066397,48.173052773,6,#ffd92f,circle
9,1,62,0,2018,9,8,4,3,6,4,0,1,0,1,0,0,0,0,690206.2527,5335238.3605,11.556948852,48.141938495,1,#66c2a5,bicycle
9,1,62,0,2018,9,15,4,3,4,2,0,0,1,0,0,0,0,0,690724.5528,5340287.7417,11.56617343,48.187166685,2,#fc8d62,car
9,1,62,0,2018,9,8,4,3,0,7,0,1,1,0,0,0,0,0,692287943.0,5338303509.0,11.586288748,48.168861642,1,#66c2a5,bicycle
9,1,62,0,2018,9,18,4,3,6,3,0,0,0,1,0,0,1,0,690614.8052,5335111.5757,11.562378596,48.140676693,3,#8da0cb,toilet
9,1,62,0,2018,9,8,4,3,5,2,0,1,0,0,0,0,1,0,693657.7902,5332429.1826,11.602022193,48.115649311,1,#66c2a5,bicycle
9,1,62,0,2018,9,8,4,2,2,6,0,1,0,0,0,0,0,1,689904019.0,5330639762.0,11.550841649,48.100696285,1,#66c2a5,bicycle
9,1,62,0,2018,9,15,4,3,3,2,0,1,1,0,0,0,0,0,692220.7664,5330465.3609,11.581849718,48.0984341,1,#66c2a5,bicycle
9,1,62,0,2018,9,17,4,3,5,2,0,1,1,0,0,0,0,0,688562.6792,5332403.1272,11.533622155,48.116944151,1,#66c2a5,bicycle
9,1,62,0,2018,9,11,4,3,5,2,0,1,1,0,0,0,0,0,681041.5539,5335771.5386,11.434092468,48.149405042,1,#66c2a5,bicycle
9,1,62,0,2018,9,10,4,3,3,6,0,1,0,0,0,0,0,0,690389.2908,5336361.8985,11.559909352,48.151982074,1,#66c2a5,bicycle
9,1,84,146,2018,9,11,4,3,6,4,0,0,1,1,0,0,0,0,698207.7081,5328223.5174,11.661135531,48.076451891,2,#fc8d62,car
9,1,62,0,2018,9,17,4,2,5,3,0,0,1,0,1,0,0,0,698080.1126,5330751.3115,11.660596664,48.099209685,2,#fc8d62,car
9,1,62,0,2018,9,11,4,3,2,6,0,0,1,0,0,0,0,0,690076.5311,5331958.9178,11.553744173,48.112501517,2,#fc8d62,car
9,1,62,0,2018,9,9,4,3,5,3,0,1,0,0,0,0,0,0,692538.2604,5336947.0608,11.589037983,48.156594478,1,#66c2a5,bicycle
9,7,78,169,2018,9,8,4,2,3,6,0,0,1,0,1,0,0,0,619153.8151,5333654.2114,10.601847947,48.144971808,2,#fc8d62,car
9,7,78,209,2018,9,6,4,3,8,1,1,0,1,0,0,0,0,0,617490.2804,5324970.1922,10.577101327,48.067180643,2,#fc8d62,car
9,7,62,0,2018,9,8,4,3,5,6,0,1,1,0,0,0,0,0,622249.4406,5305431.1909,10.635397583,47.890561445,1,#66c2a5,bicycle
9,2,61,0,2018,9,12,6,2,0,1,0,0,0,0,1,0,0,0,732818044.0,5381635111.0,12.154609052,48.544565054,4,#e78ac3,marker
9,7,73,182,2018,9,17,4,3,0,1,0,1,0,0,0,0,0,0,622899808.0,5381686111.0,10.666217116,48.576202441,1,#66c2a5,bicycle
9,7,72,147,2018,9,10,4,3,5,3,0,1,1,0,0,0,0,0,639227.5927,5366284.0163,10.882326736,48.434299083,1,#66c2a5,bicycle
9,7,72,147,2018,9,6,4,3,5,3,0,0,0,0,1,1,0,0,637709.5683,5366110.0068,10.861757531,48.433068237,4,#e78ac3,marker
9,7,61,0,2018,9,19,4,3,0,7,0,1,0,0,0,0,0,0,641236.3661,5360378409.0,10.907481807,48.380751187,1,#66c2a5,bicycle
9,1,90,157,2018,9,18,6,2,5,3,0,1,1,0,0,0,0,0,661307596.0,5300386206.0,11.155681006,47.836574594,1,#66c2a5,bicycle
9,1,90,157,2018,9,9,6,3,0,7,0,1,0,0,0,0,0,0,660308.9438,5300612.4282,11.142428674,47.83885834,1,#66c2a5,bicycle
9,1,63,0,2018,9,12,6,3,2,6,0,0,1,0,1,0,0,0,734440.4236,5305512.6111,12.134514359,47.860136504,2,#fc8d62,car
9,1,78,143,2018,9,16,6,2,5,3,0,0,0,0,1,0,1,0,722358.5218,5369386.6864,12.006575945,48.438319472,4,#e78ac3,marker
9,1,62,0,2018,9,19,5,3,5,3,0,1,1,0,0,0,0,0,685600.9811,5333807.1898,11.494478075,48.130434612,1,#66c2a5,bicycle
9,1,62,0,2018,9,9,5,3,0,1,0,0,1,0,1,0,0,0,694045.6935,5336371.7015,11.609024185,48.150965198,2,#fc8d62,car
9,1,62,0,2018,9,15,5,3,5,3,0,0,1,0,1,0,0,0,690021.8557,5333294.6508,11.553605627,48.124523475,2,#fc8d62,car
9,1,62,0,2018,9,23,5,3,5,3,2,0,1,0,0,0,0,0,692621.6852,5334814.8719,11.58919388,48.137405622,2,#fc8d62,car
9,1,62,0,2018,9,18,5,3,0,7,0,0,0,0,1,0,1,0,690159.1791,5333910.0897,11.555723746,48.130014054,4,#e78ac3,marker
9,1,62,0,2018,9,15,5,3,4,2,0,0,1,0,0,0,0,0,697554.5542,5333711.0059,11.654916096,48.125972633,2,#fc8d62,car
9,1,62,0,2018,9,21,5,3,1,7,2,1,1,0,0,0,0,0,690409.6456,5338865.6409,11.561303569,48.174479453,1,#66c2a5,bicycle
9,1,62,0,2018,9,12,5,3,3,3,0,1,1,0,0,0,0,0,690158.1577,5335243.7988,11.556305405,48.142001751,1,#66c2a5,bicycle
9,1,84,135,2018,9,16,5,3,3,6,0,1,1,0,0,0,0,0,689790.6076,5348653943.0,11.557365928,48.262640765,1,#66c2a5,bicycle
9,1,84,135,2018,9,18,5,3,6,4,1,0,1,1,0,0,0,0,689385.9302,5347909.5156,11.551585457,48.256071059,2,#fc8d62,car
9,1,62,0,2018,9,8,5,3,5,3,0,0,1,0,0,0,0,0,684124.2423,5336450.4899,11.475792951,48.154622966,2,#fc8d62,car
9,1,62,0,2018,9,17,5,3,4,2,0,1,0,0,1,0,0,0,681878.2942,5335694.4508,11.445298848,48.148473414,1,#66c2a5,bicycle
9,1,62,0,2018,9,5,5,3,5,2,2,1,1,0,0,0,0,0,687994.2386,5339139113.0,11.528966624,48.177656546,1,#66c2a5,bicycle
9,1,62,0,2018,9,16,5,3,5,3,0,0,1,0,0,0,0,0,688331579.0,5340835.9772,11.534252276,48.192808222,2,#fc8d62,car
9,1,62,0,2018,9,16,5,3,5,3,0,1,1,0,0,0,0,0,687900.2385,5330463.4573,11.523875934,48.099705674,1,#66c2a5,bicycle
9,1,62,0,2018,9,12,5,3,5,3,0,1,1,0,0,0,0,0,687751.9319,5328112.3166,11.520852237,48.078616574,1,#66c2a5,bicycle
9,1,62,0,2018,9,11,5,3,0,1,0,0,0,0,1,0,0,0,693355.3855,5335226.7409,11.599232653,48.140884871,4,#e78ac3,marker
9,1,62,0,2018,9,13,5,3,0,5,0,1,1,0,0,0,0,0,693560.3193,5334445.5972,11.601629621,48.13380189,1,#66c2a5,bicycle
9,1,62,0,2018,9,17,5,2,8,7,0,0,0,0,1,0,0,0,689058961.0,5332577.03,11.540360762,48.118360071,4,#e78ac3,marker
9,1,62,0,2018,9,15,5,3,5,3,0,1,0,0,0,0,0,0,691936.8357,5336085.3171,11.580570587,48.149031095,1,#66c2a5,bicycle
9,7,77,111,2018,9,16,5,3,4,3,0,0,1,0,1,0,0,0,616043.7433,5299393.8483,10.550792062,47.837413175,2,#fc8d62,car
9,7,77,121,2018,9,7,5,3,7,1,0,1,0,0,0,0,0,0,628789594.0,5321355.4677,10.727618551,48.03249194,1,#66c2a5,bicycle
9,7,71,130,2018,9,16,5,3,1,6,0,0,1,0,0,1,0,0,645616.9962,5357688.6779,10.965677869,48.355571128,2,#fc8d62,car
9,7,72,163,2018,9,16,5,3,5,3,0,0,1,0,0,0,0,0,641075.6349,5348406.6981,10.901305435,48.273141081,2,#fc8d62,car
9,7,61,0,2018,9,18,5,3,5,3,0,0,1,0,1,0,0,0,637726.0278,5359309.2029,10.859748587,48.371913145,2,#fc8d62,car
9,7,61,0,2018,9,11,5,3,1,6,0,1,1,0,0,0,0,0,637205.9194,5360177.0439,10.853012512,48.379829966,1,#66c2a5,bicycle
9,7,61,0,2018,9,18,5,3,0,1,0,1,0,0,0,0,0,0,638368.6398,5358566.4674,10.868176775,48.365094033,1,#66c2a5,bicycle
9,7,61,0,2018,9,10,5,3,0,1,0,1,1,0,0,0,0,0,637855.7809,5360114.9287,10.861763931,48.379129774,1,#66c2a5,bicycle
9,7,61,0,2018,9,15,5,3,0,1,0,1,0,0,0,0,0,0,638847.2849,5360287.0876,10.87520379,48.380460367,1,#66c2a5,bicycle
9,7,61,0,2018,9,13,5,3,5,2,0,1,0,0,0,0,1,0,638645.2437,5361086.8114,10.872740512,48.387695734,1,#66c2a5,bicycle
9,7,61,0,2018,9,12,5,3,2,6,0,0,1,0,0,0,0,0,639283.0137,5361335.9491,10.881432927,48.389795397,2,#fc8d62,car
9,2,61,0,2018,9,16,4,3,2,6,0,0,1,0,0,0,0,0,732104572.0,5379441.4935,12.143735522,48.525124585,2,#fc8d62,car
9,7,61,0,2018,9,17,5,3,5,3,0,1,1,0,0,0,0,0,641662.3426,5361082.8341,10.913469027,48.386989563,1,#66c2a5,bicycle
9,1,90,157,2018,9,9,4,3,0,1,0,0,0,0,1,0,0,1,660575.9436,5301796.6935,11.146433802,47.849439576,4,#e78ac3,marker