ULAND,UREGBEZ,UKREIS,UGEMEINDE,UJAHR,UMONAT,USTUNDE,UWOCHENTAG,UKATEGORIE,UART,UTYP1,ULICHTVERH,IstRad,IstPKW,IstFuss,IstKrad,IstGkfz,IstSonstig,STRZUSTAND,LINREFX,LINREFY,XGCSWGS84,YGCSWGS84,Teilnehmer,color,symbol
9,1,73,126,2018,9,20,4,3,5,3,2,0,1,0,0,0,0,0,686856.3979,5302867.4909,11.497868729,47.85196288,2,#fc8d62,car
9,7,61,0,2018,9,12,5,3,4,2,0,1,1,0,0,0,0,0,641061.68,5359208.8477,10.904731478,48.370274021,1,#66c2a5,bicycle
9,7,61,0,2018,9,13,5,3,0,1,0,1,0,0,0,0,0,0,641452.7344,5359360.9557,10.91005994,48.37155419,1,#66c2a5,bicycle
9,1,87,150,2018,9,18,4,3,5,3,0,0,1,0,0,0,0,0,725666.0955,5304120.9842,12.01664531,47.85077412,2,#fc8d62,car
9,1,88,141,2018,9,9,4,3,5,2,0,0,1,0,0,0,0,0,668002.2344,5309086.0833,11.248460005,47.913076279,2,#fc8d62,car
9,1,78,138,2018,9,17,4,3,5,3,0,1,1,0,0,0,0,0,713142.0743,5369554.0498,11.882210373,48.443010133,1,#66c2a5,bicycle
9,1,77,119,2018,9,18,4,3,8,1,0,0,0,0,1,0,0,0,722987.8883,5340624.4841,11.999876202,48.179688862,4,#e78ac3,marker
9,1,62,0,2018,9,14,3,3,0,6,0,1,0,0,0,0,0,0,688123013.0,5332357583.0,11.527700457,48.116664825,1,#66c2a5,bicycle
9,1,62,0,2018,9,10,3,3,4,2,0,1,1,0,0,0,0,0,688006.8495,5328286.5367,11.524348105,48.080107411,1,#66c2a5,bicycle
9,1,62,0,2018,9,17,3,3,6,4,0,0,0,1,1,0,0,0,692554.9092,5340019.5227,11.590653058,48.184203854,3,#8da0cb,toilet
9,1,62,0,2018,9,9,3,3,4,6,0,1,0,0,0,0,1,0,690365.2277,5334232.0543,11.558634007,48.132846282,1,#66c2a5,bicycle
9,1,62,0,2018,9,8,3,3,2,6,0,0,1,0,0,0,0,0,695066.4473,5336129.3554,11.622622706,48.148474889,2,#fc8d62,car
9,1,62,0,2018,9,18,3,2,0,7,0,1,0,0,0,0,0,0,682890.6073,5335729.0815,11.458911005,48.148494445,1,#66c2a5,bicycle
9,1,84,130,2018,9,8,3,3,5,3,0,1,1,0,0,0,0,0,699313124.0,5345377.9051,11.683993868,48.230275447,1,#66c2a5,bicycle
9,1,62,0,2018,9,12,3,3,6,3,0,0,1,1,0,0,0,0,687995711.0,5334281827.0,11.52684043,48.133997973,2,#fc8d62,car
9,1,62,0,2018,9,17,3,3,0,7,0,1,0,0,0,0,1,0,686531.0991,5341680.2766,11.510419613,48.200928325,1,#66c2a5,bicycle
9,1,84,139,2018,9,13,3,1,0,1,0,1,0,0,0,0,0,0,689253.5126,5327020.5806,11.540509365,48.068359928,1,#66c2a5,bicycle
9,1,62,0,2018,9,12,3,3,6,4,0,0,1,1,0,0,0,0,693503.7333,5339565.7609,11.603198352,48.179837346,2,#fc8d62,car
9,1,62,0,2018,9,15,3,2,5,2,0,1,1,0,0,0,0,0,686463.0606,5338674.0197,11.508185199,48.1739273,1,#66c2a5,bicycle
9,1,62,0,2018,9,15,3,3,1,1,0,1,1,0,0,0,0,0,685012.1073,5338740.0236,11.488715784,48.174944617,1,#66c2a5,bicycle
9,1,62,0,2018,9,23,3,3,5,3,2,0,1,0,0,0,0,0,690452.1948,5338195.2455,11.56157502,48.168441247,2,#fc8d62,car
9,1,62,0,2018,9,18,3,3,5,3,0,1,0,0,0,0,0,0,691989.1893,5334398.9556,11.580513468,48.133858572,1,#66c2a5,bicycle
9,1,62,0,2018,9,13,3,3,0,1,0,1,0,0,0,0,0,0,695347.7569,5336334.3133,11.626494786,48.15023062,1,#66c2a5,bicycle
9,1,62,0,2018,9,9,3,3,3,6,0,1,0,0,0,0,0,0,690107251.0,5333673012.0,11.554920794,48.127898704,1,#66c2a5,bicycle
9,1,62,0,2018,9,9,3,3,0,1,0,1,0,0,0,0,0,0,689602.9279,5334897519.0,11.548694928,48.139055069,1,#66c2a5,bicycle
9,1,62,0,2018,9,10,3,3,2,6,0,1,1,0,0,0,0,0,691634.3114,5335392.6273,11.576195661,48.142896514,1,#66c2a5,bicycle
9,7,72,115,2018,9,13,3,3,8,1,0,1,0,0,0,0,0,0,618344456.0,5371779.2503,10.601670451,48.487988751,1,#66c2a5,bicycle
9,7,72,121,2018,9,16,3,3,0,1,0,1,0,0,0,0,0,0,633100.4743,5377324.9768,10.803049742,48.534904021,1,#66c2a5,bicycle
9,7,72,177,2018,9,14,3,3,5,3,0,1,1,0,0,0,0,0,636573759.0,5379693857.0,10.850852232,48.55545779,1,#66c2a5,bicycle
9,7,71,130,2018,9,13,3,3,0,1,0,1,0,0,0,0,0,0,647237.5304,5358880.5316,10.987956871,48.365911542,1,#66c2a5,bicycle
9,7,72,163,2018,9,8,3,2,2,6,0,0,1,0,0,0,0,0,639354.9482,5349506.2733,10.878490978,48.283409351,2,#fc8d62,car
9,7,61,0,2018,9,9,3,3,0,1,0,0,0,0,1,0,0,0,639288.0781,5361480.3981,10.881549198,48.391093123,4,#e78ac3,marker
9,7,61,0,2018,9,16,3,3,5,1,0,1,0,0,0,0,0,0,639151.6853,5357895.5547,10.878521217,48.358889205,1,#66c2a5,bicycle
9,7,61,0,2018,9,17,3,3,0,1,0,1,0,1,0,0,0,0,640424.9835,5352297.4011,10.893835079,48.308270167,1,#66c2a5,bicycle
9,7,61,0,2018,9,15,3,3,2,3,0,1,0,0,0,0,1,0,639678.4461,5358898.8968,10.885961538,48.367794678,1,#66c2a5,bicycle
9,7,61,0,2018,9,15,3,3,0,1,0,1,0,0,0,0,0,0,641335.7834,5359222.0094,10.90843494,48.370331042,1,#66c2a5,bicycle
9,7,71,156,2018,9,18,3,2,5,3,0,1,1,0,0,0,0,0,651918123.0,5379427.6515,11.058569636,48.549534938,1,#66c2a5,bicycle
9,1,73,126,2018,9,12,5,3,1,5,0,0,1,0,0,0,0,0,684330.5334,5305501.9901,11.465259179,47.876373958,2,#fc8d62,car
9,1,63,0,2018,9,7,5,3,5,3,0,1,1,0,0,0,0,0,731168.8227,5303800.8102,12.089924015,47.845942359,1,#66c2a5,bicycle
9,1,87,177,2018,9,11,5,3,5,3,0,1,1,0,0,0,0,0,735684.7991,5305274.7575,12.150996345,47.857544518,1,#66c2a5,bicycle
9,2,61,0,2018,9,20,1,3,0,7,2,1,0,0,0,0,0,1,732669.5463,5381587.6679,12.152573636,48.544193969,1,#66c2a5,bicycle
9,1,79,142,2018,9,17,1,3,5,3,0,1,0,0,0,0,0,0,675135.7986,5342496.7345,11.357532628,48.21151331,1,#66c2a5,bicycle
9,1,79,136,2018,9,16,1,2,6,4,0,1,0,1,0,0,0,0,661213343.0,5342343.5979,11.170207482,48.213825928,1,#66c2a5,bicycle
9,1,78,120,2018,9,17,1,3,8,1,0,0,1,0,0,0,0,0,695177.1702,5353537.9494,11.632125517,48.304898144,2,#fc8d62,car
9,1,62,0,2018,9,21,7,3,3,6,2,0,1,0,0,0,1,1,689230.5677,5333432.4454,11.543043977,48.125997678,2,#fc8d62,car
9,1,62,0,2018,9,19,7,3,0,6,2,1,0,0,1,0,0,1,684481.54,5334678806.0,11.479824893,48.13859461,1,#66c2a5,bicycle
9,1,62,0,2018,9,19,7,3,2,6,1,0,0,0,1,0,1,1,691784953.0,5334358515.0,11.577753021,48.133556675,4,#e78ac3,marker
9,1,62,0,2018,9,22,7,3,5,3,2,1,1,0,0,0,0,1,689152.8604,5336144.3895,11.543205114,48.150395998,1,#66c2a5,bicycle
9,1,62,0,2018,9,15,7,3,5,2,0,1,1,0,0,0,0,0,688109.5813,5339779.8291,11.530800311,48.183381244,1,#66c2a5,bicycle
9,1,62,0,2018,9,18,7,3,5,3,0,1,1,0,0,0,0,0,694396.5967,5334784.3458,11.613012445,48.136591547,1,#66c2a5,bicycle
9,1,62,0,2018,9,23,7,3,6,6,2,1,0,1,0,0,0,0,689246.0828,5333009.1367,11.543064331,48.122188317,1,#66c2a5,bicycle
9,1,62,0,2018,9,13,7,3,1,5,0,0,1,0,1,0,0,0,690950383.0,5333175.5394,11.566017322,48.12317509,2,#fc8d62,car
9,1,62,0,2018,9,20,7,3,5,2,2,1,1,0,0,0,0,1,689064.3466,5333340.1783,11.540771505,48.125217756,1,#66c2a5,bicycle
9,1,62,0,2018,9,14,7,3,3,6,0,1,1,0,0,0,0,0,684450.7375,5333257.9316,11.478796115,48.125831942,1,#66c2a5,bicycle
9,1,62,0,2018,9,11,7,3,6,4,0,0,1,1,0,0,0,0,691212.6477,5340242.8003,11.57271359,48.186616031,2,#fc8d62,car
9,1,62,0,2018,9,23,7,3,1,3,2,1,1,0,0,0,0,1,682977841.0,5335789.4772,11.460108677,48.149012233,1,#66c2a5,bicycle
9,1,62,0,2018,9,13,7,3,1,1,0,0,1,0,0,0,0,0,699928.2177,5335009.3609,11.687388552,48.136900053,2,#fc8d62,car
9,1,62,0,2018,9,18,7,2,0,4,1,1,0,1,0,0,0,0,691396.08,5332936.3294,11.571893011,48.120891262,1,#66c2a5,bicycle
9,1,62,0,2018,9,14,7,3,2,6,0,1,1,0,0,0,0,0,689574.7494,5332593.3718,11.547291516,48.118353607,1,#66c2a5,bicycle
9,1,62,0,2018,9,10,7,2,0,7,0,1,0,0,0,0,0,1,689942.3552,5331427451.0,11.551706682,48.107764679,1,#66c2a5,bicycle
9,1,62,0,2018,9,22,7,3,6,4,2,0,1,1,0,0,0,1,690330.4601,5334950.9937,11.55848842,48.139318503,2,#fc8d62,car
9,2,74,126,2018,9,16,3,3,3,6,0,0,1,0,1,0,0,0,734176326.0,5383959.0315,12.174290917,48.564934225,2,#fc8d62,car
9,1,62,0,2018,9,23,7,3,6,4,2,1,0,1,0,0,0,1,690239.4417,5333658472.0,11.556689028,48.127728527,1,#66c2a5,bicycle
9,1,62,0,2018,9,8,7,3,5,3,0,0,1,0,0,0,0,0,690804415.0,5336242843.0,11.565431801,48.150787615,2,#fc8d62,car
9,2,61,0,2018,9,19,3,3,5,7,2,1,1,0,0,0,0,0,734604.7649,5381884.3055,12.178920193,48.546137952,1,#66c2a5,bicycle
9,7,78,116,2018,9,7,7,3,1,7,0,0,0,0,0,0,1,0,619123.24,5318253.0928,10.597143548,48.006466669,6,#ffd92f,circle
9,2,61,0,2018,9,15,3,2,6,6,0,1,0,1,0,0,0,0,731688.1357,5380462.5807,12.138671295,48.534450653,1,#66c2a5,bicycle
9,7,72,147,2018,9,10,7,3,6,4,0,0,1,1,0,0,0,0,638047.0279,5365137.0897,10.865996868,48.424246139,2,#fc8d62,car
9,1,83,139,2018,9,21,3,2,9,1,2,0,1,0,0,0,0,1,734476.8113,5333253.7626,12.150142676,48.109340393,2,#fc8d62,car
9,1,63,0,2018,9,14,3,3,0,1,0,1,0,0,0,0,0,0,730379.1576,5300797.0751,12.077787012,47.819238895,1,#66c2a5,bicycle
9,1,79,142,2018,9,8,3,3,3,6,0,1,1,0,0,0,0,0,672593.24,5342911169.0,11.323504883,48.215935359,1,#66c2a5,bicycle
9,1,79,123,2018,9,12,3,3,5,2,0,1,0,0,0,0,1,0,676029.2918,5333257.4196,11.365724243,48.128211809,1,#66c2a5,bicycle
9,1,88,121,2018,9,10,3,3,5,3,0,0,1,0,0,0,0,0,670106.4704,5329338.3949,11.284629016,48.094590801,2,#fc8d62,car
9,1,88,120,2018,9,15,3,3,5,3,0,1,1,0,0,0,0,0,678060.8985,5326128.1065,11.390029574,48.063559997,1,#66c2a5,bicycle
9,1,79,121,2018,9,12,3,3,5,6,0,1,1,0,0,0,0,0,666372.0098,5337308.8794,11.237625446,48.167232335,1,#66c2a5,bicycle
9,1,74,115,2018,9,11,3,3,5,3,0,0,1,0,0,0,0,0,680864.1233,5346921.5243,11.43645984,48.249679896,2,#fc8d62,car
9,1,74,126,2018,9,13,3,3,5,3,0,1,1,0,0,0,0,0,682409.2508,5345625.8713,11.456696706,48.237591123,1,#66c2a5,bicycle
9,1,78,124,2018,9,15,3,2,5,3,0,0,1,0,1,0,0,0,704988.6492,5364564.55,11.769653897,48.400881905,2,#fc8d62,car
9,2,61,0,2018,9,16,7,3,1,6,0,0,1,0,0,0,0,0,733050.9171,5382805.5759,12.158414319,48.554992473,2,#fc8d62,car
9,1,62,0,2018,9,13,2,3,5,2,0,1,1,0,0,0,0,0,688122.6557,5336308.8147,11.529440482,48.152179408,1,#66c2a5,bicycle
9,1,62,0,2018,9,17,2,3,6,4,0,0,1,1,0,0,0,0,695033.6442,5336708.6442,11.622447595,48.153691314,2,#fc8d62,car
9,1,62,0,2018,9,15,2,3,1,1,0,0,1,0,0,0,0,0,692246256.0,5338555.8707,11.585842749,48.171142414,2,#fc8d62,car
9,1,87,117,2018,9,11,7,3,0,1,0,1,0,0,0,0,0,0,724881.9075,5305419.4594,12.00685252,47.862715749,1,#66c2a5,bicycle
9,1,62,0,2018,9,13,2,3,2,2,0,1,0,0,0,0,0,0,690697.9495,5337761.0123,11.564682262,48.164464724,1,#66c2a5,bicycle
9,1,62,0,2018,9,17,2,3,0,7,0,1,0,0,0,0,0,0,686746.4427,5338540.4616,11.511934609,48.17264364,1,#66c2a5,bicycle
9,1,86,143,2018,9,19,7,3,2,6,1,0,1,0,0,0,0,1,683323.74,5377522559.0,11.482913276,48.524020539,2,#fc8d62,car
9,1,62,0,2018,9,15,2,2,0,6,0,1,0,0,0,0,1,0,679626.9015,5335400.7847,11.414933703,48.146473426,1,#66c2a5,bicycle
9,1,79,123,2018,9,18,7,3,2,6,0,0,1,0,0,0,0,0,676011114.0,5333400899.0,11.365539425,48.129506616,2,#fc8d62,car
9,1,79,138,2018,9,15,7,3,5,3,0,1,1,0,0,0,0,0,655116.3344,5335572.8946,11.085716698,48.154470686,1,#66c2a5,bicycle
9,1,62,0,2018,9,15,2,3,5,3,0,0,1,0,0,0,0,0,691863.9891,5337172406.0,11.580082311,48.158823625,2,#fc8d62,car
9,1,78,120,2018,9,14,7,3,3,6,0,0,1,0,0,0,0,0,695178.9506,5353544.8945,11.632152712,48.304960012,2,#fc8d62,car
9,1,62,0,2018,9,0,2,3,2,6,2,0,1,0,0,0,0,1,690871.5101,5334247.7565,11.565438745,48.132835783,2,#fc8d62,car
9,1,62,0,2018,9,9,2,3,5,3,0,0,1,0,0,0,0,0,684220.2987,5339576.8088,11.478437755,48.182696064,2,#fc8d62,car
9,1,78,123,2018,9,16,7,2,7,1,0,1,0,0,0,0,0,0,689299.9664,5358501.3338,11.555178613,48.351293563,1,#66c2a5,bicycle
9,1,62,0,2018,9,12,2,3,0,7,0,0,0,0,0,0,1,0,698597.9743,5331487.5526,11.667887346,48.105665291,6,#ffd92f,circle
9,1,78,124,2018,9,21,7,3,7,1,2,1,0,0,0,0,0,0,703386.4816,5364576592.0,11.748038438,48.401508933,1,#66c2a5,bicycle
9,1,62,0,2018,9,6,2,3,1,5,1,1,1,0,0,0,0,0,684585.3739,5329033.3238,11.478775976,48.087819679,1,#66c2a5,bicycle
9,1,62,0,2018,9,11,6,3,2,6,0,0,1,0,0,0,0,0,692990.9109,5340991.4528,11.596954417,48.192806919,2,#fc8d62,car
9,1,62,0,2018,9,19,6,3,5,3,1,1,1,0,0,0,0,1,687457.3809,5328927.2933,11.517259003,48.086028542,1,#66c2a5,bicycle
9,1,62,0,2018,9,22,6,3,2,6,2,1,1,0,0,0,0,1,691421.6282,5336274.7707,11.573736134,48.150889128,1,#66c2a5,bicycle
9,1,62,0,2018,9,15,2,3,5,3,0,1,1,0,0,0,0,0,698749.2342,5328691.6988,11.668615645,48.080491038,1,#66c2a5,bicycle
9,1,62,0,2018,9,10,6,3,3,2,0,0,1,0,0,0,1,0,691918.3317,5332204698.0,11.578574138,48.114158248,2,#fc8d62,car
9,1,84,149,2018,9,9,6,3,4,2,0,1,1,0,0,0,0,0,690762.2039,5349736.2619,11.570932383,48.272076538,1,#66c2a5,bicycle
9,1,62,0,2018,9,10,2,3,6,7,0,0,1,1,0,0,0,0,694339.5268,5334226.2087,11.611991555,48.131592656,2,#fc8d62,car
9,1,62,0,2018,9,16,6,3,1,6,0,0,1,0,0,0,0,0,690654.1834,5333371.4812,11.562128722,48.125024979,2,#fc8d62,car
9,1,62,0,2018,9,8,2,3,3,6,0,0,1,0,0,0,0,0,692791.6726,5335282.2432,11.591687968,48.141554764,2,#fc8d62,car
9,1,62,0,2018,9,8,2,3,1,5,0,1,1,0,0,0,0,0,691912.2272,5334677.3623,11.579605535,48.13638406,1,#66c2a5,bicycle
9,1,62,0,2018,9,6,6,3,4,2,0,1,1,0,0,0,0,0,691204.0482,5340364.6763,11.572652865,48.187714019,1,#66c2a5,bicycle
9,1,62,0,2018,9,5,2,3,7,1,2,0,0,0,1,0,0,1,692425936.0,5335100073.0,11.586694281,48.140028171,4,#e78ac3,marker
9,1,62,0,2018,9,19,6,2,5,3,1,0,1,0,1,0,0,0,682991.8072,5335679.3125,11.460248913,48.148017984,2,#fc8d62,car
9,1,62,0,2018,9,7,6,3,3,2,0,1,1,0,0,0,0,0,684301.5008,5342594.8421,11.480839241,48.209799924,1,#66c2a5,bicycle
9,1,62,0,2018,9,15,6,3,5,3,0,1,1,0,0,0,0,0,687011.6231,5343618.9429,11.517734784,48.218212028,1,#66c2a5,bicycle
9,7,61,0,2018,9,13,2,3,5,3,0,1,1,0,0,0,0,0,639357.5022,5358672.5466,10.881555534,48.365830336,1,#66c2a5,bicycle
9,1,62,0,2018,9,17,6,3,5,3,0,1,1,0,0,0,0,0,687354.2142,5335542.7601,11.518781464,48.145520744,1,#66c2a5,bicycle
9,7,61,0,2018,9,8,2,3,6,7,0,0,1,1,0,0,0,0,639287215.0,5360248.6274,10.8811292,48.38001757,2,#fc8d62,car
9,7,61,0,2018,9,19,2,3,5,3,0,1,1,0,0,0,0,0,641068.4429,5361167.2875,10.905480056,48.387882039,1,#66c2a5,bicycle
9,1,62,0,2018,9,1,6,3,0,7,2,1,0,0,0,0,0,0,687771.1946,5337035.3968,11.525040227,48.158813928,1,#66c2a5,bicycle
9,7,61,0,2018,9,7,2,3,0,7,0,1,0,0,0,0,0,0,640542.7327,5358042.6275,10.897338564,48.359903526,1,#66c2a5,bicycle
9,1,62,0,2018,9,8,6,3,5,2,0,1,1,0,0,0,0,0,687441.6118,5336062.7947,11.520184233,48.150169196,1,#66c2a5,bicycle
9,1,62,0,2018,9,9,6,3,5,2,0,1,1,0,0,0,0,0,684790.2657,5332528.3378,11.483038254,48.119175497,1,#66c2a5,bicycle
9,7,61,0,2018,9,8,2,3,3,7,0,1,1,0,0,0,0,0,644243.1849,5357779.2375,10.947175074,48.356700704,1,#66c2a5,bicycle
9,1,62,0,2018,9,18,6,3,5,2,1,0,1,0,0,0,0,1,686657.4654,5331841.4089,11.507802458,48.112456516,2,#fc8d62,car
9,7,61,0,2018,9,22,2,3,0,7,2,1,0,0,0,0,1,1,640596.9249,5358861.7285,10.89834351,48.367256548,1,#66c2a5,bicycle
9,1,62,0,2018,9,22,6,3,4,2,2,0,1,0,1,0,0,1,692296082.0,5338136.2462,11.586322464,48.167355865,2,#fc8d62,car
9,7,61,0,2018,9,20,2,3,5,3,2,1,1,0,0,0,0,0,640579531.0,5359086069.0,10.898183781,48.369277617,1,#66c2a5,bicycle
9,1,62,0,2018,9,6,6,3,5,3,0,0,1,0,0,0,0,0,693073.62,5338814497.0,11.597076972,48.173216081,2,#fc8d62,car
9,1,62,0,2018,9,21,6,3,0,6,2,1,1,0,0,0,0,1,691803.4121,5334519.7595,11.578073462,48.135000355,1,#66c2a5,bicycle
9,7,73,182,2018,9,15,6,2,8,1,0,0,0,0,1,0,0,0,622702.1808,5377385.2589,10.662271063,48.537565683,4,#e78ac3,marker
9,7,72,147,2018,9,21,6,3,4,2,2,0,1,0,0,0,0,1,639012.0318,5365224.8705,10.879062763,48.424823221,2,#fc8d62,car
9,7,71,146,2018,9,7,6,3,0,1,0,1,0,0,0,0,0,0,647199.1703,5348438.9241,10.983794486,48.272037109,1,#66c2a5,bicycle
9,7,61,0,2018,9,17,6,3,2,6,0,0,1,0,0,0,0,1,636975.0785,5360834.7883,10.850111018,48.38579449,2,#fc8d62,car
9,7,61,0,2018,9,9,6,3,0,7,0,0,1,0,0,0,1,0,641784.9303,5360220.4789,10.914832922,48.379208106,2,#fc8d62,car
9,7,61,0,2018,9,21,6,3,3,2,2,1,1,0,0,0,0,1,640312.1322,5359151166.0,10.894596987,48.369922452,1,#66c2a5,bicycle
9,7,61,0,2018,9,8,6,3,0,4,0,0,1,1,0,0,0,0,639883.0777,5359290.6596,10.888853262,48.371271979,2,#fc8d62,car
9,7,61,0,2018,9,12,6,2,5,3,0,1,1,0,0,0,0,0,639854.4842,5359900.3677,10.8886702,48.376760632,1,#66c2a5,bicycle
9,1,63,0,2018,9,18,2,3,5,3,1,1,1,0,0,0,0,0,731124.3765,5304083.9486,12.089482025,47.848502148,1,#66c2a5,bicycle
9,1,79,118,2018,9,10,2,3,0,1,0,1,0,0,0,0,0,0,672641.3046,5338281.2514,11.322268819,48.174301753,1,#66c2a5,bicycle
9,1,79,126,2018,9,16,2,3,5,3,0,1,0,0,1,0,0,0,676549.5881,5341271808.0,11.376037332,48.20011061,1,#66c2a5,bicycle
9,1,78,124,2018,9,10,2,3,5,3,0,0,1,0,0,0,0,0,702591459.0,5364738705.0,11.737387563,48.403221665,2,#fc8d62,car
9,1,62,0,2018,9,4,1,3,5,3,2,0,1,0,0,0,0,1,692237718.0,5330450715.0,11.582070571,48.098297351,2,#fc8d62,car
9,1,62,0,2018,9,21,1,3,5,3,2,0,1,0,0,0,0,1,694196.1789,5334306.4625,11.610103561,48.132357699,2,#fc8d62,car
9,1,62,0,2018,9,10,1,3,2,6,0,0,1,0,0,0,0,1,693310.6501,5335231.9695,11.5986343,48.140945457,2,#fc8d62,car
9,1,62,0,2018,9,1,1,3,6,4,2,0,1,1,0,0,0,1,688532.4389,5339015738.0,11.536144613,48.176388193,2,#fc8d62,car
9,1,62,0,2018,9,19,1,3,2,6,1,0,1,0,0,0,0,1,693617.7075,5340317.1501,11.605072399,48.186555805,2,#fc8d62,car
9,1,62,0,2018,9,22,1,3,6,6,1,0,1,1,0,0,0,0,689166406.0,5334389337.0,11.542607398,48.134617398,2,#fc8d62,car
9,1,62,0,2018,9,10,1,3,5,3,0,0,1,0,0,0,0,1,689175.8395,5332582.9634,11.541932273,48.118378689,2,#fc8d62,car
9,7,61,0,2018,9,16,1,3,1,6,0,0,1,0,1,0,0,0,640833.3641,5359093.4166,10.901611678,48.369287095,2,#fc8d62,car
9,2,74,126,2018,9,7,5,3,5,3,0,1,1,0,0,0,0,0,733481.1005,5384113.1696,12.164968528,48.566578043,1,#66c2a5,bicycle
9,2,61,0,2018,9,19,5,3,3,6,2,1,1,0,0,0,0,0,732283.9488,5382374.5072,12.147795935,48.551404801,1,#66c2a5,bicycle
9,1,90,138,2018,9,18,5,2,0,7,0,0,1,1,0,0,0,0,662157.4876,5308292.4698,11.169997417,47.907445546,2,#fc8d62,car
9,7,72,162,2018,9,17,6,3,0,3,0,1,0,0,0,0,1,0,636309824.0,5335664.6003,10.833014533,48.159605049,1,#66c2a5,bicycle
9,1,90,157,2018,9,12,5,3,4,6,0,1,0,0,0,0,0,0,660251.7199,5300246.6657,11.141529071,47.835583979,1,#66c2a5,bicycle
9,7,72,147,2018,9,6,6,3,5,3,1,1,1,0,0,0,0,0,638506118.0,5364999246.0,10.872153463,48.422905913,1,#66c2a5,bicycle
9,7,72,147,2018,9,8,6,3,5,3,0,0,1,0,0,0,0,0,638526.3511,5367727.2466,10.873328665,48.447430802,2,#fc8d62,car
9,7,72,184,2018,9,15,6,3,6,4,0,0,1,1,0,0,0,0,634954.0055,5361857024.0,10.823155467,48.395422096,2,#fc8d62,car
9,7,71,130,2018,9,12,6,2,2,6,0,0,0,0,1,0,0,0,646872512.0,5363636242.0,10.984694139,48.40875602,4,#e78ac3,marker
9,7,72,163,2018,9,14,6,2,0,1,0,1,0,0,0,0,0,0,640001.8784,5349157.2597,10.887090993,48.280128327,1,#66c2a5,bicycle
9,7,61,0,2018,9,15,6,3,5,3,0,1,1,0,0,0,0,0,636791.9761,5360769.5125,10.847617955,48.385247272,1,#66c2a5,bicycle
9,7,61,0,2018,9,16,6,3,4,6,0,1,1,0,0,0,0,0,638844.0296,5360288.5738,10.875160341,48.380474447,1,#66c2a5,bicycle
9,7,61,0,2018,9,14,6,3,5,3,0,0,1,0,0,0,0,0,639446.6724,5362261.9966,10.883949872,48.398085974,2,#fc8d62,car
9,7,61,0,2018,9,11,6,3,3,1,0,1,0,0,0,0,0,0,642599.2601,5358088.5596,10.925101244,48.359855387,1,#66c2a5,bicycle
9,7,61,0,2018,9,8,6,3,9,1,0,0,1,0,0,0,0,0,640261.7293,5355370.5042,10.892656949,48.335939024,2,#fc8d62,car
9,1,82,120,2018,9,14,5,3,5,3,0,1,0,0,0,1,0,0,700983.4536,5307149.5838,11.688500975,47.886186143,1,#66c2a5,bicycle
9,7,61,0,2018,9,12,6,3,5,3,0,1,0,0,0,1,0,0,640648741.0,5357559563.0,10.898607408,48.355536359,1,#66c2a5,bicycle
9,7,61,0,2018,9,12,6,3,5,3,0,0,1,0,1,0,0,0,640092.2111,5359575.4424,10.891770495,48.373786269,2,#fc8d62,car
9,1,85,158,2018,9,16,5,3,5,1,0,1,1,0,0,0,0,0,666645.7439,5380999799.0,11.258611469,48.559927614,1,#66c2a5,bicycle
9,1,81,130,2018,9,13,5,2,6,4,0,0,1,1,0,0,0,0,639533.09,5324333825.0,10.872628946,48.057017264,2,#fc8d62,car
9,1,88,127,2018,9,22,5,3,9,7,2,0,1,0,0,0,0,0,676738745.0,5330887.2294,11.374267939,48.106708951,2,#fc8d62,car
9,1,74,131,2018,9,16,5,2,2,6,0,1,1,0,1,0,0,0,673603.3288,5359829.7565,11.344045475,48.367744618,1,#66c2a5,bicycle
9,1,74,113,2018,9,14,5,2,5,3,0,1,1,0,0,0,0,0,673598546.0,5346819608.0,11.338628321,48.25079536,1,#66c2a5,bicycle
9,1,74,115,2018,9,17,5,3,4,2,0,0,1,0,0,0,0,0,680863741.0,5346925267.0,11.436456294,48.249713647,2,#fc8d62,car
9,1,78,143,2018,9,19,5,3,5,3,0,0,1,0,0,0,0,0,717171.5284,5372462.3545,11.938133412,48.467763346,2,#fc8d62,car
9,1,77,117,2018,9,7,5,3,5,3,0,0,1,0,0,0,0,0,715358.5559,5352437.8739,11.903381052,48.288466865,2,#fc8d62,car
9,1,62,0,2018,9,17,4,3,5,3,0,0,1,0,0,0,1,0,689824264.0,5334644.9918,11.551554588,48.136719356,2,#fc8d62,car
9,1,62,0,2018,9,13,4,3,5,3,0,1,1,0,0,0,0,0,689305.6901,5333470.4371,11.54406938,48.126316817,1,#66c2a5,bicycle
9,1,62,0,2018,9,12,4,3,5,3,0,0,1,0,0,0,0,0,688561.1248,5328548.8021,11.531898527,48.082301052,2,#fc8d62,car
9,1,62,0,2018,9,15,4,3,3,6,0,1,0,0,0,0,1,0,690732.5607,5334751.4844,11.563798647,48.137404923,1,#66c2a5,bicycle
9,1,62,0,2018,9,17,4,3,3,6,0,0,1,0,0,0,0,0,686226.6755,5333872.2175,11.502907523,48.130836351,2,#fc8d62,car
9,1,62,0,2018,9,9,4,3,5,7,0,0,1,0,1,0,0,0,689233.3012,5332887.9505,11.542838956,48.121102879,2,#fc8d62,car
9,1,62,0,2018,9,18,4,2,3,6,1,0,1,0,1,0,0,0,689056.4623,5337516.3671,11.542519934,48.162756094,2,#fc8d62,car