ULAND,UREGBEZ,UKREIS,UGEMEINDE,UJAHR,UMONAT,USTUNDE,UWOCHENTAG,UKATEGORIE,UART,UTYP1,ULICHTVERH,IstRad,IstPKW,IstFuss,IstKrad,IstGkfz,IstSonstig,STRZUSTAND,LINREFX,LINREFY,XGCSWGS84,YGCSWGS84,Teilnehmer,color,symbol
9,1,62,0,2018,9,16,4,3,5,3,0,1,1,0,0,0,0,0,691155.3999,5342292.8492,11.572867092,48.205058692,1,#66c2a5,bicycle
9,1,84,135,2018,9,13,4,3,0,7,0,1,0,1,0,0,0,0,690281.6758,5347715.1176,11.563553866,48.254055535,1,#66c2a5,bicycle
9,1,62,0,2018,9,13,4,3,5,3,0,1,1,0,0,0,0,0,683424.7395,5339297.1089,11.467624154,48.180412147,1,#66c2a5,bicycle
9,1,62,0,2018,9,9,4,3,5,2,0,0,1,0,1,0,0,0,692108.3415,5340888.9317,11.585044445,48.192153053,2,#fc8d62,car
9,1,62,0,2018,9,13,4,3,5,3,0,0,1,0,0,0,0,0,693732.8566,5332128.5917,11.602893176,48.112924855,2,#fc8d62,car
9,1,62,0,2018,9,9,4,3,5,2,0,1,1,0,0,0,0,0,686367.5549,5329639.9296,11.502949858,48.092753577,1,#66c2a5,bicycle
9,1,62,0,2018,9,16,4,3,1,5,0,1,1,0,0,0,0,0,692610.6862,5337438.8047,11.590233473,48.160992209,1,#66c2a5,bicycle
9,1,62,0,2018,9,8,4,3,5,3,0,1,0,0,1,0,0,0,689950.5962,5333537.5288,11.552757235,48.12672774,1,#66c2a5,bicycle
9,1,62,0,2018,9,8,4,3,5,3,0,0,1,0,1,0,0,0,687322.3441,5329866.2612,11.515859366,48.09450802,2,#fc8d62,car
9,1,62,0,2018,9,14,4,3,5,3,0,1,1,0,0,0,0,0,698905.9918,5334391.5713,11.673375149,48.131668196,1,#66c2a5,bicycle
9,1,62,0,2018,9,16,4,3,5,2,0,1,1,0,0,0,0,0,696462.0982,5332680.6629,11.639776083,48.117050563,1,#66c2a5,bicycle
9,1,62,0,2018,9,15,4,2,0,1,0,1,0,0,0,0,0,0,696387876.0,5329706.5771,11.637411189,48.090343931,1,#66c2a5,bicycle
9,1,62,0,2018,9,8,4,3,3,5,0,0,1,0,0,0,1,0,692205.9111,5332653.0998,11.58263603,48.118101693,2,#fc8d62,car
9,2,61,0,2018,9,17,6,3,0,7,0,1,1,0,0,0,0,0,733212.0697,5382208.8794,12.16026073,48.549572679,1,#66c2a5,bicycle
9,1,62,0,2018,9,11,4,3,5,3,0,0,1,0,0,0,0,0,688628054.0,5331668133.0,11.534174604,48.110318518,2,#fc8d62,car
9,1,73,147,2018,9,13,6,3,4,2,0,0,1,0,0,0,0,0,681544.6601,5308732.6553,11.429394151,47.906208906,2,#fc8d62,car
9,1,62,0,2018,9,7,4,3,6,4,0,0,1,1,0,0,0,0,689688068.0,5331905704.0,11.54850673,48.112139038,2,#fc8d62,car
9,1,62,0,2018,9,19,4,2,9,1,1,0,0,0,1,0,0,0,688759.8086,5334461622.0,11.537179869,48.135387831,4,#e78ac3,marker
9,1,63,0,2018,9,7,6,3,5,7,0,1,1,0,0,0,0,1,733862.2512,5305486.1528,12.12678169,47.860109466,1,#66c2a5,bicycle
9,1,87,117,2018,9,18,6,2,0,1,0,0,0,0,1,0,0,0,723589.1858,5307175.5833,11.990500664,47.878945871,4,#e78ac3,marker
9,1,86,162,2018,9,7,6,3,1,3,0,0,1,0,1,0,0,0,694402.9661,5385459.8457,11.636515028,48.592018595,2,#fc8d62,car
9,7,61,0,2018,9,11,4,3,2,6,0,0,1,0,0,0,0,0,641040.9844,5357896.4581,10.904012152,48.358478112,2,#fc8d62,car
9,1,88,124,2018,9,9,6,3,0,7,0,0,0,0,1,0,0,0,661879.2054,5318059.1794,11.169950927,47.995326509,4,#e78ac3,marker
9,1,79,126,2018,9,18,6,3,0,7,0,1,0,0,0,0,0,0,675926.2637,5339848.1213,11.367066108,48.187485828,1,#66c2a5,bicycle
9,7,61,0,2018,9,6,4,2,5,3,0,0,1,0,1,0,0,0,636800812.0,5360851.0446,10.847763782,48.385978484,2,#fc8d62,car
9,1,88,121,2018,9,13,6,2,5,3,0,0,1,0,0,0,0,0,670107.9559,5329340534.0,11.284649803,48.094609635,2,#fc8d62,car
9,7,61,0,2018,9,16,4,2,1,5,0,1,1,0,0,0,0,0,642690461.0,5360180587.0,10.927041576,48.378645274,1,#66c2a5,bicycle
9,7,61,0,2018,9,17,4,2,1,1,0,1,1,0,0,0,0,0,641307.7234,5357591.3248,10.907508515,48.355674824,1,#66c2a5,bicycle
9,1,79,130,2018,9,16,6,3,0,1,0,1,0,0,0,0,0,0,658638.0814,5337450.2061,11.133737133,48.17048023,1,#66c2a5,bicycle
9,7,61,0,2018,9,17,4,3,2,6,1,0,1,0,0,0,0,0,640812.3135,5359548.1813,10.901479894,48.373380874,2,#fc8d62,car
9,7,71,113,2018,9,12,4,2,5,3,0,1,1,0,0,0,0,0,656412.8924,5367451.0013,11.114948235,48.440756952,1,#66c2a5,bicycle
9,1,78,144,2018,9,16,6,3,5,3,0,0,1,0,0,0,0,0,708612512.0,5379491665.0,11.825998747,48.533821445,2,#fc8d62,car
9,1,77,117,2018,9,11,6,3,5,3,0,0,1,0,0,0,0,0,716423065.0,5354283619.0,11.918658976,48.304687937,2,#fc8d62,car
9,1,62,0,2018,9,9,5,3,0,7,0,0,0,0,0,0,1,0,690839.0695,5335005.2102,11.565342519,48.139653464,6,#ffd92f,circle
9,1,62,0,2018,9,13,5,3,5,3,0,0,1,0,0,0,1,0,694957639.0,5336701.8887,11.621423635,48.153653902,2,#fc8d62,car
9,1,62,0,2018,9,11,5,3,6,2,0,0,1,1,0,0,0,0,690350.4553,5333516.0294,11.558115814,48.126415066,2,#fc8d62,car
9,1,62,0,2018,9,12,5,3,5,3,0,0,1,0,0,0,0,0,682779.1658,5334802006.0,11.457016157,48.140193295,2,#fc8d62,car
9,1,62,0,2018,9,11,5,3,3,2,0,0,1,0,1,0,0,0,691211.4832,5340261.6851,11.572706439,48.186786115,2,#fc8d62,car
9,1,62,0,2018,9,15,5,3,6,1,0,0,1,1,0,0,0,0,694799.0282,5338337.7654,11.620042341,48.168404974,2,#fc8d62,car
9,1,62,0,2018,9,20,5,3,1,1,2,0,1,0,1,0,0,0,694615095.0,5332365.37,11.614841742,48.114783965,2,#fc8d62,car
9,1,62,0,2018,9,12,5,3,0,7,0,0,0,0,0,0,1,0,693253.4281,5333324601.0,11.597000761,48.123819939,6,#ffd92f,circle
9,1,62,0,2018,9,15,5,3,5,7,0,1,1,0,0,0,0,0,693874.3657,5333958.9302,11.605624733,48.129332302,1,#66c2a5,bicycle
9,1,62,0,2018,9,16,5,3,5,3,0,1,0,0,0,0,0,0,690564.0605,5335327.9992,11.561794005,48.142637099,1,#66c2a5,bicycle
9,1,62,0,2018,9,12,5,2,6,4,0,0,1,1,0,0,0,0,690596.8593,5337238.1266,11.56308983,48.159795384,2,#fc8d62,car
9,1,62,0,2018,9,19,5,3,1,6,2,1,1,0,0,0,0,0,689028.1379,5330591.3936,11.539067162,48.100521989,1,#66c2a5,bicycle
9,1,62,0,2018,9,20,5,3,4,7,2,0,1,0,1,0,0,0,693351.6307,5335227.7467,11.599182689,48.140895052,2,#fc8d62,car
9,1,62,0,2018,9,17,5,3,0,7,0,0,0,1,0,0,1,0,687378.4202,5336084.9863,11.519345232,48.150387279,3,#8da0cb,toilet
9,1,62,0,2018,9,18,5,2,5,3,0,1,0,0,0,0,0,0,687931.2221,5332875.5033,11.525354354,48.121376652,1,#66c2a5,bicycle
9,1,62,0,2018,9,17,5,3,4,2,0,0,1,0,0,0,0,0,689643.1899,5335668.7704,11.549579064,48.145975115,2,#fc8d62,car
9,1,62,0,2018,9,13,5,3,6,4,0,0,1,1,0,0,0,0,689071.6265,5334830.0304,11.541530366,48.138606564,2,#fc8d62,car
9,1,62,0,2018,9,16,5,3,0,2,0,0,1,0,0,0,1,0,694049.8669,5336315.5693,11.609054647,48.150459431,2,#fc8d62,car
9,1,62,0,2018,9,16,5,3,5,3,0,1,1,0,0,0,0,0,684970.58,5335092.3422,11.486571833,48.142169704,1,#66c2a5,bicycle
9,1,62,0,2018,9,6,5,3,6,4,2,0,0,1,1,0,0,0,694155.3539,5330834.5736,11.607974678,48.101165974,3,#8da0cb,toilet
9,1,62,0,2018,9,23,5,3,1,7,2,0,1,0,0,0,0,0,694702.1301,5333010.9807,11.61630467,48.120559861,2,#fc8d62,car
9,1,62,0,2018,9,22,5,3,0,1,2,1,0,0,0,0,0,0,692278.3578,5334885.4424,11.584615653,48.138143726,1,#66c2a5,bicycle
9,7,78,116,2018,9,12,5,3,5,3,0,0,1,0,1,0,0,0,619224.6674,5318617.6396,10.598604228,48.009726371,2,#fc8d62,car
9,7,78,116,2018,9,14,5,3,0,1,0,1,0,0,0,0,0,0,620201.8283,5314637.1935,10.610586378,47.973744636,1,#66c2a5,bicycle
9,2,74,126,2018,9,15,4,3,5,3,0,1,0,0,0,0,1,0,733806539.0,5384831.85,12.169776865,48.572912325,1,#66c2a5,bicycle
9,2,61,0,2018,9,19,4,3,2,6,2,1,0,0,0,0,0,0,734838.2769,5382722.6476,12.182551893,48.553580947,1,#66c2a5,bicycle
9,1,83,144,2018,9,16,4,2,4,6,0,0,0,0,0,0,1,0,741953.5217,5352064.8684,12.261140361,48.275512758,6,#ffd92f,circle
9,7,77,112,2018,9,15,5,3,4,6,0,0,1,0,0,0,0,0,621381.5127,5297076.5838,10.621446968,47.81558648,2,#fc8d62,car
9,7,72,147,2018,9,17,5,2,5,3,0,1,1,0,0,0,0,0,638166.6617,5363996.0523,10.867237164,48.413959994,1,#66c2a5,bicycle
9,7,71,130,2018,9,5,5,3,8,1,2,0,1,0,0,0,0,0,646860623.0,5355989.5121,10.981862453,48.340005493,2,#fc8d62,car
9,1,63,0,2018,9,7,4,3,2,6,0,0,1,0,0,0,0,0,732824444.0,5304689.8024,12.112498599,47.853331792,2,#fc8d62,car
9,1,63,0,2018,9,13,4,3,6,7,0,0,1,1,0,0,0,0,733471.8204,5304714.0131,12.121152816,47.853314491,2,#fc8d62,car
9,7,71,142,2018,9,14,5,3,0,1,0,1,0,0,0,0,0,0,645661.07,5352184.6325,10.964370035,48.306072066,1,#66c2a5,bicycle
9,1,87,169,2018,9,16,4,2,6,4,0,1,0,1,0,0,0,0,741728.4121,5300901.1535,12.229224174,47.816011309,1,#66c2a5,bicycle
9,7,61,0,2018,9,19,5,3,2,6,2,0,1,0,0,1,0,0,638527.3303,5362330.2499,10.871558828,48.398902348,2,#fc8d62,car
9,1,86,143,2018,9,8,4,3,5,6,0,0,1,0,1,0,0,0,685994.6068,5377812.7648,11.51918043,48.525843241,2,#fc8d62,car
9,7,61,0,2018,9,16,5,3,5,3,0,0,1,0,0,0,0,0,643954778.0,5358545.0561,10.943546146,48.363652333,2,#fc8d62,car
9,7,61,0,2018,9,14,5,3,5,3,0,0,1,0,0,0,0,0,640183.4216,5353114.2285,10.890850546,48.315668494,2,#fc8d62,car
9,1,81,130,2018,9,17,4,3,0,1,0,1,0,0,0,0,0,0,639427.4503,5324320.0016,10.871207467,48.056916053,1,#66c2a5,bicycle
9,7,61,0,2018,9,15,5,3,5,3,0,1,1,0,0,0,0,0,639976.6525,5358081.6077,10.889713733,48.360379785,1,#66c2a5,bicycle
9,7,61,0,2018,9,15,5,3,0,1,0,1,0,0,0,0,0,0,641274601.0,5354933451.0,10.906170013,48.33178354,1,#66c2a5,bicycle
9,1,77,133,2018,9,12,4,3,5,3,0,0,1,0,0,0,0,0,707876.7593,5359866.1772,11.806304206,48.35771788,2,#fc8d62,car
9,7,61,0,2018,9,18,5,3,5,7,0,1,1,0,0,0,0,0,637709.6242,5355158.5536,10.8581692,48.334594538,1,#66c2a5,bicycle
9,1,78,140,2018,9,13,4,3,2,6,0,0,1,0,1,0,0,0,707147.6545,5363259.1457,11.798144975,48.38844622,2,#fc8d62,car
9,1,77,117,2018,9,16,4,3,5,3,0,0,1,0,1,0,0,0,714776.8662,5354735.4776,11.896718046,48.309308934,2,#fc8d62,car
9,7,61,0,2018,9,13,5,3,6,4,0,0,1,1,0,0,0,0,640362971.0,5358624869.0,10.895107412,48.365178852,2,#fc8d62,car
9,1,62,0,2018,9,19,3,3,5,3,2,0,1,0,1,0,0,0,691437742.0,5336419.64,11.574017724,48.152186343,2,#fc8d62,car
9,7,71,113,2018,9,8,5,3,5,3,0,0,1,0,1,0,0,0,657314.2546,5369539.0612,11.127911881,48.459304602,2,#fc8d62,car
9,1,62,0,2018,9,18,3,3,4,7,0,1,1,0,0,0,0,0,690581.3189,5330107.0173,11.559692068,48.09570573,1,#66c2a5,bicycle
9,1,62,0,2018,9,20,3,3,1,5,2,1,1,0,0,0,0,0,692644.4049,5331753.9791,11.588115638,48.109888058,1,#66c2a5,bicycle
9,1,62,0,2018,9,20,3,3,1,5,2,1,1,0,0,0,0,0,692417985.0,5338024.3475,11.587909657,48.166313262,1,#66c2a5,bicycle
9,1,62,0,2018,9,11,3,3,2,6,0,0,1,0,0,0,0,0,687612.9676,5327854.2211,11.51887499,48.07633762,2,#fc8d62,car
9,1,62,0,2018,9,11,3,2,6,4,0,0,0,1,0,0,1,0,689167.8457,5336940.3749,11.543760216,48.157545913,3,#8da0cb,toilet
9,1,62,0,2018,9,6,3,3,5,3,0,0,1,0,1,0,0,0,689006.4868,5332115.1828,11.539451689,48.114224494,2,#fc8d62,car
9,1,84,149,2018,9,10,3,3,5,2,0,1,1,0,0,0,0,0,690781.7634,5349729.0477,11.571192459,48.272005808,1,#66c2a5,bicycle
9,1,62,0,2018,9,12,3,3,2,6,0,0,1,0,0,0,0,0,684986.0103,5337514.5234,11.487831914,48.163936894,2,#fc8d62,car
9,1,62,0,2018,9,11,3,3,2,6,0,0,1,0,0,1,0,0,687981.7015,5338547.1328,11.528536346,48.172339454,2,#fc8d62,car
9,1,62,0,2018,9,18,3,3,2,6,0,1,0,0,0,0,0,0,689913.9837,5335959.6006,11.553345632,48.148508318,1,#66c2a5,bicycle
9,1,62,0,2018,9,10,3,3,3,6,0,1,0,0,0,0,0,0,687447.7065,5336051.5436,11.52026114,48.150066273,1,#66c2a5,bicycle
9,1,62,0,2018,9,10,3,3,5,3,0,0,1,0,0,0,0,0,688706.5606,5336538.3482,11.537385295,48.154069508,2,#fc8d62,car
9,1,62,0,2018,9,17,3,3,5,1,0,1,1,0,0,0,0,0,693556.1081,5331642292.0,11.600300354,48.10860786,1,#66c2a5,bicycle
9,1,62,0,2018,9,15,3,3,6,7,0,0,1,1,0,0,0,0,693116.7023,5331908.4484,11.594523995,48.111133379,2,#fc8d62,car
9,1,62,0,2018,9,8,3,3,3,7,0,0,1,0,1,0,0,0,692129.0424,5333432.2515,11.58195539,48.12512779,2,#fc8d62,car
9,1,62,0,2018,9,8,3,3,1,7,0,0,1,0,1,0,0,0,693915.6764,5332999.9488,11.605743058,48.120700707,2,#fc8d62,car
9,1,62,0,2018,9,21,3,3,0,1,2,1,0,1,0,0,0,0,692188.5705,5336986.5629,11.584358555,48.157055291,1,#66c2a5,bicycle
9,1,62,0,2018,9,8,3,3,3,5,0,1,1,0,0,0,0,0,691517.5688,5337030.6732,11.575364927,48.157654183,1,#66c2a5,bicycle
9,7,62,0,2018,9,7,3,3,3,1,0,1,0,0,0,0,0,0,620722.4517,5304093.2201,10.614604561,47.878817083,1,#66c2a5,bicycle
9,7,61,0,2018,9,9,3,2,6,4,0,0,1,1,0,0,0,0,639115.7995,5356845.1402,10.877689837,48.349452004,2,#fc8d62,car
9,7,72,200,2018,9,19,3,2,0,1,0,1,0,0,0,0,0,0,629728.6474,5336872.3951,10.744926867,48.171843426,1,#66c2a5,bicycle
9,7,72,200,2018,9,19,3,3,4,2,0,1,1,0,0,0,0,0,631232.0213,5337651.2855,10.765378735,48.178539032,1,#66c2a5,bicycle
9,7,61,0,2018,9,8,3,2,6,4,0,0,1,1,0,0,0,0,638482.4435,5359765.2329,10.870107222,48.375848146,2,#fc8d62,car
9,7,61,0,2018,9,12,3,3,5,3,0,0,1,0,0,0,0,0,639036.3008,5362851.3087,10.878603955,48.403475527,2,#fc8d62,car
9,7,61,0,2018,9,13,3,3,6,2,0,0,1,1,0,0,0,0,644051.9105,5357506.8431,10.944501324,48.354295152,2,#fc8d62,car
9,7,61,0,2018,9,10,3,3,1,2,0,0,1,0,0,0,0,0,640812.1014,5359543.2037,10.901475365,48.373336164,2,#fc8d62,car
9,1,63,0,2018,10,14,5,3,1,7,0,1,1,0,0,0,0,0,734074.2749,5304894.8176,12.129292112,47.854719733,1,#66c2a5,bicycle
9,1,63,0,2018,10,9,5,3,0,7,0,1,1,0,0,0,0,0,733428259.0,5304374.0419,12.120387947,47.850275989,1,#66c2a5,bicycle
9,1,63,0,2018,10,7,5,3,3,2,0,1,1,0,0,0,0,0,733872.8237,5305606.0135,12.126987648,47.861182446,1,#66c2a5,bicycle
9,1,90,148,2018,10,13,2,3,0,6,0,1,1,0,0,0,0,1,641536.9281,5297365.6389,10.890642116,47.814068235,1,#66c2a5,bicycle
9,1,87,150,2018,10,15,5,2,5,3,0,0,1,0,1,0,0,0,729683.7144,5304570.5327,12.070511401,47.853390178,2,#fc8d62,car
9,1,73,126,2018,10,17,2,3,5,3,0,0,1,0,0,0,0,1,685058.8863,5303781.6313,11.474254282,47.860700183,2,#fc8d62,car
9,1,87,150,2018,10,16,5,3,1,5,0,1,1,0,0,0,0,0,728286.4308,5303066.5197,12.051066034,47.840374921,1,#66c2a5,bicycle
9,1,81,121,2018,10,7,5,2,4,2,0,0,1,0,0,0,0,0,638133.3842,5311727.3693,10.849795683,47.94395851,2,#fc8d62,car
9,1,81,130,2018,10,7,5,3,6,4,0,0,1,1,0,0,0,0,638481.3541,5323594.6651,10.858282405,48.050599602,2,#fc8d62,car
9,1,75,135,2018,10,14,5,3,0,7,0,0,0,0,0,0,1,0,706906.1993,5338300.5925,11.782671985,48.164245816,6,#ffd92f,circle
9,1,77,117,2018,10,15,5,3,6,4,0,0,1,1,0,0,0,0,714524081.0,5353293.4928,11.892580455,48.296438142,2,#fc8d62,car
9,1,63,0,2018,10,17,2,3,3,6,0,1,0,0,0,0,1,0,733137.2763,5304550567.0,12.116599258,47.851967501,1,#66c2a5,bicycle
9,1,62,0,2018,10,23,4,2,8,1,2,0,0,0,1,0,0,0,687302.8319,5332277.9085,11.516656209,48.116190451,4,#e78ac3,marker
9,1,62,0,2018,10,23,4,3,4,2,2,0,1,0,0,0,0,0,691695.6055,5333719.1956,11.576265757,48.127837469,2,#fc8d62,car
9,1,62,0,2018,10,22,4,3,0,1,2,1,0,0,0,0,0,0,691159.2689,5333464.5318,11.568951039,48.125709853,1,#66c2a5,bicycle
9,1,62,0,2018,10,6,4,3,0,1,2,1,0,0,0,0,0,0,692499.5435,5337925.0944,11.588960484,48.165396511,1,#66c2a5,bicycle
9,1,84,112,2018,10,19,4,3,2,7,2,0,1,1,0,0,0,0,702170.5812,5338934.7056,11.719359629,48.171467968,2,#fc8d62,car
9,1,62,0,2018,10,19,4,3,6,4,2,0,1,1,0,0,0,0,690749.4934,5339276.0215,11.566054462,48.178065992,2,#fc8d62,car
9,1,85,166,2018,10,13,2,2,2,6,0,0,1,0,0,0,0,0,672155.4716,5384319538.0,11.334597531,48.588279573,2,#fc8d62,car
9,1,62,0,2018,10,0,4,3,3,2,2,1,1,0,0,0,0,0,687813.4959,5334453.8501,11.524469594,48.135597955,1,#66c2a5,bicycle
9,1,62,0,2018,10,21,4,3,9,1,2,0,0,0,1,0,0,0,695963159.0,5333538947.0,11.633473912,48.124918107,4,#e78ac3,marker
9,1,88,121,2018,10,10,2,3,2,2,0,0,1,0,0,0,1,0,671138.4811,5330787551.0,11.299059115,48.107342086,2,#fc8d62,car
9,1,74,115,2018,10,12,2,3,5,3,0,0,1,0,0,0,0,1,680863741.0,5346925267.0,11.436456294,48.249713647,2,#fc8d62,car
9,7,72,163,2018,10,17,4,3,5,3,0,0,1,0,0,0,0,0,639887.6596,5349364.4986,10.885620905,48.282017039,2,#fc8d62,car
9,1,74,115,2018,10,7,2,3,5,3,0,1,1,0,0,0,0,1,682284.4292,5347979.9986,11.456030788,48.258787148,1,#66c2a5,bicycle
9,1,77,117,2018,10,8,2,3,6,4,1,0,1,1,0,0,0,1,715962.4343,5354210.0459,11.912417665,48.304184272,2,#fc8d62,car
9,1,62,0,2018,9,21,1,2,5,2,2,1,1,0,0,0,0,0,691588.4271,5336213.4438,11.575948854,48.150287712,1,#66c2a5,bicycle
9,1,62,0,2018,9,17,1,3,5,3,0,1,0,0,0,0,0,0,690342578.0,5338825385.0,11.560384316,48.174137726,1,#66c2a5,bicycle
9,1,62,0,2018,9,17,1,2,4,3,0,0,1,0,1,0,0,0,691006.4194,5336729.2285,11.568363284,48.155098569,2,#fc8d62,car
9,1,62,0,2018,9,11,1,3,3,6,0,1,1,0,0,0,0,0,683188.5422,5334373664.0,11.462329719,48.136225349,1,#66c2a5,bicycle
9,1,62,0,2018,9,16,1,2,0,7,0,1,1,0,0,0,0,0,687048.2031,5332479331.0,11.513326711,48.118075745,1,#66c2a5,bicycle
9,1,62,0,2018,9,17,1,3,6,6,1,1,0,1,0,0,0,0,689299.7469,5333474.0301,11.543991187,48.126350879,1,#66c2a5,bicycle
9,2,74,134,2018,10,20,4,3,0,1,2,1,0,0,0,0,0,0,740192.1853,5374019.0141,12.249979225,48.473378889,1,#66c2a5,bicycle
9,1,77,137,2018,10,15,4,2,6,7,0,0,1,1,0,0,0,0,732762.3913,5345519722.0,12.133857523,48.220160137,2,#fc8d62,car
9,1,62,0,2018,10,16,3,3,5,3,0,1,1,0,0,0,0,0,692017.0517,5338527.6144,11.582750286,48.170957736,1,#66c2a5,bicycle
9,7,72,115,2018,9,17,1,2,0,7,0,1,0,0,0,0,0,0,617428.2687,5368876.8549,10.588460585,48.462059423,1,#66c2a5,bicycle
9,1,62,0,2018,10,15,3,3,0,1,0,1,0,0,0,0,0,0,692307.3198,5334783.68,11.584958606,48.137220354,1,#66c2a5,bicycle
9,7,61,0,2018,9,13,1,3,0,1,0,1,0,0,0,0,0,0,637761.1268,5358587483.0,10.859985858,48.36541588,1,#66c2a5,bicycle
9,1,62,0,2018,10,17,3,3,4,6,0,1,1,0,0,0,0,0,682293.7773,5336305.6106,11.451141359,48.153848017,1,#66c2a5,bicycle
9,1,62,0,2018,10,18,3,3,4,2,0,1,1,0,0,0,0,0,690540.4266,5336946.6641,11.562201196,48.157192652,1,#66c2a5,bicycle
9,7,61,0,2018,9,20,1,2,0,1,2,1,0,0,0,0,0,0,638583756.0,5358332224.0,10.871002375,48.36294057,1,#66c2a5,bicycle
9,1,62,0,2018,10,17,3,2,3,6,0,1,0,0,0,1,0,0,687148.1697,5330939.8913,11.513993177,48.104209366,1,#66c2a5,bicycle
9,7,61,0,2018,9,20,1,3,5,3,1,0,1,0,1,0,0,0,638699768.0,5354918509.0,10.871443194,48.332219537,2,#fc8d62,car
9,7,61,0,2018,9,21,1,3,0,1,2,1,0,0,0,0,0,0,641176.9613,5357233.5375,10.905624365,48.352486976,1,#66c2a5,bicycle
9,1,62,0,2018,10,15,3,3,5,3,0,0,1,0,0,0,0,0,698255039.0,5332874.6432,11.66393036,48.118238271,2,#fc8d62,car
9,1,84,120,2018,10,17,3,3,5,3,0,1,1,0,0,0,0,0,681982.3739,5333122.7901,11.445598125,48.125327598,1,#66c2a5,bicycle
9,1,62,0,2018,10,19,3,1,1,7,2,0,1,0,1,0,0,0,689949.5363,5333538488.0,11.552743433,48.126736677,2,#fc8d62,car
9,1,84,120,2018,10,14,3,2,5,3,0,1,0,0,0,0,0,0,680791.5967,5332216.2507,11.429226196,48.117518093,1,#66c2a5,bicycle
9,1,62,0,2018,10,10,3,3,6,4,0,0,1,1,0,0,0,0,690317.5573,5332956.6044,11.557424382,48.121396779,2,#fc8d62,car
9,1,62,0,2018,10,5,3,3,4,2,2,0,1,0,1,0,0,1,691774.0558,5332178.0422,11.576625725,48.113962128,2,#fc8d62,car
9,1,62,0,2018,10,17,3,3,3,6,0,1,0,0,0,0,1,0,687783.5775,5331260.2321,11.522661137,48.106901712,1,#66c2a5,bicycle
9,1,62,0,2018,10,20,3,3,5,3,1,0,1,0,0,0,0,0,686222.6122,5333290.1045,11.502598592,48.12560528,2,#fc8d62,car
9,1,62,0,2018,10,12,3,3,6,4,0,0,1,1,0,0,0,0,686245656.0,5332456.9394,11.502543967,48.118109715,2,#fc8d62,car
9,1,84,130,2018,10,16,3,3,0,1,0,1,0,0,0,0,0,0,700009.8156,5345252.4005,11.693305697,48.22892826,1,#66c2a5,bicycle
9,1,62,0,2018,10,8,3,3,5,2,0,1,1,0,0,0,0,0,699013.7716,5332123077.0,11.673763163,48.111247129,1,#66c2a5,bicycle
9,1,62,0,2018,10,13,3,3,5,2,0,0,1,0,1,0,0,0,690346.6625,5334952.2681,11.558706562,48.139325111,2,#fc8d62,car
9,1,62,0,2018,10,15,3,3,1,7,0,1,1,0,0,0,0,0,691668.7612,5337505.0892,11.577609638,48.161872597,1,#66c2a5,bicycle
9,1,62,0,2018,10,8,3,3,5,2,0,0,1,0,1,0,0,1,691570.5826,5335410.0817,11.575347687,48.143072583,2,#fc8d62,car
9,1,62,0,2018,10,10,3,3,1,7,0,1,1,0,0,0,0,0,691055.4957,5336010.0432,11.56869966,48.148619866,1,#66c2a5,bicycle
9,1,90,148,2018,9,17,1,3,5,3,0,0,1,0,1,0,0,0,641140.6053,5296653.9204,10.885119309,47.80775508,2,#fc8d62,car
9,7,78,203,2018,10,8,3,3,1,6,0,0,1,0,0,1,0,0,621336.7524,5323347.9812,10.628251975,48.051871211,2,#fc8d62,car
9,1,87,179,2018,9,17,1,3,3,6,0,1,0,0,0,0,0,0,723221.2514,5309384226.0,11.986728269,47.898918807,1,#66c2a5,bicycle
9,1,86,143,2018,9,10,1,3,0,6,0,0,0,0,1,0,0,0,686908.3713,5377342.2508,11.531333376,48.521343073,4,#e78ac3,marker
9,7,61,0,2018,10,8,3,2,6,4,0,1,0,1,0,0,0,0,639011.8618,5358518.7468,10.876840598,48.364523616,1,#66c2a5,bicycle
9,1,88,113,2018,9,11,1,2,5,3,0,1,1,0,0,0,0,0,677758156.0,5315187948.0,11.381434321,47.965299302,1,#66c2a5,bicycle
9,7,72,171,2018,10,17,3,2,5,3,0,1,1,0,0,0,0,0,638022791.0,5369604003.0,10.867141555,48.464416637,1,#66c2a5,bicycle
9,1,79,123,2018,9,18,1,3,0,7,0,1,0,0,0,0,1,0,678180.1921,5333017.0427,11.394504483,48.12545259,1,#66c2a5,bicycle
9,7,72,163,2018,10,17,3,3,5,2,0,0,1,0,0,0,0,0,640671.2937,5350165.0006,10.896444486,48.289041354,2,#fc8d62,car
9,1,74,147,2018,9,18,1,3,8,1,1,0,1,0,0,0,0,0,670465.9052,5366594656.0,11.304465338,48.429411298,2,#fc8d62,car
9,7,61,0,2018,10,8,3,3,4,2,0,1,0,0,0,0,1,0,640551.9742,5359224.2177,10.89785808,48.370525941,1,#66c2a5,bicycle
9,1,62,0,2018,9,15,1,3,3,6,0,0,1,0,1,0,0,0,687827.6028,5344330.0198,11.529024222,48.224362233,2,#fc8d62,car
9,1,78,143,2018,9,12,1,3,0,1,0,1,0,0,0,0,0,0,716775987.0,5373329724.0,11.933238926,48.47569277,1,#66c2a5,bicycle
9,1,62,0,2018,9,14,7,3,7,7,0,1,0,0,0,0,0,0,689745.0145,5336442.6411,11.551291555,48.15290032,1,#66c2a5,bicycle