ULAND,UREGBEZ,UKREIS,UGEMEINDE,UJAHR,UMONAT,USTUNDE,UWOCHENTAG,UKATEGORIE,UART,UTYP1,ULICHTVERH,IstRad,IstPKW,IstFuss,IstKrad,IstGkfz,IstSonstig,STRZUSTAND,LINREFX,LINREFY,XGCSWGS84,YGCSWGS84,Teilnehmer,color,symbol
9,1,62,0,2018,9,8,7,2,3,5,0,1,1,0,0,0,0,0,689757.6854,5334733.7442,11.550700119,48.137536923,1,#66c2a5,bicycle
9,1,62,0,2018,9,11,7,3,3,7,0,0,1,0,0,0,0,0,690416.6873,5334741.5788,11.559552694,48.137410489,2,#fc8d62,car
9,1,62,0,2018,9,16,7,3,1,6,0,0,1,0,1,0,0,0,691123487.0,5335161.7639,11.569232057,48.14097519,2,#fc8d62,car
9,1,62,0,2018,9,18,7,3,6,7,0,0,1,1,0,0,0,0,690526.1624,5334733.5706,11.561019135,48.137305744,2,#fc8d62,car
9,1,62,0,2018,9,11,7,2,5,3,0,0,1,0,1,0,0,0,690152.5879,5334280.6087,11.55580061,48.133346255,2,#fc8d62,car
9,1,62,0,2018,9,15,7,3,2,6,0,1,0,0,0,0,0,0,689615.5208,5336929.6225,11.549769182,48.15731594,1,#66c2a5,bicycle
9,1,62,0,2018,9,20,7,3,4,3,2,0,1,0,1,0,0,0,688286941.0,5330491378.0,11.529077198,48.099842481,2,#fc8d62,car
9,1,62,0,2018,9,19,7,3,4,3,2,0,1,0,0,0,0,0,694107.9948,5334751.0378,11.609122155,48.136380281,2,#fc8d62,car
9,1,62,0,2018,9,10,7,3,0,6,0,0,1,0,1,0,0,0,688177.8494,5333826.6821,11.529085052,48.12985321,2,#fc8d62,car
9,7,72,171,2018,9,16,7,3,3,6,0,0,1,0,1,0,0,0,637198.0461,5371502.1377,10.856613496,48.481664547,2,#fc8d62,car
9,7,61,0,2018,9,11,7,3,2,6,0,0,1,0,0,0,0,0,641770.9393,5360165.7092,10.914625607,48.378718785,2,#fc8d62,car
9,7,61,0,2018,9,16,7,2,0,1,0,1,0,0,0,0,0,0,641633.5777,5358465.9608,10.912199084,48.363466201,1,#66c2a5,bicycle
9,7,61,0,2018,9,12,7,3,4,1,0,1,0,0,0,0,0,0,641453.4725,5359363.1501,10.910070639,48.371573756,1,#66c2a5,bicycle
9,7,61,0,2018,9,16,7,3,0,1,0,1,0,0,0,0,0,0,640395.7773,5358059.3627,10.895361367,48.3600867,1,#66c2a5,bicycle
9,2,74,126,2018,10,18,3,3,6,4,0,0,1,1,0,0,0,0,734094.5227,5385118.9688,12.173836482,48.575383881,2,#fc8d62,car
9,1,81,130,2018,10,7,3,2,5,3,0,1,1,0,0,0,0,0,638487.2252,5324118187.0,10.858530601,48.055306028,1,#66c2a5,bicycle
9,1,78,124,2018,10,7,3,3,0,1,0,0,0,0,1,0,0,0,704006.2167,5362076447.0,11.755187854,48.378842037,4,#e78ac3,marker
9,1,62,0,2018,10,11,2,3,2,6,0,0,1,0,0,0,0,0,686715.7058,5334626.3043,11.509804118,48.137471068,2,#fc8d62,car
9,1,62,0,2018,10,5,2,3,2,6,2,0,1,0,0,0,1,0,686232.5147,5332707.5244,11.502477019,48.120365919,2,#fc8d62,car
9,1,88,127,2018,9,7,7,3,9,1,2,0,1,0,0,0,0,0,676749.7599,5330227.0953,11.374142341,48.100771758,2,#fc8d62,car
9,1,62,0,2018,10,9,2,3,5,3,0,0,1,0,0,0,0,1,691614.6222,5337822.1425,11.577025157,48.164738533,2,#fc8d62,car
9,1,74,115,2018,9,11,7,3,5,3,0,1,1,0,0,0,0,0,681091.9883,5347828973.0,11.43991484,48.25777155,1,#66c2a5,bicycle
9,1,62,0,2018,10,15,2,3,4,2,0,0,1,0,0,0,0,0,698574.4056,5335291.48,11.669343004,48.13985939,2,#fc8d62,car
9,1,62,0,2018,10,7,2,3,6,4,1,0,1,1,0,0,0,1,689674.7135,5343600.3628,11.553542915,48.217254618,2,#fc8d62,car
9,1,77,133,2018,9,15,7,3,3,6,0,0,1,0,0,0,0,0,706705.3271,5359129.6464,11.790147935,48.351483968,2,#fc8d62,car
9,1,62,0,2018,10,23,2,2,6,4,2,0,1,1,0,0,0,0,687758.3333,5334524.8102,11.523760157,48.136252039,2,#fc8d62,car
9,1,78,124,2018,9,13,7,3,0,6,0,1,0,0,0,0,0,0,702972356.0,5364322212.0,11.742326725,48.399356456,1,#66c2a5,bicycle
9,1,62,0,2018,10,14,2,3,4,2,0,0,1,0,0,0,0,0,682778.8716,5334802.3912,11.457012371,48.140196842,2,#fc8d62,car
9,1,77,117,2018,9,11,7,3,6,4,0,0,1,1,0,0,0,0,715861202.0,5354396682.0,11.911149747,48.305895758,2,#fc8d62,car
9,1,62,0,2018,10,9,2,3,5,3,0,0,1,0,0,0,0,1,685994.1803,5338506.8094,11.501811201,48.172561752,2,#fc8d62,car
9,1,77,120,2018,9,16,7,3,0,7,0,0,0,0,1,0,0,0,720133.6216,5358546.1501,11.970855015,48.341704929,4,#e78ac3,marker
9,1,62,0,2018,10,15,2,3,2,6,0,0,1,0,0,0,0,0,690321.5763,5335869.7954,11.558779798,48.147579332,2,#fc8d62,car
9,1,84,130,2018,9,14,6,3,0,7,0,1,0,0,0,0,0,0,699290.7371,5345290.5782,11.683651681,48.229497679,1,#66c2a5,bicycle
9,1,84,149,2018,9,7,6,3,5,3,0,1,1,0,0,0,0,0,691547924.0,5349593654.0,11.581445915,48.270557701,1,#66c2a5,bicycle
9,1,62,0,2018,10,19,2,3,6,7,2,0,1,1,0,0,0,0,688569.9376,5333211562.0,11.534077158,48.124208367,2,#fc8d62,car
9,1,62,0,2018,9,16,6,3,6,4,0,0,1,1,0,0,0,0,691228.5717,5340051.6092,11.572841558,48.184892848,2,#fc8d62,car
9,1,62,0,2018,10,7,2,3,5,3,0,0,1,0,0,0,0,1,691887292.0,5338336617.0,11.580920578,48.16928028,2,#fc8d62,car
9,7,62,0,2018,10,7,2,3,6,4,0,0,1,1,0,0,0,1,621512.1999,5304670135.0,10.625325014,47.883856723,2,#fc8d62,car
9,1,62,0,2018,9,20,6,3,3,6,2,0,1,0,0,0,0,0,688739.6693,5335656.0522,11.537438805,48.146129504,2,#fc8d62,car
9,1,62,0,2018,9,14,6,3,5,3,0,0,1,0,0,0,0,0,684373.6251,5329741.2172,11.476240828,48.094243954,2,#fc8d62,car
9,1,84,146,2018,9,13,6,3,5,2,0,1,1,0,0,0,0,0,697900.3252,5328293.21,11.657045486,48.077173707,1,#66c2a5,bicycle
9,1,62,0,2018,9,21,6,3,5,2,2,0,1,0,0,0,0,0,697943.9075,5331225.9519,11.658989346,48.103517759,2,#fc8d62,car
9,7,71,146,2018,10,13,2,3,5,3,0,0,1,0,1,0,0,0,646780.0048,5348430.8561,10.978146119,48.272061855,2,#fc8d62,car
9,1,62,0,2018,9,18,6,3,2,6,0,1,0,0,0,0,0,0,691038.3726,5332252.2542,11.566784827,48.114850244,1,#66c2a5,bicycle
9,1,62,0,2018,9,12,6,3,5,2,0,1,1,0,0,0,0,0,693600.7865,5333681.8348,11.601825949,48.126925119,1,#66c2a5,bicycle
9,1,62,0,2018,9,11,6,3,1,6,0,1,1,0,0,0,0,0,691215.4943,5334397.4969,11.570124506,48.134078385,1,#66c2a5,bicycle
9,7,61,0,2018,10,10,6,3,5,3,0,1,1,0,0,0,0,0,639362.2925,5357291.35,10.881162695,48.353409883,1,#66c2a5,bicycle
9,1,63,0,2018,10,12,2,3,2,6,0,0,1,0,0,0,0,0,733120.8091,5304555.7493,12.116382252,47.852020032,2,#fc8d62,car
9,7,71,113,2018,10,5,6,2,5,3,2,0,0,0,1,0,1,1,657280.4334,5369000.5892,11.127252377,48.454472054,4,#e78ac3,marker
9,1,63,0,2018,10,7,2,3,0,1,0,1,0,0,0,0,0,0,733860.2218,5305489.5968,12.126756461,47.860141146,1,#66c2a5,bicycle
9,1,87,150,2018,10,16,2,3,0,1,0,1,0,0,0,0,0,0,727995.0508,5303338.3047,12.047320554,47.8429202,1,#66c2a5,bicycle
9,1,79,145,2018,10,11,2,3,3,6,0,1,1,0,0,0,0,0,674703.9327,5336996628.0,11.349462203,48.162190154,1,#66c2a5,bicycle
9,1,79,119,2018,10,13,2,3,0,1,0,1,0,0,0,0,0,0,670417.79,5338939676.0,11.292648444,48.180820948,1,#66c2a5,bicycle
9,1,78,143,2018,10,16,2,2,0,1,0,0,0,0,1,0,0,0,716775987.0,5373329724.0,11.933238926,48.47569277,4,#e78ac3,marker
9,1,78,124,2018,10,22,2,3,8,1,2,0,1,0,0,0,0,0,703932.8274,5364168.9704,11.75521351,48.397669523,2,#fc8d62,car
9,1,62,0,2018,10,6,1,2,1,5,2,0,1,0,0,1,0,1,698397.8543,5334676.4923,11.666685937,48.134387435,2,#fc8d62,car
9,1,62,0,2018,10,0,1,3,0,7,2,1,0,0,0,0,0,1,691207287.0,5334049.5871,11.569858172,48.130953866,1,#66c2a5,bicycle
9,1,62,0,2018,10,13,1,3,4,7,0,0,1,0,0,0,0,0,692178.2761,5337126.6287,11.584283537,48.158317282,2,#fc8d62,car
9,1,62,0,2018,10,14,1,3,2,6,0,0,1,0,1,0,0,0,687423.1285,5330992.1605,11.517706009,48.104598349,2,#fc8d62,car
9,1,62,0,2018,10,4,1,2,0,7,2,1,0,0,0,0,0,1,690997142.0,5335223113.0,11.567562913,48.141564529,1,#66c2a5,bicycle
9,1,62,0,2018,10,6,1,3,5,3,2,0,1,0,1,0,0,1,691797605.0,5332394576.0,11.577039176,48.11590122,2,#fc8d62,car
9,1,62,0,2018,10,1,1,3,6,7,2,0,1,1,0,0,0,0,689365.5169,5333686.9536,11.544968772,48.128245096,2,#fc8d62,car
9,1,62,0,2018,10,18,1,3,1,6,2,0,1,0,0,0,0,0,692652.4258,5334787.7023,11.589594365,48.137152122,2,#fc8d62,car
9,1,62,0,2018,10,11,1,3,3,2,0,1,1,0,0,0,0,0,690908.9183,5333955.6867,11.56581015,48.130199455,1,#66c2a5,bicycle
9,7,62,0,2018,10,13,1,3,6,4,0,0,1,1,0,0,0,0,620989.7319,5304402.6196,10.618264511,47.881549441,2,#fc8d62,car
9,7,61,0,2018,10,10,1,3,1,5,0,1,1,0,0,0,0,0,643949.3404,5357973.8277,10.943277334,48.358517408,1,#66c2a5,bicycle
9,7,61,0,2018,10,19,1,2,2,7,1,0,1,0,1,0,0,0,641084.6118,5360144.8088,10.905355038,48.3786847,2,#fc8d62,car
9,7,61,0,2018,10,19,1,3,0,1,0,1,0,0,0,0,0,0,641128.1268,5359196.4623,10.905624025,48.370147801,1,#66c2a5,bicycle
9,1,90,159,2018,10,12,1,2,0,1,0,0,0,0,1,0,0,0,666587.3725,5303359.5835,11.2273295,47.86196098,4,#e78ac3,marker
9,1,85,158,2018,10,20,1,3,2,6,2,0,0,0,1,0,0,0,667140.3319,5381248.5593,11.265409257,48.562032138,4,#e78ac3,marker
9,1,86,143,2018,10,15,1,3,1,6,0,1,1,0,0,0,0,0,684616.1646,5377890.4134,11.500563263,48.526948016,1,#66c2a5,bicycle
9,1,73,120,2018,10,13,6,3,1,7,0,1,1,0,0,0,0,0,688688.4801,5312440.7979,11.526520526,47.937478359,1,#66c2a5,bicycle
9,1,81,143,2018,10,11,1,2,5,3,0,0,1,0,0,1,0,0,636725.8169,5315705.5231,10.832221459,47.980034612,2,#fc8d62,car
9,1,81,121,2018,10,15,1,2,5,3,0,0,1,0,1,0,0,0,636747.8802,5312356.3632,10.831451624,47.949912116,2,#fc8d62,car
9,1,79,137,2018,10,16,1,3,1,1,0,0,1,0,1,0,0,0,655539.9354,5346092.5135,11.095263803,48.248947618,2,#fc8d62,car
9,1,78,124,2018,10,15,1,3,5,5,0,1,1,0,0,0,0,0,703860277.0,5363997.2847,11.754151165,48.396150186,1,#66c2a5,bicycle
9,1,62,0,2018,10,0,7,3,3,6,2,0,1,0,0,0,0,0,689649.5396,5332657.7775,11.548324079,48.118910222,2,#fc8d62,car
9,1,62,0,2018,10,17,7,3,5,3,0,0,1,0,0,0,0,0,686356.2706,5334133.4733,11.504761841,48.133146685,2,#fc8d62,car
9,1,84,113,2018,10,11,7,3,0,1,0,1,0,0,0,0,0,0,686919108.0,5323080818.0,11.507483193,48.033635798,1,#66c2a5,bicycle
9,1,63,0,2018,10,8,6,3,3,2,0,1,1,0,0,0,0,0,733361.0015,5304460.9061,12.119537097,47.851080802,1,#66c2a5,bicycle
9,1,62,0,2018,10,23,7,3,0,6,2,1,0,0,0,0,0,1,690825.1105,5329885.4768,11.562864012,48.093641566,1,#66c2a5,bicycle
9,1,62,0,2018,10,17,7,3,5,3,0,0,1,0,0,0,0,0,685651.4607,5339760.2798,11.497753381,48.183928584,2,#fc8d62,car
9,1,84,147,2018,10,12,7,3,0,1,0,1,0,0,0,0,0,0,696695457.0,5342181488.0,11.647300743,48.20236565,1,#66c2a5,bicycle
9,1,84,147,2018,10,12,7,3,1,7,0,1,1,0,0,0,0,0,696385.3167,5340868.8318,11.642524064,48.190664423,1,#66c2a5,bicycle
9,1,62,0,2018,10,15,7,3,5,2,0,1,1,0,0,0,0,0,695290.1912,5334291.8488,11.624785033,48.131891626,1,#66c2a5,bicycle
9,1,62,0,2018,10,4,7,3,6,4,2,0,1,1,0,0,0,0,695840.4947,5330749.7953,11.630546654,48.099888316,2,#fc8d62,car
9,1,62,0,2018,10,15,7,3,6,2,0,0,1,1,0,0,0,0,696482.9532,5337326.0553,11.642198865,48.158794131,2,#fc8d62,car
9,1,62,0,2018,10,10,7,3,5,2,0,0,1,0,1,0,0,0,687559.3267,5331911.5253,11.519937963,48.112821799,2,#fc8d62,car
9,1,62,0,2018,10,15,7,3,3,6,0,1,0,0,0,0,1,0,690882.8366,5334255821.0,11.565594436,48.13290487,1,#66c2a5,bicycle
9,1,88,132,2018,10,13,6,2,5,3,0,1,1,0,0,0,0,0,665153.0128,5322602.7417,11.215552027,48.035337989,1,#66c2a5,bicycle
9,1,88,141,2018,10,18,6,3,5,3,1,0,1,0,1,0,0,0,670130.2177,5308604619.0,11.276726817,47.908186829,2,#fc8d62,car
9,1,79,118,2018,10,17,6,3,0,1,1,1,0,0,0,0,0,0,671941.2843,5337625.4424,11.312595299,48.168596089,1,#66c2a5,bicycle
9,1,79,145,2018,10,12,6,2,4,6,0,0,1,0,0,1,0,0,674377.6512,5335410.2138,11.344427985,48.148018816,2,#fc8d62,car
9,1,79,123,2018,10,14,6,3,0,5,0,1,1,0,0,0,0,0,676103.1784,5332695.8665,11.366484325,48.123143399,1,#66c2a5,bicycle
9,1,79,125,2018,10,16,6,3,0,1,0,0,0,0,0,0,1,0,661996.7568,5332591.2587,11.177029776,48.125948936,6,#ffd92f,circle
9,1,75,135,2018,10,16,6,3,0,7,0,1,0,0,0,0,0,0,708306.0938,5340073.5752,11.802344469,48.179720998,1,#66c2a5,bicycle
9,1,62,0,2018,10,17,5,3,1,7,0,1,0,0,0,0,0,0,692126.2572,5336227.5336,11.583178845,48.150252125,1,#66c2a5,bicycle
9,1,62,0,2018,10,16,5,3,3,3,0,0,1,0,0,0,1,0,692303482.0,5337896.3497,11.58631341,48.165197497,2,#fc8d62,car
9,1,62,0,2018,10,19,5,3,0,7,2,1,0,0,0,0,1,0,691872.8857,5332144.1996,11.577936959,48.113628188,1,#66c2a5,bicycle
9,7,71,130,2018,10,10,7,3,2,2,0,0,1,0,0,0,0,0,646288.6354,5357814.0626,10.974782298,48.356543256,2,#fc8d62,car
9,7,72,125,2018,10,11,7,3,0,5,0,1,1,0,0,0,0,0,636714.0787,5348900.7782,10.842715733,48.278540538,1,#66c2a5,bicycle
9,7,61,0,2018,10,9,7,3,5,3,0,1,0,0,0,0,0,0,642910.6894,5360037.7814,10.929965465,48.377311396,1,#66c2a5,bicycle
9,1,62,0,2018,10,6,5,3,5,3,2,0,1,0,0,0,0,0,693576519.0,5342080497.0,11.605322677,48.202416565,2,#fc8d62,car
9,7,61,0,2018,10,2,7,3,5,3,2,0,1,0,0,0,0,0,638842.2331,5355539402.0,10.873568984,48.337771227,2,#fc8d62,car
9,7,61,0,2018,10,17,7,3,4,6,0,0,1,0,1,0,0,0,640916.8827,5359270.1194,10.90279796,48.370857301,2,#fc8d62,car
9,1,62,0,2018,10,20,5,3,0,5,2,1,1,0,0,0,0,0,688571.9044,5332133156.0,11.533626604,48.114514865,1,#66c2a5,bicycle
9,7,61,0,2018,10,12,7,3,4,7,0,1,0,1,0,0,0,0,640298.5553,5358776.6184,10.894288817,48.366557656,1,#66c2a5,bicycle
9,1,62,0,2018,10,23,5,2,4,2,2,0,1,0,1,0,0,0,692437.2423,5338146.7365,11.588223765,48.167407433,2,#fc8d62,car
9,1,62,0,2018,10,16,5,3,7,7,0,1,0,0,0,0,0,0,689693.5187,5336398.3137,11.550580103,48.152517265,1,#66c2a5,bicycle
9,1,62,0,2018,10,10,5,3,4,3,0,1,1,0,0,0,0,0,690974.2213,5334306.1412,11.566843985,48.13332973,1,#66c2a5,bicycle
9,1,62,0,2018,10,7,5,2,6,6,0,1,0,1,0,0,0,0,689014.3308,5336788.3656,11.541630466,48.15622529,1,#66c2a5,bicycle
9,1,62,0,2018,10,8,5,3,5,2,0,1,1,0,0,0,0,0,684340.3191,5331869.5872,11.476713389,48.113384679,1,#66c2a5,bicycle
9,1,62,0,2018,10,7,5,3,2,6,0,0,1,0,0,1,0,0,692790.6718,5332339.7577,11.590343377,48.115108669,2,#fc8d62,car
9,1,62,0,2018,10,17,5,3,0,1,0,1,0,0,0,0,0,0,694326.1949,5332660.6887,11.611098847,48.117526403,1,#66c2a5,bicycle
9,7,62,0,2018,10,15,5,2,6,7,0,0,1,1,0,0,0,0,621437416.0,5306122.01,10.624733613,47.89692866,2,#fc8d62,car
9,7,62,0,2018,10,7,5,2,0,1,0,1,0,0,0,0,0,0,620717.6848,5304086.8537,10.614539053,47.878760721,1,#66c2a5,bicycle
9,2,61,0,2018,10,15,7,3,6,4,0,0,1,1,0,0,0,0,734867.0241,5381455.06,12.182226158,48.542184164,2,#fc8d62,car
9,1,90,148,2018,10,14,7,3,0,1,0,1,0,0,0,0,0,0,640490.1088,5296560.0358,10.876405475,47.807053126,1,#66c2a5,bicycle
9,7,61,0,2018,10,22,5,3,2,7,2,0,1,0,1,0,0,0,640705.3586,5358593.1351,10.899716896,48.364817285,2,#fc8d62,car
9,7,72,185,2018,10,15,5,2,9,1,0,0,1,0,0,0,0,0,634661.2622,5382929.2916,10.825995329,48.584963545,2,#fc8d62,car
9,7,71,130,2018,10,8,5,3,4,6,1,0,1,0,0,0,0,1,647104366.0,5355118815.0,10.984845662,48.33212013,2,#fc8d62,car
9,7,61,0,2018,10,18,5,3,2,3,0,0,1,0,0,0,0,0,639716134.0,5357298805.0,10.885938764,48.353398729,2,#fc8d62,car
9,7,61,0,2018,10,6,5,3,5,3,2,0,1,0,0,0,0,1,640586.7735,5357047.2313,10.897600265,48.35094343,2,#fc8d62,car
9,7,61,0,2018,10,16,5,1,6,7,0,0,0,1,0,0,1,0,640561.9231,5358084.5592,10.897611497,48.360276291,3,#8da0cb,toilet
9,7,71,113,2018,10,11,5,3,5,3,0,0,1,0,0,0,1,0,652199.6203,5368010.4744,11.058220261,48.44681964,2,#fc8d62,car
9,1,79,145,2018,10,11,7,3,0,7,0,1,0,0,0,0,0,0,674606095.0,5335681719.0,11.347608009,48.150396817,1,#66c2a5,bicycle
9,1,79,121,2018,10,20,7,3,6,6,2,0,1,1,0,0,0,0,667397.6625,5339413.7211,11.252237999,48.185885489,2,#fc8d62,car
9,1,75,135,2018,10,16,7,3,0,7,0,1,0,0,0,0,0,0,708855.2127,5339808.6177,11.809592368,48.177159829,1,#66c2a5,bicycle
9,1,75,132,2018,10,10,7,3,5,2,0,0,1,0,0,0,0,0,707480.1111,5334913.7152,11.788730317,48.133623371,2,#fc8d62,car
9,1,75,132,2018,10,9,7,3,1,5,0,1,1,0,0,0,0,0,707397.3181,5330732.0752,11.785585397,48.096072658,1,#66c2a5,bicycle
9,1,77,117,2018,10,10,7,3,5,2,0,1,1,0,0,0,0,0,714469.0488,5354166.8218,11.892283021,48.304303865,1,#66c2a5,bicycle
9,1,75,124,2018,10,11,7,3,0,5,0,1,1,0,0,0,0,0,715225.6702,5328160.7665,11.889297776,48.070372436,1,#66c2a5,bicycle
9,1,75,115,2018,10,15,7,3,0,7,0,1,0,0,0,0,0,0,721130.9814,5329386.4496,11.969098899,48.0793655,1,#66c2a5,bicycle
9,1,62,0,2018,10,18,6,3,0,6,0,1,1,0,0,0,0,0,690249.6768,5334434.2993,11.557172847,48.134698613,1,#66c2a5,bicycle
9,1,62,0,2018,10,14,6,3,5,3,0,1,1,0,0,0,0,0,686832.7825,5333743.5543,11.510989156,48.12950226,1,#66c2a5,bicycle
9,1,62,0,2018,10,10,6,3,6,4,0,0,1,1,0,0,0,0,690919464.0,5334662757.0,11.566268592,48.1365514,2,#fc8d62,car
9,1,62,0,2018,10,19,6,3,0,7,1,1,0,0,0,0,0,0,682167.9246,5335254.0468,11.449000705,48.144431863,1,#66c2a5,bicycle
9,1,62,0,2018,10,11,6,3,5,7,0,0,1,0,1,0,0,0,684024.3476,5337542.9269,11.474923587,48.164471287,2,#fc8d62,car
9,1,62,0,2018,10,11,6,3,0,2,0,1,1,0,0,0,0,0,694515.8213,5333907.8411,11.61421313,48.128677441,1,#66c2a5,bicycle
9,1,62,0,2018,10,13,6,3,2,2,0,0,1,0,0,0,1,0,687498144.0,5338874567.0,11.522182998,48.175425329,2,#fc8d62,car
9,1,62,0,2018,10,16,6,3,5,3,0,0,1,0,0,0,0,0,695770471.0,5332846281.0,11.6305692,48.118752052,2,#fc8d62,car
9,1,62,0,2018,10,1,6,2,6,4,2,0,1,1,0,0,0,0,689821.8141,5336723.1028,11.552448233,48.155398195,2,#fc8d62,car
9,1,62,0,2018,10,9,6,3,5,2,0,0,1,0,1,0,0,0,692091699.0,5337408441.0,11.583247778,48.160876309,2,#fc8d62,car
9,1,62,0,2018,10,9,6,3,0,6,0,0,1,0,0,0,1,0,692308.7473,5337525.1506,11.58621632,48.161859658,2,#fc8d62,car
9,1,62,0,2018,10,9,6,3,5,7,0,1,1,0,0,0,0,0,692266.6101,5338373.2209,11.586033643,48.169494648,1,#66c2a5,bicycle
9,1,62,0,2018,10,23,6,3,3,7,2,0,1,0,1,0,0,0,687544.7064,5339603.9616,11.523130594,48.181967515,2,#fc8d62,car
9,1,84,149,2018,10,14,6,3,8,1,0,0,1,0,0,0,0,0,691404312.0,5350223.0305,11.579797451,48.276257716,2,#fc8d62,car
9,1,88,127,2018,10,18,6,3,0,3,0,1,1,0,0,0,0,0,679609.3042,5329363.7964,11.412154137,48.092211856,1,#66c2a5,bicycle
9,1,62,0,2018,10,15,6,3,0,2,0,0,1,0,1,0,0,0,687881.9098,5334117.9843,11.525240122,48.132558923,2,#fc8d62,car
9,1,62,0,2018,10,17,6,3,3,7,0,0,1,0,1,0,0,0,686251.7343,5333292.2332,11.5029905,48.125615894,2,#fc8d62,car
9,1,62,0,2018,10,17,6,3,6,7,0,1,0,1,0,0,0,0,696012.2572,5338927.8248,11.636614397,48.173335125,1,#66c2a5,bicycle
9,1,62,0,2018,10,8,6,3,5,3,0,1,1,0,0,0,0,0,697408694.0,5335239.2303,11.653666154,48.13975252,1,#66c2a5,bicycle
9,1,62,0,2018,10,13,6,3,4,6,0,1,0,0,0,0,0,0,690082.6198,5332988.3933,11.554284799,48.12175268,1,#66c2a5,bicycle
9,1,62,0,2018,10,16,6,3,4,6,0,1,0,0,0,0,0,0,692428.6204,5337799.5774,11.587950848,48.164289868,1,#66c2a5,bicycle
9,7,72,177,2018,10,17,6,2,0,7,0,1,0,0,0,0,0,0,636918.5656,5376613.2921,10.854510023,48.527683341,1,#66c2a5,bicycle
9,7,71,146,2018,10,21,6,3,8,1,2,0,0,0,1,0,0,0,647306.1788,5347526.7194,10.984917973,48.263810267,4,#e78ac3,marker
9,1,90,157,2018,10,16,5,3,0,1,0,0,0,0,1,0,0,0,661066.0644,5301115.5749,11.152726984,47.843192955,4,#e78ac3,marker
9,7,61,0,2018,10,16,6,3,1,7,0,0,1,0,0,0,0,0,639165.2667,5361770.8131,10.879987379,48.393731566,2,#fc8d62,car
9,1,62,0,2018,10,13,4,3,3,2,0,1,1,0,0,0,0,0,694086.0273,5336368.0172,11.609564226,48.150919779,1,#66c2a5,bicycle
9,1,63,0,2018,10,23,5,3,3,3,2,1,1,0,0,0,0,0,733980.1517,5305320.2737,12.128265873,47.858576295,1,#66c2a5,bicycle
9,7,61,0,2018,10,15,4,3,5,1,0,1,1,0,0,0,0,0,641263.9701,5352285.5968,10.9051396,48.307977199,1,#66c2a5,bicycle
9,1,62,0,2018,10,18,4,3,0,4,0,0,0,1,0,0,1,0,686841.0881,5328448068.0,11.508781791,48.081901989,3,#8da0cb,toilet
9,2,61,0,2018,10,16,4,3,1,3,0,1,1,0,0,0,0,0,732716.7049,5382362.9535,12.153644726,48.551140628,1,#66c2a5,bicycle
9,1,78,140,2018,10,12,5,3,0,1,0,1,0,0,0,0,0,0,706700.3026,5365486.6642,11.793206047,48.408609131,1,#66c2a5,bicycle
9,2,61,0,2018,10,17,4,3,2,6,0,1,1,0,0,0,0,0,731409.5688,5381446.7442,12.135449911,48.543394015,1,#66c2a5,bicycle
9,1,87,150,2018,10,7,4,3,2,6,2,0,1,0,0,0,0,0,729971885.0,5304092.4653,12.074103968,47.848991967,2,#fc8d62,car
9,1,62,0,2018,10,16,4,3,3,6,0,0,1,0,0,0,0,0,694642.1496,5333025.2279,11.615506059,48.120706248,2,#fc8d62,car
9,1,87,117,2018,10,12,4,3,4,2,0,0,1,0,1,0,0,0,724414.1872,5305870.1942,12.000841555,47.866929145,2,#fc8d62,car
9,1,62,0,2018,10,19,4,3,5,3,1,1,1,0,0,0,0,0,688175.1985,5338217.5293,11.530990556,48.169319676,1,#66c2a5,bicycle
9,1,81,130,2018,10,17,4,3,4,2,0,1,1,0,0,0,0,0,639072.7828,5324892.6168,10.866636414,48.062142591,1,#66c2a5,bicycle
9,1,81,130,2018,10,13,4,3,5,6,0,1,1,0,0,0,0,0,639540.8181,5324324.2494,10.872729481,48.056929468,1,#66c2a5,bicycle
9,1,79,145,2018,10,9,4,3,0,7,0,1,0,0,0,0,0,0,675476.4133,5338817.0601,11.360592927,48.178341787,1,#66c2a5,bicycle
9,7,61,0,2018,10,20,4,3,3,6,2,1,1,0,0,0,0,0,640738.8301,5359122.2485,10.900345606,48.369567429,1,#66c2a5,bicycle
9,1,79,123,2018,10,17,4,3,5,3,0,0,1,0,0,0,0,0,676711.6081,5332166.7623,11.374433851,48.118218556,2,#fc8d62,car
9,1,62,0,2018,10,17,4,3,6,4,0,0,1,1,0,0,0,0,691204.1471,5340363.5017,11.572653665,48.187703432,2,#fc8d62,car
9,1,79,121,2018,10,12,4,3,5,2,0,0,1,0,0,0,0,0,665770851.0,5337878.1411,11.229768461,48.172507114,2,#fc8d62,car
9,7,61,0,2018,10,9,4,3,2,6,0,0,1,0,0,0,0,0,637356867.0,5357171556.0,10.854068486,48.352772096,2,#fc8d62,car
9,1,74,150,2018,10,12,4,3,1,7,0,0,1,0,1,0,0,0,681044.1085,5359236.6696,11.444164827,48.360323564,2,#fc8d62,car
9,1,78,130,2018,10,17,4,3,5,3,0,0,1,0,0,0,0,0,702857.5432,5356853.0558,11.73717568,48.332273168,2,#fc8d62,car