ULAND,UREGBEZ,UKREIS,UGEMEINDE,UJAHR,UMONAT,USTUNDE,UWOCHENTAG,UKATEGORIE,UART,UTYP1,ULICHTVERH,IstRad,IstPKW,IstFuss,IstKrad,IstGkfz,IstSonstig,STRZUSTAND,LINREFX,LINREFY,XGCSWGS84,YGCSWGS84,Teilnehmer,color,symbol
9,1,78,143,2018,10,16,4,3,4,6,0,1,1,0,0,0,0,0,717163.4252,5372783.0245,11.938190398,48.470647238,1,#66c2a5,bicycle
9,1,77,139,2018,10,8,4,3,5,3,0,0,1,0,0,0,1,1,734728.7223,5359273069.0,12.167927758,48.342982375,2,#fc8d62,car
9,1,62,0,2018,10,14,3,3,2,6,0,0,1,0,0,0,0,0,696633.4025,5335238.2206,11.643255359,48.139983497,2,#fc8d62,car
9,1,62,0,2018,10,17,3,3,6,6,0,1,0,1,0,0,0,0,686492.5896,5338318.4454,11.50842603,48.170722633,1,#66c2a5,bicycle
9,1,62,0,2018,10,11,4,2,6,4,0,1,0,1,0,0,0,0,690140332.0,5334943916.0,11.555932131,48.13931173,1,#66c2a5,bicycle
9,1,62,0,2018,10,16,3,3,3,2,0,1,1,0,0,0,0,0,689639.7289,5335676.9355,11.549536219,48.146049534,1,#66c2a5,bicycle
9,1,62,0,2018,10,20,3,3,2,6,2,0,1,0,1,0,0,0,692426.2115,5341923.9053,11.589786304,48.201358839,2,#fc8d62,car
9,1,62,0,2018,10,0,3,3,5,2,2,0,1,0,0,0,0,0,692621.4319,5334813.9532,11.589190064,48.137397442,2,#fc8d62,car
9,1,81,130,2018,10,16,5,2,2,6,0,0,1,0,0,0,0,0,639123.4691,5324693.0897,10.867251442,48.060337331,2,#fc8d62,car
9,1,62,0,2018,10,16,3,3,5,2,0,1,1,0,0,0,0,0,689390.7856,5333066.7602,11.545032441,48.122663216,1,#66c2a5,bicycle
9,1,62,0,2018,10,14,3,3,6,4,0,0,1,1,0,0,0,0,691391.9269,5334259.7048,11.572431555,48.132786891,2,#fc8d62,car
9,1,62,0,2018,10,15,3,3,4,2,0,0,1,0,0,0,0,0,692296.1452,5338134.2319,11.586322403,48.167337741,2,#fc8d62,car
9,1,62,0,2018,10,9,3,2,2,6,0,1,1,0,0,0,0,0,690534.4312,5335149.4523,11.561316218,48.1410412,1,#66c2a5,bicycle
9,1,84,146,2018,10,19,3,3,0,3,2,1,0,0,0,0,0,0,698014.3338,5328276.6822,11.65856682,48.076989775,1,#66c2a5,bicycle
9,1,62,0,2018,10,20,3,3,3,6,2,0,1,0,1,0,0,0,691451.3993,5337564311.0,11.574716219,48.16247036,2,#fc8d62,car
9,1,62,0,2018,10,13,3,3,4,2,0,0,1,0,0,0,0,0,693955.2033,5333016.3039,11.606281072,48.120835662,2,#fc8d62,car
9,7,71,130,2018,10,12,4,2,0,1,0,1,0,0,0,0,0,0,648470.8203,5355893.4547,11.003544234,48.338765491,1,#66c2a5,bicycle
9,1,62,0,2018,10,8,4,3,0,7,0,0,1,0,1,0,0,0,691050184.0,5335120.0884,11.568228992,48.140622628,2,#fc8d62,car
9,1,62,0,2018,10,15,3,3,5,3,0,1,1,0,0,0,0,0,686602.4413,5334362.2581,11.508167477,48.135130954,1,#66c2a5,bicycle
9,1,62,0,2018,10,9,3,3,5,3,0,1,1,0,0,0,0,0,683077.4558,5335667.3979,11.461394197,48.147886243,1,#66c2a5,bicycle
9,1,62,0,2018,10,5,3,3,0,7,2,1,0,0,0,0,1,0,682960.5568,5335558.9186,11.459777423,48.146944794,1,#66c2a5,bicycle
9,1,84,122,2018,10,7,3,3,0,7,0,1,0,0,0,0,0,0,689050.7939,5324082247.0,11.536492546,48.042009507,1,#66c2a5,bicycle
9,1,62,0,2018,10,10,3,3,4,2,0,1,1,0,0,0,0,0,688673.0833,5330528.0633,11.534274837,48.100057997,1,#66c2a5,bicycle
9,1,62,0,2018,10,17,3,3,5,3,0,0,1,0,1,0,0,0,698834557.0,5331925.5291,11.671266039,48.109527692,2,#fc8d62,car
9,1,62,0,2018,10,11,3,3,3,2,0,1,0,0,0,0,1,0,693411.6606,5335211.6671,11.599981493,48.140732289,1,#66c2a5,bicycle
9,1,62,0,2018,10,19,3,3,0,2,2,0,1,0,1,0,0,0,691702.6544,5332891.6254,11.575988203,48.120397239,2,#fc8d62,car
9,1,62,0,2018,10,15,4,3,5,3,0,0,1,0,0,0,0,0,690667.4214,5336566.8531,11.563736942,48.153740876,2,#fc8d62,car
9,1,62,0,2018,10,13,3,3,5,3,0,1,1,0,0,0,0,0,691462256.0,5333960443.0,11.573241361,48.130076004,1,#66c2a5,bicycle
9,1,62,0,2018,10,17,3,3,5,2,0,1,1,0,0,0,0,0,689571097.0,5333535201.0,11.547661322,48.126819942,1,#66c2a5,bicycle
9,2,61,0,2018,10,6,5,3,8,7,2,0,0,0,1,0,0,0,733362.5837,5378736.0064,12.160353049,48.518321144,4,#e78ac3,marker
9,1,84,146,2018,10,17,4,3,5,6,0,1,1,0,0,0,0,0,699387517.0,5328226.5377,11.67695918,48.07611126,1,#66c2a5,bicycle
9,7,72,147,2018,10,14,3,2,0,7,0,1,0,0,0,0,0,0,639553.9612,5366533.7211,10.886819845,48.43647209,1,#66c2a5,bicycle
9,7,61,0,2018,10,18,3,3,0,1,0,1,0,0,0,0,0,0,637430.1881,5360204.6566,10.856048715,48.380029443,1,#66c2a5,bicycle
9,7,61,0,2018,10,15,3,3,5,3,0,1,0,0,0,0,0,0,640389.9269,5358529977.0,10.895439479,48.364319619,1,#66c2a5,bicycle
9,7,61,0,2018,10,17,3,2,6,2,0,0,1,1,0,0,0,0,641415.4347,5359244.4949,10.9095174,48.37051538,2,#fc8d62,car
9,1,63,0,2018,10,16,5,2,1,7,0,1,1,0,0,0,0,0,734017418.0,5303603.3424,12.127834776,47.843137822,1,#66c2a5,bicycle
9,1,73,126,2018,10,15,2,3,3,2,0,1,1,0,0,0,0,0,685379.3573,5302734.7084,11.47808614,47.851197024,1,#66c2a5,bicycle
9,1,62,0,2018,10,19,4,3,3,2,2,0,1,0,1,0,0,0,689881.0448,5335968.3037,11.552907115,48.148596375,2,#fc8d62,car
9,1,78,120,2018,10,14,5,2,6,1,0,0,0,1,1,0,0,0,696198.5976,5354224.5594,11.646204297,48.31075284,3,#8da0cb,toilet
9,1,62,0,2018,10,9,4,3,3,6,0,0,1,0,1,0,0,0,691012.1275,5340792.1312,11.570265502,48.191613647,2,#fc8d62,car
9,1,62,0,2018,10,18,4,2,3,7,0,0,1,0,1,0,0,0,693682.1705,5333398.9432,11.602789958,48.12435782,2,#fc8d62,car
9,1,90,157,2018,10,7,5,3,6,4,1,0,1,1,0,0,0,0,660367.8114,5301304.4957,11.143471266,47.84506613,2,#fc8d62,car
9,1,62,0,2018,10,13,4,3,0,6,0,0,1,0,1,0,0,0,691676.4707,5334315.4506,11.576277081,48.133202298,2,#fc8d62,car
9,7,61,0,2018,10,15,4,3,4,2,0,0,1,0,1,0,0,0,640125.5615,5362759.9618,10.893282798,48.402412986,2,#fc8d62,car
9,2,61,0,2018,10,16,3,3,9,1,0,1,0,0,0,0,0,0,731448.9535,5381467.9027,12.135994469,48.543569552,1,#66c2a5,bicycle
9,1,62,0,2018,10,7,4,3,5,3,0,1,1,0,0,0,0,0,698941.9584,5330954196.0,11.672254448,48.10076457,1,#66c2a5,bicycle
9,7,72,149,2018,10,18,4,3,5,3,1,1,1,0,0,0,0,0,636013.3029,5338722.9337,10.830007849,48.187170073,1,#66c2a5,bicycle
9,1,86,143,2018,10,13,3,2,0,6,0,0,1,0,1,0,0,0,684098.4647,5379301198.0,11.494181228,48.539779928,2,#fc8d62,car
9,1,88,139,2018,10,12,3,3,6,7,0,0,1,1,0,0,0,0,674961.7618,5318740.5826,11.345450674,47.99800672,2,#fc8d62,car
9,1,86,143,2018,10,18,5,3,0,1,1,1,0,0,0,0,0,0,684443205.0,5377892.6994,11.498223916,48.527019404,1,#66c2a5,bicycle
9,1,81,130,2018,10,12,3,3,1,5,0,0,1,0,0,0,0,0,639530.5236,5322612.0786,10.872033139,48.041535366,2,#fc8d62,car
9,1,74,115,2018,10,18,3,3,5,3,1,1,1,0,0,0,0,0,682923.6408,5348423.1446,11.464826616,48.262586136,1,#66c2a5,bicycle
9,1,74,126,2018,10,11,3,3,5,7,0,1,1,0,0,0,0,0,683174908.0,5344826.6158,11.466653178,48.230186331,1,#66c2a5,bicycle
9,1,77,117,2018,10,17,3,3,5,3,0,0,1,0,0,0,0,0,715080.4135,5352933.6602,11.899888663,48.29301616,2,#fc8d62,car
9,1,62,0,2018,10,17,2,3,3,6,0,1,1,0,0,0,0,0,690364.2083,5333739.3285,11.558400192,48.128417967,1,#66c2a5,bicycle
9,1,62,0,2018,10,8,2,3,5,3,0,0,1,0,0,0,0,1,684766938.0,5328804353.0,11.481112759,48.08570895,2,#fc8d62,car
9,1,62,0,2018,10,14,2,3,4,6,0,0,1,0,0,0,0,0,690927.8084,5332437.1861,11.565383631,48.116545564,2,#fc8d62,car
9,1,62,0,2018,10,17,2,3,5,2,0,0,1,0,0,0,0,0,694442.6972,5333461.3634,11.613027739,48.12468701,2,#fc8d62,car
9,1,77,139,2018,10,15,5,3,5,3,0,1,1,0,0,0,0,0,732442.6622,5359366.8077,12.137174848,48.344669506,1,#66c2a5,bicycle
9,1,62,0,2018,10,8,2,3,5,3,0,1,0,0,0,0,0,0,691150.3907,5341022.1316,11.572227558,48.193639251,1,#66c2a5,bicycle
9,1,62,0,2018,10,20,2,3,0,6,2,0,1,0,1,0,0,0,692583.7841,5334160.2234,11.588389021,48.131533255,2,#fc8d62,car
9,1,62,0,2018,10,16,2,2,5,2,0,0,1,0,1,0,0,0,686086332.0,5337613487.0,11.502658569,48.164505303,2,#fc8d62,car
9,1,62,0,2018,10,7,2,3,5,6,0,1,1,0,0,0,0,1,694366.9966,5337471.8189,11.61384208,48.16075448,1,#66c2a5,bicycle
9,1,62,0,2018,10,16,2,3,0,4,0,1,0,1,0,0,0,0,701410.3149,5331543.1017,11.705650076,48.105281624,1,#66c2a5,bicycle
9,1,62,0,2018,10,13,2,3,6,4,0,0,1,1,0,0,0,0,687440.9462,5339058574.0,11.521495505,48.177096092,2,#fc8d62,car
9,1,62,0,2018,10,7,2,3,2,2,0,0,1,0,0,0,0,1,691186.8432,5340578.2326,11.572517737,48.189638601,2,#fc8d62,car
9,1,62,0,2018,10,19,4,3,5,2,2,0,1,0,1,0,0,0,691103412.0,5334227309.0,11.568543241,48.132582414,2,#fc8d62,car
9,1,62,0,2018,10,12,2,3,6,7,0,0,1,1,0,0,0,0,693463.9584,5333530.4193,11.599920332,48.125605836,2,#fc8d62,car
9,1,62,0,2018,10,16,2,3,1,6,0,0,1,0,0,1,0,0,693339.6782,5340353.0294,11.601351926,48.186962951,2,#fc8d62,car
9,1,62,0,2018,10,9,2,3,0,7,0,1,0,0,0,0,1,0,685543.7686,5340698.9769,11.496715958,48.192397374,1,#66c2a5,bicycle
9,1,62,0,2018,10,6,2,2,6,2,2,0,1,1,0,0,0,0,689719.8507,5336719.1649,11.551076832,48.155393228,2,#fc8d62,car
9,1,62,0,2018,10,11,2,3,3,6,0,1,0,0,0,0,0,0,684425.1936,5332467.5311,11.478111218,48.118734774,1,#66c2a5,bicycle
9,1,62,0,2018,10,7,4,3,0,6,1,1,0,0,0,0,0,0,687996.7107,5337748.6788,11.528385018,48.16515839,1,#66c2a5,bicycle
9,1,62,0,2018,10,14,2,3,5,3,0,1,0,0,0,0,0,0,695509.1348,5336392494.0,11.628688904,48.150703936,1,#66c2a5,bicycle
9,1,62,0,2018,10,18,4,3,6,2,0,0,1,1,0,0,0,0,684069.1812,5335095.1654,11.47446724,48.142456501,2,#fc8d62,car
9,1,62,0,2018,10,8,2,3,1,6,0,0,1,0,1,0,0,0,689047602.0,5332495345.0,11.540172072,48.117629246,2,#fc8d62,car
9,1,62,0,2018,10,17,2,3,5,3,0,1,0,0,0,0,0,0,690362.2247,5333845.4241,11.558420955,48.129372148,1,#66c2a5,bicycle
9,1,62,0,2018,10,11,2,3,0,7,0,0,1,0,0,0,1,0,689439384.0,5334074358.0,11.546132717,48.131705143,2,#fc8d62,car
9,1,87,182,2018,10,10,5,2,6,4,0,0,1,1,0,0,0,0,740366.5223,5328257.3546,12.226329943,48.062264027,2,#fc8d62,car
9,7,62,0,2018,10,7,2,3,5,3,0,1,1,0,0,0,0,0,621124.0042,5304636248.0,10.620125224,47.88362532,1,#66c2a5,bicycle
9,1,62,0,2018,10,8,4,2,1,5,0,1,1,0,0,0,0,0,691670354.0,5335499.9796,11.576728007,48.143850523,1,#66c2a5,bicycle
9,7,61,0,2018,10,17,2,2,0,2,0,1,1,0,0,0,0,0,640367.8917,5362246.03,10.896383306,48.397737994,1,#66c2a5,bicycle
9,7,72,163,2018,10,9,2,3,0,7,0,0,0,0,0,0,1,0,640191.3764,5350297.2085,10.89002208,48.29033663,6,#ffd92f,circle
9,7,61,0,2018,10,7,2,3,5,1,1,1,1,0,0,0,0,0,640943.8477,5357197.1866,10.902467401,48.352212191,1,#66c2a5,bicycle
9,7,61,0,2018,10,9,2,2,5,1,0,1,1,0,0,0,0,0,639354.6242,5358671.2669,10.881516274,48.365819465,1,#66c2a5,bicycle
9,7,61,0,2018,10,17,2,3,6,3,1,0,1,1,0,0,0,0,639882288.0,5359031.3036,10.888756331,48.3689401,2,#fc8d62,car
9,7,61,0,2018,10,12,4,3,0,3,0,1,1,0,0,0,0,0,637669.1222,5358552.0355,10.858732734,48.365117213,1,#66c2a5,bicycle
9,1,62,0,2018,10,13,4,2,0,6,0,1,0,0,0,0,0,0,690540.7364,5337601.1686,11.562498503,48.163075199,1,#66c2a5,bicycle
9,1,74,113,2018,10,11,5,3,4,6,0,0,1,0,0,0,1,0,677918.6114,5347365.0407,11.397002996,48.254500272,2,#fc8d62,car
9,1,84,120,2018,10,16,4,3,5,7,0,1,0,0,0,0,0,0,682012489.0,5332982747.0,11.445942647,48.124060172,1,#66c2a5,bicycle
9,1,62,0,2018,10,0,6,3,5,3,2,0,1,0,1,0,0,0,691069.2402,5342290654.0,11.571707645,48.205064898,2,#fc8d62,car
9,7,61,0,2018,10,13,6,3,2,1,0,0,1,0,0,0,0,0,641857972.0,5358917247.0,10.915379078,48.367473592,2,#fc8d62,car
9,1,73,126,2018,10,17,6,3,5,3,0,0,1,0,0,0,0,0,686576.1869,5303029.8065,11.49419659,47.853503321,2,#fc8d62,car
9,1,87,174,2018,10,11,6,3,5,2,0,0,1,0,0,0,0,0,741551.8893,5312958.4147,12.233607692,47.924388883,2,#fc8d62,car
9,1,62,0,2018,10,17,6,3,5,2,0,1,1,0,0,0,0,0,689697.4084,5331889.8241,11.548625029,48.111993526,1,#66c2a5,bicycle
9,1,63,0,2018,10,21,6,3,0,6,2,1,1,0,0,0,0,0,733875.1088,5304642.4392,12.126497169,47.852524863,1,#66c2a5,bicycle
9,1,62,0,2018,10,18,6,3,5,3,1,1,1,0,0,0,0,0,689595.2712,5330705.9772,11.546728132,48.101383381,1,#66c2a5,bicycle
9,1,85,143,2018,10,16,6,2,4,7,0,0,0,0,1,0,1,0,663282.5992,5385302.6018,11.214755299,48.599492749,4,#e78ac3,marker
9,1,79,142,2018,10,19,6,3,0,1,2,1,1,0,0,0,0,0,672927.7206,5341920.5682,11.327600097,48.206939372,1,#66c2a5,bicycle
9,1,79,142,2018,10,9,6,3,3,6,0,1,1,0,0,0,0,0,673156.9373,5342151.9933,11.330777143,48.208957262,1,#66c2a5,bicycle
9,1,88,145,2018,10,19,6,3,0,6,2,0,1,0,1,0,0,0,662618.3235,5327246.6316,11.183339866,48.077739685,2,#fc8d62,car
9,1,79,121,2018,10,7,6,3,0,1,0,1,0,0,0,0,0,0,665801.7284,5338313.5589,11.230353307,48.176413504,1,#66c2a5,bicycle
9,1,62,0,2018,10,15,6,3,5,3,0,0,1,0,1,0,0,0,688675.6749,5342961.7515,11.539822796,48.211812603,2,#fc8d62,car
9,1,74,111,2018,10,12,6,3,5,5,0,1,1,0,0,0,0,0,667141155.0,5361814995.0,11.257652344,48.387335359,1,#66c2a5,bicycle
9,1,77,133,2018,10,17,6,3,5,3,1,1,1,0,0,0,0,0,711006145.0,5356838.8588,11.846980049,48.329478016,1,#66c2a5,bicycle
9,1,62,0,2018,10,4,6,3,1,7,2,0,1,0,0,0,0,0,690512.3375,5342009.1126,11.564093401,48.202701811,2,#fc8d62,car
9,1,77,117,2018,10,18,6,3,5,3,1,0,1,0,0,0,0,0,714756.5163,5355041.7548,11.896599824,48.312067801,2,#fc8d62,car
9,7,77,121,2018,10,18,6,3,0,1,0,1,0,0,0,0,0,0,628659233.0,5319668261.0,10.725364076,48.017345063,1,#66c2a5,bicycle
9,1,75,137,2018,10,18,6,2,0,7,1,0,0,0,0,0,1,0,725749585.0,5330136.05,12.031419327,48.084482058,6,#ffd92f,circle
9,1,62,0,2018,10,11,6,3,5,3,0,0,1,0,0,0,0,0,687151824.0,5336831736.0,11.516630047,48.15716597,2,#fc8d62,car
9,1,62,0,2018,10,9,5,3,4,6,0,1,1,0,0,0,0,0,682143.1966,5336418.4318,11.449166845,48.154905278,1,#66c2a5,bicycle
9,7,61,0,2018,10,13,6,3,2,6,0,0,1,0,0,0,0,0,640391.9085,5358059.6476,10.895309263,48.360090122,2,#fc8d62,car
9,7,61,0,2018,10,13,6,3,2,6,0,0,1,0,0,0,0,0,636635.8315,5361370.7192,10.845705625,48.390687107,2,#fc8d62,car
9,1,62,0,2018,10,10,5,3,5,3,0,1,1,0,0,0,0,0,688157.3366,5339642.7967,11.53138147,48.182135441,1,#66c2a5,bicycle
9,1,62,0,2018,10,9,6,2,4,2,0,1,1,0,0,0,0,0,695503.3754,5336029.6953,11.628444928,48.147445063,1,#66c2a5,bicycle
9,1,62,0,2018,10,15,5,3,3,6,0,0,1,0,1,0,0,0,690581611.0,5340262.7456,11.564240952,48.186984923,2,#fc8d62,car
9,1,62,0,2018,10,10,5,3,6,7,0,0,1,1,0,0,0,0,689049.9588,5332323.1642,11.540127373,48.11608096,2,#fc8d62,car
9,1,62,0,2018,10,9,5,3,2,6,0,0,1,0,0,0,0,0,700749.9108,5335393382.0,11.698601874,48.14009257,2,#fc8d62,car
9,1,62,0,2018,10,5,5,3,5,3,2,0,1,0,0,0,0,0,688156708.0,5333846237.0,11.528809836,48.130035223,2,#fc8d62,car
9,7,72,177,2018,10,17,1,3,0,2,0,0,1,0,1,0,0,0,636939.2493,5382378.5482,10.85668643,48.579517662,2,#fc8d62,car
9,1,62,0,2018,10,11,5,3,6,7,0,0,1,1,0,0,0,0,680090.3562,5335145.9071,11.42105089,48.144051317,2,#fc8d62,car
9,7,71,130,2018,10,22,1,3,8,1,2,0,1,0,0,0,0,0,646634.5858,5357633.8558,10.979386675,48.354842728,2,#fc8d62,car
9,7,61,0,2018,10,13,1,3,0,1,0,1,0,0,0,0,0,0,638870.5903,5355955.6858,10.874088675,48.34150815,1,#66c2a5,bicycle
9,1,62,0,2018,10,20,5,3,4,2,1,0,1,0,0,0,0,0,693081874.0,5338808674.0,11.597185236,48.173161238,2,#fc8d62,car
9,1,81,130,2018,10,11,7,3,6,4,0,0,1,1,0,0,0,0,639908414.0,5323698262.0,10.877455406,48.051219926,2,#fc8d62,car
9,7,61,0,2018,10,12,1,3,5,2,0,0,1,0,0,0,0,0,637883.1282,5355543.7563,10.860635146,48.338020411,2,#fc8d62,car
9,1,62,0,2018,10,14,5,3,4,2,0,1,1,0,0,0,0,0,693889.1288,5333613.9792,11.605665996,48.126227499,1,#66c2a5,bicycle
9,1,62,0,2018,10,16,5,3,2,6,0,0,1,0,0,0,0,0,687559.0628,5338967.3042,11.523042561,48.176240892,2,#fc8d62,car
9,1,62,0,2018,10,14,6,3,3,6,0,1,1,0,0,0,0,0,693283.8907,5334636.7242,11.598004845,48.135603694,1,#66c2a5,bicycle
9,1,62,0,2018,10,13,5,3,2,6,0,0,1,0,0,0,0,0,687455.5319,5328662.5123,11.517118003,48.083649138,2,#fc8d62,car
9,1,62,0,2018,10,18,5,3,5,3,0,0,1,0,1,0,0,0,691419.0657,5337023809.0,11.57403864,48.157622148,2,#fc8d62,car
9,2,61,0,2018,10,13,1,3,0,7,0,1,0,0,0,0,0,0,731203.7809,5380329.9692,12.132046432,48.533438014,1,#66c2a5,bicycle
9,1,62,0,2018,10,17,5,3,5,2,0,1,1,0,0,0,0,0,686361.9022,5334395.9278,11.504952271,48.135504074,1,#66c2a5,bicycle
9,1,62,0,2018,10,19,6,3,4,2,2,0,1,0,0,0,0,0,692068.7486,5333346482.0,11.581107327,48.1243751,2,#fc8d62,car
9,2,74,146,2018,10,8,1,1,5,3,0,0,1,0,0,0,0,0,736365.9265,5379872.7124,12.201604729,48.527408285,2,#fc8d62,car
9,1,62,0,2018,10,6,5,2,6,2,0,0,1,1,0,0,0,0,687405873.0,5339605.04,11.521265153,48.182018173,2,#fc8d62,car
9,7,61,0,2018,10,18,6,3,7,1,0,1,0,0,0,0,0,0,641487084.0,5355805.2575,10.909328098,48.339574991,1,#66c2a5,bicycle
9,1,73,130,2018,10,15,1,3,5,3,0,0,1,0,0,0,0,0,679980.5664,5312890881.0,11.41021991,47.944029353,2,#fc8d62,car
9,1,90,157,2018,10,15,1,3,0,1,0,1,0,0,0,0,0,1,664443.9223,5299229145.0,11.1971233,47.825377238,1,#66c2a5,bicycle
9,2,61,0,2018,10,18,6,3,0,7,1,1,0,0,0,0,0,0,732679.5027,5380845.8137,12.152294106,48.537526419,1,#66c2a5,bicycle
9,1,90,157,2018,10,15,1,3,5,3,0,0,1,0,1,0,0,0,661229071.0,5302454568.0,11.155403052,47.85519105,2,#fc8d62,car
9,1,62,0,2018,10,15,5,3,3,6,0,1,1,0,0,0,0,0,690629.0526,5336779.4479,11.563316801,48.155663164,1,#66c2a5,bicycle
9,1,62,0,2018,10,17,6,3,6,4,0,0,1,1,0,0,0,0,691734.1263,5332745.6164,11.576345,48.11907545,2,#fc8d62,car
9,1,62,0,2018,10,9,5,2,4,2,0,1,1,0,0,0,0,0,687919.6942,5330739078.0,11.524258358,48.102177295,1,#66c2a5,bicycle
9,1,62,0,2018,10,7,6,3,5,2,0,1,1,0,0,0,0,0,686243.1725,5332649.1352,11.502594583,48.119837976,1,#66c2a5,bicycle
9,1,87,165,2018,10,17,1,3,0,1,0,1,0,0,0,0,0,0,731783.1157,5298591.3754,12.095336345,47.798918021,1,#66c2a5,bicycle
9,1,62,0,2018,10,13,5,3,1,7,0,1,1,0,0,0,0,0,691561.4845,5341319.6335,11.577887879,48.196189268,1,#66c2a5,bicycle
9,1,84,138,2018,10,13,5,3,3,6,0,1,1,0,0,0,0,0,681496.6749,5330318.7597,11.437883887,48.100261242,1,#66c2a5,bicycle
9,1,88,139,2018,10,16,1,3,3,6,0,1,1,0,0,0,0,0,676721827.0,5318579014.0,11.368957927,47.996070292,1,#66c2a5,bicycle
9,1,79,118,2018,10,11,1,3,5,3,0,0,1,0,0,0,0,0,672432.8975,5337633.3535,11.31920505,48.168534033,2,#fc8d62,car
9,1,62,0,2018,10,18,5,2,5,2,1,1,1,0,0,0,0,0,686891.8519,5339170.5769,11.514165613,48.178264526,1,#66c2a5,bicycle
9,1,81,130,2018,10,14,1,2,0,1,0,1,0,0,0,0,0,0,638876.93,5322735128.0,10.863308832,48.042784386,1,#66c2a5,bicycle
9,1,81,143,2018,10,10,1,2,0,1,0,1,0,0,0,0,0,0,639720.5211,5315941.5143,10.872407401,47.98150974,1,#66c2a5,bicycle
9,1,62,0,2018,10,9,5,3,2,2,0,0,1,0,0,0,0,0,687877326.0,5334122.4862,11.52518056,48.13260074,2,#fc8d62,car
9,1,62,0,2018,10,14,6,3,4,6,0,1,1,0,0,0,0,0,692637.3265,5334169.9398,11.589112279,48.131604381,1,#66c2a5,bicycle
9,1,81,132,2018,10,11,1,3,0,1,0,0,1,0,0,0,0,0,643588.4688,5326099.3208,10.927616296,48.07199287,2,#fc8d62,car
9,1,62,0,2018,10,10,5,3,1,5,0,1,0,0,0,0,1,0,686260779.0,5331615.0271,11.502379271,48.110537835,1,#66c2a5,bicycle
9,1,81,114,2018,10,13,1,3,4,2,0,1,0,0,0,0,1,0,655906454.0,5311700136.0,11.087637422,47.939634893,1,#66c2a5,bicycle
9,1,62,0,2018,10,18,5,2,0,1,1,1,0,0,0,0,0,0,696999.7172,5335244.3399,11.648176944,48.13992519,1,#66c2a5,bicycle
9,1,74,115,2018,10,21,1,3,0,1,2,0,0,0,1,0,0,0,681042.5059,5348101.5328,11.439365396,48.260235625,4,#e78ac3,marker
9,1,75,133,2018,10,17,1,3,5,3,0,1,0,0,0,0,0,0,706155.6017,5340401.1979,11.773608171,48.183366444,1,#66c2a5,bicycle
9,1,62,0,2018,10,1,7,3,3,4,2,0,1,1,0,0,0,0,691328.5512,5335266424.0,11.572032834,48.141854234,2,#fc8d62,car
9,1,62,0,2018,10,16,7,3,5,3,0,0,1,0,0,0,0,0,691195.8167,5341649.6551,11.573120782,48.199265631,2,#fc8d62,car
9,1,62,0,2018,10,20,5,2,0,1,2,1,0,0,0,0,0,0,693001.0536,5333837.9485,11.593845339,48.128510338,1,#66c2a5,bicycle
9,1,84,149,2018,10,11,6,2,5,3,0,1,1,0,0,0,0,0,690388.9077,5350603.2029,11.566297103,48.279980681,1,#66c2a5,bicycle
9,1,62,0,2018,10,10,7,3,5,2,0,1,1,0,0,0,0,0,695658.2634,5330891.1886,11.628166396,48.101215078,1,#66c2a5,bicycle
9,1,62,0,2018,10,17,5,3,0,7,0,0,0,0,0,0,1,0,689061637.0,5332744321.0,11.540470863,48.119862912,6,#ffd92f,circle
9,1,62,0,2018,10,9,7,3,3,5,0,1,1,0,0,0,0,0,690211.2465,5333279.2182,11.55614124,48.12432821,1,#66c2a5,bicycle
9,7,72,163,2018,10,7,6,3,5,3,0,1,1,0,0,0,0,0,640938.0551,5348387.9149,10.89944604,48.27300282,1,#66c2a5,bicycle
9,1,62,0,2018,10,14,7,3,5,3,0,0,1,0,0,0,0,0,694341.0828,5341710.2335,11.615432225,48.198855266,2,#fc8d62,car
9,1,62,0,2018,10,16,7,3,4,3,0,1,1,0,0,0,0,0,685459.7244,5339092863.0,11.494885009,48.1779856,1,#66c2a5,bicycle
9,1,62,0,2018,10,7,5,3,5,3,0,1,1,0,0,0,0,0,692292.0177,5336783267.0,11.58565627,48.155196843,1,#66c2a5,bicycle
9,1,62,0,2018,10,13,7,3,2,6,0,1,1,0,0,0,0,0,692286.7748,5332776.7317,11.58377719,48.119188465,1,#66c2a5,bicycle
9,1,62,0,2018,10,20,7,2,6,4,2,0,1,1,0,0,0,0,696996.32,5331574.1931,11.646435246,48.106941243,2,#fc8d62,car
9,1,62,0,2018,10,19,7,3,1,5,2,0,1,0,1,0,0,0,691111.4422,5333225282.0,11.568201705,48.123573849,2,#fc8d62,car
9,1,62,0,2018,10,13,7,3,0,4,0,1,0,1,0,0,0,0,689759.9144,5341105.7696,11.553573258,48.194807958,1,#66c2a5,bicycle
9,1,62,0,2018,10,16,5,3,5,7,0,0,1,0,1,0,0,0,690526.4065,5334743.5478,11.561026876,48.137395345,2,#fc8d62,car
9,1,62,0,2018,10,16,6,3,4,2,0,0,1,0,1,0,0,0,690795351.0,5342262106.0,11.568012229,48.204890686,2,#fc8d62,car
9,1,62,0,2018,10,15,7,3,3,7,0,1,0,0,0,0,0,0,692591.7676,5338066.3933,11.590263496,48.166638534,1,#66c2a5,bicycle