ULAND,UREGBEZ,UKREIS,UGEMEINDE,UJAHR,UMONAT,USTUNDE,UWOCHENTAG,UKATEGORIE,UART,UTYP1,ULICHTVERH,IstRad,IstPKW,IstFuss,IstKrad,IstGkfz,IstSonstig,STRZUSTAND,LINREFX,LINREFY,XGCSWGS84,YGCSWGS84,Teilnehmer,color,symbol
9,1,62,0,2018,10,6,7,2,8,6,2,0,0,0,1,0,0,0,691372.5608,5331954.4768,11.571136671,48.112073506,4,#e78ac3,marker
9,7,61,0,2018,10,12,6,3,5,3,0,0,1,0,1,0,0,0,639534.9549,5359889.9111,10.884354063,48.376737351,2,#fc8d62,car
9,1,84,149,2018,10,11,7,3,6,4,0,0,1,1,0,0,0,0,690351.3962,5349857.2262,11.565456092,48.273287328,2,#fc8d62,car
9,1,62,0,2018,10,15,7,3,5,3,0,1,1,0,0,0,0,0,689417.5983,5336088.8791,11.54673623,48.149818285,1,#66c2a5,bicycle
9,1,62,0,2018,10,22,7,3,1,5,2,1,1,0,0,0,0,0,685702.9312,5332418.8877,11.495242097,48.117926195,1,#66c2a5,bicycle
9,1,84,147,2018,10,11,7,3,5,6,0,0,1,0,0,0,0,0,697307944.0,5339826844.0,11.654441031,48.18101392,2,#fc8d62,car
9,1,84,134,2018,10,17,6,3,0,1,0,1,0,0,0,0,0,0,691964.5383,5322375.4437,11.574780736,48.025799316,1,#66c2a5,bicycle
9,1,62,0,2018,10,17,7,3,0,7,0,1,1,0,0,0,0,0,693783029.0,5331931322.0,11.603476922,48.111136589,1,#66c2a5,bicycle
9,7,78,116,2018,10,15,7,3,5,3,0,1,1,0,0,0,0,0,618557775.0,5317692838.0,10.58941027,48.001533037,1,#66c2a5,bicycle
9,7,78,203,2018,10,11,7,3,0,7,0,1,0,0,0,0,0,0,622058.6697,5324470.0979,10.638255695,48.061825202,1,#66c2a5,bicycle
9,7,73,116,2018,10,15,5,3,0,1,0,0,0,0,1,0,0,0,621005.3856,5379222.8797,10.639828037,48.55442029,4,#e78ac3,marker
9,7,77,121,2018,10,17,7,3,0,1,0,1,0,0,0,0,0,0,631128.1918,5320740.6974,10.758785781,48.026487453,1,#66c2a5,bicycle
9,1,62,0,2018,10,18,6,3,3,6,1,0,1,0,1,0,0,0,689135.5384,5333380.5668,11.541745173,48.125559627,2,#fc8d62,car
9,7,71,130,2018,10,13,7,3,2,6,0,0,1,0,0,0,0,0,645626.2035,5357517.9221,10.965742999,48.354033683,2,#fc8d62,car
9,7,61,0,2018,10,16,7,3,4,3,0,1,1,0,0,0,0,0,641510.6258,5358209.9699,10.910453958,48.361192005,1,#66c2a5,bicycle
9,7,61,0,2018,10,18,7,3,5,1,1,1,1,0,0,0,0,0,641890.4817,5357518.5754,10.915346063,48.35489001,1,#66c2a5,bicycle
9,7,72,163,2018,10,7,5,3,0,1,0,1,0,0,0,0,0,0,639900.8011,5347262.6648,10.885102405,48.263114695,1,#66c2a5,bicycle
9,1,79,142,2018,10,12,7,3,0,2,0,0,1,0,1,0,0,0,673049348.0,5341025.0824,11.328870664,48.198856323,2,#fc8d62,car
9,7,61,0,2018,10,18,7,3,1,1,0,0,1,0,1,0,0,0,640114.4009,5357304671.0,10.891313626,48.353363234,2,#fc8d62,car
9,7,72,186,2018,10,6,5,3,1,2,2,1,0,0,0,1,0,0,637898259.0,5344460365.0,10.857220873,48.238355338,1,#66c2a5,bicycle
9,7,61,0,2018,10,12,5,3,0,2,0,0,1,1,0,0,0,0,640945602.0,5358279.9238,10.902853714,48.361947403,2,#fc8d62,car
9,7,61,0,2018,10,12,5,3,6,7,0,0,1,1,0,0,0,0,641037659.0,5359728416.0,10.904581596,48.374951153,2,#fc8d62,car
9,1,62,0,2018,10,11,6,3,5,6,0,0,1,0,0,0,0,0,689579.7997,5332593.5157,11.547359371,48.118353397,2,#fc8d62,car
9,7,61,0,2018,10,8,5,2,6,2,0,0,1,1,0,0,0,0,641060.7057,5359208.8341,10.904718326,48.370274117,2,#fc8d62,car
9,1,62,0,2018,10,15,6,3,5,2,0,1,1,0,0,0,0,0,686257192.0,5331778.8131,11.502402647,48.112011061,1,#66c2a5,bicycle
9,1,62,0,2018,10,12,6,3,5,2,0,0,1,0,0,0,1,0,686901233.0,5336446.6926,11.513094595,48.153778793,2,#fc8d62,car
9,7,61,0,2018,10,16,6,3,5,3,0,0,1,0,0,0,1,0,638509.2549,5359240.9631,10.870296374,48.371128131,2,#fc8d62,car
9,2,61,0,2018,10,18,6,2,0,7,2,1,0,0,0,0,0,0,732732.7562,5381476.6563,12.153366744,48.543173344,1,#66c2a5,bicycle
9,1,62,0,2018,10,9,6,3,6,4,0,0,1,1,0,0,0,0,692292.0772,5332751421.0,11.583836949,48.118959375,2,#fc8d62,car
9,1,62,0,2018,10,16,6,3,6,4,0,0,1,1,0,0,0,0,690527.9861,5334820.6949,11.561082595,48.138088269,2,#fc8d62,car
9,7,62,0,2018,10,10,6,3,3,6,0,0,1,0,0,0,0,0,621204.4726,5304660.0766,10.621207793,47.88382444,2,#fc8d62,car
9,1,63,0,2018,10,18,7,3,1,1,0,0,1,0,1,0,0,0,732674.0261,5304388.0124,12.11032852,47.850674932,2,#fc8d62,car
9,1,84,138,2018,10,17,6,3,5,2,0,0,1,0,0,0,0,0,682322.5055,5331341.4949,11.449403058,48.109218626,2,#fc8d62,car
9,1,86,152,2018,10,17,7,3,0,1,0,1,0,0,0,0,0,0,693110531.0,5373320279.0,11.613380611,48.483320696,1,#66c2a5,bicycle
9,7,72,125,2018,10,5,6,3,4,6,2,1,0,0,0,0,0,0,634959.3486,5349416.4152,10.819241563,48.283553721,1,#66c2a5,bicycle
9,7,72,163,2018,10,18,3,2,0,1,1,0,0,0,1,0,0,0,640897.3257,5349906.8589,10.899403869,48.286669922,4,#e78ac3,marker
9,7,61,0,2018,10,9,3,3,0,2,0,0,1,0,0,0,1,0,641715.4945,5359958.2433,10.91380731,48.376865797,2,#fc8d62,car
9,7,61,0,2018,10,13,3,3,4,2,0,1,1,0,0,0,0,0,639871554.0,5359861.9708,10.888887813,48.376411595,1,#66c2a5,bicycle
9,1,62,0,2018,10,12,1,3,0,7,0,1,0,0,0,0,0,0,688622.6208,5336484.5386,11.536233921,48.153610761,1,#66c2a5,bicycle
9,1,62,0,2018,10,14,1,2,1,3,0,1,1,0,0,0,0,0,687096.4847,5327426.9907,11.511760633,48.072649236,1,#66c2a5,bicycle
9,1,62,0,2018,10,12,4,3,0,1,0,1,0,0,0,0,0,0,691475.4154,5337328.3431,11.574932646,48.160342287,1,#66c2a5,bicycle
9,1,62,0,2018,10,14,4,3,5,3,0,1,1,0,0,0,0,0,688755.8778,5338349.3582,11.538851377,48.170332397,1,#66c2a5,bicycle
9,1,62,0,2018,10,16,4,3,2,6,0,0,1,0,1,0,0,0,689520287.0,5330982647.0,11.54584481,48.103892434,2,#fc8d62,car
9,1,84,120,2018,10,8,4,3,5,2,0,1,1,0,0,0,0,0,681010.52,5333498925.0,11.432709717,48.128985701,1,#66c2a5,bicycle
9,1,62,0,2018,10,9,4,3,5,3,0,0,1,0,0,0,1,0,694589833.0,5334166835.0,11.615325011,48.130982554,2,#fc8d62,car
9,1,84,132,2018,10,16,4,2,5,3,0,0,1,0,1,0,0,0,683114665.0,5329470858.0,11.459232543,48.092176743,2,#fc8d62,car
9,1,62,0,2018,10,21,4,3,5,3,2,1,0,0,0,0,1,0,688601.2126,5335675.3894,11.535587834,48.146344372,1,#66c2a5,bicycle
9,1,90,157,2018,10,19,3,3,1,6,2,1,1,0,0,0,0,0,661082.2531,5301145.9341,11.152954496,47.84346186,1,#66c2a5,bicycle
9,1,62,0,2018,10,11,4,3,5,2,0,1,0,0,0,1,0,0,687943.9199,5334334.6696,11.526168323,48.134488231,1,#66c2a5,bicycle
9,1,62,0,2018,10,14,4,3,0,3,0,0,1,0,0,0,1,0,693829.4798,5334078.7742,11.605076636,48.13042309,2,#fc8d62,car
9,1,62,0,2018,10,10,4,3,5,3,0,0,1,0,1,0,0,0,689700.7676,5334565.3374,11.549860823,48.136040244,2,#fc8d62,car
9,1,62,0,2018,10,16,4,3,7,7,0,1,0,1,0,0,0,0,692764.2025,5338310.6614,11.592690923,48.16878168,1,#66c2a5,bicycle
9,1,62,0,2018,10,17,4,3,4,2,0,1,1,0,0,0,0,0,690862.5173,5337196.6707,11.566640005,48.159343098,1,#66c2a5,bicycle
9,1,62,0,2018,10,19,4,3,0,1,2,0,1,0,0,0,0,0,692225.9369,5335500.8919,11.58418955,48.143691103,2,#fc8d62,car
9,1,63,0,2018,10,14,3,3,0,4,0,1,0,0,0,0,1,0,733828.8972,5305933.4067,12.12657827,47.86413973,1,#66c2a5,bicycle
9,1,87,122,2018,10,21,3,3,9,1,2,0,1,0,0,0,0,0,721095.4319,5306237.5634,11.956712998,47.871380814,2,#fc8d62,car
9,1,87,179,2018,10,14,3,2,7,1,0,1,0,0,0,0,1,0,722631.8257,5315052.7892,11.981781125,47.950056282,1,#66c2a5,bicycle
9,1,88,139,2018,10,13,3,3,5,7,0,1,0,0,0,0,0,0,675972.9775,5318636.3523,11.35895193,47.996792248,1,#66c2a5,bicycle
9,1,88,121,2018,10,15,3,3,3,6,0,1,0,0,0,0,1,0,670602952.0,5330602018.0,11.291796652,48.105817834,1,#66c2a5,bicycle
9,1,88,120,2018,10,16,3,3,7,7,0,1,0,0,0,0,1,0,672694.9319,5324859.2691,11.317554432,48.053628638,1,#66c2a5,bicycle
9,7,62,0,2018,10,7,4,3,5,3,1,1,1,0,0,0,0,0,621734223.0,5304206504.0,10.628162817,47.879644881,1,#66c2a5,bicycle
9,1,74,115,2018,10,13,3,3,0,6,0,1,0,1,0,0,0,0,682280904.0,5347674.9191,11.455851919,48.256045953,1,#66c2a5,bicycle
9,1,74,115,2018,10,14,3,3,4,2,0,0,1,0,1,0,0,0,682283.8962,5347773.1741,11.455934517,48.256928258,2,#fc8d62,car
9,1,75,139,2018,10,8,3,3,2,6,0,1,1,0,0,0,0,0,710530.5249,5329855.9985,11.827183352,48.087172864,1,#66c2a5,bicycle
9,1,62,0,2018,10,19,2,3,5,3,2,1,1,0,0,0,0,0,690360.5423,5343202.6745,11.562587997,48.213474899,1,#66c2a5,bicycle
9,7,72,147,2018,10,13,4,3,4,2,0,0,1,0,0,0,0,0,638120.8671,5364743.3583,10.866864714,48.420689622,2,#fc8d62,car
9,1,62,0,2018,10,12,2,2,2,6,0,1,0,0,0,0,1,0,693864224.0,5333968.4517,11.605492908,48.129420967,1,#66c2a5,bicycle
9,7,61,0,2018,10,8,4,3,5,3,0,0,1,0,0,0,0,0,641170.1,5361459805.0,10.906950699,48.390489491,2,#fc8d62,car
9,1,62,0,2018,10,19,2,3,6,4,1,0,1,1,0,0,0,0,688985.8684,5334402038.0,11.540188881,48.134785193,2,#fc8d62,car
9,7,61,0,2018,10,12,4,3,1,2,0,1,1,0,0,0,0,0,639301.1871,5358647.5054,10.88078732,48.365617602,1,#66c2a5,bicycle
9,1,62,0,2018,10,19,2,2,6,4,2,1,1,1,0,0,0,0,690840.5727,5334749898.0,11.565248309,48.137358282,1,#66c2a5,bicycle
9,7,61,0,2018,10,7,4,3,0,1,0,1,0,0,0,0,0,0,642287.9483,5359200.6858,10.921277166,48.369925362,1,#66c2a5,bicycle
9,1,62,0,2018,10,9,2,3,4,6,0,1,1,0,0,0,0,0,692243.2974,5335062.9313,11.584224979,48.139749555,1,#66c2a5,bicycle
9,7,61,0,2018,10,7,4,3,2,6,0,0,1,0,1,0,0,0,640759.4282,5358013.3988,10.900252521,48.359592437,2,#fc8d62,car
9,1,62,0,2018,10,15,2,3,5,2,0,0,1,0,1,0,0,0,683370.4383,5335483.5433,11.465250243,48.146149254,2,#fc8d62,car
9,7,71,113,2018,10,11,4,3,8,7,0,0,1,0,0,0,0,0,657609.8768,5369621.6373,11.131938837,48.459972997,2,#fc8d62,car
9,1,62,0,2018,10,7,2,3,0,7,0,1,0,1,0,0,0,0,688641072.0,5338224.8246,11.537253508,48.16924716,1,#66c2a5,bicycle
9,1,62,0,2018,10,7,2,3,5,2,2,1,1,0,0,0,0,0,685759.7674,5339317.1442,11.499015372,48.179913875,1,#66c2a5,bicycle
9,1,62,0,2018,10,22,2,3,5,2,2,1,1,0,0,0,0,0,689674.3513,5340118.9387,11.551982325,48.18596393,1,#66c2a5,bicycle
9,1,62,0,2018,10,16,2,3,2,6,0,0,1,0,0,0,0,0,688333.1397,5340897.0465,11.53430034,48.193356655,2,#fc8d62,car
9,1,62,0,2018,10,18,2,3,1,2,1,0,1,0,0,0,0,0,687866.8234,5329950.3278,11.523201725,48.095103366,2,#fc8d62,car
9,7,62,0,2018,10,16,2,2,8,1,0,1,0,0,0,0,0,0,621862.5389,5304706.5526,10.630019404,47.884117838,1,#66c2a5,bicycle
9,7,77,121,2018,10,17,2,3,5,3,0,1,1,0,0,0,0,0,627235517.0,5321628065.0,10.706862367,48.03525498,1,#66c2a5,bicycle
9,7,72,223,2018,10,14,2,3,1,5,0,0,1,0,0,0,0,0,619171.9517,5361653.1563,10.609983973,48.396769146,2,#fc8d62,car
9,7,72,200,2018,10,12,2,3,6,6,0,1,0,1,0,0,0,0,631192.9405,5338105.0377,10.764993374,48.182627529,1,#66c2a5,bicycle
9,7,72,163,2018,10,14,2,3,0,1,0,1,1,0,0,0,0,0,640188171.0,5348375141.0,10.889341213,48.273054407,1,#66c2a5,bicycle
9,7,61,0,2018,10,9,2,3,3,1,0,1,1,0,0,0,0,0,638856.6474,5358451.7444,10.874724052,48.363955307,1,#66c2a5,bicycle
9,7,61,0,2018,10,20,2,3,4,6,2,1,1,0,0,0,0,0,639201.7312,5361708.4128,10.88045902,48.393162432,1,#66c2a5,bicycle
9,7,61,0,2018,10,15,2,3,0,5,0,0,1,0,1,0,0,0,640076.0442,5363109.5941,10.892730814,48.405567758,2,#fc8d62,car
9,7,61,0,2018,10,13,2,3,0,5,0,1,1,0,0,0,0,0,641665.7141,5360654.2313,10.913370032,48.383134999,1,#66c2a5,bicycle
9,7,61,0,2018,10,7,2,3,5,3,0,1,1,0,0,0,0,0,641832.7689,5361589.0203,10.915940587,48.391502657,1,#66c2a5,bicycle
9,7,61,0,2018,10,15,2,3,3,2,0,1,1,0,0,0,0,1,640312.1322,5359151166.0,10.894596987,48.369922452,1,#66c2a5,bicycle
9,2,61,0,2018,10,15,4,3,0,1,0,1,0,0,0,0,0,0,731662.4161,5382203.1696,12.139291123,48.550095544,1,#66c2a5,bicycle
9,1,63,0,2018,10,14,4,3,5,2,0,1,1,0,0,0,0,0,732684446.0,5304983.5305,12.110787884,47.85602138,1,#66c2a5,bicycle
9,1,63,0,2018,10,16,4,3,0,2,0,0,0,0,1,0,0,1,731540.0893,5304178.1286,12.095080951,47.849198702,4,#e78ac3,marker
9,1,87,122,2018,10,7,4,3,5,3,0,1,1,0,0,0,0,0,719495.3847,5306753.6015,11.935606801,47.87656645,1,#66c2a5,bicycle
9,1,87,122,2018,10,14,4,3,0,7,0,1,0,0,0,0,0,0,718223.1529,5307305.6069,11.918893275,47.881960151,1,#66c2a5,bicycle
9,1,87,130,2018,10,15,4,3,5,3,0,0,1,0,0,0,1,0,710260.3254,5310708.2842,11.814177905,47.915195235,2,#fc8d62,car
9,1,87,150,2018,10,13,4,3,8,1,0,0,0,0,1,0,0,0,729047.8121,5304337.0102,12.061899324,47.851518996,4,#e78ac3,marker
9,1,86,143,2018,10,17,4,2,6,4,0,0,1,1,0,0,0,0,684773877.0,5378036824.0,11.502762184,48.528217519,2,#fc8d62,car
9,1,86,143,2018,10,8,4,2,3,6,0,1,1,0,0,0,0,0,683973.8727,5378671.3432,11.492216853,48.534155448,1,#66c2a5,bicycle
9,1,79,123,2018,10,13,4,3,5,2,0,1,1,0,0,0,0,0,675798007.0,5334003.0449,11.362926315,48.134978392,1,#66c2a5,bicycle
9,1,79,121,2018,10,12,4,3,3,6,0,1,1,0,0,0,0,0,665552331.0,5336816504.0,11.226418134,48.163019829,1,#66c2a5,bicycle
9,1,75,139,2018,10,19,4,3,8,7,1,0,1,0,0,0,0,0,708487.7164,5328345.1541,11.799047693,48.074267295,2,#fc8d62,car
9,2,61,0,2018,10,8,2,3,6,2,0,0,1,1,0,0,0,0,731338.67,5382077417.0,12.134840995,48.549085397,2,#fc8d62,car
9,1,77,117,2018,10,15,4,3,0,7,0,1,1,0,0,0,0,0,715389.6059,5352133.9456,11.903644162,48.285725454,1,#66c2a5,bicycle
9,1,62,0,2018,10,15,3,3,0,1,0,1,0,0,0,0,0,0,686225.3821,5333980.4694,11.50293747,48.131809739,1,#66c2a5,bicycle
9,1,62,0,2018,10,19,3,3,0,7,2,0,1,0,1,0,0,0,689650.3528,5332930.3632,11.548456248,48.121360004,2,#fc8d62,car
9,1,62,0,2018,10,10,3,3,5,3,0,1,1,0,0,0,0,0,692545317.0,5339201.1263,11.590153324,48.176851261,1,#66c2a5,bicycle
9,1,63,0,2018,10,17,2,3,5,3,0,1,1,0,0,0,0,0,731190.5403,5303790.9468,12.090208598,47.845845934,1,#66c2a5,bicycle
9,1,62,0,2018,10,14,3,3,3,2,0,1,0,0,0,0,0,0,691441149.0,5340002116.0,11.575676331,48.184383992,1,#66c2a5,bicycle
9,1,63,0,2018,10,7,2,2,5,2,1,0,1,0,1,0,0,0,734344.1471,5304903.2674,12.132898983,47.854697309,2,#fc8d62,car
9,1,62,0,2018,10,16,3,3,5,2,0,0,1,0,0,0,0,0,684339.9245,5331865.4534,11.476706305,48.113347636,2,#fc8d62,car
9,1,87,150,2018,10,8,2,3,1,6,0,0,1,0,0,0,0,0,729778.3886,5304127.3386,12.071539804,47.849374474,2,#fc8d62,car
9,1,62,0,2018,10,16,3,2,4,6,0,0,1,0,1,0,0,0,696885.3716,5335237.2721,11.646638283,48.139897059,2,#fc8d62,car
9,1,62,0,2018,10,9,3,3,4,2,0,0,1,0,1,0,0,0,684428.3243,5333639.7304,11.478660428,48.129270257,2,#fc8d62,car
9,1,85,158,2018,10,9,2,2,7,7,0,1,0,0,0,0,1,0,666578.6189,5379642.0197,11.257159175,48.547739931,1,#66c2a5,bicycle
9,1,62,0,2018,10,7,3,2,6,4,0,0,0,1,1,0,0,0,689933.5006,5333222.6365,11.552387402,48.123902572,3,#8da0cb,toilet
9,1,62,0,2018,10,10,3,2,0,6,0,0,1,0,0,0,1,0,689801.6899,5343857.9728,11.555365901,48.219532022,2,#fc8d62,car
9,1,88,127,2018,10,17,2,2,4,2,0,1,1,0,0,0,0,0,676528.7759,5329723.3472,11.370968332,48.096304671,1,#66c2a5,bicycle
9,1,62,0,2018,10,10,3,2,5,3,0,0,1,0,1,0,0,0,680110.4343,5335524.6775,11.421480801,48.147450368,2,#fc8d62,car
9,1,74,121,2018,10,9,2,3,6,7,0,0,1,1,0,0,0,0,689298.3974,5354626.5571,11.553416871,48.316468658,2,#fc8d62,car
9,1,62,0,2018,10,16,3,3,2,2,0,1,1,0,0,0,0,0,688831.6365,5342492.0301,11.541711039,48.207544369,1,#66c2a5,bicycle
9,1,75,139,2018,10,7,2,1,9,1,0,0,1,0,0,0,0,0,710958566.0,5330990926.0,11.83348485,48.097229859,2,#fc8d62,car
9,1,62,0,2018,10,14,3,3,0,7,0,1,0,0,0,0,0,0,687107.4103,5332776.8059,11.514252018,48.120732152,1,#66c2a5,bicycle
9,1,75,111,2018,10,18,2,2,5,3,0,1,0,0,0,0,0,0,712135.5224,5337163.8461,11.852344856,48.152308061,1,#66c2a5,bicycle
9,1,62,0,2018,10,15,3,3,5,3,0,0,1,0,1,0,0,0,689658.4946,5333215.3601,11.54869234,48.123919155,2,#fc8d62,car
9,1,62,0,2018,10,11,3,3,0,1,0,1,0,0,0,0,0,0,691079425.0,5334224.8009,11.568220053,48.132567073,1,#66c2a5,bicycle
9,1,78,129,2018,10,14,2,3,5,3,0,1,1,0,0,0,0,0,708351.2943,5371145.7923,11.818301613,48.458916413,1,#66c2a5,bicycle
9,1,78,124,2018,10,13,2,3,2,6,0,0,1,0,0,0,0,0,702768.7693,5365561.5365,11.740177999,48.410558836,2,#fc8d62,car
9,1,62,0,2018,10,17,1,3,3,6,0,1,0,0,0,0,0,0,696242.7774,5332853.2022,11.636911809,48.118668877,1,#66c2a5,bicycle
9,1,62,0,2018,10,17,1,3,5,2,0,1,1,0,0,0,0,0,694441005.0,5333226872.0,11.612898061,48.122580006,1,#66c2a5,bicycle
9,1,62,0,2018,10,20,1,3,4,6,2,0,1,0,1,0,0,0,691645.1055,5334461.6297,11.575921708,48.134525582,2,#fc8d62,car
9,1,62,0,2018,10,4,1,3,1,5,2,0,1,0,0,0,0,0,688619.8661,5332678.8841,11.534511752,48.11940577,2,#fc8d62,car
9,7,62,0,2018,10,12,3,3,6,4,0,0,1,1,0,0,0,0,622292.7163,5305656.4249,10.63604008,47.892578883,2,#fc8d62,car
9,1,62,0,2018,10,13,1,3,4,2,0,0,1,0,0,0,0,0,683374.4727,5335482.6939,11.465304064,48.146140457,2,#fc8d62,car
9,7,71,142,2018,10,16,3,3,6,4,0,0,1,1,0,0,0,0,645879.2612,5352146.7606,10.967297646,48.305681263,2,#fc8d62,car
9,1,62,0,2018,10,12,1,3,6,4,0,1,0,1,0,0,0,0,689486.3502,5338441.3503,11.54870749,48.170941882,1,#66c2a5,bicycle
9,7,71,130,2018,10,15,3,3,5,3,0,1,0,0,0,0,0,0,646350587.0,5357740741.0,10.975592581,48.355869646,1,#66c2a5,bicycle
9,1,62,0,2018,10,11,1,3,0,7,0,1,0,0,0,0,0,0,686763.1024,5336922.7322,11.511448067,48.158098153,1,#66c2a5,bicycle
9,1,63,0,2018,10,14,2,3,5,2,0,1,1,0,0,0,0,0,732652.3971,5304218.8092,12.109948857,47.849162612,1,#66c2a5,bicycle
9,1,90,148,2018,10,13,6,2,5,3,0,0,1,0,0,0,0,0,641794.8403,5297917.6557,10.894265958,47.818975496,2,#fc8d62,car
9,1,73,126,2018,10,7,6,3,6,4,1,1,0,1,0,0,0,0,685891.7004,5302864.4208,11.48498405,47.852215026,1,#66c2a5,bicycle
9,1,81,130,2018,10,12,2,2,5,7,0,1,1,0,0,0,0,0,639215.6898,5324332.2618,10.86837106,48.057072539,1,#66c2a5,bicycle
9,1,79,121,2018,10,11,2,3,4,2,0,0,1,0,0,0,0,0,666507.4015,5337765.0748,11.239623612,48.171298099,2,#fc8d62,car
9,1,63,0,2018,10,12,6,3,3,6,0,1,1,0,0,0,0,0,733857268.0,5304622.6271,12.126248327,47.852353362,1,#66c2a5,bicycle
9,1,74,150,2018,10,14,2,3,0,1,0,1,0,0,0,0,0,0,681733.0632,5359717.1965,11.453664687,48.364444793,1,#66c2a5,bicycle
9,1,74,136,2018,10,15,2,3,5,3,0,1,1,0,0,0,0,0,682874.5694,5364927.0259,11.471329443,48.410942193,1,#66c2a5,bicycle
9,1,63,0,2018,10,8,6,3,0,1,0,0,0,0,1,0,0,1,733655.5345,5307676.9439,12.12520635,47.879866722,4,#e78ac3,marker
9,1,62,0,2018,10,19,1,3,1,7,2,0,1,0,1,0,0,0,688607.8255,5336734.5318,11.536145986,48.155862118,2,#fc8d62,car
9,1,87,117,2018,10,8,6,3,2,6,0,0,1,0,0,0,0,0,725553.7172,5305753.0767,12.015996345,47.865477805,2,#fc8d62,car
9,1,62,0,2018,10,17,1,3,3,2,0,1,1,0,0,0,0,0,697959.9352,5331225.9211,11.659204392,48.103512503,1,#66c2a5,bicycle
9,1,62,0,2018,10,12,1,3,4,2,0,1,1,0,0,0,0,0,689065.7788,5332578.9088,11.540453112,48.118374934,1,#66c2a5,bicycle
9,1,86,143,2018,10,12,6,3,2,6,0,0,1,0,0,0,0,0,684622.3086,5377919.0412,11.500659075,48.52720351,2,#fc8d62,car
9,1,62,0,2018,10,12,1,3,3,2,0,1,1,0,0,0,0,0,684490.6042,5333245.0809,11.479325792,48.125704881,1,#66c2a5,bicycle
9,1,79,121,2018,10,15,6,3,0,7,0,1,1,0,0,0,0,0,665833.4537,5338541.6374,11.230868735,48.17845567,1,#66c2a5,bicycle
9,7,78,209,2018,10,18,1,3,0,1,1,0,0,0,1,0,0,0,617359.6548,5325587.1608,10.575517994,48.072753505,4,#e78ac3,marker
9,1,88,127,2018,10,19,6,3,2,6,2,1,0,0,0,0,0,0,675087.4668,5327525.8293,11.350726142,48.0769478,1,#66c2a5,bicycle
9,1,74,141,2018,10,16,6,3,4,1,0,0,1,0,1,0,0,0,682854.4769,5356721.7687,11.46748987,48.337197247,2,#fc8d62,car
9,7,72,151,2018,10,18,1,3,5,3,0,0,1,0,0,0,0,0,632525.1775,5342931.0611,10.784414773,48.225749022,2,#fc8d62,car
9,7,61,0,2018,10,9,1,3,0,1,0,1,0,0,0,0,0,0,637639.0008,5360234.5878,10.858877072,48.380253059,1,#66c2a5,bicycle
9,7,61,0,2018,10,14,1,2,0,5,0,1,1,0,0,0,0,0,641982.2584,5352274.7048,10.914817436,48.30771843,1,#66c2a5,bicycle
9,7,61,0,2018,10,19,1,3,0,1,2,1,0,0,0,0,0,0,639218.6526,5359422.8667,10.879930281,48.372607673,1,#66c2a5,bicycle
9,7,61,0,2018,10,21,1,3,4,2,2,1,1,0,0,0,0,0,640312.3273,5359150.1985,10.894599297,48.369913709,1,#66c2a5,bicycle
9,1,77,133,2018,10,8,6,3,6,7,0,0,1,1,0,0,0,0,706679.0256,5359592.4815,11.790020581,48.355651589,2,#fc8d62,car
9,1,75,132,2018,10,7,6,3,0,1,0,0,0,0,1,0,0,0,706385.7117,5332105.1056,11.772678867,48.108739772,4,#e78ac3,marker
9,1,77,143,2018,10,16,6,3,5,3,0,0,1,0,0,0,1,0,720844.0391,5366411.6775,11.984560443,48.412124031,2,#fc8d62,car
9,1,62,0,2018,10,10,5,3,5,3,0,1,1,0,0,0,0,0,688572.4281,5332504.6853,11.533797926,48.117854088,1,#66c2a5,bicycle
9,1,62,0,2018,10,16,5,3,0,7,0,0,0,0,0,0,1,0,684490.3713,5333252.0435,11.479325679,48.125767532,6,#ffd92f,circle
9,1,62,0,2018,10,14,5,3,4,3,0,1,0,0,0,0,1,0,690233.1275,5343919.2876,11.561195984,48.219953913,1,#66c2a5,bicycle
9,1,62,0,2018,10,19,5,3,5,2,2,0,1,0,1,0,0,0,691534.5953,5337321.9611,11.575724781,48.160267103,2,#fc8d62,car
9,1,62,0,2018,10,16,5,3,0,6,0,0,1,0,0,0,1,0,692310.3353,5337824.3939,11.586372948,48.164548703,2,#fc8d62,car
9,1,62,0,2018,10,18,5,2,0,1,1,1,0,1,0,0,0,0,691773.1795,5336140.2095,11.578397289,48.149573819,1,#66c2a5,bicycle
9,1,62,0,2018,10,13,5,3,5,7,0,0,0,0,1,0,1,0,693554.1513,5333627.0965,11.601175023,48.126447328,4,#e78ac3,marker
9,1,84,121,2018,10,8,5,3,4,6,0,0,1,0,0,0,0,0,707124.9118,5326875.8028,11.780062024,48.061507037,2,#fc8d62,car
9,1,62,0,2018,10,7,5,3,5,2,0,0,1,0,1,0,0,0,684428.4349,5332451.3325,11.478147723,48.118588233,2,#fc8d62,car
9,1,62,0,2018,10,15,5,3,4,6,0,1,0,0,0,0,0,0,691739.7935,5335029.0848,11.577448517,48.139597268,1,#66c2a5,bicycle
9,1,62,0,2018,10,10,5,2,5,7,0,1,1,0,0,0,0,0,690760.8176,5331148.4969,11.562565899,48.105012867,1,#66c2a5,bicycle