ULAND,UREGBEZ,UKREIS,UGEMEINDE,UJAHR,UMONAT,USTUNDE,UWOCHENTAG,UKATEGORIE,UART,UTYP1,ULICHTVERH,IstRad,IstPKW,IstFuss,IstKrad,IstGkfz,IstSonstig,STRZUSTAND,LINREFX,LINREFY,XGCSWGS84,YGCSWGS84,Teilnehmer,color,symbol
9,1,62,0,2018,10,11,5,3,5,3,0,1,1,0,0,0,0,0,698638365.0,5329192036.0,11.667361302,48.085022265,1,#66c2a5,bicycle
9,1,62,0,2018,10,14,5,3,0,1,0,1,0,0,0,0,0,0,691116627.0,5334207.7468,11.568711899,48.132402622,1,#66c2a5,bicycle
9,1,62,0,2018,10,10,5,3,3,6,0,0,1,0,1,0,0,0,692135.3995,5332912863.0,11.581806634,48.120457686,2,#fc8d62,car
9,1,62,0,2018,10,21,5,3,0,6,2,0,0,0,1,0,1,1,693951.7253,5336301.7364,11.607730221,48.150365039,4,#e78ac3,marker
9,1,62,0,2018,10,12,5,3,2,6,0,0,1,0,1,0,0,0,695105.3258,5338462.0827,11.624214597,48.169428337,2,#fc8d62,car
9,1,73,137,2018,10,11,1,3,0,7,0,0,1,0,0,0,0,0,677681.9121,5308396.7808,11.377611824,47.904271103,2,#fc8d62,car
9,1,62,0,2018,10,8,5,3,5,5,0,1,1,0,0,0,0,0,691088.7469,5334216.8112,11.568341631,48.132492464,1,#66c2a5,bicycle
9,1,62,0,2018,10,13,5,3,6,6,0,0,1,1,0,0,0,0,690293.9231,5335388.9796,11.558193498,48.143266043,2,#fc8d62,car
9,1,62,0,2018,10,13,5,3,0,6,0,0,1,0,1,0,0,0,687035.1596,5334816.1703,11.514177258,48.139083827,2,#fc8d62,car
9,1,62,0,2018,10,20,5,3,5,3,2,1,1,0,0,0,0,0,682815.3002,5340185.8767,11.45981563,48.188576564,1,#66c2a5,bicycle
9,1,88,124,2018,10,16,1,3,1,5,0,1,1,0,0,0,0,0,662276752.0,5317899.3982,11.175215562,47.993789202,1,#66c2a5,bicycle
9,1,62,0,2018,10,15,5,3,5,3,0,0,1,0,0,0,0,0,687455.0698,5336050.2297,11.520359462,48.150052293,2,#fc8d62,car
9,1,77,117,2018,10,12,1,3,0,6,0,0,0,0,1,0,0,0,715424.9137,5354573.5759,11.905364027,48.307633876,4,#e78ac3,marker
9,1,62,0,2018,10,10,5,3,1,6,0,0,1,0,0,0,0,0,686393.5861,5337551.3672,11.506759479,48.163856943,2,#fc8d62,car
9,1,62,0,2018,10,11,7,3,5,3,0,1,1,0,0,0,0,0,689220.3802,5341713.5483,11.546591159,48.200431643,1,#66c2a5,bicycle
9,1,62,0,2018,10,17,5,3,3,6,0,1,0,0,0,0,0,0,694579.2601,5335850.2318,11.615952104,48.146115456,1,#66c2a5,bicycle
9,1,62,0,2018,10,13,7,3,2,7,0,0,1,0,0,0,0,0,690386.2128,5332690.1838,11.558227027,48.118981661,2,#fc8d62,car
9,1,62,0,2018,10,14,5,3,2,2,0,0,1,0,1,0,0,0,694116.5909,5334742.5078,11.609233689,48.136300994,2,#fc8d62,car
9,1,62,0,2018,10,10,7,2,0,7,0,1,0,0,0,0,0,0,692130.3292,5334392.4111,11.582405571,48.133757159,1,#66c2a5,bicycle
9,1,62,0,2018,10,22,5,3,0,5,2,1,1,0,0,0,0,0,688588145.0,5334159.1954,11.534740952,48.132720466,1,#66c2a5,bicycle
9,1,62,0,2018,10,12,7,3,3,2,0,0,1,0,0,0,1,0,684603.2396,5335024.7043,11.481609139,48.141668428,2,#fc8d62,car
9,1,62,0,2018,10,14,7,3,3,2,0,1,1,0,0,0,0,0,689652708.0,5333027345.0,11.548531009,48.122230983,1,#66c2a5,bicycle
9,1,62,0,2018,10,14,7,3,1,5,0,1,1,0,0,0,0,0,690884331.0,5334810.4095,11.565863007,48.137889031,1,#66c2a5,bicycle
9,1,62,0,2018,10,12,7,3,1,5,0,0,1,0,0,0,1,0,688664.5237,5337895.6907,11.537422591,48.166281915,2,#fc8d62,car
9,1,62,0,2018,10,12,7,3,0,1,0,1,0,0,0,0,0,0,688589.1838,5336473.0895,11.535779708,48.153517771,1,#66c2a5,bicycle
9,1,62,0,2018,10,20,7,2,3,2,2,0,1,0,1,0,0,0,689638.2506,5333429.7805,11.548515972,48.125852413,2,#fc8d62,car
9,1,84,134,2018,10,23,7,2,0,1,2,0,1,0,0,0,0,0,692537.1711,5321890.9268,11.582235615,48.021272152,2,#fc8d62,car
9,1,62,0,2018,10,13,7,3,1,5,0,0,1,0,1,0,0,0,690490.8318,5333959.9579,11.560198814,48.130363103,2,#fc8d62,car
9,7,71,130,2018,10,16,5,3,0,1,0,1,0,0,0,0,0,0,646956.9589,5357418.2155,10.983660316,48.352828915,1,#66c2a5,bicycle
9,7,61,0,2018,10,21,5,3,5,3,2,1,1,0,0,0,0,0,641786749.0,5362132796.0,10.915502876,48.396402383,1,#66c2a5,bicycle
9,7,61,0,2018,10,8,5,3,1,5,0,0,1,0,0,0,0,0,642214648.0,5361735.0873,10.921145626,48.392730021,2,#fc8d62,car
9,7,61,0,2018,10,9,5,3,5,3,0,1,1,0,0,0,0,0,642701.9379,5360170.1505,10.927192938,48.378548839,1,#66c2a5,bicycle
9,7,61,0,2018,10,16,5,3,0,1,0,1,0,0,0,0,0,1,640215.1873,5357221.7143,10.89264567,48.35259494,1,#66c2a5,bicycle
9,7,77,121,2018,10,17,7,3,5,3,0,1,1,0,0,0,0,0,628680.7077,5322675.9111,10.726555442,48.044388688,1,#66c2a5,bicycle
9,7,71,146,2018,10,12,7,3,3,2,0,1,0,0,0,0,1,0,647288.5346,5347425.3478,10.98464507,48.2629029,1,#66c2a5,bicycle
9,7,61,0,2018,10,12,5,3,4,2,0,1,1,0,0,0,0,0,640817.9113,5359530.4617,10.901549507,48.373220296,1,#66c2a5,bicycle
9,7,72,163,2018,10,16,7,3,5,3,0,0,1,0,0,0,0,0,640163711.0,5347624703.0,10.888762983,48.266311981,2,#fc8d62,car
9,7,61,0,2018,10,6,7,3,9,1,2,0,1,0,0,0,0,0,636619.4525,5360894.0811,10.845329482,48.386404771,2,#fc8d62,car
9,7,61,0,2018,10,18,7,3,5,3,1,0,1,0,1,0,0,0,640164.1975,5352918.7443,10.890526429,48.313915004,2,#fc8d62,car
9,7,61,0,2018,10,18,7,3,5,3,1,1,1,0,0,0,0,0,640224.5911,5358945.7742,10.893347129,48.368095088,1,#66c2a5,bicycle
9,2,74,134,2018,10,15,7,3,5,3,0,0,1,0,0,0,1,0,739019.8365,5374803582.0,12.234591279,48.480872501,2,#fc8d62,car
9,2,61,0,2018,10,13,7,3,4,7,0,1,1,0,0,0,0,0,732654234.0,5380745893.0,12.151896537,48.536638227,1,#66c2a5,bicycle
9,2,61,0,2018,10,16,7,3,0,1,0,1,0,0,0,0,0,1,731676.8636,5381887.4846,12.139311015,48.547254472,1,#66c2a5,bicycle
9,1,88,113,2018,10,18,7,3,0,1,1,0,0,0,1,0,0,0,676311.3964,5317274.1261,11.362925107,47.984453242,4,#e78ac3,marker
9,1,74,115,2018,10,13,7,3,1,6,0,0,1,0,0,0,0,0,683078.7241,5347726.6654,11.466612931,48.256281086,2,#fc8d62,car
9,1,77,115,2018,10,11,7,2,0,1,0,0,0,0,0,0,1,0,739735.9914,5354016.2834,12.232408268,48.293884363,6,#ffd92f,circle
9,1,62,0,2018,10,16,6,3,0,7,0,0,0,0,1,0,0,0,691351.7352,5336200.5664,11.57276402,48.15024322,4,#e78ac3,marker
9,1,62,0,2018,10,12,6,3,2,5,0,0,1,0,0,0,0,0,686644.5381,5334378.1326,11.508739703,48.135261294,2,#fc8d62,car
9,1,84,131,2018,10,15,6,3,4,1,0,1,1,0,0,0,0,0,704570.8462,5339578091.0,11.751916348,48.17648181,1,#66c2a5,bicycle
9,1,62,0,2018,10,16,6,3,0,6,0,0,1,0,0,0,1,0,689291.0218,5342635.8923,11.547952297,48.208700579,2,#fc8d62,car
9,1,62,0,2018,10,18,6,3,6,3,2,1,0,1,0,0,0,0,683012.2673,5335525.9487,11.460457796,48.146633564,1,#66c2a5,bicycle
9,1,62,0,2018,10,14,6,3,5,3,0,1,1,0,0,0,0,0,683374.4727,5335482.6939,11.465304064,48.146140457,1,#66c2a5,bicycle
9,1,62,0,2018,10,8,6,3,3,6,0,0,1,0,1,0,0,0,687955.9997,5334033.1832,11.526197519,48.131774836,2,#fc8d62,car
9,1,62,0,2018,10,10,6,2,5,7,0,1,1,0,0,0,0,0,689848.8509,5335988.5283,11.55248374,48.148787763,1,#66c2a5,bicycle
9,1,90,148,2018,10,14,5,3,5,3,0,0,1,0,0,0,0,0,641262.7005,5296667.9866,10.886753721,47.807854786,2,#fc8d62,car
9,1,62,0,2018,10,11,6,3,2,6,0,1,1,0,0,0,0,0,694787.0086,5340365.1833,11.620810015,48.186630052,1,#66c2a5,bicycle
9,1,63,0,2018,10,10,5,3,5,2,0,0,1,0,1,0,0,0,735134.7854,5304062.7811,12.14299572,47.846857747,2,#fc8d62,car
9,1,87,169,2018,10,2,5,3,1,1,2,0,1,0,0,0,0,0,736630.0389,5299019079.0,12.160196907,47.800997804,2,#fc8d62,car
9,1,81,138,2018,10,10,5,3,0,6,0,0,1,0,1,0,0,0,639907.5372,5335861.1938,10.881432417,48.16059132,2,#fc8d62,car
9,1,81,130,2018,10,8,5,3,0,1,0,1,0,0,0,0,0,0,639688.1644,5323239.7664,10.874351816,48.047145247,1,#66c2a5,bicycle
9,1,79,145,2018,10,7,5,3,5,3,1,1,1,0,0,0,0,0,675142.1161,5338605.4527,11.356012546,48.176531817,1,#66c2a5,bicycle
9,7,62,0,2018,10,6,6,3,8,1,2,0,0,0,1,0,0,0,623372.5114,5306047.3739,10.650591244,47.895888239,4,#e78ac3,marker
9,1,79,126,2018,10,10,5,2,0,1,0,1,0,0,0,0,0,0,676277.7005,5340512.5788,11.372066238,48.193361321,1,#66c2a5,bicycle
9,1,79,123,2018,10,10,5,3,1,7,0,1,1,0,0,0,0,0,675966.4523,5333502.9305,11.36498185,48.130436157,1,#66c2a5,bicycle
9,1,79,121,2018,10,11,6,3,3,6,0,0,1,0,0,1,0,0,666536.5565,5337764.6023,11.240015268,48.171286212,2,#fc8d62,car
9,1,88,121,2018,10,14,5,2,0,7,0,1,0,0,0,0,0,0,673282.2308,5330582285.0,11.327750198,48.104917275,1,#66c2a5,bicycle
9,7,72,184,2018,10,18,6,3,4,2,1,1,1,0,0,0,0,0,635926.5073,5361724.8541,10.836243666,48.394024747,1,#66c2a5,bicycle
9,1,79,131,2018,10,15,5,2,0,1,0,1,0,0,0,0,0,0,658527.1796,5332018.4404,11.130223823,48.121672386,1,#66c2a5,bicycle
9,7,72,177,2018,10,6,6,3,8,1,1,0,0,0,0,0,1,1,636471.3003,5378324.2459,10.84901559,48.543165058,6,#ffd92f,circle
9,1,62,0,2018,10,18,4,3,3,2,2,1,1,0,0,0,0,0,690333.0253,5333471.0764,11.55786174,48.126016239,1,#66c2a5,bicycle
9,7,61,0,2018,10,16,6,3,0,1,0,1,0,0,0,0,0,0,638326.4475,5359215.1054,10.867820776,48.370935718,1,#66c2a5,bicycle
9,7,61,0,2018,10,7,6,3,5,2,0,0,1,0,1,0,0,0,637635.4641,5359821.2343,10.85869398,48.376537017,2,#fc8d62,car
9,1,62,0,2018,10,9,4,3,4,2,0,0,1,0,0,0,0,0,695813078.0,5334164559.0,11.631746683,48.130586964,2,#fc8d62,car
9,7,61,0,2018,10,1,6,3,0,5,2,1,0,0,0,0,0,0,638902.5378,5358477.9938,10.875351947,48.36418124,1,#66c2a5,bicycle
9,1,62,0,2018,10,14,4,3,4,3,0,1,0,0,0,0,1,0,685259.1313,5337676.4691,11.491571993,48.165313,1,#66c2a5,bicycle
9,7,61,0,2018,10,15,6,3,2,6,0,0,1,0,0,0,0,0,638224.1339,5360323.1653,10.866804339,48.380921606,2,#fc8d62,car
9,1,62,0,2018,10,18,4,3,1,5,0,1,1,0,0,0,0,0,691769.1197,5336719.4949,11.578603776,48.15478156,1,#66c2a5,bicycle
9,7,61,0,2018,10,12,6,3,0,3,0,1,0,0,0,0,0,0,641730848.0,5360009.2467,10.914031729,48.377320949,1,#66c2a5,bicycle
9,1,62,0,2018,10,17,4,3,1,1,0,1,1,0,0,0,0,0,698686.9722,5333864.7967,11.670189152,48.127002373,1,#66c2a5,bicycle
9,1,62,0,2018,10,19,4,3,5,2,2,1,1,0,0,0,0,0,692247.7332,5332322.7534,11.583048464,48.115119965,1,#66c2a5,bicycle
9,1,62,0,2018,10,8,4,3,5,3,0,1,1,0,0,0,0,0,692544.9693,5339200.6305,11.590148427,48.176846911,1,#66c2a5,bicycle
9,1,62,0,2018,10,16,4,3,6,4,0,0,1,1,0,0,0,0,691195.4618,5342029.9147,11.573287291,48.20268343,2,#fc8d62,car
9,1,84,149,2018,10,8,4,3,5,3,0,0,1,0,0,0,0,0,690717.6355,5350532.3625,11.570691507,48.279245064,2,#fc8d62,car
9,1,62,0,2018,10,10,4,3,0,5,0,0,1,0,0,0,1,0,691525.0718,5332863.7645,11.573591933,48.120200268,2,#fc8d62,car
9,1,73,126,2018,10,16,4,3,5,3,0,0,1,0,0,0,0,1,686575.9242,5303037.9569,11.494196597,47.85357666,2,#fc8d62,car
9,1,63,0,2018,10,14,4,3,4,4,0,0,1,1,0,0,0,1,733725.4791,5305112.7155,12.124754037,47.856804259,2,#fc8d62,car
9,1,87,117,2018,10,21,4,2,5,3,2,1,1,0,0,0,0,1,725647.8758,5304724.3331,12.016716798,47.856201566,1,#66c2a5,bicycle
9,1,86,143,2018,10,15,4,3,6,4,0,0,1,1,0,0,0,0,684771616.0,5378034.9453,11.502730757,48.528201299,2,#fc8d62,car
9,2,61,0,2018,10,22,6,3,6,7,2,1,0,1,0,0,0,0,732604.4733,5380614.7291,12.151150269,48.535478462,1,#66c2a5,bicycle
9,2,74,126,2018,10,16,6,3,5,3,0,0,1,0,0,0,0,0,733644304.0,5384350717.0,12.167310704,48.568651025,2,#fc8d62,car
9,1,81,139,2018,10,15,4,3,5,3,0,1,1,0,0,0,0,1,655998.7733,5323705.4223,11.09323573,48.047554329,1,#66c2a5,bicycle
9,1,75,118,2018,10,16,4,3,9,1,1,0,1,0,0,0,0,1,717524.8459,5339240.8933,11.925774148,48.169150601,2,#fc8d62,car
9,2,74,126,2018,10,21,6,2,5,3,2,0,1,0,1,0,0,0,733372.8994,5384348.4819,12.163636105,48.568732035,2,#fc8d62,car
9,1,78,124,2018,10,0,4,3,0,1,2,1,0,0,0,0,0,0,703040.8905,5364430.8958,11.743304132,48.400311051,1,#66c2a5,bicycle
9,1,90,148,2018,10,13,6,3,2,6,0,0,1,0,0,0,0,0,640123.9945,5296501316.0,10.871499325,47.806604887,2,#fc8d62,car
9,1,77,117,2018,10,19,4,3,5,2,2,0,1,0,0,0,0,1,714485.06,5355423849.0,11.893137569,48.315593104,2,#fc8d62,car
9,1,75,131,2018,10,7,4,3,5,3,1,0,1,0,1,0,0,1,709948.9677,5322966.8326,11.816003007,48.025457183,2,#fc8d62,car
9,1,63,0,2018,10,12,6,3,6,2,0,0,1,1,0,0,0,0,731260318.0,5304113026.0,12.091311986,47.848714502,2,#fc8d62,car
9,1,62,0,2018,10,20,3,3,0,7,2,1,0,0,0,0,1,0,696707439.0,5338317222.0,11.645672663,48.16763267,1,#66c2a5,bicycle
9,1,62,0,2018,10,14,3,3,3,2,0,1,1,0,0,0,0,0,690194.1015,5335422.7966,11.55686805,48.143599838,1,#66c2a5,bicycle
9,1,87,150,2018,10,15,6,3,0,4,0,0,1,1,0,0,1,0,729428.0995,5304181.3252,12.066892914,47.849984626,2,#fc8d62,car
9,1,62,0,2018,10,20,3,3,5,3,2,0,1,0,0,0,0,0,693690.6631,5332330.8756,11.602418758,48.114755758,2,#fc8d62,car
9,1,62,0,2018,10,14,3,3,5,3,0,1,1,0,0,0,0,0,691130.0684,5334360.9077,11.56896108,48.133775185,1,#66c2a5,bicycle
9,1,81,130,2018,10,12,6,3,5,3,0,0,1,0,0,0,0,0,638152.7023,5324845.8668,10.854278705,48.061922114,2,#fc8d62,car
9,1,62,0,2018,10,15,3,3,5,3,0,1,1,0,0,0,0,0,689415.4452,5337173.3183,11.547190009,48.159565914,1,#66c2a5,bicycle
9,1,81,114,2018,10,17,6,3,2,6,0,0,0,0,1,0,0,0,654132637.0,5312311035.0,11.064120239,47.945556935,4,#e78ac3,marker
9,1,74,115,2018,10,7,6,3,4,6,0,1,0,0,0,0,0,0,681303.8414,5347536.9092,11.442641387,48.255085727,1,#66c2a5,bicycle
9,1,62,0,2018,10,17,3,3,4,2,1,0,1,0,0,0,0,1,684495.9026,5332977556.0,11.47928113,48.123298682,2,#fc8d62,car
9,1,74,115,2018,10,16,6,3,2,6,0,0,1,0,0,0,0,0,682892.4826,5348433.3116,11.46441157,48.262686517,2,#fc8d62,car
9,1,62,0,2018,10,11,3,3,3,2,0,0,1,0,1,0,0,0,690508.6157,5335039.6964,11.560920447,48.140062447,2,#fc8d62,car
9,1,74,115,2018,10,7,6,3,5,3,0,1,1,0,0,0,0,0,681327.0004,5347497.0777,11.44293604,48.254721072,1,#66c2a5,bicycle
9,1,62,0,2018,10,8,3,1,3,2,0,0,1,0,1,0,0,0,689841.3473,5336687.1087,11.552694559,48.15506885,2,#fc8d62,car
9,1,77,143,2018,10,15,6,2,2,6,0,0,1,0,1,0,0,0,719915.7756,5362998.3843,11.970245909,48.381781994,2,#fc8d62,car
9,1,62,0,2018,10,8,3,3,5,3,0,1,1,0,0,0,0,0,686841.9575,5339106.7264,11.513467008,48.177705295,1,#66c2a5,bicycle
9,1,62,0,2018,10,16,3,3,6,2,0,0,0,1,0,0,1,0,687008.3112,5334381.2403,11.513625764,48.135182436,3,#8da0cb,toilet
9,1,62,0,2018,10,18,3,2,6,4,1,0,1,1,0,0,0,1,689046.9672,5333386618.0,11.540558785,48.125640323,2,#fc8d62,car
9,7,77,121,2018,10,10,3,3,1,1,0,0,1,0,0,0,0,0,627551404.0,5321379.8692,10.711024112,48.032959903,2,#fc8d62,car
9,1,77,139,2018,10,8,6,3,4,6,0,0,1,0,0,0,1,0,731852.2063,5359679.6524,12.129390315,48.347696791,2,#fc8d62,car
9,1,62,0,2018,10,8,5,3,5,3,0,1,0,0,0,0,0,0,691855.3337,5337060685.0,11.579915661,48.15782211,1,#66c2a5,bicycle
9,1,62,0,2018,10,8,5,3,2,6,0,0,1,0,0,0,0,0,692039.0124,5338099.7114,11.582852107,48.167105209,2,#fc8d62,car
9,7,72,184,2018,10,16,3,3,5,3,0,0,1,0,0,0,0,0,634882.7924,5361966.8801,10.822229211,48.39642516,2,#fc8d62,car
9,1,62,0,2018,10,13,5,3,5,3,0,0,1,0,0,0,0,0,682304.3042,5336617.6222,11.451416444,48.156649578,2,#fc8d62,car
9,7,61,0,2018,10,7,3,3,5,2,0,1,1,0,0,0,0,0,639272.0756,5355535.7725,10.879364938,48.33764399,1,#66c2a5,bicycle
9,1,62,0,2018,10,7,5,3,5,3,0,1,1,0,0,0,0,0,701290.5184,5334639.0874,11.705504225,48.133142995,1,#66c2a5,bicycle
9,1,62,0,2018,10,7,5,3,5,3,0,1,1,0,0,0,0,1,688548943.0,5339633711.0,11.536640577,48.181937686,1,#66c2a5,bicycle
9,1,62,0,2018,10,11,5,3,3,7,0,0,1,0,0,0,1,0,693863.7436,5333967.9425,11.605486227,48.129416537,2,#fc8d62,car
9,1,62,0,2018,10,9,5,3,0,6,0,0,1,0,1,0,0,1,692322.4587,5337519.8897,11.586398141,48.161808227,2,#fc8d62,car
9,1,62,0,2018,10,15,5,3,5,3,0,0,1,0,1,0,0,0,691196.2343,5340459.6057,11.572590568,48.188569578,2,#fc8d62,car
9,1,62,0,2018,10,15,5,3,3,7,0,1,0,0,0,0,1,0,691583.3913,5337318.4924,11.576378731,48.160221227,1,#66c2a5,bicycle
9,1,62,0,2018,10,19,5,3,5,3,2,0,1,0,0,0,1,1,688570.1064,5335642.9703,11.535155702,48.146062206,2,#fc8d62,car
9,1,62,0,2018,10,17,5,3,2,2,0,0,1,0,1,0,0,0,692714344.0,5334122.9986,11.590125093,48.13115917,2,#fc8d62,car
9,1,62,0,2018,10,6,5,3,6,4,2,0,1,1,1,0,0,1,691282.8533,5339417.5793,11.573285692,48.179177963,2,#fc8d62,car
9,1,62,0,2018,10,11,5,3,3,2,0,1,1,0,0,0,0,0,690700371.0,5338602.2049,11.565092038,48.17202455,1,#66c2a5,bicycle
9,1,62,0,2018,10,13,5,3,4,2,0,0,1,0,0,0,0,0,688279.3112,5335887.7269,11.53135843,48.148348249,2,#fc8d62,car
9,1,84,130,2018,10,0,5,3,6,4,2,0,1,1,0,0,0,1,699973.0562,5347763.4729,11.693996755,48.251506499,2,#fc8d62,car
9,7,78,203,2018,10,17,5,3,0,2,0,1,0,0,0,0,0,0,622357.4058,5324903.4968,10.642387609,48.065665696,1,#66c2a5,bicycle
9,7,62,0,2018,10,15,5,3,6,4,0,1,0,1,0,0,0,0,621395.7005,5304327.4925,10.623671061,47.880797124,1,#66c2a5,bicycle
9,7,62,0,2018,10,15,5,3,1,6,0,0,1,0,0,0,1,0,622057.8424,5305256.0244,10.632786014,47.889022519,2,#fc8d62,car
9,7,71,146,2018,10,10,5,3,6,1,0,0,1,1,0,0,0,0,647148.0926,5347543.1049,10.982794823,48.263994336,2,#fc8d62,car
9,7,61,0,2018,10,23,5,3,0,4,2,0,1,1,0,0,0,0,641449.7852,5360279.37,10.910329162,48.379812857,2,#fc8d62,car
9,7,61,0,2018,10,16,5,3,5,3,0,1,0,0,0,0,0,0,639290.73,5358639.1449,10.880643443,48.365544734,1,#66c2a5,bicycle
9,7,61,0,2018,10,14,5,3,3,6,0,1,0,0,0,0,0,0,639517.7008,5358776.4075,10.883751715,48.366728839,1,#66c2a5,bicycle
9,7,61,0,2018,10,11,5,3,2,6,0,0,1,0,0,0,0,0,640805.8968,5359248.5414,10.901292953,48.370688051,2,#fc8d62,car
9,1,79,145,2018,10,1,3,3,1,1,2,0,1,0,0,0,0,0,675946.5389,5338940.4362,11.36696277,48.17932084,2,#fc8d62,car
9,1,88,121,2018,10,12,3,1,0,1,0,1,0,0,0,0,0,0,672368.1406,5329943.0065,11.315223168,48.099418357,1,#66c2a5,bicycle
9,1,78,145,2018,10,15,3,3,5,3,0,1,1,0,0,0,0,0,696351.1134,5354329.6801,11.648307971,48.311650242,1,#66c2a5,bicycle
9,1,62,0,2018,10,16,2,3,2,6,0,0,1,0,1,0,1,0,691207.6461,5340317.4114,11.572679949,48.187288128,2,#fc8d62,car
9,1,62,0,2018,10,7,2,2,7,1,0,0,0,0,1,0,1,0,690305.6771,5335771.2963,11.558522232,48.146698782,4,#e78ac3,marker
9,1,62,0,2018,10,8,2,3,5,3,0,0,1,0,1,0,0,0,688632.1563,5332771327.0,11.534717629,48.120233024,2,#fc8d62,car
9,1,62,0,2018,10,12,2,3,5,2,0,1,1,0,0,0,0,0,694546.9826,5340995.1527,11.617872573,48.192365446,1,#66c2a5,bicycle
9,1,62,0,2018,10,20,2,3,1,1,2,1,1,0,0,0,0,0,691594.4985,5337194.0005,11.576471877,48.159098968,1,#66c2a5,bicycle
9,1,62,0,2018,10,20,2,3,2,6,2,0,1,0,0,0,0,0,685017.2166,5339238.4551,11.489001421,48.179423236,2,#fc8d62,car
9,1,62,0,2018,10,12,2,3,2,6,0,0,1,0,0,0,0,0,688411.3683,5338195.5453,11.534154119,48.169052122,2,#fc8d62,car
9,1,62,0,2018,10,13,2,3,5,3,0,1,1,0,0,0,0,0,690976.6325,5340305.4272,11.569569542,48.187249907,1,#66c2a5,bicycle
9,1,62,0,2018,10,17,2,3,0,1,0,1,0,0,0,0,0,0,691734.0329,5332745.6698,11.57634377,48.119075958,1,#66c2a5,bicycle
9,1,62,0,2018,10,8,2,3,2,6,0,1,0,0,1,0,0,0,691704.4154,5336460.5564,11.577618007,48.152473772,1,#66c2a5,bicycle
9,1,84,149,2018,10,7,2,3,5,3,0,1,1,0,0,0,0,0,691737.0486,5351360.2765,11.584793382,48.286378153,1,#66c2a5,bicycle
9,1,62,0,2018,10,7,2,3,6,2,1,0,1,1,0,0,0,0,684876.7374,5334497.4145,11.485053277,48.136849475,2,#fc8d62,car
9,2,74,183,2018,10,10,5,3,5,3,0,0,1,0,0,0,0,0,741115.7786,5362186.9187,12.255654385,48.366750172,2,#fc8d62,car
9,1,62,0,2018,10,12,2,3,1,7,0,1,1,0,0,0,0,0,691631752.0,5332432062.0,11.574829915,48.116288069,1,#66c2a5,bicycle
9,1,62,0,2018,10,8,2,3,0,7,0,1,1,0,0,0,0,0,693428.6407,5335207.0596,11.600207415,48.140685716,1,#66c2a5,bicycle
9,1,73,126,2018,10,19,5,1,6,4,2,0,1,1,0,0,0,0,685367.8628,5304173.7258,11.478549439,47.864135645,2,#fc8d62,car
9,1,62,0,2018,10,16,2,3,0,7,0,1,1,0,0,0,0,0,693206.1533,5333479.8158,11.596436499,48.125229317,1,#66c2a5,bicycle
9,1,62,0,2018,10,15,2,3,0,7,0,0,0,0,0,0,1,0,690981.2094,5334290.1006,11.566930623,48.133183462,6,#ffd92f,circle
9,1,63,0,2018,10,9,5,3,0,1,0,1,0,0,0,0,0,0,733703.4344,5306228.5314,12.125062786,47.866836775,1,#66c2a5,bicycle
9,1,81,128,2018,10,11,5,3,5,3,0,0,1,0,0,0,0,0,638004.9537,5327380.3975,10.853115139,48.084745512,2,#fc8d62,car
9,1,81,130,2018,10,12,5,3,5,2,0,1,1,0,0,0,0,0,638690.2666,5322829.7139,10.860836387,48.043675518,1,#66c2a5,bicycle
9,7,62,0,2018,10,12,2,2,6,4,0,0,1,1,0,0,0,0,621361.8857,5304632.2981,10.623304639,47.883544865,2,#fc8d62,car
9,1,79,121,2018,10,8,5,3,0,1,0,0,0,0,1,0,0,1,668332.0238,5340047.1502,11.265050164,48.191333016,4,#e78ac3,marker
9,1,77,117,2018,10,9,5,3,4,2,0,0,1,0,0,0,0,0,715086.2904,5352931.5244,11.899966707,48.292994973,2,#fc8d62,car
9,7,72,147,2018,10,13,2,3,5,3,0,1,1,0,0,0,0,0,638702867.0,5364773646.0,10.874736767,48.420834096,1,#66c2a5,bicycle
9,1,62,0,2018,10,20,4,3,6,4,2,0,1,1,0,0,0,1,688201.5643,5336335.8539,11.530512347,48.152399096,2,#fc8d62,car
9,7,71,142,2018,10,21,2,3,8,1,2,0,1,0,0,0,0,1,649575.9123,5352379.7927,11.017200809,48.306913181,2,#fc8d62,car
9,1,62,0,2018,10,12,4,3,1,6,0,0,1,0,0,0,0,0,698204.5302,5334692.6857,11.664097897,48.134593204,2,#fc8d62,car
9,7,61,0,2018,10,7,2,3,3,6,1,0,1,0,0,1,0,0,639050.8595,5359168.9249,10.877581786,48.370361281,2,#fc8d62,car
9,1,62,0,2018,10,17,4,3,5,2,1,1,1,0,0,0,0,1,686679.8349,5339491.3896,11.511457225,48.181210393,1,#66c2a5,bicycle
9,7,61,0,2018,10,12,2,3,2,2,0,0,1,0,0,0,0,0,637252396.0,5362448635.0,10.854382094,48.400245681,2,#fc8d62,car
9,7,61,0,2018,10,5,2,2,5,1,2,1,1,0,0,0,0,1,640615.1848,5357243.0483,10.898048947,48.352697831,1,#66c2a5,bicycle