ULAND,UREGBEZ,UKREIS,UGEMEINDE,UJAHR,UMONAT,USTUNDE,UWOCHENTAG,UKATEGORIE,UART,UTYP1,ULICHTVERH,IstRad,IstPKW,IstFuss,IstKrad,IstGkfz,IstSonstig,STRZUSTAND,LINREFX,LINREFY,XGCSWGS84,YGCSWGS84,Teilnehmer,color,symbol
9,1,62,0,2018,10,18,4,3,5,2,2,1,1,0,0,0,0,1,700058417.0,5334590.0288,11.688939742,48.133090575,1,#66c2a5,bicycle
9,7,61,0,2018,10,11,2,3,5,3,0,1,1,0,0,0,0,0,639217.6115,5358609.8046,10.87964707,48.365297044,1,#66c2a5,bicycle
9,1,62,0,2018,10,20,4,3,6,2,2,0,1,1,0,0,0,1,693686.7846,5340330226.0,11.606006777,48.186652269,2,#fc8d62,car
9,7,61,0,2018,10,15,2,3,2,1,0,0,1,0,0,0,0,0,639721.3477,5357591.5239,10.886106278,48.35602963,2,#fc8d62,car
9,1,62,0,2018,10,19,4,3,6,2,2,0,1,1,0,0,0,1,687465.3218,5335651.5498,11.520321593,48.146465842,2,#fc8d62,car
9,1,62,0,2018,10,9,4,3,3,2,0,1,1,0,0,0,0,0,692195.1123,5337549.8878,11.584700919,48.16211635,1,#66c2a5,bicycle
9,7,61,0,2018,10,16,2,3,4,2,0,1,1,0,0,0,0,0,638845.0707,5355537.1689,10.873606518,48.337750524,1,#66c2a5,bicycle
9,1,62,0,2018,10,13,4,3,5,3,0,1,1,0,0,0,0,0,690820.6363,5337751.9825,11.566326499,48.164346753,1,#66c2a5,bicycle
9,1,62,0,2018,10,16,4,3,5,3,0,1,1,0,0,0,0,1,690320.4861,5335870.0689,11.558765279,48.147582117,1,#66c2a5,bicycle
9,1,62,0,2018,10,19,4,2,6,4,2,1,0,1,0,0,0,1,691687.2684,5337833666.0,11.578006343,48.164820205,1,#66c2a5,bicycle
9,1,62,0,2018,10,8,4,3,1,5,0,0,1,0,0,0,0,0,691286.6675,5335115.0096,11.571402367,48.140505931,2,#fc8d62,car
9,1,62,0,2018,10,17,4,2,6,2,0,0,1,1,0,0,0,1,688527.5022,5334395.5796,11.534031308,48.134863092,2,#fc8d62,car
9,1,62,0,2018,10,7,4,3,5,2,0,1,1,0,0,0,0,0,688835932.0,5336492993.0,11.539102951,48.153623451,1,#66c2a5,bicycle
9,1,62,0,2018,10,17,4,3,6,2,0,0,1,1,0,0,0,1,683093673.0,5335446.7073,11.461517106,48.145897866,2,#fc8d62,car
9,1,62,0,2018,10,16,4,3,5,3,0,0,1,0,0,0,0,1,687294138.0,5327425637.0,11.514410878,48.072579056,2,#fc8d62,car
9,1,62,0,2018,10,15,4,3,8,2,0,1,0,0,0,0,0,1,695472.0884,5332201.8132,11.626268799,48.113051535,1,#66c2a5,bicycle
9,1,62,0,2018,10,17,4,2,6,4,2,0,1,1,0,0,0,0,694457402.0,5334801.2233,11.613836592,48.136724658,2,#fc8d62,car
9,1,62,0,2018,10,22,4,3,3,7,2,0,1,0,1,0,0,0,693563.0446,5335170.1183,11.601995448,48.140312828,2,#fc8d62,car
9,1,62,0,2018,10,16,4,3,3,6,0,0,1,0,1,0,0,1,693822.7962,5335113.6971,11.605457772,48.139726664,2,#fc8d62,car
9,1,62,0,2018,10,19,4,3,3,2,2,1,1,0,0,0,0,1,690144.8522,5334731.5011,11.555898002,48.137401193,1,#66c2a5,bicycle
9,1,62,0,2018,10,18,4,3,2,6,2,0,1,0,1,0,0,1,688303.1695,5333975.4333,11.530833369,48.131153154,2,#fc8d62,car
9,1,62,0,2018,10,18,4,3,5,2,2,1,0,0,0,0,1,1,691861.4257,5335837.8934,11.579446261,48.146830044,1,#66c2a5,bicycle
9,1,62,0,2018,10,3,4,3,0,1,2,1,0,0,0,0,0,1,691659.6242,5334759.0495,11.576250466,48.13719438,1,#66c2a5,bicycle
9,7,62,0,2018,10,8,4,2,5,3,0,0,1,0,1,0,0,1,622844.1744,5307799.2377,10.644024632,47.911745226,2,#fc8d62,car
9,7,73,182,2018,10,16,4,3,2,6,0,0,1,0,1,0,0,1,624136.2163,5380089.0376,10.682495622,48.561597171,2,#fc8d62,car
9,7,61,0,2018,10,19,4,3,5,3,1,1,1,0,0,0,0,1,638849.2451,5358593488.0,10.874670956,48.365231464,1,#66c2a5,bicycle
9,7,61,0,2018,10,20,4,3,5,3,2,0,1,0,0,0,0,1,638513208.0,5358204.79,10.870008485,48.36181019,2,#fc8d62,car
9,2,61,0,2018,10,11,2,3,0,7,0,1,0,0,0,0,0,0,732627.7036,5381074.6295,12.151721166,48.539601008,1,#66c2a5,bicycle
9,7,61,0,2018,10,11,4,3,8,1,0,0,0,0,1,0,0,0,639277.7645,5359496.04,10.880752287,48.373252585,4,#e78ac3,marker
9,7,71,165,2018,10,21,4,3,7,7,2,0,0,0,1,0,0,1,661095.2315,5362413.4372,11.176279204,48.394288477,4,#e78ac3,marker
9,1,73,126,2018,10,8,2,3,1,7,0,0,1,0,0,0,0,0,686354.3118,5303611.4597,11.491484029,47.858796116,2,#fc8d62,car
9,1,63,0,2018,10,19,2,3,6,2,1,0,1,1,0,0,0,0,733840.5085,5303454.4377,12.125393439,47.841864417,2,#fc8d62,car
9,1,90,139,2018,10,8,2,3,5,3,0,0,1,0,0,0,0,1,655452665.0,5296557.2861,11.076117414,47.803588831,2,#fc8d62,car
9,1,63,0,2018,10,17,2,3,5,3,2,0,1,0,0,0,0,1,732515.6858,5305230.6536,12.108667983,47.858302646,2,#fc8d62,car
9,1,63,0,2018,10,18,2,3,6,4,2,0,1,1,0,0,0,1,733901943.0,5304651.3399,12.126860154,47.852595063,2,#fc8d62,car
9,1,63,0,2018,10,18,2,3,0,2,2,1,1,0,0,0,0,1,733907.6543,5305733.3547,12.12752151,47.862313801,1,#66c2a5,bicycle
9,1,81,128,2018,10,19,2,2,9,1,2,0,1,0,0,0,0,1,639407.3257,5332184.3958,10.873505492,48.127638914,2,#fc8d62,car
9,1,79,132,2018,10,17,2,2,4,6,1,1,0,0,0,0,1,1,661234.3047,5336640.9418,11.168324651,48.162551248,1,#66c2a5,bicycle
9,1,62,0,2018,10,18,1,3,2,6,1,0,1,0,0,0,0,1,697395.6115,5331335.2817,11.651682825,48.104670458,2,#fc8d62,car
9,1,62,0,2018,10,19,1,2,5,3,2,0,1,0,0,0,1,1,690361.6396,5333860.4129,11.558419795,48.129507043,2,#fc8d62,car
9,1,62,0,2018,10,15,1,3,6,2,0,0,1,1,0,0,0,1,687527.0955,5331990.5036,11.519540083,48.11354117,2,#fc8d62,car
9,1,62,0,2018,10,3,1,3,0,5,2,0,1,1,0,0,0,1,690872.8427,5333057.2584,11.564923447,48.122135235,2,#fc8d62,car
9,1,62,0,2018,10,13,1,3,4,2,0,0,1,0,1,0,0,1,688973.0954,5336204.8909,11.540817458,48.150993223,2,#fc8d62,car
9,1,62,0,2018,10,11,1,3,5,3,0,0,1,0,0,0,0,1,688562.93,5328546.3398,11.531921655,48.082278386,2,#fc8d62,car
9,7,62,0,2018,10,20,4,3,8,1,2,0,1,0,0,0,0,0,622643.8254,5306078.4473,10.640855191,47.8963074,2,#fc8d62,car
9,7,72,145,2018,10,21,4,2,8,7,2,0,1,0,0,0,0,0,631647.7374,5369529.2456,10.780922145,48.465110933,2,#fc8d62,car
9,7,71,130,2018,10,1,1,3,8,1,2,0,1,0,0,0,0,1,647437.2556,5358605.0966,10.990555269,48.363388438,2,#fc8d62,car
9,7,61,0,2018,10,11,4,3,5,7,0,1,1,0,0,0,0,0,638716.9649,5361414.3911,10.873816915,48.390625482,1,#66c2a5,bicycle
9,7,61,0,2018,10,1,4,1,5,3,2,0,1,0,1,0,0,0,640943.7968,5351180.4861,10.900455048,48.298111743,2,#fc8d62,car
9,7,61,0,2018,10,16,1,3,4,3,1,0,1,0,0,0,0,1,641423.5915,5352720.7649,10.907436947,48.311854434,2,#fc8d62,car
9,7,61,0,2018,10,2,1,3,5,3,2,0,1,0,0,0,0,1,639811.8439,5357793.5941,10.887394338,48.357826562,2,#fc8d62,car
9,7,61,0,2018,10,19,1,3,2,2,2,0,1,0,0,0,0,1,639842.6307,5360014.8278,10.888548293,48.37779245,2,#fc8d62,car
9,1,63,0,2018,10,15,1,3,0,1,0,1,0,0,0,0,0,1,733869.3273,5304819.6942,12.126515817,47.854119427,1,#66c2a5,bicycle
9,1,81,130,2018,10,1,1,2,8,1,2,0,1,0,0,0,0,1,637257.0089,5324807.7633,10.842250985,48.061772813,2,#fc8d62,car
9,1,79,121,2018,10,18,1,3,3,6,2,1,1,0,0,0,0,1,665723.39,5337148.3919,11.228846131,48.16595897,1,#66c2a5,bicycle
9,1,62,0,2018,10,10,1,3,2,6,0,0,1,0,0,0,0,1,696600.0144,5343078.3887,11.646433141,48.210455886,2,#fc8d62,car
9,1,62,0,2018,10,18,7,3,1,6,1,0,1,0,1,0,0,1,692327.5233,5337761.2156,11.586575296,48.163975673,2,#fc8d62,car
9,2,61,0,2018,10,9,4,3,3,2,0,0,1,0,0,0,1,0,732119.8504,5381611.7546,12.145150614,48.544613922,2,#fc8d62,car
9,1,62,0,2018,10,22,7,3,5,3,2,0,1,0,0,0,0,1,690160.2605,5333910.0384,11.555738243,48.13001327,2,#fc8d62,car
9,1,90,157,2018,10,18,4,3,2,6,2,1,0,0,0,0,0,0,660395.2823,5301290.3569,11.143832935,47.844932153,1,#66c2a5,bicycle
9,1,62,0,2018,10,10,7,3,0,1,0,1,1,0,0,0,0,1,685686.2415,5334636.3374,11.495984246,48.137862481,1,#66c2a5,bicycle
9,1,73,126,2018,10,2,4,3,1,1,2,0,1,0,0,0,0,0,685337.7899,5303451.2026,11.477838026,47.857649574,2,#fc8d62,car
9,1,62,0,2018,10,15,7,3,1,3,0,0,1,0,0,0,0,0,688362.7916,5332384.8295,11.530931002,48.116838844,2,#fc8d62,car
9,1,62,0,2018,10,16,7,3,6,4,0,0,1,1,0,0,0,1,693001.5904,5333863.3844,11.593864065,48.128738787,2,#fc8d62,car
9,1,62,0,2018,10,19,7,3,4,2,2,0,1,0,0,0,0,1,694373.3929,5341714.6769,11.615868617,48.198885312,2,#fc8d62,car
9,1,62,0,2018,10,14,7,3,5,3,0,0,1,0,0,0,0,1,697600.8489,5330463.2715,11.654033066,48.096769762,2,#fc8d62,car
9,1,62,0,2018,10,15,7,3,6,2,0,0,1,1,0,0,0,0,684421.7591,5339063076.0,11.480922544,48.178019952,2,#fc8d62,car
9,1,82,125,2018,10,17,4,2,6,4,1,0,0,1,0,1,0,0,712061.4331,5296847489.0,11.83145978,47.790043671,3,#8da0cb,toilet
9,1,62,0,2018,10,18,7,3,3,2,2,1,1,0,0,0,0,1,697712.0981,5332732.4724,11.656577149,48.117129339,1,#66c2a5,bicycle
9,1,81,130,2018,10,18,4,1,1,1,2,0,1,0,0,0,0,0,638494.7806,5325655.5418,10.859129832,48.069128818,2,#fc8d62,car
9,1,62,0,2018,10,12,7,3,4,6,0,0,1,0,0,0,0,1,694596.4984,5336185.3606,11.616336796,48.149122175,2,#fc8d62,car
9,1,74,115,2018,10,21,4,3,5,6,2,1,0,1,0,0,0,0,682356.6706,5348550.6259,11.457249171,48.263895442,1,#66c2a5,bicycle
9,1,62,0,2018,10,10,7,3,2,6,0,0,1,0,0,0,0,1,694513.8425,5333902.2347,11.614184005,48.128627658,2,#fc8d62,car
9,1,84,131,2018,10,17,3,3,5,3,1,1,1,0,0,0,0,0,704798.1647,5337761.5305,11.754095759,48.160084051,1,#66c2a5,bicycle
9,7,78,203,2018,10,15,7,3,5,2,0,0,1,0,1,0,0,1,622522.8148,5325245.5281,10.644704951,48.068709959,2,#fc8d62,car
9,1,62,0,2018,10,8,3,3,5,2,0,1,1,0,0,0,0,0,689696484.0,5334565835.0,11.549803525,48.136045993,1,#66c2a5,bicycle
9,1,62,0,2018,10,10,3,3,8,1,0,0,1,0,0,0,0,0,686646.6083,5338242.4659,11.510462248,48.1699945,2,#fc8d62,car
9,1,62,0,2018,10,19,3,2,6,4,2,0,1,1,0,0,0,0,697798.3312,5330649.0982,11.656768656,48.098378588,2,#fc8d62,car
9,1,62,0,2018,10,17,3,3,4,2,1,0,1,0,1,0,0,0,691129.7113,5337125.1701,11.57019725,48.158620203,2,#fc8d62,car
9,1,62,0,2018,10,16,3,3,3,6,0,0,1,0,1,0,0,0,689041.9689,5337528.4845,11.542330604,48.162869315,2,#fc8d62,car
9,7,72,171,2018,10,7,7,3,5,2,2,0,1,0,0,0,0,1,637489903.0,5371851969.0,10.860675933,48.484746356,2,#fc8d62,car
9,1,84,148,2018,10,5,3,3,5,3,1,1,1,0,0,0,0,0,695642.0542,5326124.9177,11.625766594,48.058382743,1,#66c2a5,bicycle
9,7,72,147,2018,10,16,7,3,5,3,0,0,1,0,0,0,0,1,638515.8138,5364731.3699,10.872195959,48.420495116,2,#fc8d62,car
9,7,71,130,2018,10,10,7,3,5,3,0,0,1,0,0,0,0,1,645948.3089,5357387.9784,10.970043228,48.352790957,2,#fc8d62,car
9,1,62,0,2018,10,16,3,3,5,3,0,1,1,0,0,0,0,0,688741.6744,5334285.9204,11.536858525,48.133813978,1,#66c2a5,bicycle
9,7,61,0,2018,10,15,7,3,2,1,0,0,1,0,0,0,0,1,641467.7539,5357845.3001,10.909752894,48.357922642,2,#fc8d62,car
9,1,62,0,2018,10,12,3,3,1,5,0,1,0,0,0,0,1,0,691766.8735,5335472668.0,11.578011908,48.143575966,1,#66c2a5,bicycle
9,7,61,0,2018,10,10,7,3,0,1,0,1,0,0,0,0,0,1,642178.5596,5358305795.0,10.919498484,48.361903553,1,#66c2a5,bicycle
9,7,61,0,2018,10,21,7,3,4,1,2,1,1,0,0,0,0,1,641340.5003,5358173.2281,10.908146173,48.360899747,1,#66c2a5,bicycle
9,7,61,0,2018,10,15,7,3,5,1,0,0,1,0,0,0,0,1,641309.1011,5357970.3702,10.907654387,48.359082753,2,#fc8d62,car
9,7,61,0,2018,10,18,7,3,5,3,2,1,1,0,0,0,0,1,640230.5482,5359026.3474,10.893454384,48.368818254,1,#66c2a5,bicycle
9,7,61,0,2018,10,14,3,3,4,3,0,0,1,0,0,0,0,0,642022.0164,5359577.6546,10.917815776,48.373374796,2,#fc8d62,car
9,1,87,182,2018,10,19,7,3,6,4,2,0,1,1,0,0,0,1,740807434.0,5328084864.0,12.232141253,48.060548357,2,#fc8d62,car
9,1,79,121,2018,10,11,7,3,2,6,0,0,1,0,0,0,0,1,667500979.0,5337913266.0,11.25303552,48.172369254,2,#fc8d62,car
9,1,74,115,2018,10,14,7,3,5,3,0,1,1,0,0,0,0,1,681706.4471,5348030.1659,11.448272218,48.259404086,1,#66c2a5,bicycle
9,1,77,133,2018,10,14,7,3,6,7,0,0,1,1,0,0,0,1,706317.9819,5359149.4096,11.784935588,48.351788198,2,#fc8d62,car
9,1,78,124,2018,10,0,7,3,0,1,2,1,0,0,0,0,0,0,703451055.0,5364649288.0,11.748945097,48.402141361,1,#66c2a5,bicycle
9,2,61,0,2018,10,17,3,3,5,3,2,0,1,0,1,0,0,0,731883.6094,5382354.7485,12.142368243,48.551375424,2,#fc8d62,car
9,1,84,147,2018,10,15,6,3,5,3,0,1,0,0,0,0,1,0,697119.9206,5341611.8449,11.652742688,48.197114507,1,#66c2a5,bicycle
9,1,62,0,2018,10,21,6,3,5,2,2,1,1,0,0,0,0,0,690157.0127,5335270.8141,11.556302092,48.142244906,1,#66c2a5,bicycle
9,1,84,148,2018,10,11,6,3,5,3,0,1,1,0,0,0,0,0,694827.5144,5326498.9192,11.6150166,48.061993371,1,#66c2a5,bicycle
9,1,62,0,2018,10,17,6,3,3,2,0,1,0,0,0,0,1,0,692313.2368,5337785.6208,11.586394397,48.164199342,1,#66c2a5,bicycle
9,1,62,0,2018,10,16,6,2,5,3,0,1,0,0,0,1,0,0,689555.6674,5337259.8294,11.549112278,48.160301692,1,#66c2a5,bicycle
9,1,84,149,2018,10,15,6,3,0,7,0,0,1,0,0,0,0,0,691392.5497,5351350.9753,11.5801499,48.286398803,2,#fc8d62,car
9,1,87,169,2018,10,6,3,3,0,7,1,0,1,0,0,0,0,0,735841.8273,5299672.8258,12.150042216,47.807160141,2,#fc8d62,car
9,1,84,120,2018,10,16,6,3,5,2,0,1,1,0,0,0,0,0,681380.6033,5331701.1588,11.436913955,48.112720506,1,#66c2a5,bicycle
9,1,84,138,2018,10,7,6,3,1,5,0,1,1,0,0,0,0,0,680472.6546,5331200.5419,11.424514883,48.108478417,1,#66c2a5,bicycle
9,1,87,150,2018,10,14,3,3,0,1,0,1,1,0,0,0,0,0,728801.8365,5304312.3417,12.058602937,47.851384958,1,#66c2a5,bicycle
9,1,62,0,2018,10,13,6,3,3,7,0,0,1,0,0,1,0,0,682504.9187,5337676.7586,11.454565919,48.166112261,2,#fc8d62,car
9,1,87,117,2018,10,17,3,3,6,7,2,0,1,1,0,0,0,1,724525.0017,5306260.6379,12.002524053,47.870398575,2,#fc8d62,car
9,1,62,0,2018,10,16,6,3,0,7,0,1,0,0,0,0,0,0,683056.5658,5340903.1543,11.463367976,48.194954375,1,#66c2a5,bicycle
9,1,62,0,2018,10,19,6,2,9,7,2,0,1,0,0,0,0,1,687886.1484,5330357.9172,11.523640408,48.098761204,2,#fc8d62,car
9,1,62,0,2018,10,16,6,3,0,1,0,1,1,0,1,0,0,0,693532.3423,5333837.5833,11.600977828,48.128345752,1,#66c2a5,bicycle
9,1,79,123,2018,10,10,3,3,6,7,0,0,0,1,0,0,1,1,676660.6858,5334301.0311,11.374634988,48.137418167,3,#8da0cb,toilet
9,1,77,133,2018,10,18,3,3,2,6,2,0,1,0,0,0,0,1,705318.7776,5359325.2983,11.771550287,48.353694337,2,#fc8d62,car
9,1,78,120,2018,10,13,3,3,4,1,0,1,1,0,0,0,0,0,694127.3145,5352286.7659,11.617407451,48.293976377,1,#66c2a5,bicycle
9,1,75,136,2018,10,6,3,2,7,1,1,0,0,0,1,0,0,0,726435.4145,5319601.4825,12.035046381,47.989591373,4,#e78ac3,marker
9,1,62,0,2018,10,17,2,3,5,2,0,1,1,0,0,0,0,0,687676.5032,5334328426.0,11.52257482,48.134511028,1,#66c2a5,bicycle
9,1,62,0,2018,10,17,2,3,4,2,1,0,1,0,0,0,0,1,697942.3039,5331227.7358,11.658968656,48.10353429,2,#fc8d62,car
9,7,71,142,2018,10,15,6,2,5,3,0,1,1,0,0,0,0,0,645333.15,5351123813.0,10.959585183,48.296609194,1,#66c2a5,bicycle
9,1,62,0,2018,10,7,2,3,5,3,0,0,1,0,0,0,0,1,680637.3258,5338486469.0,11.429815638,48.173924032,2,#fc8d62,car
9,7,72,163,2018,10,12,6,3,0,6,0,1,0,0,1,0,0,0,639839.4002,5349771.7926,10.885105563,48.285690033,1,#66c2a5,bicycle
9,1,84,135,2018,10,9,2,3,6,4,0,0,1,1,0,0,0,1,689815029.0,5348218475.0,11.557499291,48.258719549,2,#fc8d62,car
9,7,61,0,2018,10,16,6,3,5,3,0,0,1,0,0,0,0,0,639250.0651,5358870.9819,10.880171467,48.367638329,2,#fc8d62,car
9,1,62,0,2018,10,17,2,3,5,2,2,1,1,0,0,0,0,0,690178.7182,5337434.0453,11.557560197,48.161681493,1,#66c2a5,bicycle
9,1,62,0,2018,10,9,2,3,4,2,0,0,1,0,0,0,0,1,686744.9685,5330253.5911,11.508281994,48.098158944,2,#fc8d62,car
9,7,61,0,2018,10,13,6,3,3,6,0,0,1,0,0,0,0,0,636535.2313,5360465.3575,10.844053202,48.38256796,2,#fc8d62,car
9,1,62,0,2018,10,8,2,3,6,4,0,1,0,1,0,0,0,1,690374.8012,5342765.7637,11.562583682,48.209543736,1,#66c2a5,bicycle
9,7,72,202,2018,10,22,6,3,5,3,2,0,1,0,0,0,0,0,636051.7693,5359887.2005,10.837339875,48.377473648,2,#fc8d62,car
9,1,62,0,2018,10,17,2,3,2,6,1,0,1,0,0,0,0,1,684479.5583,5332959.5909,11.479053931,48.123141938,2,#fc8d62,car
9,7,61,0,2018,10,15,6,3,0,1,0,0,0,0,1,0,1,0,639658478.0,5357471483.0,10.885218239,48.354964161,4,#e78ac3,marker
9,7,61,0,2018,10,16,6,3,0,7,0,0,0,0,0,0,1,0,640519702.0,5359217161.0,10.897420202,48.370469676,6,#ffd92f,circle
9,1,62,0,2018,10,8,2,3,0,1,0,1,0,0,0,0,0,1,689273.6434,5330026.4348,11.542110975,48.095371165,1,#66c2a5,bicycle
9,7,61,0,2018,10,12,6,3,2,6,0,0,1,0,0,0,0,0,639745.1683,5358976.2307,10.886887621,48.368475274,2,#fc8d62,car
9,1,62,0,2018,10,13,2,3,3,2,0,1,1,0,0,0,0,0,694487.1458,5334208.0346,11.613965171,48.131384225,1,#66c2a5,bicycle
9,1,62,0,2018,10,18,2,3,3,2,2,1,1,0,0,0,0,1,694189.6505,5334514.5093,11.610110737,48.134229539,1,#66c2a5,bicycle
9,7,71,113,2018,10,14,6,3,1,5,0,1,1,0,0,0,0,0,658059223.0,5370342.4485,11.138284904,48.466340503,1,#66c2a5,bicycle
9,1,62,0,2018,10,9,2,3,6,7,0,1,0,1,0,0,0,0,692996.7682,5333826.7999,11.593782757,48.128411437,1,#66c2a5,bicycle
9,1,62,0,2018,10,13,2,3,2,6,0,0,0,0,0,1,1,1,690609.6105,5334747.3841,11.562145848,48.137404909,5,#a6d854,bus
9,7,71,130,2018,10,7,2,3,5,3,0,0,1,0,0,0,0,1,644848.2538,5364056.3256,10.957502003,48.413001569,2,#fc8d62,car
9,7,71,130,2018,10,11,2,3,2,6,0,0,1,0,0,0,0,0,645618.5422,5357674.7307,10.9656939,48.355445367,2,#fc8d62,car
9,7,61,0,2018,10,11,2,2,6,2,0,0,1,1,0,0,0,1,638151.3574,5357821.6567,10.865000184,48.358444402,2,#fc8d62,car
9,7,61,0,2018,10,9,2,3,0,1,0,1,0,0,0,0,0,1,637330728.0,5360189.9488,10.854701393,48.37991885,1,#66c2a5,bicycle
9,7,61,0,2018,10,13,2,3,5,3,0,1,1,0,0,0,0,0,639940.5554,5359488.7103,10.889694865,48.373040049,1,#66c2a5,bicycle
9,2,61,0,2018,11,12,2,3,6,6,0,1,0,1,0,0,0,0,731345.1676,5381413.1943,12.134560049,48.543116388,1,#66c2a5,bicycle
9,1,88,121,2018,11,10,2,3,2,6,0,0,1,0,0,0,0,0,672125.2348,5330859.3344,11.312332877,48.107721525,2,#fc8d62,car
9,1,79,123,2018,11,18,2,3,3,6,1,1,1,0,0,0,0,0,677603.68,5333702.3433,11.387049531,48.131773974,1,#66c2a5,bicycle
9,1,79,123,2018,11,6,2,3,6,7,2,1,0,1,0,0,0,1,676606.5614,5334047.5704,11.373803019,48.135154771,1,#66c2a5,bicycle
9,1,62,0,2018,11,2,1,3,2,5,2,0,1,0,0,0,0,0,691280.8156,5334159308.0,11.570894634,48.131917936,2,#fc8d62,car
9,1,62,0,2018,11,13,1,3,5,5,0,0,1,0,0,0,0,0,692378.9077,5338505.5633,11.587602355,48.170650129,2,#fc8d62,car
9,2,61,0,2018,11,14,4,2,6,4,0,0,0,1,1,0,0,0,732510.5958,5380307.4549,12.149709108,48.53275308,3,#8da0cb,toilet
9,1,62,0,2018,11,4,1,3,6,7,2,0,1,1,0,0,0,0,691311.8062,5335258.5103,11.57180441,48.141788142,2,#fc8d62,car
9,1,62,0,2018,11,13,1,3,3,6,0,0,1,0,0,0,0,0,691856.4524,5340389.2812,11.581432854,48.187738458,2,#fc8d62,car
9,1,73,123,2018,11,8,4,2,5,2,0,1,1,0,0,0,0,0,680652.9079,5300614.4102,11.414078398,47.833482627,1,#66c2a5,bicycle
9,1,90,111,2018,11,10,4,2,5,3,0,0,1,0,0,0,0,0,640472393.0,5297989662.0,10.876632301,47.819913121,2,#fc8d62,car
9,1,63,0,2018,11,9,4,3,1,7,0,0,1,0,0,0,0,0,732228.4775,5305949.0484,12.105219713,47.864860679,2,#fc8d62,car
9,2,61,0,2018,11,14,1,3,2,6,0,0,1,0,0,0,0,0,731496.2224,5382809.0505,12.137379329,48.555599412,2,#fc8d62,car
9,1,85,158,2018,11,7,4,3,5,3,0,1,1,0,0,0,0,0,667264908.0,5380993035.0,11.266993678,48.559701942,1,#66c2a5,bicycle
9,1,79,126,2018,11,13,4,3,0,1,0,1,0,0,0,0,0,0,676476.9641,5339903.7013,11.374492212,48.187832689,1,#66c2a5,bicycle
9,1,88,127,2018,11,17,4,3,1,6,2,0,1,0,0,0,0,0,676750.7333,5329861.8884,11.374004168,48.097488534,2,#fc8d62,car
9,1,62,0,2018,11,14,7,3,5,3,0,1,1,0,0,0,0,0,687940.0186,5336603.0246,11.527117207,48.154877815,1,#66c2a5,bicycle
9,1,75,132,2018,11,19,4,3,5,3,1,0,1,0,1,0,0,0,707056.5323,5332397.7271,11.781822004,48.1111517,2,#fc8d62,car
9,1,77,117,2018,11,8,4,3,2,6,1,0,1,0,0,0,0,1,715078.4202,5353831.3482,11.900319031,48.301082728,2,#fc8d62,car
9,1,62,0,2018,11,22,7,3,1,7,2,0,1,0,0,0,0,0,700581.4393,5332005.8284,11.694745691,48.109701677,2,#fc8d62,car
9,1,77,115,2018,11,14,4,3,6,7,0,0,1,1,0,0,0,0,733441.1483,5352180.0269,12.146653991,48.279741859,2,#fc8d62,car
9,1,62,0,2018,11,16,7,3,2,6,0,1,0,0,0,0,0,0,692235.7288,5335495.0281,11.584318402,48.143635442,1,#66c2a5,bicycle
9,1,84,112,2018,11,15,3,3,0,7,0,1,0,1,0,0,0,0,702321.3741,5338236.3456,11.721053282,48.165143992,1,#66c2a5,bicycle
9,1,62,0,2018,11,14,7,3,0,7,0,0,0,1,0,0,1,0,695087.9666,5333657.8444,11.621779755,48.126255493,3,#8da0cb,toilet
9,1,62,0,2018,11,7,3,2,6,4,0,1,0,1,0,0,0,0,688598628.0,5333565957.0,11.534619139,48.127385233,1,#66c2a5,bicycle
9,1,62,0,2018,11,19,7,3,2,6,2,0,1,0,0,0,0,0,692313.2368,5337785.6208,11.586394397,48.164199342,2,#fc8d62,car
9,1,62,0,2018,11,5,7,3,2,6,2,0,1,0,0,1,0,1,688562.4644,5339016.1833,11.536548304,48.176383287,2,#fc8d62,car
9,1,62,0,2018,11,9,3,3,3,5,0,0,1,0,0,0,0,0,696270.1422,5337355.5249,11.639353842,48.159124705,2,#fc8d62,car
9,1,62,0,2018,11,17,3,3,5,3,2,1,1,0,0,0,0,0,687880.0145,5343546.0585,11.529381836,48.217300422,1,#66c2a5,bicycle
9,7,61,0,2018,11,17,7,3,3,2,1,1,1,0,0,0,0,0,640071.9433,5358137.4741,10.89101805,48.360860985,1,#66c2a5,bicycle
9,1,62,0,2018,11,9,3,3,5,2,0,1,1,0,0,0,0,0,692083.8751,5334496.5639,11.581828803,48.134707289,1,#66c2a5,bicycle
9,1,62,0,2018,11,7,3,3,5,3,0,0,1,0,0,0,1,0,690528.0239,5335149.3567,11.561230132,48.141042259,2,#fc8d62,car
9,1,62,0,2018,11,16,3,3,4,2,1,0,1,0,0,0,0,0,697929859.0,5334517079.0,11.660328546,48.133100461,2,#fc8d62,car
9,1,62,0,2018,11,11,3,3,2,2,0,0,1,0,0,0,0,0,692237.6493,5338672.7382,11.585779948,48.172195393,2,#fc8d62,car
9,1,62,0,2018,11,17,3,2,3,2,2,0,1,0,1,0,0,0,692473.2796,5334459.1513,11.587040418,48.134253384,2,#fc8d62,car
9,1,62,0,2018,11,18,3,3,5,2,2,1,1,0,0,0,0,0,689439.3666,5337145.3105,11.547498894,48.159307053,1,#66c2a5,bicycle