ULAND,UREGBEZ,UKREIS,UGEMEINDE,UJAHR,UMONAT,USTUNDE,UWOCHENTAG,UKATEGORIE,UART,UTYP1,ULICHTVERH,IstRad,IstPKW,IstFuss,IstKrad,IstGkfz,IstSonstig,STRZUSTAND,LINREFX,LINREFY,XGCSWGS84,YGCSWGS84,Teilnehmer,color,symbol
9,1,62,0,2018,11,18,3,3,5,2,2,1,1,0,0,0,0,0,691342.7005,5338426.6173,11.573643898,48.170253353,1,#66c2a5,bicycle
9,1,62,0,2018,11,23,3,3,1,6,2,1,1,0,0,0,0,0,692311.9415,5337673.3502,11.586326234,48.163190674,1,#66c2a5,bicycle
9,1,84,140,2018,11,13,3,3,5,3,0,1,1,0,0,0,0,0,701899.5331,5328487.9927,11.710769924,48.077670643,1,#66c2a5,bicycle
9,1,62,0,2018,11,21,3,3,6,1,2,1,0,1,0,0,0,0,692208.7656,5335697.6718,11.584047783,48.145464909,1,#66c2a5,bicycle
9,1,62,0,2018,11,7,3,3,0,1,0,1,0,0,0,0,0,0,684445.6189,5339668.7731,11.481506111,48.183457308,1,#66c2a5,bicycle
9,1,62,0,2018,11,17,3,3,6,7,2,1,1,1,0,0,0,0,693863.3014,5331422.4333,11.604322977,48.106538418,1,#66c2a5,bicycle
9,1,62,0,2018,11,18,3,3,2,2,2,1,1,0,0,0,0,0,690054.8844,5335496.6423,11.555031382,48.144305167,1,#66c2a5,bicycle
9,7,78,116,2018,11,7,3,3,5,3,0,0,1,0,0,0,1,0,618019274.0,5321597.4642,10.583269003,48.036749795,2,#fc8d62,car
9,1,88,139,2018,11,15,7,3,5,3,0,1,1,0,0,0,0,0,669691.4325,5318890.1677,11.274916971,48.000771902,1,#66c2a5,bicycle
9,1,81,128,2018,11,16,7,2,8,1,0,0,0,0,0,0,1,0,637783.0972,5327621.8146,10.85021557,48.086964413,6,#ffd92f,circle
9,1,62,0,2018,11,17,6,2,6,2,2,0,1,1,0,0,0,0,691991.0273,5331832.6683,11.579382375,48.110792578,2,#fc8d62,car
9,7,62,0,2018,11,16,3,3,5,3,0,0,1,0,1,0,0,0,620326.7699,5305013.7634,10.609571191,47.887170563,2,#fc8d62,car
9,1,62,0,2018,11,14,6,2,6,4,0,0,1,1,0,0,0,0,682942.1,5335805637.0,11.459635549,48.149167768,2,#fc8d62,car
9,1,62,0,2018,11,11,6,3,5,7,0,1,1,0,0,0,0,0,690543.5,5336945882.0,11.562242131,48.157184702,1,#66c2a5,bicycle
9,7,61,0,2018,11,7,3,3,6,2,0,0,1,1,0,0,0,0,639485.9132,5358297.6495,10.883164006,48.362430993,2,#fc8d62,car
9,1,62,0,2018,11,9,6,2,0,1,0,1,0,0,0,0,0,0,692120489.0,5332934.5633,11.581616265,48.120657225,1,#66c2a5,bicycle
9,7,61,0,2018,11,19,3,3,6,1,2,0,1,1,0,0,0,0,640556271.0,5356887.7061,10.897135522,48.349515817,2,#fc8d62,car
9,1,62,0,2018,11,12,6,3,5,2,0,0,1,0,1,0,0,0,692269.1151,5340940.4445,11.587228878,48.192567386,2,#fc8d62,car
9,7,61,0,2018,11,15,3,3,5,3,0,1,1,0,0,0,0,0,641279554.0,5354904.81,10.906227202,48.331524902,1,#66c2a5,bicycle
9,1,62,0,2018,11,19,6,3,1,5,2,1,1,0,0,0,0,1,690478204.0,5334625.2605,11.560326721,48.136346612,1,#66c2a5,bicycle
9,7,61,0,2018,11,18,3,3,0,1,2,1,0,0,0,0,0,0,639522.4955,5358780.1407,10.883817655,48.366761347,1,#66c2a5,bicycle
9,1,62,0,2018,11,13,6,3,6,1,0,0,1,1,1,0,0,0,691250.7283,5334598.7794,11.570687955,48.135876907,2,#fc8d62,car
9,7,61,0,2018,11,15,6,3,0,7,0,0,0,1,0,0,1,0,638481.9218,5360368.9338,10.870299081,48.381276614,3,#8da0cb,toilet
9,1,73,126,2018,11,20,6,3,1,1,2,0,1,0,0,0,0,1,684688.12,5305769.6795,11.470151436,47.878677477,2,#fc8d62,car
9,1,63,0,2018,11,21,6,3,1,5,2,1,1,0,0,0,0,1,733916.2548,5306043.7954,12.127804269,47.865099663,1,#66c2a5,bicycle
9,2,61,0,2018,11,13,3,2,6,4,0,0,1,1,0,0,0,0,733727.6904,5380958352.0,12.166535305,48.538147836,2,#fc8d62,car
9,2,61,0,2018,11,12,3,3,0,4,0,0,0,1,0,0,1,0,732662.9375,5380772.3358,12.152029022,48.536872529,3,#8da0cb,toilet
9,1,81,130,2018,11,18,6,3,5,2,2,0,1,0,1,0,0,1,639038.6934,5324493.58,10.86604939,48.058561758,2,#fc8d62,car
9,2,61,0,2018,11,16,3,3,0,7,0,1,0,0,0,0,0,0,732631.9314,5378680.2035,12.150442556,48.518090944,1,#66c2a5,bicycle
9,1,79,142,2018,11,15,6,3,8,6,0,0,1,0,0,0,0,1,678258.2721,5341955.7095,11.399299541,48.205780777,2,#fc8d62,car
9,2,61,0,2018,11,17,3,3,4,2,1,1,1,0,0,0,0,0,730659.4496,5380735.6075,12.124908442,48.537282102,1,#66c2a5,bicycle
9,1,77,133,2018,11,23,6,2,8,7,2,0,1,0,0,0,0,1,706600.7482,5360004.6404,11.789167512,48.359380841,2,#fc8d62,car
9,1,62,0,2018,11,14,5,3,3,5,0,1,1,0,0,0,0,0,690354.2597,5334392.3286,11.558558354,48.134290108,1,#66c2a5,bicycle
9,1,87,117,2018,11,11,3,3,2,6,0,0,1,0,0,0,0,0,725110.1781,5305545.6035,12.009966002,47.86376922,2,#fc8d62,car
9,1,62,0,2018,11,14,5,3,5,3,0,0,1,0,0,0,0,0,692228.1286,5331356.0644,11.582349705,48.106437415,2,#fc8d62,car
9,1,81,128,2018,11,14,3,2,0,1,0,1,0,0,0,0,0,0,638347.0403,5327289477.0,10.85767669,48.083853772,1,#66c2a5,bicycle
9,1,75,139,2018,11,17,3,3,0,7,2,1,0,0,0,0,0,0,710435.3707,5330332.0805,11.826141726,48.091482396,1,#66c2a5,bicycle
9,7,61,0,2018,11,4,5,3,0,1,2,1,0,0,0,0,0,0,639519.5609,5358126.3075,10.883561198,48.360882893,1,#66c2a5,bicycle
9,1,78,124,2018,11,12,3,3,0,1,0,1,0,0,0,0,0,0,703023.5053,5364181.6107,11.742948995,48.398076513,1,#66c2a5,bicycle
9,7,61,0,2018,11,15,5,2,0,1,0,1,0,0,0,0,0,0,641449.6519,5358195.3441,10.909626343,48.361074159,1,#66c2a5,bicycle
9,1,77,117,2018,11,7,3,3,5,7,0,1,1,0,0,0,0,0,715697.4763,5353849.0782,11.908664861,48.301031321,1,#66c2a5,bicycle
9,1,62,0,2018,11,14,2,3,5,3,0,0,1,0,0,0,0,0,679519.1485,5337131.7607,11.414216619,48.162063501,2,#fc8d62,car
9,1,62,0,2018,11,8,2,3,4,2,0,1,1,0,0,0,0,0,692297.2819,5335021.7307,11.584931296,48.13936294,1,#66c2a5,bicycle
9,1,62,0,2018,11,12,2,3,5,2,0,1,1,0,0,0,0,0,692232.5499,5335496.0426,11.584276169,48.143645521,1,#66c2a5,bicycle
9,1,62,0,2018,11,16,2,3,6,4,1,0,1,1,0,0,0,0,685504.0777,5339618.4349,11.495710513,48.182696683,2,#fc8d62,car
9,1,62,0,2018,11,16,2,3,3,6,0,1,1,0,0,0,0,0,688385.2347,5336544.1657,11.533071644,48.154217057,1,#66c2a5,bicycle
9,1,62,0,2018,11,17,2,3,2,4,1,0,1,1,0,0,0,0,692816.9627,5333533402.0,11.591236083,48.125828931,2,#fc8d62,car
9,1,62,0,2018,11,13,2,3,5,2,0,0,1,0,0,0,1,0,694196.8324,5334369.8075,11.610141208,48.132926821,2,#fc8d62,car
9,1,62,0,2018,11,17,2,3,0,7,2,1,0,0,0,0,0,0,688949151.0,5333343.4028,11.539226437,48.125280938,1,#66c2a5,bicycle
9,1,62,0,2018,11,10,2,3,0,2,0,1,0,0,0,0,1,0,697206.7166,5330874.5824,11.64893526,48.100588468,1,#66c2a5,bicycle
9,1,62,0,2018,11,17,2,2,2,6,2,0,1,0,1,0,0,0,688967.6986,5337171684.0,11.541174301,48.159684445,2,#fc8d62,car
9,1,88,127,2018,11,14,2,3,0,1,0,1,0,0,0,0,0,0,680369025.0,5329890744.0,11.422570381,48.096734033,1,#66c2a5,bicycle
9,1,62,0,2018,11,10,2,3,5,3,0,0,1,0,0,0,0,0,683615.9403,5336087.3383,11.46880807,48.151505708,2,#fc8d62,car
9,1,62,0,2018,11,15,2,3,6,3,0,0,1,1,0,0,0,0,687629.2947,5339745.5357,11.524329973,48.183215031,2,#fc8d62,car
9,2,61,0,2018,11,14,5,3,0,1,0,1,0,0,0,0,0,0,732142.6835,5380921289.0,12.145074856,48.538403184,1,#66c2a5,bicycle
9,1,62,0,2018,11,16,2,3,3,3,0,1,1,0,0,0,0,0,688366879.0,5335691.0945,11.532447555,48.146554962,1,#66c2a5,bicycle
9,1,62,0,2018,11,20,2,3,5,2,2,0,1,0,0,0,0,0,693942335.0,5333012812.0,11.60610675,48.120808198,2,#fc8d62,car
9,1,62,0,2018,11,14,2,3,5,2,0,1,1,0,0,0,0,0,692360.9094,5333918.9111,11.58528774,48.129431781,1,#66c2a5,bicycle
9,1,62,0,2018,11,11,2,3,5,3,0,0,1,0,0,0,0,0,692950356.0,5332321415.0,11.592478325,48.114895449,2,#fc8d62,car
9,1,62,0,2018,11,18,2,3,5,2,1,0,1,0,0,0,1,0,690146.6333,5334451.9212,11.55579712,48.134887794,2,#fc8d62,car
9,1,62,0,2018,11,6,2,3,0,1,0,1,0,0,0,0,0,0,689692.7594,5334566.1158,11.549753638,48.136049627,1,#66c2a5,bicycle
9,1,79,126,2018,11,14,5,3,6,7,0,0,1,1,0,0,0,0,676930.6176,5339758.6756,11.380530238,48.186402839,2,#fc8d62,car
9,1,77,112,2018,11,23,5,3,9,1,2,0,1,0,0,0,0,0,716439.0553,5363053.6683,11.923380867,48.38348084,2,#fc8d62,car
9,1,62,0,2018,10,15,4,3,3,6,0,1,0,0,0,0,0,0,690126348.0,5333687945.0,11.555183843,48.128027219,1,#66c2a5,bicycle
9,7,62,0,2018,11,17,2,3,5,3,1,1,1,0,0,0,0,0,621698.3598,5303730.6091,10.627549272,47.875371603,1,#66c2a5,bicycle
9,1,62,0,2018,10,13,4,3,4,2,0,0,1,0,0,0,0,0,695494006.0,5336029.4745,11.628318998,48.147445958,2,#fc8d62,car
9,1,62,0,2018,10,16,4,3,1,5,0,1,1,0,0,0,0,0,692322.7398,5332844.3211,11.584290434,48.119785086,1,#66c2a5,bicycle
9,7,61,0,2018,11,12,2,3,4,2,0,0,1,0,0,0,0,0,638365321.0,5359354904.0,10.868391397,48.37218424,2,#fc8d62,car
9,1,62,0,2018,10,19,4,3,2,6,2,0,1,0,0,0,0,0,696393.7444,5336257.5183,11.640507441,48.149218343,2,#fc8d62,car
9,7,61,0,2018,11,7,2,3,3,1,0,1,1,0,0,0,0,0,639148.8713,5356904.5326,10.878155599,48.349978763,1,#66c2a5,bicycle
9,1,62,0,2018,10,23,4,3,1,7,2,1,1,0,0,0,0,0,691775.1579,5333321.1461,11.577154665,48.124235888,1,#66c2a5,bicycle
9,7,61,0,2018,11,13,2,3,3,2,0,1,1,0,0,0,0,0,639919.6388,5358689.9688,10.889146817,48.365862636,1,#66c2a5,bicycle
9,1,62,0,2018,10,18,4,3,5,2,2,1,1,0,0,0,0,0,686685.5547,5338216.0303,11.510973962,48.169745452,1,#66c2a5,bicycle
9,1,62,0,2018,10,9,4,3,5,2,0,0,1,0,1,0,0,0,691205.8884,5340342.3867,11.572667566,48.18751313,2,#fc8d62,car
9,1,62,0,2018,10,16,4,3,0,7,0,1,1,0,0,0,0,0,691090.8185,5339355.0317,11.570676866,48.178673574,1,#66c2a5,bicycle
9,1,62,0,2018,10,14,4,2,3,7,0,0,1,0,1,0,0,0,691780.3373,5335523.9242,11.578215804,48.14403259,2,#fc8d62,car
9,1,62,0,2018,10,13,4,2,8,7,0,0,1,1,0,0,0,0,689993.4718,5336536.4215,11.554670711,48.153669046,2,#fc8d62,car
9,1,84,119,2018,10,15,4,3,5,3,0,1,1,0,0,0,0,0,695914.7886,5347552099.0,11.63928763,48.250874218,1,#66c2a5,bicycle
9,1,62,0,2018,10,17,4,3,5,3,2,0,1,0,0,0,0,0,683991.5521,5339442.2292,11.475304981,48.181552681,2,#fc8d62,car
9,1,62,0,2018,10,13,4,3,0,3,0,0,1,0,1,0,0,0,687558285.0,5336180.9146,11.521803398,48.151196492,2,#fc8d62,car
9,1,84,130,2018,10,17,4,3,6,7,1,1,0,1,0,0,0,0,699188.9065,5345363.4046,11.682316217,48.230184151,1,#66c2a5,bicycle
9,1,62,0,2018,10,14,4,3,5,3,0,1,1,0,0,0,0,0,692933101.0,5338914375.0,11.595234161,48.174156423,1,#66c2a5,bicycle
9,1,62,0,2018,10,12,4,2,3,6,0,1,0,0,0,0,0,0,692286.0781,5338083.3366,11.586164134,48.166883352,1,#66c2a5,bicycle
9,7,78,116,2018,10,23,4,2,9,1,2,0,0,0,1,0,0,0,617658.2872,5317790.2465,10.577383015,48.002575293,4,#e78ac3,marker
9,1,73,126,2018,11,19,2,2,5,3,2,1,1,0,0,0,0,0,685467.4101,5302907.0611,11.479335952,47.852720898,1,#66c2a5,bicycle
9,1,87,182,2018,11,9,6,3,5,3,0,0,1,0,0,0,0,0,736759.4707,5327003.8744,12.177298286,48.052352212,2,#fc8d62,car
9,1,63,0,2018,11,19,6,3,6,4,2,0,1,1,0,0,0,0,733811.1772,5303962.1447,12.125276257,47.846436339,2,#fc8d62,car
9,1,87,117,2018,11,10,6,3,2,3,0,1,1,0,0,0,0,0,725010535.0,5305592123.0,12.008659775,47.864222099,1,#66c2a5,bicycle
9,1,86,143,2018,11,17,6,3,6,3,1,1,0,1,0,0,0,0,684872.9081,5378099.7255,11.504130117,48.528753704,1,#66c2a5,bicycle
9,1,82,127,2018,11,12,2,3,5,3,0,0,1,0,0,0,0,0,700578.3545,5310134.3834,11.684475674,47.913138616,2,#fc8d62,car
9,1,87,130,2018,11,16,2,3,2,6,1,0,1,0,0,0,1,0,712332.1061,5308698.8798,11.840882976,47.896455657,2,#fc8d62,car
9,1,86,143,2018,11,16,6,3,5,3,0,1,0,0,0,0,1,0,685184.6165,5378766.9409,11.508644441,48.534658568,1,#66c2a5,bicycle
9,1,88,120,2018,11,7,2,3,6,4,0,0,1,1,0,0,0,0,677085.8098,5327679.9719,11.377595984,48.077781622,2,#fc8d62,car
9,1,81,121,2018,11,16,6,2,5,3,0,0,1,0,0,0,0,0,637234636.0,5311984169.0,10.837848529,47.946460992,2,#fc8d62,car
9,1,88,120,2018,11,22,2,3,6,4,2,0,1,1,0,0,0,0,677079.4155,5326906443.0,11.377189719,48.070829902,2,#fc8d62,car
9,1,79,121,2018,11,7,2,3,4,2,0,1,1,0,0,0,0,0,666825.6189,5338796.7203,11.244305351,48.180489146,1,#66c2a5,bicycle
9,1,79,126,2018,11,22,6,3,0,1,2,1,0,0,0,0,0,0,676311386.0,5340690.29,11.372592911,48.194949444,1,#66c2a5,bicycle
9,1,78,145,2018,11,18,2,3,5,3,2,1,0,0,0,0,1,0,696819.8274,5354606155.0,11.654751739,48.313989254,1,#66c2a5,bicycle
9,1,74,113,2018,11,20,6,3,9,1,2,0,1,0,0,0,0,0,674505287.0,5345226522.0,11.350176327,48.236225753,2,#fc8d62,car
9,1,62,0,2018,11,5,1,3,0,1,2,1,0,0,0,0,0,0,687463.5341,5335853.8351,11.52038666,48.148284557,1,#66c2a5,bicycle
9,1,62,0,2018,11,11,5,3,4,2,0,1,1,0,0,0,0,0,692116.2595,5341872.0399,11.585595723,48.200986547,1,#66c2a5,bicycle
9,1,62,0,2018,11,11,5,2,3,2,0,0,1,0,0,0,1,0,693612467.0,5334655.8748,11.602425351,48.135675937,2,#fc8d62,car
9,1,84,146,2018,11,10,1,3,1,5,0,1,1,0,0,0,0,0,698151.9566,5328255.7891,11.660402811,48.076759254,1,#66c2a5,bicycle
9,1,62,0,2018,11,16,5,2,4,6,1,0,1,0,1,0,0,0,692819.3595,5338643639.0,11.593583003,48.171757651,2,#fc8d62,car
9,1,84,131,2018,11,10,1,2,5,3,0,0,1,0,0,0,0,0,704205798.0,5339319766.0,11.746887433,48.174277759,2,#fc8d62,car
9,1,62,0,2018,11,13,1,3,3,2,0,1,1,0,0,0,0,0,690202815.0,5335433657.0,11.55698992,48.143694847,1,#66c2a5,bicycle
9,1,84,122,2018,11,13,5,3,1,5,0,1,0,0,0,1,0,0,688098.7836,5324641028.0,11.523977824,48.04731322,1,#66c2a5,bicycle
9,1,62,0,2018,11,17,1,3,1,6,2,0,1,0,0,0,0,0,686232.6832,5332696.5051,11.502474467,48.120266824,2,#fc8d62,car
9,1,62,0,2018,11,17,5,3,5,3,1,1,1,0,0,0,0,0,686020.6686,5340394.1582,11.502993366,48.189518077,1,#66c2a5,bicycle
9,1,62,0,2018,11,9,1,3,1,1,0,1,1,0,0,0,0,1,685662.67,5339619.6687,11.497842598,48.182661448,1,#66c2a5,bicycle
9,1,84,139,2018,11,17,5,3,6,4,2,0,1,1,0,0,0,0,687600647.0,5325455.9936,11.517657598,48.054785054,2,#fc8d62,car
9,1,62,0,2018,11,11,1,3,5,3,0,0,1,0,1,0,0,1,686782.3601,5332411.8407,11.509728628,48.117547151,2,#fc8d62,car
9,1,62,0,2018,11,16,5,3,1,5,0,1,1,0,0,0,0,0,690528.7276,5334903.6405,11.561129657,48.138833559,1,#66c2a5,bicycle
9,1,62,0,2018,11,23,5,3,0,3,2,1,1,0,0,0,0,0,691062.7042,5335583.0106,11.568604829,48.144779573,1,#66c2a5,bicycle
9,7,61,0,2018,11,4,1,3,5,3,2,0,1,0,0,0,1,1,639486.9802,5357579.8559,10.882940449,48.355976531,2,#fc8d62,car
9,7,61,0,2018,11,15,1,3,5,3,0,1,1,0,0,0,0,0,641101.2181,5351961.7556,10.902837637,48.305101633,1,#66c2a5,bicycle
9,7,61,0,2018,11,10,1,3,5,3,0,0,1,0,0,0,0,1,641409.4285,5359219.1956,10.909427838,48.370289245,2,#fc8d62,car
9,7,71,156,2018,11,0,1,3,9,1,2,0,1,0,0,0,0,0,653573.0419,5383025.9586,11.082307509,48.581481965,2,#fc8d62,car
9,7,78,116,2018,11,14,5,2,0,7,0,0,0,0,0,0,1,0,619093.0593,5318404.6384,10.596781143,48.007835246,6,#ffd92f,circle
9,7,78,116,2018,11,10,5,3,5,3,0,0,1,0,0,0,0,1,619575695.0,5318507533.0,10.603278317,48.008670529,2,#fc8d62,car
9,7,73,182,2018,11,13,5,2,5,3,0,0,1,0,1,0,0,1,623635.2345,5381059.6716,10.675996999,48.570424546,2,#fc8d62,car
9,7,72,131,2018,11,11,5,3,5,3,0,0,1,0,0,0,0,1,615861.0569,5357857.5805,10.564225802,48.363251763,2,#fc8d62,car
9,7,72,185,2018,11,21,5,3,9,1,2,0,1,0,0,0,0,0,635189.9698,5383198.2438,10.833248236,48.587267988,2,#fc8d62,car
9,7,72,125,2018,11,12,5,3,0,1,0,1,0,0,0,0,1,0,635846.44,5347720739.0,10.830648188,48.268116194,1,#66c2a5,bicycle
9,7,61,0,2018,11,8,5,3,3,2,0,1,1,0,0,0,0,1,638761.4675,5358410.0937,10.873425989,48.363601721,1,#66c2a5,bicycle
9,7,61,0,2018,11,9,5,3,1,2,0,1,1,0,0,0,0,0,641643.0293,5362112.9862,10.913555705,48.396256563,1,#66c2a5,bicycle
9,7,61,0,2018,11,16,5,3,2,6,0,1,1,0,0,0,0,0,639882.8304,5360102.2345,10.889119964,48.378569473,1,#66c2a5,bicycle
9,7,61,0,2018,11,12,5,3,2,6,0,0,1,0,0,0,0,0,640922.1169,5357939.4754,10.902422802,48.358891451,2,#fc8d62,car
9,7,61,0,2018,11,12,5,3,1,5,0,1,1,0,0,0,0,0,640469975.0,5359193213.0,10.896741128,48.370265413,1,#66c2a5,bicycle
9,7,71,112,2018,11,6,5,2,9,7,2,0,1,0,0,0,0,1,647305.1868,5365301.9158,10.991122168,48.42363128,2,#fc8d62,car
9,2,74,126,2018,11,15,1,3,3,2,0,1,1,0,0,0,0,0,733755.0177,5382600.8042,12.167826496,48.552891099,1,#66c2a5,bicycle
9,1,63,0,2018,11,11,1,2,0,1,0,1,0,0,0,0,0,0,733469498.0,5305290031.0,12.121432702,47.858490307,1,#66c2a5,bicycle
9,1,86,143,2018,11,17,1,3,0,6,2,1,1,0,0,0,0,1,684996.3443,5377919.6549,11.505720517,48.527098909,1,#66c2a5,bicycle
9,1,88,126,2018,11,17,1,2,4,1,2,0,1,0,0,0,0,1,659425.3616,5327213308.0,11.140489531,48.078246414,2,#fc8d62,car
9,1,79,111,2018,11,12,1,2,5,3,0,0,1,0,1,0,0,0,657389722.0,5338384856.0,11.117304305,48.179193812,2,#fc8d62,car
9,1,78,144,2018,11,5,1,3,8,1,2,0,1,0,0,0,0,1,708015894.0,5377640.2556,11.817003283,48.517383674,2,#fc8d62,car
9,1,62,0,2018,11,17,7,3,5,2,1,0,1,0,0,0,1,0,684603.2898,5335024.3674,11.481609667,48.141665386,2,#fc8d62,car
9,1,62,0,2018,11,13,7,2,5,2,0,1,1,0,0,0,0,0,687263.6135,5334368.7418,11.51704842,48.134995023,1,#66c2a5,bicycle
9,1,62,0,2018,11,14,7,3,1,5,0,0,1,0,1,0,0,0,691151.0322,5335555.8135,11.569778843,48.144508595,2,#fc8d62,car
9,1,62,0,2018,11,13,7,3,6,4,0,0,1,1,0,0,0,0,696807802.0,5330285.8821,11.643311427,48.095420893,2,#fc8d62,car
9,1,62,0,2018,11,18,7,3,2,6,2,0,1,0,0,0,0,0,690504.7466,5342230.2937,11.564090624,48.204692031,2,#fc8d62,car
9,1,62,0,2018,11,18,7,3,1,5,2,1,1,0,0,0,0,0,693676.3975,5330336959.0,11.601322233,48.096839305,1,#66c2a5,bicycle
9,1,62,0,2018,11,13,7,3,0,7,0,1,0,0,0,0,0,0,688557.8504,5331220.5409,11.533034563,48.10631625,1,#66c2a5,bicycle
9,1,73,123,2018,11,15,5,2,0,1,0,0,0,0,1,0,0,0,679682.4043,5302538.9316,11.401920246,47.85105504,4,#e78ac3,marker
9,7,77,121,2018,11,17,7,3,6,7,2,0,1,1,0,0,0,0,632430.3082,5320339.9705,10.776118208,48.022615143,2,#fc8d62,car
9,1,81,130,2018,11,6,5,3,1,1,2,1,1,0,0,0,0,1,637982.9291,5325665964.0,10.852265919,48.069333481,1,#66c2a5,bicycle
9,1,79,149,2018,11,18,5,3,2,6,2,1,1,0,0,0,0,0,655212.5559,5330293.7885,11.085086449,48.106982705,1,#66c2a5,bicycle
9,1,62,0,2018,11,15,4,3,0,7,0,1,0,0,0,0,0,0,688550.7098,5334697.4122,11.534476531,48.137569137,1,#66c2a5,bicycle
9,1,62,0,2018,11,8,4,3,5,2,0,1,0,0,0,0,0,0,692592.2665,5334541038.0,11.588675052,48.134953368,1,#66c2a5,bicycle
9,1,84,123,2018,11,13,4,3,0,7,0,0,0,1,0,0,1,0,702738.0199,5331374393.0,11.723384857,48.103344347,3,#8da0cb,toilet
9,1,62,0,2018,11,15,4,3,3,6,0,1,1,0,0,0,0,0,690680.5969,5338326.15,11.56470253,48.169549331,1,#66c2a5,bicycle
9,1,62,0,2018,11,18,4,3,3,2,2,1,1,0,0,0,0,0,692063.9848,5334946.6364,11.58176467,48.138758466,1,#66c2a5,bicycle
9,1,62,0,2018,11,7,4,3,0,6,0,1,0,0,0,0,0,0,690601.4377,5339371.8989,11.564107815,48.178972153,1,#66c2a5,bicycle
9,1,62,0,2018,11,21,4,3,6,2,2,0,1,1,0,0,0,0,690812.5015,5333293.5898,11.56421922,48.124277462,2,#fc8d62,car
9,1,62,0,2018,11,9,4,2,5,2,0,1,0,0,0,0,1,0,692230.7587,5335496.6142,11.584252373,48.143651199,1,#66c2a5,bicycle
9,1,62,0,2018,11,13,4,2,6,2,0,0,1,1,0,0,0,0,690375.2063,5333492.1576,11.558437435,48.126193105,2,#fc8d62,car
9,1,62,0,2018,11,7,4,2,5,3,0,1,1,0,0,0,0,0,698924.5976,5335751.2451,11.674259923,48.14388199,1,#66c2a5,bicycle
9,1,62,0,2018,11,7,4,2,6,4,0,0,1,1,0,0,0,0,691204.3109,5340361.5555,11.572654991,48.18768589,2,#fc8d62,car
9,1,62,0,2018,11,13,4,3,6,4,0,1,0,1,0,0,0,0,688371.3969,5336541452.0,11.532884565,48.154196765,1,#66c2a5,bicycle
9,1,62,0,2018,11,8,4,3,5,3,0,0,1,0,0,0,0,0,685974.8143,5334390.0069,11.49975185,48.135564092,2,#fc8d62,car
9,1,62,0,2018,11,7,4,3,5,2,0,1,1,0,0,0,0,0,686720.7045,5329840796.0,11.50777586,48.094455684,1,#66c2a5,bicycle
9,1,73,120,2018,11,13,7,2,3,6,0,1,0,0,0,0,0,0,690083.3883,5306673.2813,11.542636866,47.885225083,1,#66c2a5,bicycle
9,1,84,146,2018,11,8,4,3,5,3,0,1,1,0,0,0,0,0,698017.1533,5328337.9439,11.658633019,48.077539481,1,#66c2a5,bicycle
9,1,62,0,2018,11,7,4,3,5,3,0,1,1,0,0,0,0,0,697150.2217,5332152.7585,11.648767839,48.112093426,1,#66c2a5,bicycle
9,1,63,0,2018,11,19,7,3,1,5,2,1,1,0,0,0,0,0,733229.1434,5306586.4417,12.118923435,47.870224607,1,#66c2a5,bicycle
9,1,62,0,2018,11,16,4,3,2,6,0,1,1,0,0,0,0,0,693690.6631,5332330.8756,11.602418758,48.114755758,1,#66c2a5,bicycle
9,1,87,150,2018,11,9,7,2,0,5,0,1,1,0,0,0,0,0,728884.4304,5304102.4867,12.059594411,47.849470096,1,#66c2a5,bicycle
9,1,62,0,2018,11,18,4,3,3,6,2,1,0,0,0,0,0,0,691272.7792,5332994265.0,11.570263874,48.121449034,1,#66c2a5,bicycle
9,1,87,122,2018,11,16,7,3,1,7,1,0,1,1,0,0,0,0,719691.2963,5306872.1988,11.938283732,47.877565124,2,#fc8d62,car
9,1,62,0,2018,11,9,4,3,4,2,0,0,1,0,0,0,0,0,690623.1727,5337362466.0,11.563499032,48.160905049,2,#fc8d62,car
9,1,75,139,2018,11,23,7,3,8,1,2,0,1,0,0,0,0,1,711037.3979,5329886.7822,11.833996663,48.087281899,2,#fc8d62,car
9,1,62,0,2018,11,17,4,3,3,5,2,1,1,0,0,0,0,0,690461.5359,5335636.5046,11.56055517,48.145440635,1,#66c2a5,bicycle
9,1,78,143,2018,11,12,7,3,5,3,0,0,1,0,0,0,0,0,717357.1255,5373982.3471,11.941430914,48.48135574,2,#fc8d62,car
9,1,62,0,2018,11,6,6,3,6,2,2,0,1,1,0,0,0,0,693128.0801,5331890.2955,11.594668474,48.110966775,2,#fc8d62,car
9,1,62,0,2018,11,8,6,3,5,3,0,1,1,0,0,0,0,0,694325.2237,5332659.6608,11.611085343,48.117517461,1,#66c2a5,bicycle
9,7,72,202,2018,11,15,4,3,1,7,0,0,1,1,0,0,0,0,636958.0746,5357060.3725,10.848652254,48.351858955,2,#fc8d62,car
9,1,62,0,2018,11,12,6,3,1,1,0,0,1,0,0,0,1,0,697011.9846,5331109.3546,11.646430835,48.102758703,2,#fc8d62,car
9,7,61,0,2018,11,14,4,3,3,3,0,0,1,0,0,0,1,0,642439.5137,5357827.7338,10.922857625,48.357546219,2,#fc8d62,car