ULAND,UREGBEZ,UKREIS,UGEMEINDE,UJAHR,UMONAT,USTUNDE,UWOCHENTAG,UKATEGORIE,UART,UTYP1,ULICHTVERH,IstRad,IstPKW,IstFuss,IstKrad,IstGkfz,IstSonstig,STRZUSTAND,LINREFX,LINREFY,XGCSWGS84,YGCSWGS84,Teilnehmer,color,symbol
9,7,61,0,2018,11,19,4,3,4,2,2,1,1,0,0,0,0,0,640238.0451,5359722.1178,10.89378761,48.375072735,1,#66c2a5,bicycle
9,1,62,0,2018,11,11,6,3,5,3,0,1,0,0,0,0,0,0,697587.4598,5335954.6799,11.65639851,48.146126984,1,#66c2a5,bicycle
9,1,62,0,2018,11,16,6,3,2,6,0,0,1,0,0,0,0,0,693655.4324,5341873.3065,11.606289095,48.200530366,2,#fc8d62,car
9,1,62,0,2018,11,16,6,3,1,6,2,0,1,0,0,0,1,0,689701.9727,5340135.7455,11.552361081,48.186106741,2,#fc8d62,car
9,1,62,0,2018,11,17,6,3,5,2,2,0,1,0,1,0,0,0,695327.4689,5334175522.0,11.62523219,48.130834697,2,#fc8d62,car
9,1,62,0,2018,11,15,6,3,6,4,0,1,0,1,0,0,0,0,688230569.0,5337854.9114,11.531574034,48.166044025,1,#66c2a5,bicycle
9,1,62,0,2018,11,4,6,3,1,5,2,1,0,0,0,0,1,0,692407793.0,5332688.8598,11.585361955,48.118362131,1,#66c2a5,bicycle
9,1,84,136,2018,11,7,6,3,4,3,0,1,1,0,0,0,0,0,698668.1828,5326398.3669,11.666462875,48.059905392,1,#66c2a5,bicycle
9,1,62,0,2018,11,8,6,3,0,5,0,1,1,0,0,0,0,0,690588.3466,5335773.7577,11.562319681,48.146636281,1,#66c2a5,bicycle
9,7,72,200,2018,11,13,6,3,2,6,0,0,1,0,0,0,0,0,630619.9676,5338452.1086,10.757395422,48.185866691,2,#fc8d62,car
9,7,71,130,2018,11,21,6,3,5,3,2,0,1,0,0,0,0,0,645645.4448,5357474.5463,10.96598756,48.35363924,2,#fc8d62,car
9,7,72,163,2018,11,7,6,3,5,2,0,1,1,0,0,0,0,0,640174.8,5348362202.0,10.889156821,48.272941021,1,#66c2a5,bicycle
9,7,61,0,2018,11,16,6,3,5,3,0,0,1,0,1,0,0,0,639261423.0,5360390.1088,10.880827946,48.381295427,2,#fc8d62,car
9,7,61,0,2018,11,18,6,3,0,1,2,1,1,0,0,0,0,1,639581.9861,5358150.0373,10.884411358,48.361082466,1,#66c2a5,bicycle
9,7,61,0,2018,11,17,6,3,0,1,1,1,0,0,0,0,1,1,638539826.0,5356632.9255,10.869850221,48.347670409,1,#66c2a5,bicycle
9,7,61,0,2018,11,15,6,3,0,1,0,0,0,0,1,0,0,0,636563.2551,5352924.3531,10.841985375,48.31475335,4,#e78ac3,marker
9,1,62,0,2018,11,14,6,3,5,3,0,1,1,0,0,0,0,0,681628641.0,5335766.2845,11.441976151,48.149190445,1,#66c2a5,bicycle
9,1,62,0,2018,11,14,6,3,3,2,0,1,0,0,0,0,0,0,685512.7153,5329445.8466,11.491396165,48.091258451,1,#66c2a5,bicycle
9,1,62,0,2018,11,12,6,3,6,4,0,1,0,1,0,0,0,0,690474.2055,5334625.1708,11.560272991,48.136347002,1,#66c2a5,bicycle
9,1,62,0,2018,11,15,6,3,2,6,0,0,1,0,0,0,0,0,694171.9469,5332801.7537,11.609092733,48.118841299,2,#fc8d62,car
9,1,62,0,2018,11,19,6,3,2,6,2,0,1,0,0,0,1,0,692476.5627,5334882.8442,11.587275943,48.138060454,2,#fc8d62,car
9,1,62,0,2018,11,10,6,3,3,6,0,0,1,0,0,0,0,0,686523.0763,5337463.3467,11.508460628,48.163027811,2,#fc8d62,car
9,1,84,136,2018,11,16,6,3,5,3,2,0,1,0,0,0,0,0,700481.0573,5327029.2325,11.691062742,48.065008084,2,#fc8d62,car
9,7,72,202,2018,11,15,6,3,1,7,0,0,1,0,1,0,0,0,636529.5118,5359302.7508,10.843598377,48.37211512,2,#fc8d62,car
9,2,61,0,2018,11,8,4,3,4,2,0,0,1,0,0,0,0,1,732729.9612,5381824.9668,12.153523499,48.546303146,2,#fc8d62,car
9,2,61,0,2018,11,9,4,3,5,3,0,0,1,0,0,0,0,0,730661.1993,5382007.8328,12.125636396,48.548709777,2,#fc8d62,car
9,7,71,130,2018,11,11,6,2,0,7,0,1,0,0,0,0,0,0,648598.9698,5355857.3767,11.005259724,48.338410982,1,#66c2a5,bicycle
9,7,61,0,2018,11,18,6,3,5,2,2,1,1,0,0,0,0,0,638366553.0,5359615196.0,10.868493687,48.374524466,1,#66c2a5,bicycle
9,7,61,0,2018,11,16,6,3,2,6,0,0,1,0,0,0,0,0,638022.9856,5359389.5699,10.863782659,48.372570915,2,#fc8d62,car
9,1,87,150,2018,11,7,4,3,2,6,0,0,1,0,0,0,0,0,729201.6312,5304326.6404,12.063947038,47.851371001,2,#fc8d62,car
9,1,87,117,2018,11,20,4,3,3,2,1,1,1,0,0,0,0,0,724897.7428,5305690.2917,12.007204821,47.865143634,1,#66c2a5,bicycle
9,1,87,122,2018,11,10,4,2,5,2,0,1,1,0,0,0,0,0,719403824.0,5306883.2322,11.934449726,47.877762541,1,#66c2a5,bicycle
9,1,79,137,2018,11,8,4,3,9,1,0,0,1,0,0,0,0,1,654542.5165,5348827.2134,11.082835952,48.273778813,2,#fc8d62,car
9,1,74,115,2018,11,14,4,3,5,3,0,0,1,0,0,0,0,0,682221882.0,5346525124.0,11.454562527,48.245727965,2,#fc8d62,car
9,1,78,145,2018,11,7,4,3,4,1,1,0,0,0,0,1,1,0,696076.1384,5360144.0044,11.64730922,48.363989176,5,#a6d854,bus
9,1,78,145,2018,11,8,4,3,5,3,0,0,1,0,0,0,0,1,696480.5875,5354654.8083,11.650203744,48.314531983,2,#fc8d62,car
9,1,77,133,2018,11,8,4,3,5,3,1,0,1,0,0,1,0,0,708173.2479,5361790.8038,11.811254146,48.374914475,2,#fc8d62,car
9,1,62,0,2018,11,16,3,3,5,2,1,0,1,0,0,0,0,1,690180.2143,5333733.1468,11.555927198,48.128417403,2,#fc8d62,car
9,1,62,0,2018,11,17,3,3,5,3,1,1,1,0,0,0,0,0,686537.9027,5336340.3591,11.508167468,48.152929705,1,#66c2a5,bicycle
9,1,62,0,2018,11,10,3,2,0,1,0,1,0,0,0,0,0,1,684909.9929,5339228.6428,11.487556103,48.179366251,1,#66c2a5,bicycle
9,1,62,0,2018,11,17,3,2,6,4,2,0,1,1,0,0,0,1,699042394.0,5333933382.0,11.674992364,48.127507733,2,#fc8d62,car
9,1,62,0,2018,11,9,3,3,6,7,0,0,1,1,0,0,0,0,689654.0835,5333092.8468,11.548578615,48.122819309,2,#fc8d62,car
9,1,62,0,2018,11,15,3,3,2,6,0,0,0,0,0,1,1,0,690665.4683,5340742.6562,11.565583491,48.19127313,5,#a6d854,bus
9,1,62,0,2018,11,7,3,3,5,2,0,1,1,0,0,0,0,0,678840.7289,5338935.2869,11.405860053,48.178466558,1,#66c2a5,bicycle
9,1,62,0,2018,11,15,3,3,0,7,0,0,0,1,0,0,1,0,689946.4285,5336613.5045,11.554073219,48.154375919,3,#8da0cb,toilet
9,1,62,0,2018,11,11,3,3,0,3,0,1,0,0,0,0,1,0,693923.5779,5333027.7361,11.60586176,48.120948044,1,#66c2a5,bicycle
9,1,62,0,2018,11,15,3,3,2,6,0,0,1,0,0,0,0,0,692259.7364,5333587.4079,11.583779878,48.126482854,2,#fc8d62,car
9,1,62,0,2018,11,17,3,3,3,6,2,1,1,0,0,0,0,0,689368.1455,5334756.6671,11.545479527,48.137858995,1,#66c2a5,bicycle
9,1,62,0,2018,11,8,3,3,3,5,0,1,1,0,0,0,0,0,690728.8998,5334078.2911,11.563448099,48.131355386,1,#66c2a5,bicycle
9,2,61,0,2018,11,15,6,3,4,2,0,0,1,0,0,0,0,0,732729.1461,5381824559.0,12.153512244,48.546299785,2,#fc8d62,car
9,1,62,0,2018,11,13,3,3,0,5,0,1,1,0,0,0,0,0,691920.4383,5334685489.0,11.579719451,48.136454625,1,#66c2a5,bicycle
9,2,61,0,2018,11,13,6,3,5,3,0,1,1,0,0,0,0,0,732472179.0,5381119226.0,12.14964226,48.540059236,1,#66c2a5,bicycle
9,7,71,146,2018,11,19,3,3,4,1,2,0,1,0,0,0,0,0,646592.0049,5348209.9767,10.975537437,48.270119384,2,#fc8d62,car
9,7,61,0,2018,11,16,3,3,2,6,1,0,1,0,0,0,0,0,637456.5044,5360781.5642,10.856592641,48.385211181,2,#fc8d62,car
9,7,61,0,2018,11,21,3,3,0,1,2,0,0,0,1,0,0,1,639573.0405,5359574.2669,10.884763306,48.373890742,4,#e78ac3,marker
9,7,61,0,2018,11,16,3,3,4,2,0,1,1,0,0,0,0,1,640821.1838,5359627.0682,10.90162603,48.374088217,1,#66c2a5,bicycle
9,1,78,120,2018,11,20,6,3,2,6,2,0,1,0,0,0,0,0,695471.7581,5353734.6604,11.636185016,48.30657507,2,#fc8d62,car
9,1,78,124,2018,11,17,6,3,5,3,2,0,1,0,1,0,0,0,702320.1118,5362984.5615,11.732880517,48.387545505,2,#fc8d62,car
9,1,62,0,2018,11,7,5,3,4,6,0,1,0,0,0,0,0,1,696972.6754,5331821.7261,11.64623224,48.109173235,1,#66c2a5,bicycle
9,1,62,0,2018,11,12,5,2,0,2,0,1,0,0,0,0,0,0,686730.4312,5328065.7755,11.507130362,48.078498195,1,#66c2a5,bicycle
9,1,62,0,2018,11,9,5,3,2,7,0,1,1,0,0,0,0,0,691483.1787,5340368.9236,11.576406546,48.187668115,1,#66c2a5,bicycle
9,1,62,0,2018,11,17,5,3,6,2,2,0,1,1,0,0,0,0,686324.3453,5328299651.0,11.501785441,48.080719167,2,#fc8d62,car
9,1,62,0,2018,11,7,5,3,4,6,2,0,1,0,0,0,0,0,690051032.0,5330635.62,11.552812491,48.100615224,2,#fc8d62,car
9,1,62,0,2018,11,12,5,3,1,1,0,0,1,0,1,0,0,0,680251.6127,5337096.2587,11.424042802,48.161537142,2,#fc8d62,car
9,1,84,131,2018,11,17,5,3,5,3,2,1,1,0,0,0,0,0,704879.9888,5339760585.0,11.756157956,48.178022203,1,#66c2a5,bicycle
9,1,62,0,2018,11,8,5,3,2,2,0,1,0,0,0,0,0,0,693300.7775,5333261.8636,11.59760793,48.123241697,1,#66c2a5,bicycle
9,1,62,0,2018,11,20,5,2,1,5,2,0,1,0,1,0,0,0,690552.3246,5335788.3053,11.561842406,48.146777825,2,#fc8d62,car
9,1,62,0,2018,11,17,5,3,0,6,2,1,1,0,0,0,0,0,684847.0054,5328973.3453,11.482260021,48.087204743,1,#66c2a5,bicycle
9,1,62,0,2018,11,18,5,2,6,2,2,1,0,1,0,0,0,0,690656.5992,5337649.2714,11.564076634,48.163472809,1,#66c2a5,bicycle
9,1,84,138,2018,11,14,5,3,1,5,0,1,1,0,0,0,0,0,680293.5397,5330745.7996,11.421918675,48.104441474,1,#66c2a5,bicycle
9,1,62,0,2018,11,18,5,3,8,1,1,0,1,0,0,0,0,0,688954.2191,5340647.8053,11.542538457,48.190931996,2,#fc8d62,car
9,1,62,0,2018,11,7,5,3,5,3,0,1,0,0,1,0,0,0,690455.2928,5340887.2352,11.562823158,48.192635644,1,#66c2a5,bicycle
9,1,62,0,2018,11,11,5,3,6,4,0,0,0,1,0,0,1,0,690358.1582,5333908.7946,11.558394667,48.129942939,3,#8da0cb,toilet
9,1,62,0,2018,11,19,5,3,1,5,2,1,1,0,0,0,0,0,691262.0734,5334770.3614,11.570917332,48.13741566,1,#66c2a5,bicycle
9,1,73,126,2018,11,19,3,3,1,6,2,1,0,0,0,0,0,0,685703.6277,5303553.0002,11.482767994,47.858459007,1,#66c2a5,bicycle
9,7,62,0,2018,11,17,5,3,0,1,2,1,0,0,0,0,0,0,622291.7248,5305528.4891,10.635990571,47.891428458,1,#66c2a5,bicycle
9,7,71,113,2018,11,11,5,3,0,5,0,1,1,0,0,0,0,0,657446851.0,5369617113.0,11.129733523,48.45997314,1,#66c2a5,bicycle
9,1,63,0,2018,11,14,3,3,5,2,0,1,1,0,0,0,0,0,733750.4291,5305212.6484,12.125141092,47.857692983,1,#66c2a5,bicycle
9,1,86,143,2018,11,18,3,3,8,1,2,0,1,0,0,0,0,1,683602.8679,5378141.0941,11.486962398,48.529498288,2,#fc8d62,car
9,1,88,139,2018,11,8,3,3,2,6,0,0,1,0,0,0,0,0,674178.9547,5319891412.0,11.335432997,48.008566045,2,#fc8d62,car
9,1,81,130,2018,11,19,3,3,2,6,2,0,1,0,0,0,0,1,639546.2295,5324323.3935,10.872801786,48.056920588,2,#fc8d62,car
9,1,88,132,2018,11,7,3,2,6,4,1,0,1,1,0,0,0,0,662885.2683,5322303.1673,11.185039054,48.033227116,2,#fc8d62,car
9,1,77,133,2018,11,9,3,3,3,6,0,0,1,0,0,0,0,0,706314.8061,5359469.7097,11.785049746,48.354667449,2,#fc8d62,car
9,1,77,117,2018,11,7,3,3,6,4,0,0,0,1,0,0,1,0,715695.4765,5353852.5506,11.908639704,48.301063202,3,#8da0cb,toilet
9,1,62,0,2018,11,17,2,3,2,6,2,0,1,0,0,0,0,0,697002.2569,5331105.0364,11.646298315,48.102722901,2,#fc8d62,car
9,1,84,147,2018,11,16,2,2,8,1,0,1,0,0,0,0,0,0,697438854.0,5342141.98,11.65727651,48.201779853,1,#66c2a5,bicycle
9,1,62,0,2018,11,9,2,3,4,2,0,0,1,0,1,0,0,0,693394.4226,5332819.4463,11.598664313,48.119236931,2,#fc8d62,car
9,1,62,0,2018,11,15,2,3,1,5,0,1,1,0,0,0,0,0,691733274.0,5335366519.0,11.577512892,48.142632041,1,#66c2a5,bicycle
9,1,62,0,2018,11,7,2,2,5,3,0,1,1,0,0,0,0,0,692677452.0,5332564.4487,11.588925283,48.117162413,1,#66c2a5,bicycle
9,1,62,0,2018,11,15,2,3,0,1,0,1,0,0,0,0,0,0,690405.9949,5329636972.0,11.557130111,48.091533338,1,#66c2a5,bicycle
9,1,62,0,2018,11,13,2,3,0,1,0,1,0,0,0,0,0,1,693576.5497,5336078.7551,11.602589892,48.148475246,1,#66c2a5,bicycle
9,7,62,0,2018,11,17,2,3,5,3,2,0,1,0,0,0,0,0,621575.9281,5304904.1166,10.626242961,47.885949026,2,#fc8d62,car
9,7,61,0,2018,11,9,2,3,3,2,0,1,1,0,0,0,0,0,639223.3624,5360797.8932,10.880449303,48.384970516,1,#66c2a5,bicycle
9,1,87,117,2018,11,17,5,3,5,2,1,1,1,0,0,0,0,0,724447.7156,5305975324.0,12.00134384,47.867862028,1,#66c2a5,bicycle
9,7,61,0,2018,11,9,2,3,5,7,0,1,1,0,0,0,0,0,640542.3231,5357252.5548,10.897069182,48.35279953,1,#66c2a5,bicycle
9,1,74,115,2018,11,7,5,3,5,3,0,1,1,0,0,0,0,0,682727.4827,5348491.4569,11.462215504,48.263256762,1,#66c2a5,bicycle
9,1,77,133,2018,11,4,5,3,5,3,2,0,1,0,0,0,0,0,707809.2761,5360193.8839,11.805556147,48.360684805,2,#fc8d62,car
9,1,62,0,2018,11,14,4,3,6,2,0,0,1,1,0,0,0,0,679486.1784,5337127668.0,11.413771911,48.16203602,2,#fc8d62,car
9,1,84,130,2018,11,7,4,3,2,6,0,0,1,0,0,0,0,1,700473.6538,5349947.8973,11.701767972,48.27097928,2,#fc8d62,car
9,1,62,0,2018,11,12,4,2,6,7,0,0,1,1,0,0,0,0,686256.9398,5339477.0843,11.505767279,48.181205922,2,#fc8d62,car
9,1,62,0,2018,11,20,4,2,5,3,2,1,1,0,0,0,0,1,685239.8593,5334456.1882,11.48991154,48.136373316,1,#66c2a5,bicycle
9,1,62,0,2018,11,9,4,3,4,2,0,0,1,0,0,0,0,0,690051.8633,5339302.1454,11.556691,48.178509823,2,#fc8d62,car
9,1,84,112,2018,11,7,4,3,6,4,1,0,1,1,0,0,0,0,702061.3494,5339003.7541,11.717924903,48.172123226,2,#fc8d62,car
9,1,62,0,2018,11,12,4,3,0,5,0,1,1,0,0,0,0,0,692477.7171,5338392.4523,11.588878784,48.169603606,1,#66c2a5,bicycle
9,1,84,146,2018,11,15,4,2,6,2,0,0,1,1,0,0,0,0,698243.5001,5328368545.0,11.661682812,48.077744179,2,#fc8d62,car
9,1,84,149,2018,11,16,4,3,3,6,0,1,1,0,0,0,0,0,690356.0157,5349893.3246,11.565534539,48.273610382,1,#66c2a5,bicycle
9,1,62,0,2018,11,19,4,3,3,6,2,1,1,0,0,0,0,0,692834.3919,5333866.1333,11.591620613,48.128814166,1,#66c2a5,bicycle
9,1,62,0,2018,11,16,4,3,2,6,0,1,1,0,0,0,0,0,689900.0253,5342473.1736,11.556068511,48.207056183,1,#66c2a5,bicycle
9,1,84,146,2018,11,5,4,3,9,1,2,0,1,0,0,0,0,0,697846.3357,5328160.1069,11.656259802,48.07599421,2,#fc8d62,car
9,1,62,0,2018,11,11,4,2,5,3,0,0,1,0,0,0,0,0,699985.3417,5335303.2977,11.68829353,48.13952373,2,#fc8d62,car
9,1,62,0,2018,11,14,4,3,5,3,0,1,1,0,0,0,0,0,692850534.0,5330088689.0,11.590129453,48.094858356,1,#66c2a5,bicycle
9,1,62,0,2018,11,15,4,3,2,6,0,0,1,0,0,0,0,0,694565.5551,5335677.0634,11.615688917,48.144563284,2,#fc8d62,car
9,7,78,116,2018,11,6,4,2,0,7,1,0,0,0,0,0,1,0,621935.1349,5315200.1638,10.633961055,47.9784798,6,#ffd92f,circle
9,7,72,163,2018,11,8,4,3,2,6,0,0,1,0,0,0,0,1,639748.4386,5349400.2607,10.883757153,48.282369355,2,#fc8d62,car
9,7,72,202,2018,11,14,3,3,0,2,0,0,1,0,1,0,0,1,636319.6096,5359843209.0,10.840940774,48.377020269,2,#fc8d62,car
9,7,61,0,2018,11,8,4,3,4,6,0,1,0,0,0,0,0,1,643618.7459,5357803.6035,10.93875896,48.357062128,1,#66c2a5,bicycle
9,7,61,0,2018,11,17,4,3,5,3,1,0,1,0,0,0,0,1,640583.4857,5358036.1358,10.89788625,48.359836082,2,#fc8d62,car
9,1,79,134,2018,11,16,4,3,5,3,1,0,1,0,0,0,1,0,668926.7756,5345735.8381,11.275312536,48.242314992,2,#fc8d62,car
9,1,75,115,2018,11,16,4,3,0,1,1,1,0,0,0,0,0,1,721247.75,5328936.3443,11.970431544,48.075280821,1,#66c2a5,bicycle
9,1,62,0,2018,11,16,5,3,2,6,1,0,1,0,0,0,0,0,688410.6686,5343237.8269,11.536381716,48.214372698,2,#fc8d62,car
9,1,62,0,2018,11,16,3,3,6,4,0,0,1,1,0,0,0,0,699516.4702,5334839.0666,11.681780473,48.135498821,2,#fc8d62,car
9,1,62,0,2018,11,7,3,3,5,2,0,1,1,0,0,0,0,0,691785.9009,5341671.8324,11.581063827,48.199287006,1,#66c2a5,bicycle
9,1,62,0,2018,11,14,3,3,2,6,0,1,1,0,0,0,0,0,690547.2188,5336945.2349,11.562291796,48.157177772,1,#66c2a5,bicycle
9,1,62,0,2018,11,11,3,3,5,3,0,0,1,0,0,0,0,0,692094.7464,5331208.8257,11.580493476,48.105154284,2,#fc8d62,car
9,1,62,0,2018,11,15,3,2,6,4,0,0,1,1,0,0,0,0,686164.9727,5339831.6903,11.504686617,48.184420178,2,#fc8d62,car
9,7,72,163,2018,11,17,5,3,5,3,2,1,1,0,0,0,0,0,640454.3626,5349336.9984,10.893246334,48.281644285,1,#66c2a5,bicycle
9,1,62,0,2018,11,23,5,3,6,4,2,0,1,1,0,0,0,1,688667.9859,5333111.8279,11.535349289,48.123282891,2,#fc8d62,car
9,1,62,0,2018,11,13,4,3,0,7,0,1,0,0,0,0,0,0,688490.4112,5338125.7041,11.535185216,48.168400949,1,#66c2a5,bicycle
9,1,62,0,2018,11,14,3,3,5,3,0,1,1,0,0,0,0,0,690581.2482,5341549.3042,11.56481346,48.198548443,1,#66c2a5,bicycle
9,1,62,0,2018,11,9,4,2,5,4,0,1,0,1,0,0,0,0,690395.6984,5334236.7915,11.559045247,48.132879746,1,#66c2a5,bicycle
9,1,62,0,2018,11,13,3,3,5,2,0,1,1,0,0,0,0,0,686248.2841,5333359.5707,11.502973605,48.126222159,1,#66c2a5,bicycle
9,1,62,0,2018,11,12,3,3,3,2,0,1,1,0,0,0,0,0,686648.8737,5338265.8981,11.510502974,48.170204449,1,#66c2a5,bicycle
9,1,62,0,2018,11,15,3,3,1,6,0,0,1,0,0,0,0,0,690481.8362,5340247.2955,11.562892966,48.186875985,2,#fc8d62,car
9,1,62,0,2018,11,7,3,3,0,7,0,0,0,0,1,0,0,0,689132.8204,5337594.5028,11.543580527,48.163435672,4,#e78ac3,marker
9,1,62,0,2018,11,16,3,3,4,6,2,1,0,0,0,0,0,0,693776.7815,5335119.6193,11.604842578,48.139793905,1,#66c2a5,bicycle
9,1,62,0,2018,11,9,3,3,4,7,0,0,1,0,1,0,0,0,689053.7151,5333368.5833,11.540641377,48.125476221,2,#fc8d62,car
9,1,79,126,2018,11,17,7,3,9,7,1,0,1,0,0,0,0,0,676616.8347,5340844.6699,11.376763835,48.19625231,2,#fc8d62,car
9,7,61,0,2018,11,6,3,2,6,4,2,1,0,1,0,0,0,0,638484.1396,5360176.7628,10.870265696,48.379548166,1,#66c2a5,bicycle
9,7,71,113,2018,11,17,3,3,6,2,2,0,1,1,0,0,0,0,657540.4853,5369132.4028,11.130816717,48.455592042,2,#fc8d62,car
9,1,74,126,2018,11,19,5,3,0,1,2,0,0,0,1,0,0,0,684416.4544,5344240.6661,11.483100786,48.224559842,4,#e78ac3,marker
9,1,62,0,2018,11,14,5,1,6,4,0,0,0,1,0,0,1,0,694579.33,5334169.0839,11.615185028,48.131005977,3,#8da0cb,toilet
9,1,62,0,2018,11,12,5,3,2,6,0,0,1,0,0,1,0,0,690368.2437,5334622.7948,11.558849109,48.136357353,2,#fc8d62,car
9,1,62,0,2018,11,13,4,3,0,7,0,0,0,1,0,0,1,0,690813.2342,5334900.4021,11.564948635,48.138719202,3,#8da0cb,toilet
9,1,62,0,2018,11,7,5,3,6,2,0,0,1,1,0,0,0,0,685686.7341,5334871.3823,11.496093336,48.139975019,2,#fc8d62,car
9,1,84,146,2018,11,11,4,3,8,7,0,0,1,0,0,0,0,1,699364.3267,5328070.0123,11.676575168,48.074711778,2,#fc8d62,car
9,1,62,0,2018,11,12,4,3,0,7,0,1,1,0,0,0,0,0,693897.2364,5339507.1433,11.608459703,48.179190562,1,#66c2a5,bicycle
9,1,62,0,2018,11,16,4,3,5,2,0,1,1,0,0,0,0,1,691564.2726,5332854974.0,11.574114188,48.120109467,1,#66c2a5,bicycle
9,2,61,0,2018,11,15,3,3,1,6,0,0,1,0,0,0,0,0,733018467.0,5382046.4822,12.157550521,48.548185862,2,#fc8d62,car
9,1,78,124,2018,11,14,7,3,6,1,0,0,1,1,0,0,0,0,703056.8011,5364675.6664,11.743637221,48.402505493,2,#fc8d62,car
9,7,61,0,2018,11,8,5,3,0,7,0,0,1,0,0,0,1,0,637373.5918,5360197.9396,10.855282581,48.37998137,2,#fc8d62,car
9,1,63,0,2018,11,13,3,2,5,3,0,1,0,0,1,0,0,0,733981.8348,5305263.6119,12.128257689,47.858066634,1,#66c2a5,bicycle
9,1,62,0,2018,11,15,5,3,5,3,0,0,1,0,0,0,0,0,690456077.0,5340136406.0,11.562497026,48.185887046,2,#fc8d62,car
9,1,62,0,2018,11,16,4,3,2,6,1,0,1,0,0,0,0,0,694134.6535,5334674.2191,11.609445096,48.135681731,2,#fc8d62,car
9,1,88,139,2018,11,17,3,2,0,7,2,0,1,0,0,0,0,0,672744957.0,5319078152.0,11.315894478,48.001644141,2,#fc8d62,car
9,1,79,123,2018,11,11,3,3,4,6,0,0,1,0,0,0,1,0,673310864.0,5333026.8622,11.329128052,48.126885172,2,#fc8d62,car
9,1,62,0,2018,11,14,4,3,4,7,0,0,1,0,0,0,0,0,686879.2084,5334370.3545,11.511887415,48.135122515,2,#fc8d62,car
9,1,79,121,2018,11,11,3,2,5,3,0,0,1,0,0,0,0,0,667779976.0,5338903886.0,11.257176324,48.181201256,2,#fc8d62,car
9,1,78,124,2018,11,9,3,3,2,6,0,1,1,0,0,0,0,0,704267.2044,5364175.2311,11.759728674,48.397617564,1,#66c2a5,bicycle
9,1,63,0,2018,11,10,5,3,0,7,0,1,0,0,0,0,0,0,733165.8804,5304711.7164,12.117067901,47.853404907,1,#66c2a5,bicycle
9,1,77,117,2018,11,13,3,3,6,4,0,0,1,1,0,0,0,0,715395.6347,5355161.1053,11.905269575,48.312922869,2,#fc8d62,car
9,1,62,0,2018,11,17,2,3,3,6,2,0,1,0,1,0,0,0,690332.2352,5335851.0676,11.558914581,48.147407818,2,#fc8d62,car
9,1,62,0,2018,11,14,5,3,0,7,0,1,0,0,0,0,0,0,688787278.0,5336254.1224,11.538343452,48.151490901,1,#66c2a5,bicycle
9,1,62,0,2018,11,20,2,3,2,6,2,0,1,0,1,0,0,0,686167.8801,5339440.0119,11.50455408,48.180898805,2,#fc8d62,car
9,7,72,177,2018,11,12,4,2,0,7,0,1,0,0,0,0,0,0,636421.1982,5378648.4523,10.848443325,48.546091104,1,#66c2a5,bicycle
9,1,62,0,2018,11,7,2,3,2,6,0,0,0,0,1,1,0,1,690727.4694,5340268.3044,11.566203904,48.18699111,4,#e78ac3,marker
9,1,62,0,2018,11,6,2,3,5,2,1,0,1,0,0,0,0,1,696945.2626,5330678.3426,11.645336673,48.098905641,2,#fc8d62,car
9,1,62,0,2018,11,14,2,2,6,6,0,0,1,1,0,0,0,0,690525.5949,5334710.3696,11.561001137,48.137097384,2,#fc8d62,car
9,7,61,0,2018,11,16,4,3,6,2,2,0,1,1,0,0,0,1,640436.3194,5352894.6531,10.894186689,48.313638007,2,#fc8d62,car
9,1,62,0,2018,11,7,2,3,6,4,1,0,1,1,0,0,0,1,692493.28,5334652.2879,11.58739623,48.135983206,2,#fc8d62,car
9,1,62,0,2018,11,15,5,3,3,7,0,1,1,0,0,0,0,0,694523.3698,5335153.1056,11.614883058,48.13986707,1,#66c2a5,bicycle
9,1,62,0,2018,11,17,2,3,1,6,2,0,1,0,1,0,0,1,699007.2581,5332115.7351,11.673672328,48.111183181,2,#fc8d62,car
9,1,88,127,2018,11,12,5,3,5,3,0,1,1,0,0,0,0,0,679674.5545,5329999.0828,11.413297013,48.097904084,1,#66c2a5,bicycle
9,7,77,177,2018,11,17,2,3,5,2,2,1,1,0,0,0,0,0,632452342.0,5317444618.0,10.775519338,47.99657312,1,#66c2a5,bicycle
9,7,77,141,2018,11,10,2,3,8,1,0,0,1,0,0,0,0,2,631343.6119,5307719.7815,10.757694882,47.909346237,2,#fc8d62,car
9,7,72,125,2018,11,17,2,3,5,3,2,0,1,0,0,0,0,1,636437264.0,5347357.89,10.83848874,48.264726412,2,#fc8d62,car
9,7,72,202,2018,11,15,2,3,6,4,0,0,0,1,0,0,1,0,637163.2153,5358695.4284,10.851952735,48.366516722,3,#8da0cb,toilet
9,7,61,0,2018,11,8,2,3,5,3,0,1,1,0,0,0,0,0,639493.8082,5359672.0637,10.883726421,48.374787624,1,#66c2a5,bicycle
9,1,62,0,2018,11,17,5,2,1,5,2,0,1,0,0,0,0,1,693723.0851,5331116.5707,11.60230249,48.103832061,2,#fc8d62,car
9,1,87,117,2018,11,8,5,3,3,2,0,1,1,0,0,0,0,1,724454.9167,5305999.2406,12.001452416,47.868074404,1,#66c2a5,bicycle