ULAND,UREGBEZ,UKREIS,UGEMEINDE,UJAHR,UMONAT,USTUNDE,UWOCHENTAG,UKATEGORIE,UART,UTYP1,ULICHTVERH,IstRad,IstPKW,IstFuss,IstKrad,IstGkfz,IstSonstig,STRZUSTAND,LINREFX,LINREFY,XGCSWGS84,YGCSWGS84,Teilnehmer,color,symbol
9,1,62,0,2018,11,11,5,3,0,6,0,0,1,0,0,0,1,0,688432.5342,5336392.6635,11.533639917,48.152841322,2,#fc8d62,car
9,1,73,147,2018,11,6,2,3,8,1,2,0,1,0,0,0,0,1,682307.5977,5308058.1464,11.43930903,47.89992926,2,#fc8d62,car
9,1,90,139,2018,11,17,2,2,6,4,2,0,0,1,0,0,1,1,655497002.0,5296417905.0,11.076659175,47.802324867,3,#8da0cb,toilet
9,1,90,148,2018,11,13,2,3,0,7,0,0,1,1,0,0,0,2,641918835.0,5296843.0987,10.895569655,47.80928515,2,#fc8d62,car
9,1,63,0,2018,11,7,2,3,2,7,1,0,1,0,1,0,0,1,733856.0019,5304044293.0,12.12591888,47.847158059,2,#fc8d62,car
9,1,86,143,2018,11,16,2,3,0,1,0,1,0,0,0,0,0,0,684910022.0,5378129356.0,11.504645471,48.529009084,1,#66c2a5,bicycle
9,1,62,0,2018,11,11,5,3,1,6,0,0,1,0,0,0,0,0,685435.6226,5334898.9245,11.492733079,48.140295812,2,#fc8d62,car
9,1,79,118,2018,11,17,2,3,1,5,2,1,1,0,0,0,0,1,673417.8803,5337583.8506,11.332421422,48.167821064,1,#66c2a5,bicycle
9,1,81,118,2018,11,7,2,3,4,6,0,0,1,0,0,0,1,1,649992.31,5326874.1313,11.013803317,48.077485623,2,#fc8d62,car
9,1,84,122,2018,11,8,4,3,5,3,0,1,1,0,0,0,0,0,688254.4412,5323593.3631,11.52560374,48.037850538,1,#66c2a5,bicycle
9,1,75,118,2018,11,6,2,3,3,6,1,1,0,0,0,0,1,0,714848.6184,5338998.2435,11.889703296,48.167880404,1,#66c2a5,bicycle
9,1,75,123,2018,11,5,2,3,6,4,2,0,1,1,0,0,0,1,722082347.0,5338006.8271,11.986344137,48.156487148,2,#fc8d62,car
9,1,77,139,2018,11,7,2,3,8,1,0,0,1,0,0,0,0,2,732955.6275,5358213.1848,12.143449462,48.33411749,2,#fc8d62,car
9,1,62,0,2018,11,20,1,3,0,1,2,1,0,0,0,0,0,1,692581.1033,5335227.6648,11.588835613,48.141127994,1,#66c2a5,bicycle
9,1,62,0,2018,11,8,5,3,5,2,0,1,1,0,0,0,0,0,692169.2402,5336916.9217,11.584067443,48.156435213,1,#66c2a5,bicycle
9,1,62,0,2018,11,8,1,3,5,3,0,1,1,0,0,0,0,0,686251.1887,5333388.5172,11.503025251,48.126481492,1,#66c2a5,bicycle
9,1,62,0,2018,11,0,1,2,0,3,2,1,1,0,0,0,0,0,692303636.0,5337341.4934,11.586064632,48.160210537,1,#66c2a5,bicycle
9,1,62,0,2018,11,3,1,3,3,5,2,0,1,0,0,0,0,0,692392869.0,5332706.2807,11.585169495,48.118523217,2,#fc8d62,car
9,1,62,0,2018,11,12,4,3,3,5,0,1,1,0,0,0,0,0,688878.5055,5334957.4478,11.538993555,48.13980916,1,#66c2a5,bicycle
9,1,78,124,2018,11,12,7,2,6,4,0,0,1,1,0,0,0,0,704553.8556,5363832.1831,11.763429683,48.394441991,2,#fc8d62,car
9,1,62,0,2018,11,12,1,3,0,1,0,0,0,0,0,0,1,1,690489.4142,5330029.7216,11.558424486,48.09503847,6,#ffd92f,circle
9,1,62,0,2018,11,15,1,3,5,3,0,1,1,0,0,0,0,0,681526.1686,5337042.0502,11.441143948,48.160687261,1,#66c2a5,bicycle
9,1,62,0,2018,11,1,1,3,0,1,2,1,0,0,0,0,0,0,690353.8485,5334203675.0,11.558468542,48.132594613,1,#66c2a5,bicycle
9,1,62,0,2018,11,2,1,2,6,4,2,0,1,1,0,0,0,0,691214.8679,5335287.1219,11.570515477,48.14207444,2,#fc8d62,car
9,7,72,163,2018,11,7,5,3,3,6,0,0,1,0,0,0,0,0,640606.4892,5349911.5022,10.895486947,48.286776346,2,#fc8d62,car
9,1,62,0,2018,11,16,1,3,3,6,1,0,1,0,0,0,0,0,688141.1987,5339836.8386,11.531250501,48.183884289,2,#fc8d62,car
9,2,61,0,2018,11,17,4,3,6,2,2,0,1,1,0,0,0,1,732231.9924,5379357.4529,12.145411863,48.524322551,2,#fc8d62,car
9,7,61,0,2018,11,21,1,3,5,1,2,0,1,0,0,0,0,0,639593.3053,5355825.8213,10.883793363,48.340181159,2,#fc8d62,car
9,1,62,0,2018,11,16,5,3,5,2,2,1,0,0,0,0,1,0,691258624.0,5339254461.0,11.572886674,48.177719178,1,#66c2a5,bicycle
9,1,63,0,2018,11,8,4,3,0,1,0,1,0,0,0,0,0,0,731377.7084,5304087.7432,12.09286529,47.848445115,1,#66c2a5,bicycle
9,1,74,115,2018,11,10,5,3,5,3,0,1,1,0,0,0,0,0,681214.7667,5347884999.0,11.44159151,48.258240046,1,#66c2a5,bicycle
9,1,62,0,2018,11,9,5,3,0,7,0,1,0,0,0,0,0,0,690348.2315,5335862.7091,11.559134625,48.147507666,1,#66c2a5,bicycle
9,1,77,117,2018,11,9,1,3,6,4,0,0,1,1,0,0,0,0,716083.3318,5354687.8738,11.914290495,48.308436306,2,#fc8d62,car
9,1,87,150,2018,11,13,4,3,0,1,0,1,0,0,0,0,0,0,729707.9653,5304733.7253,12.070921767,47.854847713,1,#66c2a5,bicycle
9,1,62,0,2018,11,15,7,3,2,6,0,0,1,0,0,0,0,0,681464664.0,5335799.7158,11.439787826,48.149537753,2,#fc8d62,car
9,1,62,0,2018,11,12,7,3,5,2,0,0,1,0,1,0,0,0,696926.8923,5330696.6466,11.645098643,48.099075825,2,#fc8d62,car
9,1,62,0,2018,11,21,7,3,5,7,2,0,1,0,0,0,1,0,687005768.0,5334637516.0,11.513704123,48.137486667,2,#fc8d62,car
9,1,86,143,2018,11,20,4,3,5,3,2,1,1,0,0,0,0,1,685249.8097,5378150.4592,11.509252751,48.529098567,1,#66c2a5,bicycle
9,1,62,0,2018,11,0,7,3,3,6,2,1,0,0,0,0,0,0,690136.3975,5333695.1214,11.555321964,48.128088719,1,#66c2a5,bicycle
9,1,62,0,2018,11,14,5,3,1,5,0,1,1,0,0,0,0,0,693925065.0,5336247089.0,11.607347255,48.149882017,1,#66c2a5,bicycle
9,1,62,0,2018,11,14,7,3,2,6,0,0,1,0,0,0,0,0,696041719.0,5333815606.0,11.634655744,48.127380384,2,#fc8d62,car
9,1,62,0,2018,11,9,7,3,0,5,0,1,1,0,0,0,0,0,684745.1113,5334605.0545,11.483332413,48.137855225,1,#66c2a5,bicycle
9,1,62,0,2018,11,16,5,3,3,2,1,1,1,0,0,0,0,0,691270.7615,5339315.7886,11.573077382,48.178266726,1,#66c2a5,bicycle
9,1,62,0,2018,11,16,7,3,1,5,2,1,1,0,0,0,0,0,686728.6871,5341228.2917,11.512877378,48.196807712,1,#66c2a5,bicycle
9,1,62,0,2018,11,11,7,3,5,3,0,1,1,0,0,0,0,0,690179255.0,5336306.8596,11.557063609,48.151550222,1,#66c2a5,bicycle
9,1,62,0,2018,11,11,7,3,3,2,0,1,1,0,0,0,0,0,691060.9474,5335591251.0,11.568584934,48.144854164,1,#66c2a5,bicycle
9,7,61,0,2018,11,15,7,3,6,7,0,0,1,1,0,0,0,0,636925.7121,5361958.4026,10.849810875,48.395908612,2,#fc8d62,car
9,7,61,0,2018,11,19,7,3,5,3,2,1,1,0,0,0,0,0,642509.3651,5360047171.0,10.92455207,48.377486593,1,#66c2a5,bicycle
9,1,62,0,2018,11,14,5,3,5,3,0,1,1,0,0,0,0,0,690360.4975,5343202.9841,11.562587534,48.213477695,1,#66c2a5,bicycle
9,1,62,0,2018,11,16,4,3,6,4,2,0,1,1,0,0,0,0,691829.2732,5334926.9342,11.57860407,48.138652185,2,#fc8d62,car
9,1,62,0,2018,11,17,5,3,1,5,2,0,1,0,0,0,0,0,696326.6539,5335644.1002,11.639323535,48.14372602,2,#fc8d62,car
9,1,84,122,2018,11,12,6,3,5,2,0,0,1,0,0,0,1,0,687959.9726,5324102.6064,11.521880677,48.042514564,2,#fc8d62,car
9,1,79,126,2018,11,11,7,3,0,1,0,1,0,0,0,0,0,0,676330.7467,5340698.0018,11.372856416,48.195013392,1,#66c2a5,bicycle
9,1,62,0,2018,11,8,4,3,0,5,0,1,0,0,0,0,1,0,692228.8436,5334310.9259,11.583691532,48.132995037,1,#66c2a5,bicycle
9,1,73,147,2018,11,22,7,3,3,6,2,1,1,0,0,0,0,0,682077.22,5308983.5398,11.436620016,47.908313217,1,#66c2a5,bicycle
9,1,62,0,2018,11,21,2,3,2,6,2,0,1,0,0,0,0,1,687815.9237,5334456.4511,11.524503341,48.135620617,2,#fc8d62,car
9,1,62,0,2018,11,18,7,3,6,4,2,0,1,1,0,0,0,1,688421412.0,5336402908.0,11.533495057,48.152936696,2,#fc8d62,car
9,1,74,111,2018,11,16,6,3,6,2,0,0,1,1,0,0,0,0,667292.2397,5361041.9385,11.259383711,48.380345855,2,#fc8d62,car
9,7,72,184,2018,11,14,7,3,4,6,0,0,1,0,0,0,0,0,636504.1554,5361815.6587,10.844072487,48.394716475,2,#fc8d62,car
9,7,61,0,2018,11,15,2,3,5,3,0,0,1,0,0,0,0,1,639016.2691,5355537.1297,10.875915408,48.337712528,2,#fc8d62,car
9,7,61,0,2018,11,18,7,3,6,3,2,0,1,1,0,0,0,0,636894.1203,5359490.9846,10.848580419,48.373728716,2,#fc8d62,car
9,7,61,0,2018,11,13,7,3,5,3,0,0,1,0,0,0,0,1,639729.9358,5356672.7824,10.885917165,48.347766633,2,#fc8d62,car
9,1,63,0,2018,11,13,2,3,4,6,0,1,1,0,0,0,0,1,732200926.0,5304473616.0,12.10405978,47.851615074,1,#66c2a5,bicycle
9,1,62,0,2018,11,10,1,3,3,6,0,1,1,0,0,0,0,0,692514.2425,5336814.2415,11.588655268,48.155408003,1,#66c2a5,bicycle
9,1,62,0,2018,11,8,2,3,6,7,0,0,1,0,0,0,1,1,692733.6677,5339672.1262,11.59289796,48.181027363,2,#fc8d62,car
9,1,75,127,2018,11,13,6,3,1,3,0,1,1,0,0,0,0,0,713317.1141,5341257.7876,11.870265582,48.188699523,1,#66c2a5,bicycle
9,1,62,0,2018,11,22,2,3,6,2,2,0,1,1,0,0,0,1,693948.3879,5331205.7836,11.605366312,48.104565335,2,#fc8d62,car
9,1,77,117,2018,11,10,6,2,6,4,0,0,1,1,0,0,0,0,716584763.0,5355398183.0,11.921408707,48.314646958,2,#fc8d62,car
9,1,78,124,2018,11,22,1,3,6,4,2,0,1,1,0,0,0,1,704757.8295,5358940.5572,11.763800231,48.350419096,2,#fc8d62,car
9,1,88,139,2018,11,16,5,3,2,6,2,0,1,0,0,0,0,0,674954.8192,5319402.7675,11.345627675,48.003961422,2,#fc8d62,car
9,1,88,139,2018,11,13,5,3,2,6,0,0,1,0,0,0,0,0,674777.5632,5319014.8487,11.34309524,48.000522652,2,#fc8d62,car
9,1,81,118,2018,11,7,5,2,0,1,0,1,0,0,0,0,0,1,649884.1495,5327812791.0,11.012681416,48.085951018,1,#66c2a5,bicycle
9,1,79,119,2018,11,9,5,3,5,3,0,1,1,0,0,0,0,0,669077.4396,5339489.5706,11.274850216,48.186122492,1,#66c2a5,bicycle
9,1,74,115,2018,11,16,5,3,6,4,2,0,1,1,0,0,0,0,680918.4416,5347703.9855,11.437525347,48.256697656,2,#fc8d62,car
9,1,62,0,2018,11,8,7,3,0,6,0,1,0,0,0,0,1,1,683923.2248,5339646.9413,11.474475253,48.183412518,1,#66c2a5,bicycle
9,1,77,117,2018,11,18,5,2,6,1,2,0,1,1,0,0,0,2,715867408.0,5354068.0755,11.911065284,48.302941084,2,#fc8d62,car
9,1,62,0,2018,11,17,4,3,5,3,1,1,1,0,0,0,0,0,697965714.0,5334570.9108,11.660834938,48.13357311,1,#66c2a5,bicycle
9,1,62,0,2018,11,11,4,3,5,3,0,0,1,0,0,0,0,0,691294.6696,5336054.3519,11.571931854,48.148946227,2,#fc8d62,car
9,1,62,0,2018,11,8,4,2,5,3,0,1,0,0,1,0,0,1,686137.5382,5334379.9061,11.501932503,48.135425728,1,#66c2a5,bicycle
9,1,62,0,2018,11,18,4,3,6,4,2,0,0,1,0,0,1,0,689431.9233,5334915.0321,11.546406382,48.139263409,3,#8da0cb,toilet
9,2,61,0,2018,11,19,7,3,4,2,2,0,1,0,1,0,0,1,732905.5986,5381913.4844,12.155949139,48.547033097,2,#fc8d62,car
9,1,62,0,2018,11,11,4,3,6,4,0,0,1,1,0,0,0,0,692019.9389,5334580.0837,11.581007978,48.135477245,2,#fc8d62,car
9,1,62,0,2018,11,8,4,3,0,1,0,1,0,0,0,0,0,2,690644.7432,5338399.6706,11.564253755,48.170220881,1,#66c2a5,bicycle
9,1,62,0,2018,11,5,4,3,5,3,2,0,1,0,0,0,0,0,690424.15,5336975771.0,11.56065227,48.157489093,2,#fc8d62,car
9,1,73,126,2018,11,17,7,3,5,3,2,0,1,0,0,0,0,1,686853.5566,5302872.4653,11.497832933,47.85200842,2,#fc8d62,car
9,1,62,0,2018,11,12,4,3,1,6,0,0,1,0,0,0,0,0,686648768.0,5328481407.0,11.506216568,48.082257985,2,#fc8d62,car
9,1,62,0,2018,11,14,4,3,2,5,0,1,1,0,0,0,0,0,690599.8417,5334970.8194,11.562114661,48.139416064,1,#66c2a5,bicycle
9,7,61,0,2018,11,17,2,3,5,1,2,0,1,0,0,0,0,1,639730.3076,5356598.7075,10.885897597,48.347100487,2,#fc8d62,car
9,1,74,126,2018,11,9,2,3,0,1,0,0,0,0,1,0,0,1,683236547.0,5343870.1797,11.467068972,48.22157162,4,#e78ac3,marker
9,7,61,0,2018,11,16,4,3,5,3,2,0,1,0,0,0,0,0,638682.1127,5358916.9786,10.872522339,48.368176968,2,#fc8d62,car
9,1,62,0,2018,11,19,2,3,5,7,2,1,1,0,0,0,0,1,688729.9876,5334163.1682,11.536647226,48.132714129,1,#66c2a5,bicycle
9,1,81,130,2018,11,13,7,3,2,6,0,0,1,0,0,0,0,0,639113.6071,5324731.6488,10.867131695,48.060686216,2,#fc8d62,car
9,1,62,0,2018,11,15,5,3,5,3,0,0,1,0,0,0,0,0,693816.7093,5332963.8759,11.604398213,48.120406627,2,#fc8d62,car
9,1,88,121,2018,11,18,7,2,1,5,2,0,1,0,0,0,0,1,670235.8812,5329529.8995,11.286442012,48.096277845,2,#fc8d62,car
9,7,61,0,2018,11,14,1,3,2,6,0,0,1,0,0,0,0,0,639295.4327,5361717.5933,10.881727157,48.39322429,2,#fc8d62,car
9,1,62,0,2018,11,19,6,3,3,6,2,0,1,0,0,0,0,0,690270.2644,5338920.4816,11.559455166,48.175014101,2,#fc8d62,car
9,1,62,0,2018,11,21,2,3,5,3,2,0,1,0,1,0,0,1,688998.6638,5335582.1621,11.540884407,48.14538848,2,#fc8d62,car
9,1,62,0,2018,11,10,6,3,5,2,0,1,1,0,0,0,0,0,687813.9806,5334454.3693,11.524476331,48.135602479,1,#66c2a5,bicycle
9,1,62,0,2018,11,20,7,3,2,6,2,0,1,0,0,0,0,1,690467.6415,5340245.2138,11.562701245,48.186861531,2,#fc8d62,car
9,1,62,0,2018,11,7,6,3,2,6,0,0,1,0,0,0,0,0,689012.5385,5335586.3967,11.541072627,48.145422419,2,#fc8d62,car
9,1,62,0,2018,11,6,6,3,2,6,2,0,1,0,0,0,1,1,691166.9205,5340807.4486,11.572353119,48.191704747,2,#fc8d62,car
9,1,87,182,2018,11,7,2,3,5,3,0,0,1,0,1,0,0,1,741002.6869,5328172.3959,12.234806941,48.061260927,2,#fc8d62,car
9,1,62,0,2018,11,15,6,3,5,2,0,1,1,0,0,0,0,0,686209.4811,5334364.8351,11.502891965,48.135269218,1,#66c2a5,bicycle
9,1,62,0,2018,11,13,6,3,1,7,0,0,1,0,0,0,0,0,697940963.0,5330656.6815,11.658685823,48.098402453,2,#fc8d62,car
9,7,61,0,2018,11,18,2,3,4,2,2,1,1,0,0,0,0,1,642978059.0,5359474627.0,10.93068321,48.37223254,1,#66c2a5,bicycle
9,2,74,126,2018,11,14,4,3,5,3,0,0,1,0,1,0,0,0,732973.6024,5383934447.0,12.157999951,48.565161426,2,#fc8d62,car
9,1,62,0,2018,11,20,6,3,5,3,2,1,1,0,0,0,0,1,689632.9314,5333246.6691,11.548363094,48.124208177,1,#66c2a5,bicycle
9,2,61,0,2018,11,19,4,3,5,3,2,1,1,0,0,0,0,1,731393.7702,5383151.6266,12.136183397,48.558714516,1,#66c2a5,bicycle
9,2,61,0,2018,11,18,4,3,0,7,2,1,0,0,0,0,0,0,730219.7066,5379910.0964,12.118504247,48.530027987,1,#66c2a5,bicycle
9,1,62,0,2018,11,20,6,3,6,4,2,1,0,1,0,0,0,0,689855.4179,5335322382.0,11.552274887,48.142798467,1,#66c2a5,bicycle
9,1,73,147,2018,11,7,4,3,0,1,0,1,0,0,0,0,0,1,681968.2041,5308887313.0,11.435121891,47.90747915,1,#66c2a5,bicycle
9,1,90,148,2018,11,12,4,2,2,1,0,0,1,0,0,0,0,0,640830511.0,5296607.9885,10.88096498,47.807409957,2,#fc8d62,car
9,1,62,0,2018,11,11,6,3,1,5,0,1,0,0,0,1,0,1,691183.1772,5334377.2542,11.569681501,48.133906154,1,#66c2a5,bicycle
9,1,62,0,2018,11,12,1,3,0,1,0,1,0,0,0,0,0,1,688550.7063,5334697.5183,11.534476531,48.137570092,1,#66c2a5,bicycle
9,1,62,0,2018,11,5,2,3,6,4,2,0,1,1,0,0,0,1,690262.8897,5340166.2411,11.559913838,48.186213089,2,#fc8d62,car
9,7,62,0,2018,11,8,6,3,5,3,0,0,1,0,0,0,0,1,620221.2276,5304715.2441,10.608076836,47.884505513,2,#fc8d62,car
9,1,86,143,2018,11,16,4,3,0,1,0,1,0,0,0,0,0,0,684706.7438,5377978.7387,11.501828036,48.527715219,1,#66c2a5,bicycle
9,1,81,130,2018,11,8,4,3,4,2,0,0,1,0,0,0,0,1,637478135.0,5324466.4819,10.84510762,48.058656252,2,#fc8d62,car
9,1,74,115,2018,11,9,4,3,0,1,0,1,0,0,0,0,0,2,681776.0039,5348801.6099,11.449540009,48.266318293,1,#66c2a5,bicycle
9,1,62,0,2018,11,17,3,3,2,6,2,0,1,0,0,0,0,1,687980.2333,5338548.1193,11.528517053,48.172348755,2,#fc8d62,car
9,1,62,0,2018,11,18,3,2,6,2,2,0,1,1,0,0,0,1,690335.3982,5335882.0804,11.558970928,48.147685614,2,#fc8d62,car
9,1,62,0,2018,11,17,2,3,6,4,2,0,1,1,0,0,0,1,697114.8979,5330639.6827,11.647594813,48.098505738,2,#fc8d62,car
9,1,62,0,2018,11,7,3,3,1,6,0,0,1,0,0,0,1,1,686799247.0,5336648025.0,11.511813026,48.15561839,2,#fc8d62,car
9,7,72,147,2018,11,13,6,3,0,1,0,1,0,0,0,0,0,0,638549.0582,5367569.3873,10.873583339,48.446006386,1,#66c2a5,bicycle
9,1,62,0,2018,11,15,3,3,5,3,0,1,1,0,0,0,0,1,686114.2208,5340050.5922,11.504100371,48.186402602,1,#66c2a5,bicycle
9,1,62,0,2018,11,14,3,3,6,2,0,0,1,1,0,0,0,1,686740.0661,5330242.9733,11.508211567,48.098064943,2,#fc8d62,car
9,1,62,0,2018,11,11,7,2,3,7,0,0,1,0,0,1,0,1,691208056.0,5340311.4576,11.572682778,48.187234492,2,#fc8d62,car
9,1,62,0,2018,11,6,3,3,5,3,2,0,1,0,0,0,0,1,687107.1935,5331952.0857,11.513887228,48.113319357,2,#fc8d62,car
9,1,79,134,2018,11,10,1,3,8,1,0,0,1,0,0,0,0,1,666939.0669,5344807.3191,11.248195231,48.234494233,2,#fc8d62,car
9,1,84,112,2018,11,16,3,2,6,4,2,0,1,1,0,0,0,1,699542.6371,5336575.7816,11.682945627,48.151098631,2,#fc8d62,car
9,7,61,0,2018,11,7,6,2,5,3,0,1,1,0,0,0,0,0,641457.9044,5360272.8934,10.910436572,48.379752801,1,#66c2a5,bicycle
9,1,62,0,2018,11,13,3,3,3,2,0,1,1,0,0,0,0,1,692327166.0,5337787.1509,11.586582223,48.164208881,1,#66c2a5,bicycle
9,1,84,139,2018,11,11,3,3,0,7,0,0,1,0,0,0,0,1,687795.9519,5325454.9162,11.52027555,48.054717929,2,#fc8d62,car
9,7,61,0,2018,11,23,6,3,2,6,2,0,1,0,0,0,0,1,640559.1284,5358040.1588,10.897558956,48.359877679,2,#fc8d62,car
9,1,62,0,2018,11,20,3,3,3,6,2,0,1,0,0,0,0,1,692664.2953,5340974732.0,11.592556448,48.192755799,2,#fc8d62,car
9,1,90,148,2018,11,14,2,2,5,3,0,0,1,0,1,0,0,1,640536.3594,5296693.5144,10.877066125,47.808243356,2,#fc8d62,car
9,1,62,0,2018,11,17,3,3,3,6,2,1,1,0,0,0,0,1,692404.3181,5333002.0833,11.585456662,48.12117838,1,#66c2a5,bicycle
9,1,62,0,2018,11,14,3,2,6,4,0,1,0,1,0,0,0,1,691731.9563,5334685883.0,11.577188786,48.136514981,1,#66c2a5,bicycle
9,7,61,0,2018,11,17,2,3,6,2,2,1,0,1,0,0,0,1,641241949.0,5355213011.0,10.905823412,48.334304552,1,#66c2a5,bicycle
9,7,72,149,2018,11,12,3,2,9,1,0,0,1,0,0,0,0,1,633952.7272,5339028.3198,10.802394246,48.190354149,2,#fc8d62,car
9,7,61,0,2018,11,15,3,3,5,3,0,1,1,0,0,0,0,1,639149.1836,5359224016.0,10.878926929,48.370834977,1,#66c2a5,bicycle
9,7,61,0,2018,11,16,3,3,6,4,0,1,0,1,0,0,0,0,640412.8367,5359181.6178,10.895966167,48.370173868,1,#66c2a5,bicycle
9,7,61,0,2018,11,17,3,3,6,4,2,0,1,1,0,0,0,0,640094.8256,5359168.3426,10.891670141,48.370125172,2,#fc8d62,car
9,7,71,144,2018,11,8,3,3,4,2,0,0,1,0,0,0,0,1,661244.9532,5372910.0234,11.182340727,48.488614224,2,#fc8d62,car
9,1,79,123,2018,11,11,2,3,0,7,0,1,0,0,0,0,0,1,676288.6489,5333831.9762,11.369444471,48.133304883,1,#66c2a5,bicycle
9,1,62,0,2018,11,8,5,3,1,7,0,0,1,0,0,0,0,0,684886.3292,5335019.1554,11.485408574,48.141536353,2,#fc8d62,car
9,1,62,0,2018,11,7,2,2,6,2,1,0,1,1,0,0,0,0,692333.2848,5334254.0276,11.585068128,48.132452093,2,#fc8d62,car
9,1,62,0,2018,11,16,2,3,0,4,2,0,1,1,0,0,0,1,688701.7031,5343328.3025,11.540335876,48.215099425,2,#fc8d62,car
9,1,77,123,2018,11,3,1,3,8,7,2,0,1,0,0,0,0,1,726527.6473,5340039.6886,12.04711593,48.173183066,2,#fc8d62,car
9,2,61,0,2018,11,7,3,3,6,2,1,0,1,1,0,0,0,1,732610.4193,5381064.1648,12.15148152,48.539513413,2,#fc8d62,car
9,7,62,0,2018,11,17,2,3,1,6,2,0,1,0,0,0,0,1,621610.4558,5306048.4789,10.627027055,47.896234567,2,#fc8d62,car
9,1,73,126,2018,11,5,3,3,5,1,2,1,1,0,0,0,0,2,684895.1437,5304856.9195,11.472527059,47.870413103,1,#66c2a5,bicycle
9,1,63,0,2018,11,7,3,3,5,3,1,1,1,0,0,0,0,1,733277531.0,5305549718.0,12.119010153,47.86089306,1,#66c2a5,bicycle
9,1,63,0,2018,11,5,3,3,1,7,2,1,0,0,0,1,0,1,733648.3567,5304771.6936,12.123540357,47.853768549,1,#66c2a5,bicycle
9,1,62,0,2018,11,15,7,3,0,7,0,1,0,0,0,0,0,0,687601.3396,5329038.2066,11.519238921,48.086983121,1,#66c2a5,bicycle
9,1,79,123,2018,11,16,3,3,6,4,2,0,1,1,0,0,0,1,675991.3588,5333412.3896,11.365278901,48.129615371,2,#fc8d62,car
9,7,61,0,2018,11,17,2,3,4,2,2,1,1,0,0,0,0,1,639228598.0,5360537923.0,10.88043384,48.382631778,1,#66c2a5,bicycle
9,1,78,120,2018,11,17,3,3,0,3,2,1,1,0,0,0,0,0,694344.7421,5352658.3475,11.620506838,48.297249165,1,#66c2a5,bicycle
9,1,90,157,2018,11,15,6,2,0,1,0,1,0,0,0,0,0,1,661067.1825,5301117.6718,11.152742698,47.843211528,1,#66c2a5,bicycle
9,1,77,117,2018,11,12,3,3,6,4,0,0,0,1,0,0,1,1,715177.1786,5353567.1122,11.901514346,48.298674949,3,#8da0cb,toilet
9,1,62,0,2018,11,16,2,3,4,2,2,1,1,0,0,0,0,1,689957.9994,5333538.6627,11.55285713,48.126735722,1,#66c2a5,bicycle
9,1,87,117,2018,11,17,6,3,5,3,1,1,1,0,0,0,0,0,724448.1672,5305976.8238,12.001350649,47.867875346,1,#66c2a5,bicycle
9,1,62,0,2018,11,17,2,3,6,2,2,0,1,1,0,0,0,1,689642.3309,5335659.0684,11.549563206,48.145888169,2,#fc8d62,car
9,1,62,0,2018,11,16,2,3,6,4,2,0,1,1,0,0,0,1,691292.7121,5332377.3491,11.570254673,48.115898245,2,#fc8d62,car
9,1,62,0,2018,11,18,2,3,6,2,2,0,1,1,0,0,0,1,688146.1609,5337149.1654,11.530127778,48.159725662,2,#fc8d62,car
9,1,62,0,2018,11,9,2,3,5,3,0,0,1,0,0,0,0,1,695493.6573,5336026.2337,11.628312826,48.147416938,2,#fc8d62,car
9,1,62,0,2018,11,16,2,3,5,3,2,0,1,0,0,0,0,1,690797.5029,5334753.6501,11.564671654,48.13740492,2,#fc8d62,car
9,1,79,118,2018,11,13,6,3,2,6,0,0,1,0,0,1,0,0,671876.9387,5335793.7766,11.310990512,48.152147538,2,#fc8d62,car
9,1,62,0,2018,11,17,2,3,5,3,2,1,1,0,0,0,0,1,693408.07,5333060927.0,11.598957044,48.12140315,1,#66c2a5,bicycle
9,1,62,0,2018,11,0,1,3,0,7,2,1,0,0,0,0,0,1,691805.9785,5335012.8358,11.578329953,48.139431278,1,#66c2a5,bicycle
9,1,62,0,2018,11,7,2,3,4,3,0,0,1,0,0,0,0,1,681670.2926,5337393.4492,11.443230366,48.163804733,2,#fc8d62,car
9,1,79,142,2018,11,13,6,3,5,7,0,1,1,0,0,0,0,0,673702566.0,5342599.1742,11.338298337,48.212828049,1,#66c2a5,bicycle
9,1,62,0,2018,11,17,2,3,6,4,2,0,1,1,0,0,0,1,690581.9099,5337241.5806,11.562890551,48.159830909,2,#fc8d62,car
9,1,62,0,2018,11,17,2,2,6,2,2,0,1,1,0,0,0,1,697715.5638,5330429.7783,11.655556607,48.096433167,2,#fc8d62,car
9,1,81,130,2018,11,20,6,3,5,2,2,0,1,0,0,0,0,0,639218856.0,5324320.5412,10.868409715,48.056966453,2,#fc8d62,car
9,1,62,0,2018,11,19,2,2,6,4,2,0,1,1,0,0,0,1,692056.0891,5341300.1351,11.58452805,48.195864635,2,#fc8d62,car
9,1,62,0,2018,11,15,5,3,5,3,0,0,1,0,0,0,0,0,698831.7127,5333385.5798,11.671908613,48.122650366,2,#fc8d62,car
9,1,73,126,2018,11,12,1,3,0,7,0,1,0,0,0,0,0,1,685203922.0,5305090.3279,11.47675227,47.872422245,1,#66c2a5,bicycle
9,1,87,177,2018,12,9,2,3,6,7,0,0,1,1,0,0,0,0,737328.3028,5305762.0424,12.173201895,47.861317305,2,#fc8d62,car