ULAND,UREGBEZ,UKREIS,UGEMEINDE,UJAHR,UMONAT,USTUNDE,UWOCHENTAG,UKATEGORIE,UART,UTYP1,ULICHTVERH,IstRad,IstPKW,IstFuss,IstKrad,IstGkfz,IstSonstig,STRZUSTAND,LINREFX,LINREFY,XGCSWGS84,YGCSWGS84,Teilnehmer,color,symbol
9,1,87,117,2018,12,5,2,3,5,3,2,0,1,0,0,0,0,1,724414.0434,5305870.2477,12.000839662,47.866929676,2,#fc8d62,car
9,1,78,124,2018,12,17,2,3,2,6,2,0,1,0,0,1,0,0,702613.8794,5364426.4508,11.737539459,48.400408458,2,#fc8d62,car
9,7,72,202,2018,12,22,1,3,5,3,2,0,1,0,0,0,0,1,636052.8937,5359889.6203,10.837355835,48.377495165,2,#fc8d62,car
9,7,61,0,2018,12,19,1,3,2,2,2,0,1,0,0,0,0,0,639828.0054,5360002.5791,10.888346818,48.377685554,2,#fc8d62,car
9,2,61,0,2018,12,17,1,2,6,2,2,0,1,1,0,0,0,1,731338.1332,5383289.0019,12.135506841,48.559969059,2,#fc8d62,car
9,1,79,121,2018,12,18,1,3,5,3,2,0,1,0,0,0,0,1,666956.9422,5338686.9032,11.246027488,48.179467397,2,#fc8d62,car
9,1,74,121,2018,12,17,1,3,6,2,2,0,1,1,0,0,0,1,689711.7946,5354189.4895,11.558790794,48.312416541,2,#fc8d62,car
9,1,78,124,2018,12,16,1,3,2,6,0,0,1,0,0,0,0,0,705128838.0,5363821537.0,11.771182797,48.394159581,2,#fc8d62,car
9,1,62,0,2018,12,13,7,3,5,3,0,0,1,0,0,0,0,0,692520726.0,5340966.9833,11.590623068,48.192729691,2,#fc8d62,car
9,1,62,0,2018,12,23,7,3,9,6,2,0,1,0,0,0,0,0,690617.4379,5341127.3394,11.565110542,48.194745024,2,#fc8d62,car
9,1,62,0,2018,12,13,7,3,1,7,0,0,1,0,0,0,1,0,692285.0902,5333807.2548,11.58421944,48.128451142,2,#fc8d62,car
9,1,62,0,2018,12,20,7,3,4,2,2,1,1,0,0,0,0,0,683437.3015,5337556.9238,11.46704211,48.164766757,1,#66c2a5,bicycle
9,1,62,0,2018,12,23,7,3,5,6,2,0,1,0,0,0,0,0,686213.1251,5334151.9418,11.502847839,48.133354585,2,#fc8d62,car
9,1,62,0,2018,12,11,7,3,6,4,0,0,1,1,0,0,0,1,686032.5418,5329878.0516,11.498558766,48.094991805,2,#fc8d62,car
9,1,63,0,2018,11,13,5,3,1,7,0,0,1,0,0,0,0,0,733968.39,5305432.5081,12.128169578,47.859588889,2,#fc8d62,car
9,1,62,0,2018,12,8,7,3,5,3,0,0,1,0,0,0,0,1,690815142.0,5335969515.0,11.565453353,48.148327746,2,#fc8d62,car
9,1,62,0,2018,12,1,7,3,1,1,2,0,1,1,0,0,0,1,690342.9504,5334937.6546,11.558650183,48.139194876,2,#fc8d62,car
9,1,62,0,2018,12,15,7,3,5,7,0,0,1,0,0,0,0,0,691792.9072,5335549.6223,11.578396186,48.144259771,2,#fc8d62,car
9,7,61,0,2018,12,11,7,3,5,3,0,0,1,0,0,1,0,0,643605.2344,5360195.1368,10.939393269,48.378568555,2,#fc8d62,car
9,7,61,0,2018,12,15,7,3,0,7,0,0,0,0,0,0,1,0,640787.1542,5359292.7941,10.901054834,48.371090137,6,#ffd92f,circle
9,7,71,155,2018,12,17,7,3,1,7,2,0,1,1,0,0,0,0,647110.7067,5377949512.0,10.992946355,48.537391199,2,#fc8d62,car
9,7,71,130,2018,12,17,3,3,4,6,2,0,1,0,0,0,0,1,646876.0767,5364561.7087,10.985066276,48.417076184,2,#fc8d62,car
9,7,72,163,2018,12,14,3,3,5,3,0,1,1,0,0,0,0,0,640497.2274,5349535409.0,10.893889774,48.283418847,1,#66c2a5,bicycle
9,7,61,0,2018,12,16,3,3,5,3,2,0,1,0,0,0,0,1,638554.2999,5358591.6746,10.87069037,48.365279967,2,#fc8d62,car
9,7,61,0,2018,12,17,3,3,1,5,2,1,1,0,0,0,0,1,641942.7389,5361873.1718,10.917521278,48.394032871,1,#66c2a5,bicycle
9,7,61,0,2018,12,18,3,3,2,1,2,1,0,0,0,0,0,1,640208.5197,5357442.8648,10.89262939,48.354584943,1,#66c2a5,bicycle
9,2,61,0,2018,12,21,7,3,5,3,2,0,1,0,0,0,0,1,732444.3714,5382738.8411,12.150169839,48.554618084,2,#fc8d62,car
9,1,63,0,2018,12,16,7,2,5,2,0,1,1,0,0,0,0,0,730663.1301,5304064.7703,12.083315477,47.8484955,1,#66c2a5,bicycle
9,1,79,134,2018,12,15,7,3,0,1,0,0,0,0,1,0,0,1,669043.1217,5345344.9202,11.276722317,48.238769748,4,#e78ac3,marker
9,1,74,115,2018,12,22,7,3,1,1,2,0,1,0,0,0,1,0,682394.5075,5348004.3046,11.457523002,48.258973947,2,#fc8d62,car
9,1,75,135,2018,12,11,7,3,1,5,0,1,1,0,0,0,0,0,709267348.0,5338628.9821,11.814549013,48.16642399,1,#66c2a5,bicycle
9,1,77,117,2018,12,13,7,3,5,3,0,0,1,0,0,0,0,0,715161.6374,5354491.1226,11.901776008,48.306982616,2,#fc8d62,car
9,1,62,0,2018,11,2,6,3,1,5,2,1,1,0,0,0,0,0,691283.2365,5333752.4987,11.570744522,48.128260841,1,#66c2a5,bicycle
9,1,62,0,2018,11,15,6,3,3,7,0,0,1,0,0,0,1,1,693542053.0,5333614.1999,11.601006751,48.126335095,2,#fc8d62,car
9,1,62,0,2018,11,17,6,3,6,2,2,0,1,1,0,0,0,1,696885042.0,5333969.7676,11.646048094,48.128505631,2,#fc8d62,car
9,1,63,0,2018,11,12,5,3,5,3,0,1,1,0,0,0,0,0,733508.8854,5304711.6276,12.121646269,47.853279596,1,#66c2a5,bicycle
9,1,62,0,2018,11,10,6,3,2,5,0,0,1,0,0,0,1,1,684149.4147,5333524.1478,11.47486565,48.128312084,2,#fc8d62,car
9,1,62,0,2018,11,18,6,3,5,2,2,0,1,0,0,0,0,1,691202.4043,5335823.03,11.570588758,48.146894871,2,#fc8d62,car
9,1,62,0,2018,11,6,6,3,4,2,2,0,1,0,1,0,0,1,690361.7956,5333856.4159,11.558420104,48.129471071,2,#fc8d62,car
9,1,84,131,2018,11,12,6,3,5,3,0,0,1,0,0,0,0,1,704841.1202,5337704.1851,11.754645116,48.159554879,2,#fc8d62,car
9,1,62,0,2018,11,3,6,3,5,3,2,0,1,0,0,1,0,1,689698867.0,5331912533.0,11.548654705,48.112197202,2,#fc8d62,car
9,1,62,0,2018,11,19,6,2,0,7,2,0,0,0,1,0,0,1,692281.3431,5337295.0737,11.585744177,48.15980007,4,#e78ac3,marker
9,1,62,0,2018,11,15,6,2,5,3,0,0,1,0,0,0,0,1,690527.5202,5339642.2335,11.56323566,48.181424059,2,#fc8d62,car
9,1,62,0,2018,11,7,6,3,5,3,0,1,1,0,0,0,0,0,683142.3675,5339578.5683,11.463950347,48.183023518,1,#66c2a5,bicycle
9,1,62,0,2018,11,16,6,2,6,4,2,0,1,1,0,0,0,1,690564.3974,5337059.8763,11.562573904,48.158203013,2,#fc8d62,car
9,1,62,0,2018,11,16,6,3,6,2,1,0,1,1,0,0,0,1,691703.0225,5338095.0317,11.578335812,48.167164559,2,#fc8d62,car
9,1,62,0,2018,11,12,6,3,6,4,0,0,1,1,0,0,0,0,690911095.0,5335648784.0,11.566598243,48.145416252,2,#fc8d62,car
9,1,62,0,2018,11,9,6,3,5,3,0,1,0,0,0,1,0,0,690660.9026,5340776.7655,11.565537432,48.19158107,1,#66c2a5,bicycle
9,1,62,0,2018,11,17,6,3,6,4,2,0,1,1,0,0,0,1,692775.1363,5340980.1918,11.594048855,48.192771237,2,#fc8d62,car
9,1,87,170,2018,12,7,3,3,4,6,1,1,1,0,0,0,0,1,733136.3809,5320172.3862,12.125036963,47.992313444,1,#66c2a5,bicycle
9,1,62,0,2018,11,12,6,3,0,5,0,1,0,0,0,1,0,0,683086.0659,5335725.0424,11.461534637,48.14840191,1,#66c2a5,bicycle
9,1,63,0,2018,12,7,3,3,0,7,0,1,0,0,0,0,0,0,733915.7509,5303055.1482,12.126181815,47.838249822,1,#66c2a5,bicycle
9,1,62,0,2018,11,11,6,3,2,6,0,0,1,0,0,0,0,0,687660051.0,5334625.8151,11.522484919,48.137188885,2,#fc8d62,car
9,1,62,0,2018,11,18,6,3,4,2,2,1,1,0,0,0,0,1,691607.1223,5332676.0231,11.574608951,48.118488181,1,#66c2a5,bicycle
9,1,87,117,2018,12,19,3,3,5,3,2,1,1,0,0,0,0,1,724448.0734,5305976.5123,12.001349235,47.86787258,1,#66c2a5,bicycle
9,1,62,0,2018,11,15,6,3,5,2,0,1,0,0,0,0,1,1,691698.3675,5333728.6783,11.576307103,48.127921867,1,#66c2a5,bicycle
9,1,87,122,2018,12,15,3,3,5,3,0,0,1,0,1,0,0,1,720751.9761,5306583.6823,11.95230307,47.874608966,2,#fc8d62,car
9,1,62,0,2018,11,17,6,2,6,4,2,0,1,1,0,0,0,1,689650.3982,5332932.1663,11.54845766,48.121376197,2,#fc8d62,car
9,1,62,0,2018,11,11,6,3,1,1,0,0,1,0,0,0,0,0,690813.7492,5337205.6094,11.565988883,48.159438074,2,#fc8d62,car
9,1,81,130,2018,12,17,3,3,2,6,1,0,1,0,0,0,0,1,639089117.0,5324828.0211,10.866834522,48.061558166,2,#fc8d62,car
9,1,62,0,2018,11,14,6,3,0,1,0,1,0,0,0,0,0,1,691079.2721,5334211.9312,11.568212228,48.132451447,1,#66c2a5,bicycle
9,1,79,121,2018,12,19,3,3,0,1,2,1,0,0,0,0,0,0,668081.7257,5337993.1364,11.260872354,48.172933957,1,#66c2a5,bicycle
9,7,62,0,2018,11,12,6,3,0,7,0,1,0,1,0,0,0,1,622166.4816,5304157004.0,10.633927732,47.879117582,1,#66c2a5,bicycle
9,1,78,143,2018,12,17,3,3,2,6,1,0,1,0,0,0,0,0,717402.0867,5372174.8689,11.941099001,48.465100776,2,#fc8d62,car
9,7,77,121,2018,11,16,6,3,6,6,2,0,1,1,0,0,0,1,628483168.0,5322757965.0,10.723930855,48.045166394,2,#fc8d62,car
9,1,75,115,2018,12,7,3,2,4,6,0,0,1,0,0,0,0,0,719504.7923,5328637.2049,11.946909512,48.073195247,2,#fc8d62,car
9,1,62,0,2018,12,9,2,3,6,4,0,0,1,1,0,0,0,1,690908.3272,5336205.4255,11.5668107,48.15042013,2,#fc8d62,car
9,1,62,0,2018,12,19,2,3,1,3,2,1,1,0,0,0,0,1,693714.3378,5333274.8153,11.603165366,48.123232409,1,#66c2a5,bicycle
9,7,61,0,2018,11,18,6,3,5,3,2,1,1,0,0,0,0,1,639149.1836,5359224016.0,10.878926929,48.370834977,1,#66c2a5,bicycle
9,1,62,0,2018,12,10,2,3,6,4,0,0,0,1,0,0,1,0,683199.3783,5335655.4925,11.463026696,48.147744128,3,#8da0cb,toilet
9,7,72,202,2018,11,6,6,3,6,2,2,0,1,1,0,0,0,1,636300.8706,5360008.0481,10.840741299,48.378506541,2,#fc8d62,car
9,1,84,146,2018,12,14,2,3,0,7,0,0,0,0,0,0,1,1,698625.6928,5328120.9956,11.666693451,48.075400449,6,#ffd92f,circle
9,7,61,0,2018,11,16,6,3,0,1,1,1,0,0,0,0,0,1,640589238.0,5358903.73,10.898253821,48.367635924,1,#66c2a5,bicycle
9,1,62,0,2018,12,13,2,3,6,4,0,0,1,1,0,0,0,0,686203.8469,5334871.0849,11.503037622,48.13982123,2,#fc8d62,car
9,7,61,0,2018,11,17,6,3,6,4,2,0,1,1,0,0,0,1,640585912.0,5359099.8129,10.898274486,48.369399776,2,#fc8d62,car
9,1,62,0,2018,12,15,2,2,1,6,0,0,1,0,1,0,1,0,691737.7797,5336723.1938,11.578184475,48.154824254,2,#fc8d62,car
9,1,62,0,2018,12,17,2,3,4,7,2,0,1,0,0,0,0,1,686226.2645,5333905.2569,11.502916445,48.131133442,2,#fc8d62,car
9,1,62,0,2018,12,11,2,3,5,3,0,1,1,0,0,0,0,1,684529.0737,5332208107.0,11.479393426,48.116372827,1,#66c2a5,bicycle
9,1,62,0,2018,12,8,2,3,4,2,0,0,1,0,0,0,0,1,689588346.0,5330708936.0,11.546636519,48.101412036,2,#fc8d62,car
9,1,84,147,2018,12,16,2,3,6,4,2,0,1,1,0,0,0,1,695926.5265,5339481.3385,11.63571761,48.178336197,2,#fc8d62,car
9,1,62,0,2018,12,18,2,3,6,4,2,1,0,1,0,0,0,0,691111948.0,5335225281.0,11.569105607,48.141549542,1,#66c2a5,bicycle
9,7,62,0,2018,12,10,2,3,7,1,0,1,0,0,0,0,0,0,620907.6649,5304648.1424,10.617236046,47.883773082,1,#66c2a5,bicycle
9,7,61,0,2018,12,20,2,3,8,1,2,0,0,0,1,0,0,1,637648.5625,5356589.0279,10.857813223,48.347470548,4,#e78ac3,marker
9,7,61,0,2018,12,18,2,3,6,4,2,0,1,1,0,0,0,0,638442.2793,5356007.3063,10.868328693,48.34206632,2,#fc8d62,car
9,2,61,0,2018,11,9,6,2,4,6,0,0,1,0,0,0,0,1,731666.6309,5382160804.0,12.139324585,48.549713426,2,#fc8d62,car
9,1,73,126,2018,11,14,6,3,4,2,0,0,1,0,0,0,0,1,685461.9982,5302903.4637,11.479262134,47.852690123,2,#fc8d62,car
9,1,74,115,2018,11,14,6,3,6,4,0,0,1,1,0,0,0,1,683284878.0,5348528.62,11.469735157,48.263429793,2,#fc8d62,car
9,1,75,132,2018,11,23,6,3,4,6,2,1,1,0,0,0,0,1,706104.9881,5331286.0169,11.768516448,48.101469915,1,#66c2a5,bicycle
9,1,62,0,2018,11,13,5,3,5,3,0,1,1,0,0,0,0,0,691539887.0,5337809997.0,11.576015628,48.164651892,1,#66c2a5,bicycle
9,1,62,0,2018,11,0,5,3,4,2,2,0,1,0,0,0,0,1,693123783.0,5331870662.0,11.594601915,48.110791616,2,#fc8d62,car
9,1,62,0,2018,11,14,5,3,5,3,0,0,1,0,0,0,0,0,686490.6794,5339243.2044,11.508806079,48.179035185,2,#fc8d62,car
9,1,84,146,2018,11,21,5,3,6,7,2,0,1,1,0,0,0,1,699929.1885,5327807.4169,11.684027311,48.072174961,2,#fc8d62,car
9,1,62,0,2018,11,18,5,3,4,2,2,0,1,0,0,0,0,0,698827.5612,5333383.6813,11.671852002,48.1226346,2,#fc8d62,car
9,1,84,123,2018,11,13,5,3,0,7,0,0,0,0,0,0,1,0,703691.8153,5332626.3343,11.736779831,48.114291012,6,#ffd92f,circle
9,1,62,0,2018,11,19,5,3,6,3,2,0,1,1,0,0,0,0,697819748.0,5335889001.0,11.659487427,48.145464524,2,#fc8d62,car
9,1,62,0,2018,11,7,5,3,5,3,0,1,1,0,0,0,0,0,696481.9772,5335967.1184,11.64155839,48.146581161,1,#66c2a5,bicycle
9,1,62,0,2018,11,10,5,3,5,3,0,1,0,0,0,0,0,0,690713.1791,5334119.6912,11.563255558,48.1317322,1,#66c2a5,bicycle
9,1,62,0,2018,11,17,5,3,6,4,2,0,1,1,0,0,0,0,690143.7649,5334857.8153,11.55593979,48.138536831,2,#fc8d62,car
9,1,62,0,2018,11,16,5,3,5,3,1,1,1,0,0,0,0,0,691815.4579,5335646.9266,11.578742868,48.145127528,1,#66c2a5,bicycle
9,7,72,177,2018,11,10,5,3,0,7,0,1,0,0,0,0,0,0,635925.4326,5376791.6022,10.841123813,48.529502512,1,#66c2a5,bicycle
9,7,61,0,2018,11,15,5,3,5,3,0,0,1,0,0,0,0,0,638367277.0,5358569.3177,10.868159323,48.365119961,2,#fc8d62,car
9,7,71,112,2018,11,17,5,3,2,2,2,0,1,0,0,0,0,0,646751.4543,5368512.7069,10.984766718,48.452629052,2,#fc8d62,car
9,2,74,134,2018,12,7,2,3,1,6,0,0,1,0,1,0,0,1,740742.7974,5374325.1268,12.257593094,48.475917876,2,#fc8d62,car
9,2,61,0,2018,12,17,2,3,5,3,2,0,1,0,0,0,0,1,732394121.0,5380069.4104,12.148001076,48.530657916,2,#fc8d62,car
9,2,61,0,2018,12,14,2,3,4,6,0,0,1,0,0,0,0,1,732641.6552,5379322.4735,12.150932203,48.523856694,2,#fc8d62,car
9,2,61,0,2018,12,17,2,3,2,6,2,0,1,0,0,0,0,1,732386061.0,5380438164.0,12.148097609,48.533973324,2,#fc8d62,car
9,2,61,0,2018,12,7,2,3,5,3,0,0,1,0,1,0,0,0,728307.1194,5380167.5456,12.092777231,48.533039194,2,#fc8d62,car
9,1,90,148,2018,12,13,2,3,8,1,0,1,0,0,0,0,0,0,642406.8703,5297582.1436,10.90232729,47.815823223,1,#66c2a5,bicycle
9,1,83,119,2018,12,14,2,3,2,6,0,0,1,0,0,0,0,0,736754.6042,5338208.7423,12.183448344,48.153009032,2,#fc8d62,car
9,1,63,0,2018,12,16,2,2,6,4,1,0,1,1,0,0,0,0,733779.5708,5303264.8214,12.124477837,47.840183052,2,#fc8d62,car
9,1,88,137,2018,11,17,5,3,9,1,2,0,1,0,0,0,0,1,668053.6678,5316697.0596,11.25211996,47.981487919,2,#fc8d62,car
9,7,72,200,2018,12,21,7,3,5,7,2,0,1,0,0,0,0,1,630769.2942,5337888.1232,10.75922991,48.180764241,2,#fc8d62,car
9,7,61,0,2018,12,15,6,3,4,2,0,0,1,0,0,0,0,0,641853.5836,5361166.3335,10.916078859,48.387697371,2,#fc8d62,car
9,1,62,0,2018,12,8,3,3,5,7,0,1,1,0,0,0,0,1,692863.2646,5339951.2443,11.594766297,48.18349666,1,#66c2a5,bicycle
9,2,61,0,2018,12,19,6,3,0,1,2,1,0,0,0,0,0,1,732440.8873,5382035701.0,12.149730265,48.548303271,1,#66c2a5,bicycle
9,2,61,0,2018,12,6,6,3,0,1,1,0,0,0,1,0,0,1,731467.4992,5382895.3225,12.137038623,48.556384978,4,#e78ac3,marker
9,2,74,126,2018,12,8,6,3,0,1,0,1,0,0,0,0,0,0,733864.0587,5384487.8431,12.170362051,48.569800826,1,#66c2a5,bicycle
9,2,74,121,2018,12,7,6,3,8,1,0,0,1,0,0,0,0,1,726760.7353,5369310.9555,12.065970785,48.436069495,2,#fc8d62,car
9,1,87,150,2018,12,19,6,3,0,4,2,0,1,1,0,0,0,0,729786.4429,5304885.3541,12.072049905,47.856181965,2,#fc8d62,car
9,1,79,142,2018,12,7,6,3,5,3,0,1,1,0,0,0,0,0,674277.4343,5343892.6498,11.346561807,48.224297878,1,#66c2a5,bicycle
9,7,61,0,2018,12,21,2,3,5,3,2,0,1,0,0,0,0,2,639707146.0,5356241851.0,10.885466769,48.34389684,2,#fc8d62,car
9,1,74,122,2018,12,14,6,3,9,1,0,0,0,0,1,0,0,0,682049.5747,5351491.3211,11.454381513,48.290416175,4,#e78ac3,marker
9,7,72,147,2018,12,6,2,3,6,2,2,0,1,1,0,0,0,1,639262.8123,5365759.8483,10.882628452,48.429578163,2,#fc8d62,car
9,1,62,0,2018,12,21,5,3,2,6,2,0,1,0,0,0,0,0,686157.0723,5337604.5995,11.503605117,48.16440471,2,#fc8d62,car
9,1,62,0,2018,12,18,3,3,2,6,2,0,1,0,0,0,0,1,686222.1041,5333484.6349,11.502676769,48.127353944,2,#fc8d62,car
9,7,71,130,2018,12,12,2,3,1,6,0,0,1,0,0,0,0,0,645498.6981,5356510799.0,10.963674842,48.345007681,2,#fc8d62,car
9,1,62,0,2018,12,11,5,3,0,1,0,0,0,0,1,0,0,1,696339.2731,5335706.6617,11.639521842,48.144284391,4,#e78ac3,marker
9,7,72,125,2018,12,11,2,3,0,1,0,1,0,0,0,0,0,0,636019.6755,5348209.0148,10.833138526,48.272469664,1,#66c2a5,bicycle
9,1,62,0,2018,12,17,5,3,1,5,2,1,1,0,0,0,0,0,688702.7316,5334414.6352,11.536392645,48.134982434,1,#66c2a5,bicycle
9,7,61,0,2018,12,7,2,3,6,2,2,0,0,1,0,1,0,1,640947.4036,5357198.2905,10.902515741,48.352221323,3,#8da0cb,toilet
9,1,62,0,2018,12,10,5,2,0,3,0,0,1,0,1,1,0,1,683171.8612,5336047.7492,11.462825895,48.151277903,2,#fc8d62,car
9,1,62,0,2018,12,17,3,3,6,4,1,1,0,1,0,0,0,0,690134.2829,5334618.2189,11.555705512,48.13638617,1,#66c2a5,bicycle
9,7,61,0,2018,12,12,2,3,5,1,0,0,1,0,0,0,0,0,639938.9476,5358943.6058,10.889491761,48.368138986,2,#fc8d62,car
9,7,61,0,2018,12,5,2,3,2,1,2,0,1,0,0,0,0,1,640805169.0,5356150365.0,10.900246495,48.342830435,2,#fc8d62,car
9,7,61,0,2018,12,7,2,3,6,4,1,0,1,1,0,0,0,1,638802.8554,5356948.5117,10.873502365,48.350450356,2,#fc8d62,car
9,7,71,113,2018,12,17,2,3,5,3,2,1,1,0,0,0,0,1,657429.6976,5369472369.0,11.12944721,48.458676148,1,#66c2a5,bicycle
9,1,62,0,2018,12,17,5,2,9,7,2,0,1,0,0,0,0,0,691311.4521,5335258343.0,11.57179958,48.141786744,2,#fc8d62,car
9,1,62,0,2018,12,15,5,2,5,3,1,1,0,0,0,0,1,0,688273.6638,5335723.7516,11.531210059,48.146876084,1,#66c2a5,bicycle
9,1,62,0,2018,12,9,5,3,0,1,0,0,0,0,1,0,0,1,689687.0454,5334740.8624,11.54975473,48.137621962,4,#e78ac3,marker
9,1,62,0,2018,12,1,5,2,0,7,2,1,0,0,0,0,0,1,685628.6111,5335676.7551,11.495663894,48.147231006,1,#66c2a5,bicycle
9,1,62,0,2018,12,17,5,3,5,2,2,1,1,0,0,0,0,1,688016.1761,5339628.7872,11.529478085,48.182051309,1,#66c2a5,bicycle
9,1,62,0,2018,12,13,5,3,0,1,0,1,0,0,0,0,0,0,691847919.0,5335004291.0,11.578889292,48.139341835,1,#66c2a5,bicycle
9,7,62,0,2018,12,18,5,2,0,1,2,1,0,0,0,0,0,0,621643.6218,5305648.6022,10.627357879,47.892631901,1,#66c2a5,bicycle
9,7,61,0,2018,12,10,5,3,5,3,0,0,1,0,0,0,0,1,642748.7927,5358537.6708,10.927271145,48.363859789,2,#fc8d62,car
9,7,71,130,2018,12,13,5,3,2,6,0,0,1,0,0,0,0,1,645622.3056,5361083522.0,10.966925148,48.386093963,2,#fc8d62,car
9,7,72,202,2018,12,13,5,3,5,3,0,0,1,0,0,0,0,1,636559.8582,5359771.1228,10.844160069,48.376320124,2,#fc8d62,car
9,7,61,0,2018,12,15,5,3,1,7,1,0,1,0,0,0,0,0,638807.1064,5360474.0437,10.874723211,48.382150273,2,#fc8d62,car
9,7,61,0,2018,12,14,5,2,0,7,0,1,0,0,0,0,0,1,642017359.0,5360413841.0,10.918035427,48.380894454,1,#66c2a5,bicycle
9,7,61,0,2018,12,11,5,3,6,2,0,0,0,1,0,1,0,0,641890.1485,5360437.3561,10.916326307,48.381134515,3,#8da0cb,toilet
9,7,61,0,2018,12,8,5,3,5,2,0,1,1,0,0,0,0,1,641890.9113,5357512.7246,10.915349886,48.354837306,1,#66c2a5,bicycle
9,2,61,0,2018,12,9,2,3,0,1,0,0,0,0,1,0,0,1,730713.8901,5380983.2308,12.12578192,48.539486477,4,#e78ac3,marker
9,1,62,0,2018,12,17,3,3,5,3,2,0,1,0,1,0,0,1,690833.2556,5338140.1218,11.566670205,48.167831518,2,#fc8d62,car
9,1,82,133,2018,12,18,2,2,8,1,2,0,1,0,0,0,0,1,704801.7209,5310921.6436,11.741307578,47.918879088,2,#fc8d62,car
9,1,88,139,2018,12,16,2,3,5,3,1,1,1,0,0,0,0,1,674847.4013,5319019.4786,11.344032575,48.000545178,1,#66c2a5,bicycle
9,1,81,128,2018,12,13,2,2,6,4,0,0,1,1,0,0,0,1,637922967.0,5327757.5016,10.852136613,48.088154306,2,#fc8d62,car
9,1,88,120,2018,12,17,2,3,0,7,2,0,1,0,0,0,0,1,675669.7432,5326820.5548,11.358247062,48.070447635,2,#fc8d62,car
9,1,78,124,2018,12,16,2,2,4,2,1,0,1,0,0,0,0,1,703662.3341,5359237.0734,11.74917453,48.353437828,2,#fc8d62,car
9,1,78,120,2018,12,10,2,3,5,3,0,1,1,0,0,0,0,0,694510499.0,5352654467.0,11.622737652,48.297163364,1,#66c2a5,bicycle
9,1,77,117,2018,12,13,2,3,6,4,0,0,1,1,0,0,0,0,715045849.0,5353500.97,11.89971213,48.29812529,2,#fc8d62,car
9,1,62,0,2018,12,20,1,3,6,2,2,0,1,1,0,0,0,1,690742.6029,5340287.3591,11.566415867,48.187157827,2,#fc8d62,car
9,1,62,0,2018,12,1,1,3,3,7,2,0,1,0,0,0,0,1,695100.1196,5336720.6226,11.623345952,48.153778582,2,#fc8d62,car
9,1,62,0,2018,12,3,1,2,6,4,2,0,1,1,0,0,0,1,691082.5765,5335188.7299,11.568694779,48.141229845,2,#fc8d62,car
9,7,61,0,2018,12,11,1,3,2,6,0,0,1,0,0,0,0,1,638483.8321,5359312.3966,10.869976805,48.371776027,2,#fc8d62,car
9,7,61,0,2018,12,13,1,3,4,6,0,0,1,0,0,0,0,1,638874.0739,5360904.4452,10.875769416,48.386005601,2,#fc8d62,car
9,2,61,0,2018,12,7,5,3,5,3,0,0,1,0,0,0,0,1,731307.5648,5382409.0085,12.134604305,48.552075501,2,#fc8d62,car
9,1,63,0,2018,12,7,5,3,6,2,1,0,1,1,0,0,0,1,733346.2493,5305201.6064,12.119739718,47.857740657,2,#fc8d62,car
9,1,82,125,2018,12,13,5,3,5,3,0,0,1,0,0,0,0,0,712575.3816,5296746.1893,11.838263764,47.788963945,2,#fc8d62,car
9,1,87,150,2018,12,7,1,3,9,1,0,0,1,0,0,0,0,1,729314.2331,5304201.8351,12.06538392,47.850209525,2,#fc8d62,car
9,1,81,142,2018,12,19,1,3,8,1,2,0,1,0,0,0,0,1,646034.7976,5315634.0389,10.956871066,47.977334767,2,#fc8d62,car
9,1,86,143,2018,12,7,5,3,5,3,0,1,1,0,0,0,0,1,684386.9544,5377885.6704,11.497459666,48.526972754,1,#66c2a5,bicycle
9,1,79,121,2018,12,19,1,2,5,3,2,0,1,0,0,0,0,1,666507.7495,5337765058.0,11.239628283,48.171297857,2,#fc8d62,car
9,1,78,124,2018,12,7,5,3,5,3,0,0,1,0,0,0,0,1,704579.8751,5358910.5074,11.761386522,48.350206722,2,#fc8d62,car
9,1,62,0,2018,12,12,7,2,5,3,0,0,1,0,0,0,1,0,691733.5387,5334698.3243,11.577215634,48.136626325,2,#fc8d62,car
9,1,77,126,2018,12,13,5,2,9,3,0,0,1,0,0,0,1,1,718409.7522,5369464.4447,11.953298461,48.440399967,2,#fc8d62,car
9,1,62,0,2018,12,17,7,3,4,3,2,0,1,0,0,0,0,0,686396.3697,5329051.1657,11.503079477,48.087453076,2,#fc8d62,car
9,1,62,0,2018,12,8,4,3,5,2,1,1,1,0,0,0,0,0,687450.2509,5336040.6014,11.520290496,48.149967172,1,#66c2a5,bicycle
9,1,62,0,2018,12,22,7,2,6,2,2,0,1,1,0,0,0,0,694711.9021,5334132.1761,11.616948032,48.130633725,2,#fc8d62,car
9,1,62,0,2018,12,10,4,3,3,6,0,1,1,0,0,0,0,0,691361.0503,5334231.3125,11.572004235,48.132540988,1,#66c2a5,bicycle
9,1,84,112,2018,12,14,7,3,1,6,0,0,1,0,0,0,1,1,699383.7904,5335954.8181,11.680521448,48.145567785,2,#fc8d62,car
9,1,62,0,2018,12,15,4,3,6,4,0,0,0,1,0,1,0,1,693120167.0,5334460.3727,11.59572657,48.134068398,3,#8da0cb,toilet