ULAND,UREGBEZ,UKREIS,UGEMEINDE,UJAHR,UMONAT,USTUNDE,UWOCHENTAG,UKATEGORIE,UART,UTYP1,ULICHTVERH,IstRad,IstPKW,IstFuss,IstKrad,IstGkfz,IstSonstig,STRZUSTAND,LINREFX,LINREFY,XGCSWGS84,YGCSWGS84,Teilnehmer,color,symbol
9,1,62,0,2018,12,6,7,3,3,6,2,0,1,0,0,1,0,1,690948.54,5335113.1602,11.566860939,48.140590869,2,#fc8d62,car
9,1,84,119,2018,12,6,4,2,2,6,2,0,1,0,0,0,0,0,695284.9288,5347394.1291,11.630738838,48.249648863,2,#fc8d62,car
9,1,84,136,2018,12,0,7,3,5,3,2,0,1,0,0,0,0,1,698960.0569,5326527.6115,11.670436029,48.060976014,2,#fc8d62,car
9,1,84,112,2018,12,18,4,3,5,3,2,0,1,0,0,0,0,0,699850.0357,5336606.8948,11.687088645,48.151281739,2,#fc8d62,car
9,1,62,0,2018,12,12,7,2,3,6,0,1,0,0,0,0,0,0,687431968.0,5336054353.0,11.520050983,48.150096162,1,#66c2a5,bicycle
9,1,62,0,2018,12,13,4,3,5,3,0,1,1,0,0,0,0,0,689078356.0,5334944491.0,11.541671547,48.139633348,1,#66c2a5,bicycle
9,1,62,0,2018,12,18,7,3,5,3,2,0,1,0,0,0,1,0,696539819.0,5334335.8663,11.641582423,48.131902591,2,#fc8d62,car
9,1,62,0,2018,12,18,4,3,2,6,2,1,1,0,0,0,0,0,691831563.0,5337301.8597,11.579705092,48.159996913,1,#66c2a5,bicycle
9,7,71,146,2018,12,8,7,2,4,6,0,0,1,0,0,0,0,1,646505.9779,5348306.8164,10.974412371,48.271010015,2,#fc8d62,car
9,1,62,0,2018,12,14,4,3,6,4,0,0,0,1,0,0,1,0,688590685.0,5335666427.0,11.535442473,48.146266938,3,#8da0cb,toilet
9,7,61,0,2018,12,14,7,3,2,1,0,0,1,0,0,1,0,1,640457.7733,5353671.4008,10.894734587,48.320617574,2,#fc8d62,car
9,1,62,0,2018,12,23,4,3,3,7,2,0,1,0,1,0,0,0,688714.2811,5334966.7221,11.536792329,48.139941245,2,#fc8d62,car
9,1,62,0,2018,12,12,4,3,3,6,0,1,0,0,0,0,0,0,686704.2129,5334375.9637,11.509540059,48.135224295,1,#66c2a5,bicycle
9,1,62,0,2018,12,10,4,3,3,2,0,1,1,0,0,0,0,0,688658.57,5335659.2675,11.536351029,48.146182459,1,#66c2a5,bicycle
9,1,62,0,2018,12,8,4,3,5,3,0,0,1,0,0,0,0,0,684380.7014,5332186.3227,11.477392361,48.116219994,2,#fc8d62,car
9,1,62,0,2018,12,17,4,3,5,3,2,1,1,0,0,0,0,0,684477.5425,5332943.6102,11.479019953,48.122998879,1,#66c2a5,bicycle
9,1,62,0,2018,12,17,4,3,3,2,2,1,1,0,0,0,0,1,695244.4194,5334301.7834,11.624175061,48.131994956,1,#66c2a5,bicycle
9,1,62,0,2018,12,9,4,3,2,6,0,0,1,0,0,0,0,0,687339164.0,5332313879.0,11.517159691,48.116503078,2,#fc8d62,car
9,7,72,200,2018,12,14,4,3,5,7,0,1,1,0,0,0,0,0,630311405.0,5339129.06,10.753453677,48.192017671,1,#66c2a5,bicycle
9,7,72,163,2018,12,13,4,3,2,6,0,0,1,0,0,0,0,0,640475.2895,5349417.3981,10.893554986,48.282362582,2,#fc8d62,car
9,7,72,163,2018,12,13,4,3,2,6,0,0,1,0,0,0,0,0,640477.6846,5349426.5717,10.893590303,48.282444538,2,#fc8d62,car
9,7,61,0,2018,12,19,4,3,2,6,2,0,1,0,0,0,0,1,639283294.0,5361351.0575,10.881441721,48.389931186,2,#fc8d62,car
9,7,61,0,2018,12,9,4,3,1,4,0,1,1,0,0,0,1,0,640422.6986,5359182.9543,10.896099701,48.370183691,1,#66c2a5,bicycle
9,1,90,157,2018,12,23,7,3,8,1,2,0,1,0,0,0,0,1,660651.4255,5303171.3235,11.147952664,47.86178013,2,#fc8d62,car
9,1,63,0,2018,12,13,7,3,5,3,0,0,1,0,0,0,0,0,733325997.0,5305276741.0,12.119509899,47.858423024,2,#fc8d62,car
9,1,88,137,2018,12,16,7,3,6,6,0,0,1,1,0,0,0,0,668651.9131,5314056.6836,11.259094712,47.95759291,2,#fc8d62,car
9,1,81,121,2018,12,15,7,3,5,3,1,1,0,0,0,0,0,0,636774351.0,5311561.4437,10.831553307,47.942758016,1,#66c2a5,bicycle
9,1,74,115,2018,12,10,7,3,5,3,0,1,1,0,0,0,0,0,682922.4231,5348423.5155,11.464810384,48.262589821,1,#66c2a5,bicycle
9,1,77,124,2018,12,13,7,3,8,1,0,0,1,0,0,0,0,0,728244.5929,5365844.3581,12.08411722,48.40439144,2,#fc8d62,car
9,1,62,0,2018,12,20,6,3,4,7,2,0,1,0,0,0,0,1,686757.2413,5330262.6834,11.508450651,48.098237072,2,#fc8d62,car
9,1,62,0,2018,12,13,6,2,6,2,0,0,1,1,0,0,0,0,689680.6801,5332183.8029,11.548531253,48.114640819,2,#fc8d62,car
9,1,62,0,2018,12,15,6,3,0,7,0,0,1,0,0,0,0,0,694745.7943,5341503.9521,11.62077828,48.196877332,2,#fc8d62,car
9,1,62,0,2018,12,9,6,3,0,2,0,1,1,0,0,0,0,0,690164.1961,5333917.7616,11.555794529,48.130081511,1,#66c2a5,bicycle
9,1,62,0,2018,12,12,6,3,1,6,0,0,1,0,0,0,0,0,689877482.0,5335801.4794,11.552784854,48.147098019,2,#fc8d62,car
9,1,62,0,2018,12,17,6,3,2,6,2,0,1,0,0,0,0,0,693789.6085,5331883.6265,11.603543555,48.110705913,2,#fc8d62,car
9,1,84,119,2018,12,7,6,3,4,7,0,1,1,0,0,0,0,0,696566.7289,5347951.7095,11.648246161,48.254263746,1,#66c2a5,bicycle
9,1,62,0,2018,12,22,6,3,5,3,2,0,1,0,0,0,0,1,692474745.0,5334458614.0,11.587059851,48.134248111,2,#fc8d62,car
9,1,84,113,2018,12,18,6,3,0,7,2,1,0,0,0,0,0,1,684963.3068,5321452.1394,11.480569119,48.019565519,1,#66c2a5,bicycle
9,1,62,0,2018,12,7,6,3,6,7,1,0,0,1,0,1,0,0,687613804.0,5334673.0341,11.5218847,48.137626938,3,#8da0cb,toilet
9,1,62,0,2018,12,7,6,3,6,5,1,0,1,0,0,0,1,0,690715.7873,5337759.6953,11.564921321,48.164447536,2,#fc8d62,car
9,1,90,157,2018,12,7,4,3,2,6,0,0,1,0,0,0,0,0,660583.9297,5301525.5588,11.146439842,47.84699978,2,#fc8d62,car
9,1,62,0,2018,12,10,6,3,2,6,0,0,1,0,1,0,0,0,691267.2531,5339004.6937,11.57289024,48.175471715,2,#fc8d62,car
9,1,79,119,2018,12,17,4,3,6,4,2,0,1,1,0,0,0,0,669127.77,5339395.0951,11.275489218,48.185259778,2,#fc8d62,car
9,1,62,0,2018,12,15,6,3,4,2,0,1,0,0,0,0,0,0,691812.9795,5334652.6398,11.578261757,48.13619178,1,#66c2a5,bicycle
9,1,79,121,2018,12,17,4,3,5,3,1,0,1,0,0,0,0,0,667754.4647,5338985.4248,11.256865585,48.18194102,2,#fc8d62,car
9,1,79,121,2018,12,15,4,2,6,4,0,0,1,1,0,0,0,0,665971307.0,5337530.4436,11.232326915,48.169328968,2,#fc8d62,car
9,1,74,115,2018,12,10,4,3,5,2,0,1,1,0,0,0,0,1,682911.1701,5348423.3941,11.464658848,48.262591979,1,#66c2a5,bicycle
9,7,62,0,2018,12,12,6,3,4,6,0,1,0,0,0,0,0,0,620944.3489,5304363.6907,10.617646851,47.881207874,1,#66c2a5,bicycle
9,1,75,135,2018,12,9,4,3,4,6,0,1,1,0,0,0,0,1,709452.6405,5339048.5486,11.817244637,48.170133211,1,#66c2a5,bicycle
9,1,62,0,2018,12,13,3,3,4,2,0,0,1,0,1,0,0,1,689077.7022,5334932.2427,11.54165733,48.139523454,2,#fc8d62,car
9,1,84,146,2018,12,20,3,3,6,2,2,0,1,1,0,0,0,1,699386.7862,5328068535.0,11.676875669,48.07469148,2,#fc8d62,car
9,1,62,0,2018,12,19,3,2,0,7,2,0,0,1,0,0,1,1,691394.3367,5341952.0829,11.575926032,48.201923976,3,#8da0cb,toilet
9,1,62,0,2018,12,16,3,2,6,4,2,1,0,1,0,0,0,1,691133.9356,5335167.2298,11.569374822,48.141021178,1,#66c2a5,bicycle
9,7,72,163,2018,12,7,6,3,2,6,0,0,1,0,0,0,0,0,641076.1155,5348431.7479,10.901320268,48.273366216,2,#fc8d62,car
9,1,84,139,2018,12,17,3,3,6,2,2,0,1,1,0,0,0,1,686827.5383,5324332.8334,11.506802257,48.044916339,2,#fc8d62,car
9,1,62,0,2018,12,14,3,3,6,4,0,0,0,1,0,0,1,1,692165.6503,5334419.3562,11.582891972,48.133988673,3,#8da0cb,toilet
9,7,72,163,2018,12,7,6,3,5,7,2,1,1,0,0,0,0,0,639865.8777,5347130.2936,10.884588322,48.261932137,1,#66c2a5,bicycle
9,1,62,0,2018,12,13,3,3,6,4,0,0,1,1,0,0,0,1,689385644.0,5332443.7855,11.544686693,48.117065378,2,#fc8d62,car
9,7,61,0,2018,12,12,6,2,6,4,0,0,1,1,0,0,0,0,644393.8062,5357174.3432,10.948999607,48.35122742,2,#fc8d62,car
9,1,62,0,2018,12,16,3,3,5,2,2,0,1,0,0,0,0,1,693018021.0,5341951.1885,11.59775515,48.201424421,2,#fc8d62,car
9,1,90,148,2018,12,16,5,2,5,3,1,0,1,0,0,0,1,1,640555.7878,5296154.1411,10.877150646,47.803388715,2,#fc8d62,car
9,1,63,0,2018,12,14,5,3,0,1,0,1,0,0,0,0,0,1,733947.4583,5305165.4458,12.1277457,47.857197225,1,#66c2a5,bicycle
9,1,87,117,2018,12,9,5,3,2,6,0,0,1,0,0,0,0,1,724035232.0,5306019.5339,11.995858773,47.868403234,2,#fc8d62,car
9,1,74,115,2018,12,7,5,2,5,3,1,1,1,0,0,0,0,1,681115.9543,5347239.1784,11.43998503,48.252463262,1,#66c2a5,bicycle
9,1,77,117,2018,12,11,5,3,5,3,0,0,1,0,0,0,0,1,714766.0576,5352309.6866,11.895338668,48.287516354,2,#fc8d62,car
9,1,62,0,2018,12,23,4,3,0,1,2,1,0,0,0,0,0,1,691922366.0,5334408.54,11.579620563,48.133964869,1,#66c2a5,bicycle
9,1,62,0,2018,12,23,4,3,6,1,2,0,1,1,0,0,0,0,691244.1155,5334430.8724,11.570523784,48.134369761,2,#fc8d62,car
9,1,62,0,2018,12,7,4,2,6,4,2,0,0,1,0,0,1,2,690290.4307,5335222.6609,11.558072274,48.141772217,3,#8da0cb,toilet
9,1,62,0,2018,12,8,4,3,6,7,0,0,1,1,0,0,0,1,691117666.0,5334214414.0,11.56872884,48.132462235,2,#fc8d62,car
9,1,62,0,2018,12,14,4,3,3,6,0,0,1,0,0,0,1,1,686232.4853,5332709.4526,11.502477466,48.120383259,2,#fc8d62,car
9,1,62,0,2018,12,12,4,3,5,2,0,1,0,0,0,0,1,0,697015.7947,5330945.9589,11.646406529,48.101289019,1,#66c2a5,bicycle
9,1,62,0,2018,12,18,4,3,0,4,2,0,0,1,0,0,1,1,686261.8873,5339494.8582,11.505841564,48.181364229,3,#8da0cb,toilet
9,1,84,138,2018,12,7,4,3,1,6,0,0,1,0,0,0,0,2,679706.9002,5331206.8189,11.41423968,48.108751339,2,#fc8d62,car
9,1,62,0,2018,12,18,4,3,6,4,2,0,0,1,0,0,1,1,693764.0957,5333228.5961,11.603812296,48.122801864,3,#8da0cb,toilet
9,1,62,0,2018,12,15,4,3,0,1,0,0,0,0,1,0,0,1,688534124.0,5332396516.0,11.533235939,48.116893183,4,#e78ac3,marker
9,1,62,0,2018,12,11,4,3,0,1,0,1,0,0,0,0,0,1,691861.0514,5335001.0226,11.579064164,48.1393085,1,#66c2a5,bicycle
9,1,63,0,2018,12,7,2,3,5,2,0,1,1,0,0,0,0,1,731904.7048,5304520.0006,12.100130756,47.852138737,1,#66c2a5,bicycle
9,1,86,128,2018,12,21,2,2,5,3,2,0,1,0,1,0,0,1,678191.5657,5384557.9443,11.416480531,48.588734454,2,#fc8d62,car
9,1,78,124,2018,12,9,2,2,5,3,0,0,0,0,1,0,1,0,704634808.0,5362733181.0,11.763986712,48.384539996,4,#e78ac3,marker
9,1,77,117,2018,12,10,2,3,5,3,0,0,1,0,0,0,0,1,714997.8966,5354562.6604,11.8996071,48.307681061,2,#fc8d62,car
9,1,62,0,2018,12,3,1,2,5,3,2,0,1,0,0,0,0,0,692279.2044,5334891.3687,11.584629696,48.138196735,2,#fc8d62,car
9,1,62,0,2018,12,1,1,3,2,6,2,0,1,0,0,0,0,0,691783.0438,5333315.2065,11.577257855,48.124180128,2,#fc8d62,car
9,7,72,177,2018,12,17,1,3,5,3,2,1,1,0,0,0,0,1,636557579.0,5378109.7893,10.850113622,48.541217966,1,#66c2a5,bicycle
9,7,72,163,2018,12,21,1,2,0,7,2,1,0,0,0,0,0,2,640032.1408,5347765.4049,10.887037612,48.267606257,1,#66c2a5,bicycle
9,2,61,0,2018,12,19,4,3,0,1,2,1,0,0,0,0,0,2,732432525.0,5381994255.0,12.149594002,48.547934071,1,#66c2a5,bicycle
9,1,90,157,2018,12,12,4,3,5,7,0,1,1,0,0,0,0,1,660671.4987,5300825616.0,11.147349612,47.840684638,1,#66c2a5,bicycle
9,1,63,0,2018,12,0,4,3,3,6,2,0,1,0,0,0,0,1,733855.4641,5304043.1869,12.125911105,47.847148317,2,#fc8d62,car
9,1,63,0,2018,12,23,4,3,2,1,2,0,1,0,0,0,0,1,733459.2882,5304740.8002,12.120999992,47.853559699,2,#fc8d62,car
9,1,63,0,2018,12,17,4,3,2,6,1,1,1,0,0,0,0,0,733655.2403,5305156445.0,12.123840055,47.857222664,1,#66c2a5,bicycle
9,1,82,125,2018,12,20,4,2,9,1,2,0,1,0,0,0,0,2,711369.7541,5296995.8392,11.822308264,47.791604169,2,#fc8d62,car
9,1,87,150,2018,12,7,4,3,5,3,0,0,1,0,0,0,0,1,729472.4156,5303789.2763,12.067276546,47.846446438,2,#fc8d62,car
9,1,79,113,2018,12,7,4,3,8,1,0,0,1,0,0,0,0,2,668479.3031,5333944.8582,11.264612978,48.136435055,2,#fc8d62,car
9,1,78,124,2018,12,14,4,3,0,1,0,1,0,0,0,0,0,1,702817.1018,5364668.0792,11.740398673,48.402514461,1,#66c2a5,bicycle
9,1,75,124,2018,12,7,4,3,4,1,0,0,1,0,0,0,0,2,712716.5257,5329720076.0,11.856433526,48.085225853,2,#fc8d62,car
9,1,62,0,2018,12,10,3,3,1,7,0,0,1,0,0,0,0,0,688185.5055,5330473.4664,11.52770819,48.099711453,2,#fc8d62,car
9,1,88,127,2018,12,19,1,3,8,1,2,0,0,0,0,0,1,1,673350638.0,5329157.3548,11.328089629,48.092089119,6,#ffd92f,circle
9,1,62,0,2018,12,11,3,3,4,2,0,0,1,0,0,1,0,0,694989025.0,5332993253.0,11.620147527,48.120312741,2,#fc8d62,car
9,1,74,131,2018,12,13,1,3,8,1,0,0,1,0,0,0,0,1,674785.7149,5359586.0505,11.359895114,48.365227664,2,#fc8d62,car
9,1,62,0,2018,12,15,3,3,5,3,0,0,1,0,0,0,0,1,688548.9005,5339006004.0,11.536361512,48.176295819,2,#fc8d62,car
9,1,75,122,2018,12,19,1,3,6,4,1,0,1,1,0,0,0,1,721215.2583,5325572.3014,11.968256319,48.04506617,2,#fc8d62,car
9,1,62,0,2018,12,21,3,3,0,6,2,0,1,0,1,0,0,1,688494.4187,5336359.0443,11.534456274,48.152520811,2,#fc8d62,car
9,1,62,0,2018,12,6,7,3,6,7,2,0,1,1,0,0,0,0,693084.2775,5335932.6657,11.595912206,48.14731185,2,#fc8d62,car
9,1,84,140,2018,12,10,3,3,5,3,0,0,1,0,0,0,0,1,700616.3304,5328239.3119,11.693444279,48.075840697,2,#fc8d62,car
9,1,62,0,2018,12,11,7,3,6,4,0,1,0,1,0,0,0,1,689457.4138,5334752.1691,11.546676238,48.137791996,1,#66c2a5,bicycle
9,1,62,0,2018,12,16,3,3,6,1,2,0,1,1,0,0,0,1,696996.7061,5330957.9666,11.646155948,48.101402839,2,#fc8d62,car
9,1,62,0,2018,12,14,7,3,0,1,0,1,0,0,0,0,0,0,692038.7024,5334956.0367,11.581429415,48.138850585,1,#66c2a5,bicycle
9,1,62,0,2018,12,7,3,3,6,2,1,0,1,1,0,0,0,1,686216.4585,5333882.8188,11.502774975,48.130934629,2,#fc8d62,car
9,7,61,0,2018,12,19,7,3,6,2,2,0,1,1,0,0,0,0,639296.9326,5361750.6865,10.881758384,48.393521523,2,#fc8d62,car
9,1,62,0,2018,12,8,3,3,4,7,0,0,1,0,0,0,0,1,689451.0603,5331869.8807,11.545309821,48.111887596,2,#fc8d62,car
9,1,62,0,2018,12,15,3,3,5,3,0,1,1,0,0,0,0,1,691415.8877,5335421675.0,11.573275459,48.143223342,1,#66c2a5,bicycle
9,2,74,194,2018,12,9,7,3,5,3,0,1,1,0,0,0,0,0,721127.5429,5378551.4467,11.994802345,48.521090481,1,#66c2a5,bicycle
9,7,61,0,2018,12,12,3,3,4,5,0,0,1,0,0,0,0,0,639416.2793,5360084.0059,10.882816681,48.378508831,2,#fc8d62,car
9,7,72,200,2018,12,19,3,3,5,3,2,1,1,0,0,0,0,1,630538395.0,5338387699.0,10.756278664,48.185304247,1,#66c2a5,bicycle
9,7,72,184,2018,12,18,3,3,6,2,2,0,1,1,0,0,0,1,634964.8222,5361663.5933,10.823239353,48.393680451,2,#fc8d62,car
9,1,63,0,2018,12,1,7,3,9,1,2,0,1,0,0,0,0,0,733866.5876,5304706.2745,12.126417936,47.85310146,2,#fc8d62,car
9,7,71,130,2018,12,10,3,3,5,3,0,1,1,0,0,0,0,0,644733032.0,5356915.21,10.953486557,48.3488198,1,#66c2a5,bicycle
9,1,79,121,2018,12,5,7,3,8,2,2,0,1,0,0,0,0,0,667854.5414,5339024.5808,11.25822634,48.182266596,2,#fc8d62,car
9,1,75,123,2018,12,17,7,3,6,6,2,0,1,1,0,0,0,1,722788.4438,5339164.5318,11.996431843,48.166641735,2,#fc8d62,car
9,1,62,0,2018,12,18,6,3,0,7,2,0,0,0,0,0,1,0,686774.5922,5336582396.0,11.511453027,48.155035739,6,#ffd92f,circle
9,1,62,0,2018,12,11,6,3,1,6,0,0,1,0,0,0,0,0,691479.5263,5334343.7305,11.57364548,48.133515756,2,#fc8d62,car
9,1,62,0,2018,12,22,6,3,3,3,2,0,1,0,0,0,0,0,690813.5451,5334903.9906,11.564954418,48.138751362,2,#fc8d62,car
9,1,62,0,2018,12,16,6,2,5,3,2,1,0,0,0,0,1,0,689829374.0,5336714449.0,11.552545923,48.155318158,1,#66c2a5,bicycle
9,1,62,0,2018,12,14,6,3,3,2,0,1,1,0,0,0,0,0,694536.0573,5335294.6077,11.615118062,48.141134954,1,#66c2a5,bicycle
9,1,62,0,2018,12,17,6,3,5,3,2,1,1,0,0,0,0,0,678909.8095,5337026.5448,11.405985337,48.161289475,1,#66c2a5,bicycle
9,1,62,0,2018,12,12,6,3,1,6,0,0,1,0,0,0,0,0,684775.1456,5333749.2871,11.48336457,48.130154427,2,#fc8d62,car
9,1,62,0,2018,12,19,6,3,2,6,2,0,1,0,0,0,0,0,692722.8615,5335395.8739,11.590815351,48.142596895,2,#fc8d62,car
9,7,72,141,2018,12,12,6,2,1,7,0,0,1,0,0,0,0,0,622946.2217,5349768.9013,10.657481968,48.289170916,2,#fc8d62,car
9,7,61,0,2018,12,1,6,2,6,4,2,0,0,1,0,1,0,0,639237.4703,5360475.6576,10.880532973,48.382069946,3,#8da0cb,toilet
9,7,61,0,2018,12,12,6,3,5,3,0,1,0,0,0,0,0,0,640555135.0,5353707293.0,10.896059185,48.320918669,1,#66c2a5,bicycle
9,2,61,0,2018,12,18,6,3,0,1,2,1,0,0,0,0,0,0,732543.3943,5381562.1675,12.150852791,48.544011671,1,#66c2a5,bicycle
9,2,61,0,2018,12,12,6,3,5,3,0,0,1,0,0,0,0,0,731102.1315,5382064.3828,12.131633451,48.54905549,2,#fc8d62,car
9,2,61,0,2018,12,13,3,3,6,7,0,0,1,1,0,0,0,0,733535336.0,5381694.5856,12.164346044,48.544832736,2,#fc8d62,car
9,1,90,157,2018,12,14,3,2,6,2,0,0,1,1,0,0,0,1,660874057.0,5300591656.0,11.149967851,47.838530428,2,#fc8d62,car
9,1,63,0,2018,12,8,6,3,2,6,0,0,1,0,0,0,1,0,731859436.0,5304575696.0,12.099556359,47.852655448,2,#fc8d62,car
9,1,90,157,2018,12,7,3,3,5,2,1,0,1,0,0,0,0,1,660765.3712,5301679.2101,11.148920402,47.848335919,2,#fc8d62,car
9,1,87,150,2018,12,18,3,3,6,4,2,0,1,1,0,0,0,1,729351366.0,5303619.3669,12.065570877,47.844963073,2,#fc8d62,car
9,1,86,143,2018,12,14,3,3,1,6,0,0,1,0,1,0,0,0,684721.9898,5378005.7827,11.502046318,48.527953798,2,#fc8d62,car
9,1,74,131,2018,12,7,6,3,1,6,1,1,0,0,0,0,0,0,675810631.0,5359076062.0,11.373507746,48.360358835,1,#66c2a5,bicycle
9,1,79,123,2018,12,7,3,2,6,4,1,0,1,1,0,0,0,1,675693676.0,5333040359.0,11.361128264,48.126353302,2,#fc8d62,car
9,1,78,155,2018,12,18,6,3,4,6,2,0,1,0,0,0,0,1,716044.0456,5375851.5154,11.92465197,48.498602144,2,#fc8d62,car
9,1,79,123,2018,12,17,3,3,5,3,2,1,1,0,0,0,0,1,676731659.0,5334327101.0,11.375598961,48.137632808,1,#66c2a5,bicycle
9,1,78,124,2018,12,16,6,3,6,4,1,0,1,1,0,0,0,0,704099.5814,5365229.1531,11.757979093,48.407142508,2,#fc8d62,car
9,1,79,123,2018,12,5,3,3,5,3,2,1,1,0,0,0,0,1,675120.0055,5334865.1139,11.354175663,48.14291478,1,#66c2a5,bicycle
9,1,78,138,2018,12,12,6,3,4,6,0,0,1,0,0,0,1,0,713377144.0,5368378031.0,11.88478609,48.432363892,2,#fc8d62,car
9,1,78,124,2018,12,8,3,3,4,3,0,1,1,0,0,0,0,1,702962.6815,5364370.8862,11.742219696,48.399796968,1,#66c2a5,bicycle
9,1,62,0,2018,12,10,5,2,5,3,0,0,1,0,0,0,0,1,696950929.0,5334177.5316,11.647028629,48.130352502,2,#fc8d62,car
9,1,77,130,2018,12,5,3,3,5,3,2,0,1,0,0,1,0,2,707391457.0,5350903178.0,11.795353924,48.277336364,2,#fc8d62,car
9,1,62,0,2018,12,14,5,3,5,3,0,0,1,0,0,0,1,0,689888.3923,5342892.1335,11.556099596,48.21082523,2,#fc8d62,car
9,1,62,0,2018,12,8,2,3,3,2,0,1,0,0,0,1,0,1,682552.8452,5335544249.0,11.454294956,48.146930066,1,#66c2a5,bicycle
9,1,62,0,2018,12,16,5,3,0,2,1,0,1,0,0,0,1,0,687779.4391,5334503.0638,11.524033979,48.13605035,2,#fc8d62,car
9,1,62,0,2018,12,6,2,3,6,2,2,0,1,1,0,0,0,1,690418.9935,5340249.5002,11.562049297,48.186914641,2,#fc8d62,car
9,1,62,0,2018,12,22,5,3,1,6,2,0,1,0,0,0,0,1,688601892.0,5334970214.0,11.535284619,48.140005954,2,#fc8d62,car
9,1,62,0,2018,12,8,2,3,6,4,0,0,1,1,0,0,0,1,686263522.0,5333257245.0,11.503133465,48.125297957,2,#fc8d62,car
9,1,62,0,2018,12,10,5,3,3,6,0,1,0,0,0,1,0,0,692304.6539,5334888.2369,11.584970015,48.138160896,1,#66c2a5,bicycle
9,1,62,0,2018,12,20,5,3,0,6,2,0,0,0,0,0,1,0,691192.9025,5340335.6815,11.572490006,48.187456773,6,#ffd92f,circle
9,1,62,0,2018,12,14,2,2,4,6,0,0,1,0,0,0,0,1,693854.0077,5331465.6092,11.604217878,48.106929298,2,#fc8d62,car
9,1,62,0,2018,12,15,5,3,6,4,1,0,1,1,0,0,0,0,691992.9426,5334734.9894,11.580715311,48.136877657,2,#fc8d62,car
9,1,62,0,2018,12,15,2,3,5,3,0,1,1,0,0,0,0,1,682869.2848,5342693029.0,11.461621383,48.211096722,1,#66c2a5,bicycle
9,1,62,0,2018,12,15,5,3,6,7,0,0,1,1,0,0,0,0,696830.8614,5330481.8831,11.643711163,48.09717532,2,#fc8d62,car
9,1,62,0,2018,12,11,2,3,5,7,0,0,1,0,1,0,0,1,692878.8983,5331891.5622,11.591324851,48.111053665,2,#fc8d62,car
9,1,62,0,2018,12,17,5,3,3,6,2,0,1,0,0,0,1,0,691133.0073,5341355.4199,11.572143908,48.196640013,2,#fc8d62,car
9,1,62,0,2018,12,10,2,3,0,1,0,0,1,0,0,0,0,1,697923524.0,5330960713.0,11.65859283,48.101140302,2,#fc8d62,car
9,1,62,0,2018,12,21,5,3,5,3,2,0,1,0,0,0,0,0,692284.4378,5334893.3806,11.584700878,48.138213236,2,#fc8d62,car
9,1,62,0,2018,12,4,2,2,5,3,2,0,1,0,0,1,0,1,690346.6122,5334952.2636,11.558705885,48.139325086,2,#fc8d62,car
9,1,84,119,2018,12,9,2,3,6,4,0,0,1,1,0,0,0,1,698241.3513,5349267.3576,11.671398571,48.265565876,2,#fc8d62,car
9,1,84,139,2018,12,8,2,3,4,2,0,0,1,0,0,0,1,1,687259.4655,5325418.2243,11.513066877,48.054545769,2,#fc8d62,car
9,7,61,0,2018,12,7,5,3,0,1,1,1,0,0,0,0,0,2,640344528.0,5355684.1429,10.893878067,48.338740796,1,#66c2a5,bicycle
9,7,61,0,2018,12,11,5,3,4,2,0,0,1,0,0,0,0,1,641056.4571,5359208.7746,10.904660971,48.370274531,2,#fc8d62,car
9,1,62,0,2018,12,6,2,3,6,2,2,0,0,1,0,0,1,1,696985.5469,5335236.2824,11.647982944,48.139857161,3,#8da0cb,toilet
9,1,62,0,2018,12,10,4,3,2,6,0,0,1,0,0,0,1,1,686676.8928,5338221.7731,11.510860094,48.169799614,2,#fc8d62,car
9,1,62,0,2018,12,17,4,2,5,3,2,0,1,0,0,0,0,1,693986.9475,5336090.0052,11.608106794,48.148451338,2,#fc8d62,car
9,1,62,0,2018,12,19,4,3,2,6,2,0,1,0,0,0,0,0,686215588.0,5333948.9275,11.502792179,48.131529094,2,#fc8d62,car
9,1,62,0,2018,12,14,4,3,6,7,0,0,1,1,0,0,0,0,688585.5042,5332031.8481,11.533764347,48.113600262,2,#fc8d62,car
9,1,62,0,2018,12,12,4,3,6,7,0,0,0,1,0,1,0,0,697512.2951,5330654507.0,11.652933479,48.09851592,3,#8da0cb,toilet
9,1,62,0,2018,12,7,4,3,0,1,0,1,0,0,0,0,0,2,684399046.0,5337920.8425,11.480121837,48.167759606,1,#66c2a5,bicycle
9,1,62,0,2018,12,11,4,3,9,1,0,0,1,0,0,0,0,0,688544.21,5339076.2694,11.536329649,48.176928762,2,#fc8d62,car
9,1,84,136,2018,12,7,4,3,4,2,0,1,1,0,0,0,0,2,698620.0059,5327333.1408,11.666251125,48.068321516,1,#66c2a5,bicycle
9,1,62,0,2018,12,12,4,3,1,6,0,0,1,0,0,0,0,0,690802.9051,5334771.4723,11.564752177,48.137563486,2,#fc8d62,car
9,1,62,0,2018,12,17,4,3,6,4,2,1,0,1,0,0,0,1,691881.7161,5334635.3453,11.579176922,48.136015618,1,#66c2a5,bicycle
9,7,72,130,2018,12,9,4,2,0,7,0,0,0,0,0,0,1,1,632184.1856,5357362.2438,10.784342455,48.35559075,6,#ffd92f,circle