ULAND,UREGBEZ,UKREIS,UGEMEINDE,UJAHR,UMONAT,USTUNDE,UWOCHENTAG,UKATEGORIE,UART,UTYP1,ULICHTVERH,IstRad,IstPKW,IstFuss,IstKrad,IstGkfz,IstSonstig,STRZUSTAND,LINREFX,LINREFY,XGCSWGS84,YGCSWGS84,Teilnehmer,color,symbol
9,7,61,0,2018,12,15,4,3,6,3,0,1,0,1,0,0,0,1,639810.7966,5357794.1211,10.887380383,48.357831532,1,#66c2a5,bicycle
9,1,62,0,2018,12,16,6,3,3,2,1,1,1,0,0,0,0,1,684504.1918,5333257.6473,11.479513656,48.125813897,1,#66c2a5,bicycle
9,1,84,139,2018,12,21,6,3,5,3,2,1,1,0,0,0,0,1,687259742.0,5325419.74,11.513071247,48.054559312,1,#66c2a5,bicycle
9,1,62,0,2018,12,8,6,3,5,3,0,0,1,0,0,0,0,0,688609775.0,5331793.3415,11.533984642,48.11144933,2,#fc8d62,car
9,1,62,0,2018,12,16,6,3,3,6,1,0,1,0,0,0,0,1,690412.83,5333901951.0,11.559125633,48.129865076,2,#fc8d62,car
9,1,62,0,2018,12,23,6,3,1,5,2,0,1,0,0,0,0,1,689105.5147,5334932.9688,11.542031137,48.139521715,2,#fc8d62,car
9,1,62,0,2018,12,15,6,3,2,6,0,0,1,0,0,0,0,1,678820.9795,5338945.2861,11.405598824,48.178561998,2,#fc8d62,car
9,1,62,0,2018,12,11,6,2,1,3,0,1,0,0,0,0,0,1,687098.8118,5338003.1832,11.516433177,48.167710825,1,#66c2a5,bicycle
9,1,62,0,2018,12,13,6,3,1,6,0,0,1,0,0,0,0,1,686112.0579,5338613.7274,11.503442013,48.173488258,2,#fc8d62,car
9,1,62,0,2018,12,7,6,3,6,6,1,0,1,1,0,0,0,0,691649.0727,5342489.5409,11.579593557,48.206677669,2,#fc8d62,car
9,1,62,0,2018,12,15,6,3,6,2,0,0,1,1,0,0,0,1,696877.3211,5330481.1187,11.644334139,48.097154098,2,#fc8d62,car
9,1,62,0,2018,12,6,6,3,0,3,2,1,1,0,0,0,0,0,688618.7163,5331734.9255,11.534078815,48.110921627,1,#66c2a5,bicycle
9,7,62,0,2018,12,10,6,3,2,6,0,0,1,0,0,0,0,2,622199.4143,5305849959.0,10.634847206,47.894337243,2,#fc8d62,car
9,7,72,163,2018,12,14,6,3,2,6,0,0,1,0,0,0,0,0,639875.7355,5349764.4325,10.885592669,48.285615824,2,#fc8d62,car
9,7,61,0,2018,12,14,6,3,0,7,0,1,0,0,0,0,0,1,640835.8123,5359088.2594,10.901642989,48.369240177,1,#66c2a5,bicycle
9,7,61,0,2018,12,13,6,3,0,7,0,0,0,0,0,0,1,0,640893941.0,5358015449.0,10.902068091,48.359580868,6,#ffd92f,circle
9,7,71,113,2018,12,10,6,3,5,3,0,0,1,0,0,0,0,1,658047.1741,5369823.9862,11.137926165,48.461682457,2,#fc8d62,car
9,7,71,112,2018,12,19,6,3,7,7,2,0,1,0,0,0,0,1,647417.4031,5367669.5153,10.993470939,48.444892247,2,#fc8d62,car
9,2,61,0,2018,12,16,4,3,5,3,2,1,1,0,0,0,0,1,727682.3164,5380342.7109,12.084421761,48.534839696,1,#66c2a5,bicycle
9,1,63,0,2018,12,18,4,3,0,1,2,1,0,0,0,0,0,0,732893.7988,5304821.7825,12.113495398,47.854492392,1,#66c2a5,bicycle
9,1,88,139,2018,12,18,4,2,6,2,2,0,1,1,0,0,0,1,674741.6143,5318558.3387,11.342427842,47.996428607,2,#fc8d62,car
9,1,77,133,2018,12,17,4,3,2,6,2,0,1,0,0,0,0,1,707730495.0,5360188518.0,11.804491229,48.36066251,2,#fc8d62,car
9,1,77,115,2018,12,17,4,3,5,2,2,0,1,0,0,0,1,1,734461444.0,5350851.7414,12.159648828,48.267432881,2,#fc8d62,car
9,1,62,0,2018,12,7,3,3,5,3,1,1,1,0,0,0,0,1,690658.6958,5332927.3865,11.561990673,48.12103211,1,#66c2a5,bicycle
9,1,62,0,2018,12,9,3,3,5,7,0,1,0,0,0,0,0,2,692675873.0,5334455102.0,11.589758768,48.134155688,1,#66c2a5,bicycle
9,1,62,0,2018,12,17,3,2,6,4,2,0,1,1,0,0,0,1,697936.9605,5334512.6902,11.66042185,48.133058809,2,#fc8d62,car
9,1,62,0,2018,12,13,3,3,3,7,0,1,1,0,0,0,0,0,691252.3324,5333743876.0,11.570325751,48.128192626,1,#66c2a5,bicycle
9,1,62,0,2018,12,19,3,3,3,7,2,1,1,0,0,0,0,1,695112.8708,5338485.6959,11.624326804,48.169638244,1,#66c2a5,bicycle
9,1,62,0,2018,12,20,3,3,5,3,2,0,1,0,0,0,0,1,696182.5229,5335941.2238,11.637524939,48.146440853,2,#fc8d62,car
9,1,62,0,2018,12,7,3,2,6,4,1,0,1,1,0,0,0,1,686378.1693,5328394.7476,11.502548908,48.081558209,2,#fc8d62,car
9,1,62,0,2018,12,6,3,3,5,3,2,0,1,0,0,1,0,1,696114.1911,5335254.7486,11.636291115,48.140292276,2,#fc8d62,car
9,1,88,120,2018,12,14,3,3,0,1,0,1,0,0,0,0,0,2,678732.3525,5328508.88,11.400029617,48.084773421,1,#66c2a5,bicycle
9,1,88,120,2018,12,6,3,2,0,2,2,1,0,0,0,0,0,2,679660.2436,5328988.1305,11.412679571,48.088820616,1,#66c2a5,bicycle
9,1,81,139,2018,12,8,6,3,6,1,0,0,1,1,0,0,0,0,656419.5214,5324464.8964,11.099155143,48.054279839,2,#fc8d62,car
9,1,62,0,2018,12,8,3,3,5,3,0,1,0,0,0,0,1,2,688006.2127,5339181.2556,11.529146183,48.178031787,1,#66c2a5,bicycle
9,1,78,124,2018,12,7,6,3,5,3,1,0,1,0,0,0,0,1,704576.3137,5358908.9926,11.761337772,48.350194263,2,#fc8d62,car
9,1,62,0,2018,12,7,3,3,0,1,0,1,0,0,0,0,0,2,687008.1737,5339933.8564,11.516064794,48.185090826,1,#66c2a5,bicycle
9,1,78,124,2018,12,17,6,3,6,4,2,0,1,1,0,0,0,1,705072.7233,5364273.1904,11.770646172,48.398236402,2,#fc8d62,car
9,1,62,0,2018,12,8,3,3,0,1,0,1,0,0,0,0,0,1,684849.5134,5334403.6879,11.484647024,48.136014922,1,#66c2a5,bicycle
9,1,62,0,2018,12,14,5,3,5,2,0,1,1,0,0,0,0,0,689390.1817,5336316.8869,11.546469443,48.151875795,1,#66c2a5,bicycle
9,1,62,0,2018,12,21,3,3,0,1,2,0,0,0,1,0,0,1,687291.2891,5333889.6197,11.517209418,48.130680393,4,#e78ac3,marker
9,1,62,0,2018,12,15,5,3,4,7,0,0,1,0,0,0,1,0,691156.3158,5342873.5496,11.573141013,48.210277622,2,#fc8d62,car
9,1,62,0,2018,12,9,3,3,0,7,0,1,1,0,0,0,0,1,685978.9291,5335084.8634,11.500110521,48.141808534,1,#66c2a5,bicycle
9,1,62,0,2018,12,9,5,3,3,2,0,1,1,0,0,0,0,0,693545.1082,5339538.5202,11.603741965,48.179579916,1,#66c2a5,bicycle
9,1,62,0,2018,12,9,3,3,3,2,0,1,1,0,0,0,0,2,686204.1227,5334839.8384,11.503027665,48.139540294,1,#66c2a5,bicycle
9,1,62,0,2018,12,16,5,3,0,7,1,1,0,1,0,0,0,0,687394.5631,5335230.4245,11.519185906,48.142701509,1,#66c2a5,bicycle
9,1,62,0,2018,12,9,3,3,5,3,0,0,1,0,0,0,0,0,687886.4986,5334115.8139,11.525300779,48.132538061,2,#fc8d62,car
9,1,62,0,2018,12,14,5,3,0,6,0,0,1,0,0,0,0,0,690327.5946,5342205.1868,11.561697469,48.204519507,2,#fc8d62,car
9,1,84,123,2018,12,10,3,3,5,3,0,0,1,0,0,0,1,0,703213.0364,5332623.5118,11.73035325,48.11441859,2,#fc8d62,car
9,1,62,0,2018,12,20,5,3,0,7,2,0,0,1,0,0,1,0,693922.2597,5335088.7185,11.606781999,48.139471861,3,#8da0cb,toilet
9,1,62,0,2018,12,6,3,3,0,1,2,1,0,0,0,0,0,2,696089.4139,5331122.8572,11.634057903,48.103164661,1,#66c2a5,bicycle
9,1,62,0,2018,12,17,5,3,2,6,2,0,1,0,0,0,0,0,692312.3027,5338375.5728,11.586648634,48.169501964,2,#fc8d62,car
9,1,62,0,2018,12,14,3,3,6,4,0,0,1,1,0,0,0,0,692743.3148,5330957.4948,11.589083253,48.102699477,2,#fc8d62,car
9,1,62,0,2018,12,7,3,3,0,1,1,1,0,0,0,0,0,2,689309.5482,5335038.9477,11.54481814,48.140413592,1,#66c2a5,bicycle
9,7,78,116,2018,12,14,5,3,0,1,0,1,0,0,0,0,0,0,619323.9458,5317890.6768,10.599732609,48.003169782,1,#66c2a5,bicycle
9,7,78,116,2018,12,14,3,3,0,7,0,0,0,0,0,0,1,1,618458.5558,5318160.5768,10.588209808,48.005758142,6,#ffd92f,circle
9,7,72,163,2018,12,13,3,3,1,6,0,0,1,0,0,0,0,0,640501.4673,5349517.6624,10.893940994,48.283258332,2,#fc8d62,car
9,7,72,163,2018,12,8,3,3,6,4,1,0,1,1,0,0,0,2,640026.5241,5349316.4155,10.887475746,48.281553983,2,#fc8d62,car
9,7,61,0,2018,12,15,5,3,6,4,0,0,1,1,0,0,0,0,641943.8211,5360101.7931,10.916937444,48.37810521,2,#fc8d62,car
9,7,61,0,2018,12,13,5,3,0,1,0,1,0,0,0,0,0,0,639220.7177,5358609562.0,10.879688905,48.365294177,1,#66c2a5,bicycle
9,7,61,0,2018,12,14,3,3,0,7,0,0,0,0,0,0,1,0,641342.7227,5363053.6794,10.909817707,48.404782244,6,#ffd92f,circle
9,7,61,0,2018,12,15,5,3,5,1,0,1,1,0,0,0,0,0,639728.0196,5357089.7184,10.886029701,48.351516044,1,#66c2a5,bicycle
9,7,61,0,2018,12,13,3,2,5,1,0,1,1,0,0,0,0,1,640705413.0,5355452.7976,10.898667979,48.33658034,1,#66c2a5,bicycle
9,7,61,0,2018,12,18,5,3,4,2,2,0,1,0,1,0,0,0,639972.7483,5359177.0649,10.890025594,48.370230687,2,#fc8d62,car
9,1,63,0,2018,12,17,3,3,3,2,2,1,1,0,0,0,0,1,734552.9704,5304272.8303,12.135344621,47.848957336,1,#66c2a5,bicycle
9,1,63,0,2018,12,13,3,3,1,6,0,0,1,0,0,0,0,1,732651185.0,5304863888.0,12.110279546,47.854958536,2,#fc8d62,car
9,1,63,0,2018,12,11,3,2,5,3,0,0,1,0,0,1,0,1,733384.8096,5307928.7056,12.121726908,47.882226994,2,#fc8d62,car
9,1,86,143,2018,12,12,3,3,6,4,0,0,1,1,0,0,0,0,685237.4156,5378432.7202,11.509210455,48.531639107,2,#fc8d62,car
9,1,88,139,2018,12,11,3,3,0,1,0,1,0,0,0,0,0,2,674827489.0,5319269924.0,11.343867901,48.002802039,1,#66c2a5,bicycle
9,1,88,144,2018,12,7,3,3,9,1,0,0,1,0,0,0,1,2,667162.3478,5329113836.0,11.245031556,48.093351074,2,#fc8d62,car
9,1,88,132,2018,12,5,3,2,0,1,2,1,0,0,0,0,0,2,664839.6129,5322996.9531,11.211502708,48.03896309,1,#66c2a5,bicycle
9,1,73,126,2018,12,7,5,3,0,1,0,1,0,0,0,0,0,2,684496.4688,5306521.0845,11.467911601,47.885486965,1,#66c2a5,bicycle
9,1,79,138,2018,12,11,3,2,0,1,0,1,0,0,0,0,0,1,654939.2003,5336001.3413,11.083492587,48.158366027,1,#66c2a5,bicycle
9,1,78,143,2018,12,10,3,3,4,6,0,0,1,0,0,0,0,1,717112.2643,5372713.9195,11.937463278,48.470044016,2,#fc8d62,car
9,1,75,124,2018,12,7,3,2,0,1,0,1,0,0,0,0,0,2,715516.0094,5328379.6871,11.893300649,48.072241542,1,#66c2a5,bicycle
9,1,62,0,2018,12,9,2,3,5,2,0,1,0,0,0,0,1,2,688547.7387,5336320.1696,11.535155253,48.152155595,1,#66c2a5,bicycle
9,1,62,0,2018,12,14,2,3,0,7,0,0,0,0,0,0,1,1,692202.3623,5339014.2886,11.58546023,48.175275832,6,#ffd92f,circle
9,1,62,0,2018,12,19,2,2,6,4,2,0,1,1,0,0,0,1,693171513.0,5334477.3998,11.596423696,48.134205851,2,#fc8d62,car
9,1,62,0,2018,12,11,2,3,4,3,0,0,1,0,0,0,0,0,686244.4294,5332682.7702,11.502626149,48.120139933,2,#fc8d62,car
9,1,62,0,2018,12,11,2,3,0,7,0,0,1,0,0,0,1,1,689482132.0,5334915261.0,11.547080714,48.139250517,2,#fc8d62,car
9,1,63,0,2018,12,17,5,3,2,6,2,0,1,0,1,0,0,1,733027.5611,5304596.1537,12.11515937,47.852416839,2,#fc8d62,car
9,1,62,0,2018,12,11,2,3,6,4,0,0,1,1,0,0,0,1,695195.1858,5334175.8202,11.623456354,48.130877957,2,#fc8d62,car
9,1,82,120,2018,12,8,5,3,0,1,0,1,0,0,0,0,0,1,702861.5544,5306621.7914,11.713346903,47.880852017,1,#66c2a5,bicycle
9,1,62,0,2018,12,18,2,3,6,2,2,0,1,1,0,0,0,1,692763312.0,5335196.2512,11.591268198,48.140790482,2,#fc8d62,car
9,1,84,149,2018,12,7,2,3,4,6,0,1,1,0,0,0,0,2,691242.2569,5351172.2199,11.578045036,48.284837638,1,#66c2a5,bicycle
9,1,87,122,2018,12,6,5,3,3,6,0,1,0,0,0,0,1,0,719607629.0,5306741378.0,11.937099743,47.876418244,1,#66c2a5,bicycle
9,1,62,0,2018,12,19,2,3,6,2,2,0,1,1,0,0,0,1,693917.7183,5331204.7124,11.604954273,48.104565043,2,#fc8d62,car
9,1,87,117,2018,12,16,5,3,6,7,1,0,1,1,0,0,0,1,725035.6033,5306140.8913,12.009280145,47.869143989,2,#fc8d62,car
9,7,78,116,2018,12,5,2,3,0,1,2,1,0,0,0,0,0,2,618820.2684,5318307.7261,10.593098223,48.007014419,1,#66c2a5,bicycle
9,1,85,158,2018,12,7,5,3,5,3,1,1,1,0,0,0,0,1,666994.0603,5381813.3678,11.263654996,48.567148333,1,#66c2a5,bicycle
9,1,86,143,2018,12,12,5,3,6,4,0,0,1,1,0,0,0,0,685234.0434,5378477.4873,11.509184713,48.532042456,2,#fc8d62,car
9,7,72,163,2018,12,11,2,3,5,2,0,0,1,0,1,0,0,1,640670.9186,5350165.0579,10.896439451,48.289041953,2,#fc8d62,car
9,7,61,0,2018,12,13,2,3,6,4,0,0,1,1,0,0,0,0,641044.07,5359247.7602,10.904506882,48.370627844,2,#fc8d62,car
9,1,86,143,2018,12,19,5,3,0,7,2,1,0,0,0,0,0,0,685137.8091,5378957.5226,11.508095647,48.536385272,1,#66c2a5,bicycle
9,7,71,113,2018,12,18,2,3,1,6,2,0,1,0,0,0,0,1,657067783.0,5369474.3,11.124556063,48.458783957,2,#fc8d62,car
9,1,88,139,2018,12,7,5,3,8,1,0,0,1,0,0,0,0,2,675482.8417,5322376.7788,11.353918032,48.030551761,2,#fc8d62,car
9,1,79,118,2018,12,7,5,3,5,3,1,1,1,0,0,0,0,1,672716.1384,5336480.7536,11.322543316,48.158095804,1,#66c2a5,bicycle
9,1,81,130,2018,12,8,5,3,8,1,0,0,1,0,0,0,0,2,641085.3635,5320129.5937,10.892064576,48.018870581,2,#fc8d62,car
9,1,79,121,2018,12,15,5,3,2,6,0,0,1,0,0,0,0,0,665528.4531,5337835.5986,11.22649398,48.172187832,2,#fc8d62,car
9,1,81,139,2018,12,8,5,3,9,1,1,0,1,0,0,0,0,1,654375.6125,5324599.1985,11.071792986,48.055985105,2,#fc8d62,car
9,1,78,145,2018,12,10,5,3,0,1,0,0,1,0,0,0,0,0,697815578.0,5355464.0996,11.668569926,48.321388878,2,#fc8d62,car
9,1,62,0,2018,12,0,4,2,0,1,2,1,0,0,0,0,0,0,691367.4221,5332964041.0,11.571520761,48.121148945,1,#66c2a5,bicycle
9,1,63,0,2018,12,15,6,3,4,2,0,1,1,0,0,0,0,0,734739.3027,5304068.7701,12.137720839,47.847056067,1,#66c2a5,bicycle
9,1,62,0,2018,12,21,5,3,5,7,2,0,1,0,0,0,1,0,690290.0921,5334946.1859,11.557944192,48.139287364,2,#fc8d62,car
9,1,62,0,2018,12,8,5,3,5,3,0,0,1,0,0,0,0,0,691509.0994,5335681.1762,11.574643945,48.145527654,2,#fc8d62,car
9,1,62,0,2018,12,14,5,3,2,6,0,0,1,0,0,0,0,0,686200.8759,5335630.4767,11.503329799,48.14664779,2,#fc8d62,car
9,1,62,0,2018,12,8,5,3,5,3,0,0,1,0,0,0,0,0,688149.5474,5333837.3717,11.528709781,48.129957657,2,#fc8d62,car
9,1,62,0,2018,12,15,5,3,2,6,1,0,1,0,0,0,0,0,690786.5135,5336460.0815,11.565288739,48.152745507,2,#fc8d62,car
9,7,62,0,2018,12,14,5,3,5,3,0,0,1,0,0,0,1,0,622529.5685,5304927.3044,10.639000398,47.885976228,2,#fc8d62,car
9,7,61,0,2018,12,10,5,3,5,2,0,1,1,0,0,0,0,0,640476.7826,5353010.6865,10.894770785,48.314672365,1,#66c2a5,bicycle
9,7,61,0,2018,12,18,5,3,5,1,2,0,1,0,0,0,0,0,640249.1631,5353511.4918,10.891868905,48.31922602,2,#fc8d62,car
9,1,73,130,2018,12,22,5,3,5,3,2,0,1,0,0,0,0,1,681517771.0,5313836092.0,11.43118506,47.95209231,2,#fc8d62,car
9,1,90,157,2018,12,11,5,3,6,7,0,0,1,1,0,0,0,0,661084.7227,5301150.5653,11.152989204,47.843502881,2,#fc8d62,car
9,1,62,0,2018,12,19,4,3,6,2,2,0,1,1,0,0,0,1,687288.1686,5334361398.0,11.517374911,48.134921789,2,#fc8d62,car
9,1,87,182,2018,12,10,4,2,6,4,0,0,1,1,0,0,0,0,736881.3031,5324142.6317,12.17734816,48.026603701,2,#fc8d62,car
9,1,63,0,2018,12,18,4,3,5,3,2,1,1,0,0,0,0,1,733957.6659,5304247969.0,12.127385826,47.848950899,1,#66c2a5,bicycle
9,1,74,131,2018,12,2,4,3,9,1,2,0,1,0,0,0,0,0,669776.5881,5361116.0222,11.292938537,48.380348225,2,#fc8d62,car
9,1,77,115,2018,12,12,4,3,4,6,0,0,1,0,0,0,0,0,731689.0258,5352746.2405,12.123383356,48.285471797,2,#fc8d62,car
9,1,62,0,2018,12,17,3,3,4,7,2,0,1,0,0,0,0,0,686256.3101,5331801.7911,11.502400845,48.112217855,2,#fc8d62,car
9,1,84,123,2018,12,15,3,3,5,3,0,1,1,0,0,0,0,0,704598.4982,5331583477.0,11.748447275,48.104628602,1,#66c2a5,bicycle
9,1,62,0,2018,12,18,3,3,5,2,2,0,1,0,0,0,0,0,691332.8217,5334101.4261,11.571566896,48.131382067,2,#fc8d62,car
9,1,62,0,2018,12,7,2,3,0,1,0,1,0,0,0,0,0,1,687922.1832,5334356.8477,11.525886236,48.134693991,1,#66c2a5,bicycle
9,1,62,0,2018,12,11,2,3,2,6,0,0,1,0,0,0,0,0,684847.6321,5333753.6234,11.484339715,48.130172357,2,#fc8d62,car
9,1,62,0,2018,12,18,2,3,5,2,2,1,1,0,0,0,0,1,688131.8944,5337142.8683,11.529933337,48.159673284,1,#66c2a5,bicycle
9,7,71,122,2018,12,12,2,3,5,3,0,0,1,0,0,0,0,1,652163.5113,5362132.1451,11.055599404,48.393977938,2,#fc8d62,car
9,7,61,0,2018,12,18,2,3,5,3,2,0,1,0,0,0,0,1,641714.1592,5359981.1229,10.913797001,48.37707182,2,#fc8d62,car
9,1,73,126,2018,12,7,2,3,6,6,2,0,1,1,0,0,0,2,684296.9914,5305601.8299,11.464853605,47.877281049,2,#fc8d62,car
9,1,73,134,2018,12,11,2,3,7,7,0,0,1,0,0,0,0,1,685054.7229,5298034.5518,11.471742504,47.80904056,2,#fc8d62,car
9,1,62,0,2018,12,16,1,3,1,5,2,0,1,0,0,0,1,1,693196149.0,5336488.4387,11.597666904,48.152273003,2,#fc8d62,car
9,7,62,0,2018,12,16,1,3,5,3,2,0,1,0,0,0,0,1,621332.8276,5303886.5666,10.622706615,47.876843426,2,#fc8d62,car
9,7,71,130,2018,12,10,1,3,0,1,0,1,0,0,0,0,0,1,646528.1493,5358146.1377,10.97812918,48.359473493,1,#66c2a5,bicycle
9,7,61,0,2018,12,14,1,3,1,6,0,0,1,0,0,0,0,1,637430.0478,5359534828.0,10.855827828,48.374006463,2,#fc8d62,car
9,1,62,0,2018,12,9,2,3,1,5,0,1,0,0,0,0,1,1,691020.2522,5333923.0879,11.567290303,48.129873058,1,#66c2a5,bicycle
9,7,61,0,2018,12,16,1,3,6,2,2,0,1,1,0,0,0,1,638351.6841,5359363.6353,10.868210229,48.37226574,2,#fc8d62,car
9,1,62,0,2018,12,19,2,3,6,4,2,0,1,1,0,0,0,1,686223.9056,5329842.7304,11.501110984,48.094618432,2,#fc8d62,car
9,7,71,114,2018,12,17,1,3,9,6,2,0,1,1,0,0,0,1,646664.2668,5370146.2491,10.984160806,48.46733666,2,#fc8d62,car
9,1,62,0,2018,12,18,2,3,5,3,2,0,1,0,0,0,0,1,693985.6881,5336087.5277,11.608088751,48.148429456,2,#fc8d62,car
9,7,61,0,2018,12,10,2,3,2,6,0,0,1,0,0,0,0,0,642996.9283,5359971.2143,10.931106763,48.376693321,2,#fc8d62,car
9,1,87,142,2018,12,14,1,3,2,6,0,0,1,0,0,0,0,1,733466.7707,5311322.6945,12.124657425,47.912688667,2,#fc8d62,car
9,1,87,154,2018,12,14,1,2,1,5,0,0,1,0,0,0,1,1,735148.3219,5297645.0276,12.139694895,47.789196117,2,#fc8d62,car
9,1,79,121,2018,12,17,1,3,1,7,2,0,1,0,0,0,0,1,667618.7036,5339308.2959,11.255167991,48.184879438,2,#fc8d62,car
9,1,77,117,2018,12,9,1,3,5,3,0,1,1,0,0,0,0,1,714303.2691,5355537.6844,11.89074651,48.316677565,1,#66c2a5,bicycle
9,2,61,0,2018,12,11,2,3,6,7,0,0,1,1,0,0,0,1,732749.3127,5380698.8972,12.153156347,48.536180827,2,#fc8d62,car
9,1,62,0,2018,12,0,7,3,1,5,2,0,1,0,0,0,0,1,691066257.0,5334227691.0,11.568044548,48.132597002,2,#fc8d62,car
9,1,81,128,2018,12,22,2,3,8,1,2,0,1,0,0,0,0,1,638116.3968,5328357468.0,10.854926807,48.093507512,2,#fc8d62,car
9,1,62,0,2018,12,14,7,3,5,2,0,1,1,0,0,0,0,1,692296193.0,5338132705.0,11.586322354,48.167324004,1,#66c2a5,bicycle
9,1,62,0,2018,12,11,7,3,3,2,0,1,1,0,0,0,0,0,692309.7042,5341904.2489,11.588211035,48.201217472,1,#66c2a5,bicycle
9,1,62,0,2018,12,17,7,3,5,2,2,0,1,0,0,0,0,1,689810.3096,5339805.0383,11.553669457,48.183102002,2,#fc8d62,car
9,1,62,0,2018,12,17,7,2,6,4,2,0,1,1,0,0,0,1,698758.0076,5333825.7545,11.671124526,48.126629318,2,#fc8d62,car
9,2,61,0,2018,12,12,1,2,5,3,0,1,1,0,0,0,0,1,731721.6497,5379624.1637,12.138658645,48.526906917,1,#66c2a5,bicycle
9,1,62,0,2018,12,14,7,3,4,2,0,0,1,0,0,0,0,1,698333.1738,5333279.4425,11.665167374,48.121851974,2,#fc8d62,car
9,1,62,0,2018,12,9,7,3,2,6,0,0,1,0,0,0,0,0,687681.7521,5331185.0394,11.521261525,48.106255866,2,#fc8d62,car
9,1,62,0,2018,12,18,7,3,6,2,2,0,1,1,0,0,0,1,690341.6639,5334922.4673,11.55862612,48.139058757,2,#fc8d62,car
9,1,81,130,2018,12,16,1,3,5,3,0,1,1,0,0,0,0,1,639155.7891,5324566.7232,10.867643873,48.059193955,1,#66c2a5,bicycle
9,1,62,0,2018,12,0,7,2,6,4,2,0,1,1,0,0,0,0,693899.4075,5333071.6213,11.605557276,48.121349831,2,#fc8d62,car
9,7,61,0,2018,12,11,7,3,1,5,0,1,0,0,0,1,0,1,643738.6654,5358156.1413,10.940497256,48.36020467,1,#66c2a5,bicycle
9,1,62,0,2018,12,18,7,3,0,7,2,0,0,1,0,0,1,0,689650168.0,5335686.7463,11.549680789,48.146134602,3,#8da0cb,toilet
9,7,61,0,2018,12,12,7,3,6,2,0,0,1,1,0,0,0,0,639630.1617,5355945167.0,10.88433002,48.341246145,2,#fc8d62,car
9,7,71,142,2018,12,12,7,3,3,2,0,1,0,0,0,0,0,0,646206.9369,5352008.2993,10.971665928,48.304360652,1,#66c2a5,bicycle
9,7,61,0,2018,12,10,7,3,2,1,0,0,1,0,0,0,0,0,640163.6876,5352931.6753,10.890523852,48.314031389,2,#fc8d62,car
9,1,87,150,2018,12,2,7,2,0,1,2,1,0,0,0,0,0,0,729793.0783,5304120.9223,12.071732468,47.849311576,1,#66c2a5,bicycle
9,1,79,118,2018,12,15,7,3,1,5,0,0,1,0,0,0,1,0,673351.1204,5337670.3758,11.331559567,48.168617089,2,#fc8d62,car
9,1,74,136,2018,12,7,7,3,6,7,0,0,1,1,0,0,0,1,682756.5232,5364786.9711,11.469674737,48.409717594,2,#fc8d62,car
9,1,77,117,2018,12,16,7,2,2,6,1,0,1,0,0,0,0,0,715038.0363,5352397.4128,11.899045087,48.288212269,2,#fc8d62,car
9,1,77,137,2018,12,22,7,2,9,1,2,0,1,0,0,0,0,0,732851.9373,5344265.7062,12.134372958,48.208861999,2,#fc8d62,car
9,1,62,0,2018,12,13,6,3,4,2,0,0,1,0,0,0,0,0,691658.3955,5332790.2669,11.575348537,48.119499562,2,#fc8d62,car
9,1,62,0,2018,12,12,6,3,1,7,0,0,1,0,0,0,0,0,684334.0663,5331634.4485,11.476527838,48.111272922,2,#fc8d62,car
9,1,62,0,2018,12,12,6,3,5,3,0,1,1,0,0,0,0,0,690747102.0,5340171.6216,11.56642437,48.186116244,1,#66c2a5,bicycle
9,7,72,131,2018,12,9,6,2,0,7,0,1,0,0,0,0,0,1,618463.0448,5356347.6667,10.598915795,48.349189993,1,#66c2a5,bicycle
9,7,61,0,2018,12,17,6,3,5,3,2,0,1,0,0,0,0,0,639704.6993,5360037.7404,10.886694221,48.378029029,2,#fc8d62,car
9,2,74,183,2018,12,11,7,3,6,4,0,0,1,1,0,0,0,1,740986.5985,5362090.6478,12.253857921,48.365934776,2,#fc8d62,car
9,1,87,130,2018,12,13,7,3,2,2,0,1,1,0,0,0,0,0,715794.9669,5306234.51,11.885922391,47.873155976,1,#66c2a5,bicycle
9,1,85,158,2018,12,10,7,3,5,3,0,0,1,0,0,0,0,1,667796.6196,5379480.6173,11.273584707,48.545964409,2,#fc8d62,car
9,1,79,142,2018,12,13,7,3,2,6,0,1,1,0,0,0,0,0,673984234.0,5344046.3851,11.342680534,48.225760329,1,#66c2a5,bicycle
9,1,79,126,2018,12,18,7,3,5,3,2,1,1,0,0,0,0,1,676353.7882,5341146.0457,11.37335232,48.199034527,1,#66c2a5,bicycle
9,1,62,0,2018,12,17,6,3,0,1,1,1,0,0,0,0,0,0,688725.7864,5336790.8426,11.537755529,48.15633325,1,#66c2a5,bicycle
9,1,62,0,2018,12,17,6,3,5,3,2,1,1,0,0,0,0,1,696988.8343,5331496.7947,11.646299061,48.106247946,1,#66c2a5,bicycle
9,1,62,0,2018,12,10,6,3,5,2,0,0,1,0,0,0,0,1,687690687.0,5334308206.0,11.522756366,48.134325103,2,#fc8d62,car
9,1,62,0,2018,12,11,6,3,2,6,0,0,1,0,0,0,0,1,692322.8349,5337527.9253,11.586406828,48.161880335,2,#fc8d62,car